mtllib heybeliada_materials.mtl
usemtl FlagRed
# https://github.com/mikedh/trimesh
v 5.26182031 0.03092477 16.99491797
v 5.09914453 0.06007412 16.96744141
v 5.04129687 0.06950325 16.95766602
v 4.99703125 0.07618916 16.95018555
v 4.50633984 0.10135313 16.86717969
v 4.35098828 0.08197593 16.84088867
v 4.00516797 -0.01125364 16.78241211
v 3.98546484 -0.01692330 16.77908203
v 3.92030624 -0.03366786 16.76809078
v 3.89671484 -0.03924915 16.76409180
v 3.84141797 -0.04808391 16.75476758
v 3.80788281 -0.05022506 16.74911719
v 3.78548047 -0.05025259 16.74534375
v 3.77428906 -0.04988037 16.74345703
v 3.76310156 -0.04927784 16.74157031
v 3.69625000 -0.04281020 16.73028320
v 3.68512109 -0.04162341 16.72840039
v 3.60718359 -0.03374392 16.71522656
v 3.58490234 -0.03167161 16.71146094
v 3.47332422 -0.02340921 16.69260156
v 3.31696484 -0.02633801 16.66614648
v 3.25073437 -0.03713309 16.65493359
v 3.22882422 -0.04172194 16.65122656
v 3.14170703 -0.06252649 16.63649219
v 2.83474609 -0.12435654 16.58461523
v 2.79004297 -0.12687799 16.57707031
v 2.72751472 -0.12985059 16.56650184
v 2.71187891 -0.13128528 16.56385352
v 2.67894922 -0.13722005 16.55824414
v 2.65829297 -0.14549736 16.55468750
v 3.92126521 -0.03178290 16.63584368
v 2.70198228 -0.13288240 16.56209526
v 2.65183628 -0.14091999 16.47511278
v 2.63817969 -0.15106898 16.50656055
v 5.41404222 0.00419504 16.97711609
v 4.41597125 0.08967028 16.58299214
v 3.70856931 -0.04826138 16.68016451
v 2.62061719 -0.15518179 16.45691602
v 3.27712356 -0.03437017 16.39266222
v 2.63859149 -0.13491632 16.34590972
v 2.60560937 -0.15783578 16.40575391
v 5.28857314 0.01635536 16.84173670
v 5.06662382 0.05253289 16.85817247
v 4.76490283 0.08772910 16.79586598
v 4.22381050 0.05773662 16.64161481
v 3.83306511 -0.05094182 16.63922870
v 3.73504106 -0.05571453 16.54661940
v 3.33249551 -0.03018999 16.56810485
v 2.59315625 -0.15903091 16.35307227
v 3.01993917 -0.09185250 16.36730964
v 2.60556570 -0.14432388 16.31260028
v 2.58325781 -0.15876715 16.29887109
v 5.38425710 0.00221725 16.71249205
v 4.19817736 0.05957379 16.40774834
v 3.81928167 -0.04144809 16.37765144
v 3.45920273 -0.02988108 16.58495257
v 2.86708550 -0.11876513 16.40353837
v 2.57591797 -0.15704439 16.24315039
v 3.73586663 -0.05067699 16.38712281
v 3.06193549 -0.08132053 16.32383972
v 2.59925877 -0.13488451 16.21814744
v 2.57112891 -0.15386256 16.18591211
v 4.69908015 0.07503770 16.58101336
v 3.51093272 -0.03365150 16.47969272
v 2.86762396 -0.10422930 16.20413065
v 2.57006530 -0.15246769 16.16631648
v 4.40282851 0.08889263 16.37080596
v 3.90278614 -0.02703233 16.39928743
v 2.96236315 -0.09030991 16.11621565
v 2.56889453 -0.14922165 16.12715234
v 4.46400758 0.08881638 16.36153289
v 4.38412891 0.08837954 16.36143555
v 4.16355915 0.05298031 16.33795820
v 3.66826196 -0.03827291 16.26314708
v 3.46381720 -0.01699037 16.22054089
v 3.22988563 -0.03683671 16.24117358
v 3.03073971 -0.07788894 16.12446534
v 2.77445459 -0.10575585 16.17500572
v 2.69215099 -0.12885284 16.33283648
v 2.59181781 -0.12495398 16.10470350
v 2.56873438 -0.14635400 16.09720313
v 4.65033548 0.07123745 16.36462058
v 2.56921484 -0.14312158 16.06687305
v 5.30659024 0.00389824 16.45408358
v 5.19153357 0.01133945 16.48784369
v 3.90730183 -0.01707577 16.24466970
v 3.71382420 -0.03347912 16.17654705
v 3.74880940 -0.04004011 16.23814403
v 3.54500808 -0.02480275 16.25423434
v 3.41561617 -0.00165482 16.08843028
v 2.68267682 -0.09054798 16.04392428
v 2.57033203 -0.13952435 16.03616211
v 4.98837734 0.01802911 16.30864334
v 3.66680333 -0.02743300 16.14625220
v 2.57208594 -0.13556235 16.00507227
v 5.10216327 0.01405950 16.40890864
v 3.29310362 -0.01246673 16.08827403
v 2.63655307 -0.07441208 15.88750774
v 2.57448047 -0.13123553 15.97360352
v 3.07212757 -0.05843146 16.00038432
v 2.57751563 -0.12654395 15.94175391
v 4.28968668 0.09521644 16.06938582
v 3.79508560 -0.02479714 16.07185620
v 3.09985469 -0.04706186 15.95042583
v 2.96321033 -0.07649779 15.98297501
v 2.59545653 -0.10360514 15.93085134
v 2.58118750 -0.12148757 15.90952344
v 5.28839275 0.00306330 16.20286415
v 3.25969560 -0.00863186 15.97715200
v 2.58550000 -0.11606642 15.87691211
v 5.25850997 0.00460904 16.31921328
v 3.72973746 -0.02032990 16.04474921
v 3.65738217 -0.01529559 16.05104223
v 3.52426725 -0.00280635 16.06648505
v 3.00990115 -0.05265043 15.83125169
v 2.90121713 -0.05795142 15.84853233
v 2.75893222 -0.08687286 16.03305874
v 2.59044922 -0.11028050 15.84392187
v 3.69860537 -0.00925097 15.97494019
v 3.09080802 -0.03612273 15.81843727
v 2.66000254 -0.04481853 15.75973170
v 2.59603516 -0.10412982 15.81055078
v 5.05756261 0.00850421 16.19220245
v 4.21736938 0.07897871 16.14060452
v 3.94195822 0.01017450 15.97897724
v 3.27927619 0.00723924 15.86884118
v 2.61280544 -0.07919456 15.80833002
v 2.59907031 -0.10091769 15.79372266
v 3.43161211 0.02978240 15.86069064
v 3.12278017 -0.02695941 15.80675301
v 2.99453668 -0.04572681 15.78170106
v 2.71605242 -0.04580010 15.81785294
v 2.60226172 -0.09761439 15.77680078
v 5.33636160 0.00182790 16.12198643
v 3.53265922 0.02023001 15.90563857
v 3.40595744 0.04187552 15.76411823
v 2.60561328 -0.09421989 15.75978320
v 4.95296739 0.01501371 16.12286603
v 3.68862643 0.00265528 15.90316641
v 2.87752823 -0.04856564 15.80297031
v 2.60912500 -0.09073421 15.74266992
v 5.12155522 0.00418636 16.14393965
v 4.40140218 0.10088023 16.07134103
v 4.31217029 0.10179983 16.00283837
v 4.21147541 0.08654913 15.98341460
v 3.85331861 -0.00314764 15.94773480
v 3.56978718 0.02235418 15.87228304
v 2.61279687 -0.08715736 15.72546094
v 3.59814588 0.02106206 15.86163595
v 2.61662891 -0.08348932 15.70815820
v 3.83675780 0.00393624 15.87808686
v 3.64914766 0.01604745 15.85370719
v 3.31496385 0.02249285 15.80043500
v 3.13511965 -0.01733385 15.74849410
v 2.62062109 -0.07973010 15.69075977
v 3.29986344 0.02537290 15.76005366
v 2.64059691 -0.04981296 15.65585015
v 2.62476953 -0.07587971 15.67326563
v 5.31815723 0.00243364 15.98169491
v 5.30630897 0.00253209 16.08096312
v 3.06583983 -0.02700267 15.70969985
v 2.76112627 -0.00409073 15.64295151
v 2.62908203 -0.07193814 15.65567773
v 4.35054449 0.11930480 15.81937972
v 3.95672457 0.02105637 15.89220490
v 2.63355078 -0.06790540 15.63799414
v 3.88119918 0.01451109 15.82876350
v 3.48625978 0.05362766 15.72727210
v 3.27635395 0.02750264 15.69058157
v 2.83879669 -0.02267133 15.69686528
v 2.63817969 -0.06378148 15.62021484
v 2.98649866 -0.02850773 15.67965168
v 5.13869651 0.00160472 16.00386772
v 4.52166550 0.09622212 15.94290544
v 2.94176754 -0.01890276 15.64478027
v 2.66283850 -0.02623828 15.58855529
v 4.42678265 0.10863813 15.92709003
v 4.27618328 0.10700573 15.87771765
v 3.95009828 0.02430866 15.84496541
v 5.00329787 0.00469301 15.87922329
v 4.01780040 0.04138126 15.84261619
v 3.55797143 0.05119298 15.72499457
v 3.35609593 0.05009969 15.66312188
v 2.76991410 0.01778671 15.55932514
v 2.66515913 -0.02660960 15.64939086
v 2.64994079 -0.05323909 15.57631857
v 4.52417666 0.10199018 15.85280774
v 4.18840607 0.08561278 15.91028822
v 3.50468251 0.05844183 15.70362325
v 2.73463274 -0.00339088 15.63510791
v 2.67516134 -0.02782905 15.69217127
v 2.65302734 -0.05086274 15.56630859
v 3.99630790 0.04064791 15.78196564
v 3.10754596 -0.01587804 15.68323784
v 2.95021178 -0.01003949 15.60431799
v 2.65564063 -0.04862984 15.55724023
v 2.66504263 -0.03068913 15.54662151
v 2.65696484 -0.04750486 15.55269922
v 4.23349305 0.10055099 15.85430678
v 4.14258072 0.08141428 15.79229570
v 3.15094666 0.00171816 15.62590769
v 3.02922991 -0.01547128 15.61890891
v 2.81597443 0.00963019 15.58268841
v 2.65829688 -0.04637412 15.54815039
v 4.21134976 0.10243866 15.76469749
v 4.21680080 0.09986102 15.81335128
v 3.93903260 0.03233377 15.74059177
v 3.54410977 0.06803385 15.64742273
v 2.92185574 -0.00241495 15.58486120
v 2.65963672 -0.04523780 15.54359570
v 5.15753670 0.00142792 15.99060982
v 2.66098828 -0.04409558 15.53903516
v 5.27923077 0.00261438 15.96550775
v 3.60068512 0.04902821 15.71476203
v 3.11037408 -0.00289690 15.60054696
v 2.70599908 0.01204143 15.52259160
v 2.66235156 -0.04294801 15.53446875
v 5.08691001 0.00022311 15.90097852
v 3.96572724 0.03642936 15.75202108
v 3.31414986 0.04209237 15.65291895
v 2.66372266 -0.04179601 15.52989648
v 3.89036303 0.02981263 15.71206152
v 3.48913050 0.07479781 15.61613706
v 2.79504168 0.02366939 15.53699363
v 2.66507812 -0.04065843 15.52533398
v 3.81757591 0.02794320 15.70659135
v 3.38537636 0.05991224 15.63501470
v 3.05297410 -0.00308745 15.55959441
v 2.96706992 -0.00363910 15.57274481
v 2.66641797 -0.03954126 15.52078711
v 4.04379784 0.05781014 15.72778452
v 3.10830833 0.00174356 15.56316222
v 2.91812740 0.00148131 15.57147996
v 2.66773828 -0.03844416 15.51625586
v 5.15631779 0.00063164 15.92681047
v 3.85987068 0.02862230 15.70611952
v 2.66903906 -0.03736732 15.51174023
v 5.04695236 0.00458289 16.04404609
v 2.94591368 -0.00043020 15.56635947
v 2.73680097 0.02522030 15.51466214
v 2.67032031 -0.03631063 15.50724023
v 3.98295368 0.04271440 15.72695947
v 3.18324966 0.00908147 15.63087534
v 2.67158594 -0.03527414 15.50275586
v 4.42115090 0.11916754 15.80400801
v 3.22217626 0.02125313 15.61982963
v 3.17380457 0.01556703 15.55293836
v 2.67405469 -0.03326173 15.49383203
v 5.33052281 0.00240000 15.90341788
v 4.32069611 0.11893220 15.80423281
v 2.97921553 0.00188414 15.53941493
v 2.67644922 -0.03133008 15.48497070
v 5.33429168 0.00235170 15.84325026
v 5.26336029 0.00230444 15.90533727
v 3.70919966 0.04694276 15.64894136
v 2.68129334 -0.00986577 15.51193544
v 2.67876953 -0.02947919 15.47616992
v 3.86800998 0.03361752 15.66892011
v 3.16475443 0.01278505 15.55182135
v 2.71317164 0.02049664 15.48725278
v 2.68101172 -0.02770905 15.46743164
v 4.48109272 0.11704754 15.75472264
v 4.43214652 0.12491562 15.74012427
v 4.26206729 0.11530345 15.74173967
v 4.17707831 0.09547900 15.72813750
v 2.79705721 0.02874481 15.52149977
v 2.74510912 0.03967596 15.44577436
v 4.98200037 0.00545220 15.85069961
v 3.82724736 0.03571035 15.64930187
v 3.68704083 0.05354050 15.63055152
v 3.67425380 0.06009546 15.60174055
v 3.48435877 0.08349688 15.55478615
v 3.37640044 0.06446788 15.59152740
v 3.17753333 0.01984183 15.50850528
v 3.05588273 0.00811981 15.45850614
v 3.04264233 0.00439919 15.49878698
v 2.78790734 0.04179793 15.46129216
v 2.68501354 -0.02436696 15.45020522
v 4.36790498 0.12946821 15.69586905
v 3.97714978 0.04346204 15.70236242
v 3.31255478 0.05225964 15.55774590
v 3.09622944 0.00825316 15.49020123
v 2.71201036 0.01987113 15.40723698
v 2.68728906 -0.02288317 15.44158789
v 3.89681824 0.03823667 15.63071029
v 3.57174208 0.08419767 15.52780916
v 3.35851923 0.06642128 15.52899505
v 2.69109375 -0.02006972 15.42466602
v 3.61570414 0.07147154 15.58373511
v 3.19560937 0.02594181 15.46858659
v 2.84187704 0.04220235 15.44135478
v 2.71594912 0.02462569 15.41765455
v 2.69459766 -0.01757929 15.40799023
v 5.12079026 -0.00277360 15.81134222
v 3.73811677 0.04910273 15.60769388
v 2.74846632 0.04832649 15.38141335
v 2.70006630 -0.00074754 15.40916429
v 2.69779687 -0.01541189 15.39156250
v 4.25022620 0.11659647 15.67456496
v 4.15794067 0.09439250 15.57987484
v 3.94518129 0.04447063 15.61114870
v 3.86630407 0.04214846 15.57212369
v 3.40391613 0.07929016 15.49202205
v 2.94829430 0.02554050 15.43408073
v 2.72680695 0.03437984 15.39002300
v 2.70069531 -0.01356754 15.37538086
v 5.36374217 0.00173501 15.80684565
v 4.48842992 0.11872908 15.67719509
v 3.90491469 0.04287990 15.57276697
v 2.70329297 -0.01204621 15.35944531
v 4.29356091 0.12539051 15.61110699
v 3.84326133 0.04355870 15.55469637
v 2.94408633 0.03119415 15.39535951
v 2.74565569 0.04967449 15.36366816
v 2.70558594 -0.01084793 15.34375586
v 3.88906094 0.04366240 15.53617615
v 3.85590647 0.04427710 15.53108918
v 3.77636305 0.05088563 15.53377425
v 3.59633315 0.08511546 15.49056799
v 5.34323714 0.00179191 15.72159381
v 5.29175739 0.00130500 15.74328119
v 4.93911774 0.00692622 15.73445887
v 3.97531891 0.04931553 15.57411074
v 3.98823262 0.05236753 15.53166326
v 3.92016296 0.04481513 15.53587282
v 3.15992857 0.01864601 15.38822821
v 3.00995352 0.02040287 15.36076803
v 2.78890672 0.05246009 15.42869813
v 2.74523105 0.04868763 15.34935817
v 2.72085660 0.02771889 15.32575221
v 2.70482319 -0.00938310 15.33775754
v 3.93583964 0.04551609 15.50905700
v 3.74626271 0.05927371 15.46559580
v 3.66841309 0.07343892 15.47959367
v 3.54205244 0.09291606 15.46958324
v 2.76032010 0.05751097 15.29240950
v 2.70999821 -0.00914956 15.30248729
v 3.83013338 0.04626190 15.45715485
v 3.46380482 0.09144456 15.40268117
v 3.10614186 0.01192521 15.33101188
v 2.79243190 0.06865861 15.28560017
v 2.81732374 0.06134502 15.31701938
v 2.71213029 -0.00952037 15.27176245
v 5.15911642 -0.00794897 15.66926006
v 4.40467061 0.13185436 15.55549057
v 3.91331534 0.04131241 15.43742944
v 3.61464034 0.08486254 15.43235598
v 3.24262670 0.03859422 15.39576577
v 3.04102946 0.01143958 15.29063235
v 2.71316797 -0.01150521 15.24084180
v 3.79996983 0.04810752 15.39772183
v 3.68002803 0.06963516 15.36437439
v 3.60929159 0.08384662 15.37412161
v 3.38288276 0.07200081 15.33630779
v 2.71263711 -0.01383907 15.21865189
v 2.71187891 -0.01663274 15.20043164
v 4.91571083 0.00036428 15.58807601
v 3.87163097 0.03453072 15.35657987
v 3.74413454 0.05590341 15.36705815
v 3.14526395 0.00740632 15.27574272
v 3.00157338 0.00978139 15.22316618
v 5.03340250 -0.01148977 15.63798009
v 3.05022544 -0.00700117 15.19638317
v 2.73578784 0.04242012 15.28192505
v 2.71074107 -0.01851060 15.18940892
v 2.70940548 -0.02137673 15.17568929
v 4.85217551 0.00050478 15.46225770
v 3.57080931 0.08412775 15.32131316
v 3.53687004 0.08653662 15.29316479
v 3.43892115 0.07701914 15.27235856
v 2.74921451 0.04833728 15.17091247
v 5.31823041 0.00027295 15.60987562
v 4.02992082 0.04353134 15.33503846
v 4.01302900 0.05327295 15.44562612
v 3.20862170 0.01508855 15.25547417
v 3.15703862 -0.00234725 15.21428859
v 2.82704648 0.05441237 15.19469096
v 2.72137992 0.02101685 15.18216428
v 2.70450926 -0.02893598 15.14503765
v 3.95056963 0.03338289 15.33804490
v 3.79298495 0.04126670 15.32486056
v 3.73893347 0.05142767 15.32049864
v 3.16294850 -0.00534458 15.20359532
v 2.95657409 0.00942764 15.17433969
v 5.01225658 -0.01839427 15.54649472
v 3.64226785 0.06524320 15.27710380
v 5.15604171 -0.01283135 15.59596633
v 3.39319280 0.05861934 15.23300298
v 3.14638503 -0.01187347 15.18494471
v 5.15180471 -0.01898233 15.51542227
v 4.58440946 0.07846915 15.42595371
v 4.24907713 0.09524066 15.31733115
v 3.83099401 0.03449912 15.32011170
v 2.77617195 0.04586595 15.12282380
v 3.94899372 0.02294802 15.28815986
v 3.60799533 0.06866498 15.25885358
v 3.49609310 0.06923155 15.21435981
v 3.40683378 0.06026661 15.22176060
v 3.15399064 -0.02676438 15.14156131
v 2.82602529 0.01991928 15.09611514
v 2.73893559 0.02651283 15.07841463
v 2.69703863 -0.00661652 15.07131699
v 5.02160617 -0.03281829 15.42966139
v 3.82674686 0.02219129 15.25765673
v 3.63849829 0.05541838 15.23291499
v 3.29825057 0.03752686 15.24445434
v 3.58050474 0.06048964 15.21231063
v 3.23956826 -0.00031655 15.16404902
v 3.04700177 -0.04401172 15.11072381
v 5.16165706 -0.02123480 15.47675441
v 3.95645948 0.01965509 15.27546901
v 3.76764815 0.02899758 15.24403230
v 3.72931481 0.03459987 15.23418788
v 2.80566659 0.01386385 15.07392676
v 3.98108281 0.01421564 15.23468761
v 3.66351959 0.03329442 15.18419537
v 3.40139334 0.04767698 15.17524005
v 2.95525255 -0.01467070 15.11754456
v 2.68111404 -0.03649642 15.05483237
v 5.25680493 -0.00801176 15.49119297
v 3.41113583 0.04120350 15.15242700
v 2.67233594 -0.07569154 15.04605469
v 5.28743014 -0.00949498 15.41086828
v 4.03212161 0.02460731 15.24058888
v 2.66981250 -0.07900990 15.04119922
v 4.85432496 -0.00676392 15.41458405
v 3.83593450 0.01880792 15.25042508
v 3.56738211 0.05006494 15.17622031
v 3.55611811 0.05896784 15.19060056
v 3.05353520 -0.05205972 15.09480609
v 2.98389081 -0.05092212 15.07764329
v 2.66512029 -0.08513303 15.03266542
v 4.87482207 -0.01814334 15.37408882
v 3.09382432 -0.05207903 15.09862692
v 2.71277931 0.00721643 15.04821121
v 2.66848436 -0.05780567 15.03353413
v 5.05917402 -0.04268564 15.36373457
v 4.87501304 -0.01869463 15.37122524
v 3.74151973 0.01445574 15.18366033
v 3.24426093 -0.01124531 15.12954580
v 4.87498391 -0.01938316 15.36739092
v 4.41283585 0.10336585 15.31599435
v 3.93012124 0.00665072 15.22377200
v 5.27792148 -0.01177832 15.39303276
v 4.87493330 -0.02009322 15.36345566
v 4.76602978 0.00565783 15.34622581
v 3.63762309 0.03478656 15.17262947
v 3.27612097 -0.00551648 15.12078429
v 3.00788633 -0.06401101 15.06699169
v 2.93671128 -0.04122652 15.06863970
v 2.66178125 -0.08944970 15.02700781
v 5.36094337 -0.00194963 15.41193391
v 4.87498195 -0.02074949 15.35996055
v 4.51716481 0.08565602 15.34544895
v 4.34654209 0.09714619 15.27538725
v 4.27295384 0.08423184 15.24925711
v 4.21972838 0.07502671 15.25364892
v 3.78761068 0.00862512 15.19330331
v 3.39422170 0.03089492 15.13198050
v 5.16405172 -0.03002023 15.38104984
v 4.87507679 -0.02136171 15.35676116
v 3.08734238 -0.06220291 15.08140037
v 4.87514281 -0.02201378 15.35335315
v 3.54093248 0.04313880 15.15004759
v 3.36959779 0.01791455 15.11540391
v 3.04221994 -0.06299375 15.07600006
v 2.93721280 -0.05210587 15.05559525
v 2.82765370 -0.01796056 15.04330861
v 2.65878182 -0.09331343 15.02211492
v 5.23776382 -0.01834759 15.38508713
v 4.97204329 -0.03782193 15.36011675
v 4.87497361 -0.02280177 15.34901495
v 4.74015627 0.01111205 15.33342324
v 4.57195454 0.05905211 15.30217100
v 4.19647684 0.06951523 15.25254745
v 3.63828330 0.03050430 15.16277264
v 2.65605078 -0.09681354 15.01785742
v 5.05022656 -0.04316981 15.35401563
v 4.99396875 -0.04210337 15.34616211
v 4.95024609 -0.03815578 15.34002539
v 4.90600000 -0.03186506 15.33379102
v 4.81640234 -0.01359262 15.32111133
v 4.77128125 -0.00227907 15.31470508
v 4.72610547 0.01004080 15.30828320
v 4.64710547 0.03306439 15.29704297
v 4.59136719 0.04958870 15.28911328
v 4.54691016 0.06207028 15.28278906
v 4.44804970 0.08940814 15.28818000
v 4.26112891 0.08052273 15.24208398
v 4.21729687 0.07035737 15.23583594
v 3.97165422 0.00546580 15.20807279
v 3.17370603 -0.04047940 15.10291563
v 3.12889760 -0.04979735 15.09754181
v 2.99194531 -0.06432677 15.06163086
v 2.67979836 -0.02422797 15.02442249
v 2.65457031 -0.09870499 15.01560742
v 5.31695808 -0.00711940 15.38612239
v 5.20539453 -0.02445918 15.37362891
v 5.16317578 -0.03156399 15.36780469
v 5.12134766 -0.03764990 15.36203906
v 5.07935490 -0.04135847 15.36042133
v 5.05062117 -0.04510120 15.34134571
v 4.99400391 -0.04240556 15.34437695
v 4.95026563 -0.03847735 15.33825391
v 4.90600391 -0.03220243 15.33203125
v 4.81637500 -0.01395222 15.31937695
v 4.77123828 -0.00264575 15.31298242
v 4.72604297 0.00966926 15.30657227
v 4.64701562 0.03268874 15.29535352
v 4.59126172 0.04921257 15.28743945
v 4.54678906 0.06169429 15.28112500
v 4.50250781 0.07276479 15.27483984
v 4.33841195 0.08855414 15.24412328
v 4.31757810 0.09356933 15.26753749
v 4.26091016 0.08010947 15.24050000
v 4.21706641 0.06992898 15.23426367
v 4.19512109 0.06403706 15.23114258
v 4.13741012 0.05095350 15.23839819
v 4.05851541 0.02786385 15.22826217
v 3.74571089 0.00822880 15.17062737
v 3.52236874 0.03862136 15.13663360
v 3.30141936 -0.00784428 15.09797118
v 2.99127734 -0.06516045 15.06038477
v 2.94152734 -0.05564279 15.05323828
v 2.91578906 -0.04909004 15.04953125
v 2.86032352 -0.03334501 15.04140525
v 2.65328444 -0.10034185 15.01369079
v 5.20550000 -0.02461153 15.37177734
v 5.16326563 -0.03175141 15.36596680
v 5.12142578 -0.03787096 15.36021484
v 5.07953516 -0.04219051 15.35444727
v 4.95028516 -0.03879988 15.33648047
v 4.90600781 -0.03254084 15.33027148
v 4.81634375 -0.01431300 15.31764258
v 4.77119141 -0.00301370 15.31125977
v 4.72598047 0.00929640 15.30486328
v 4.64692578 0.03231164 15.29366602
v 4.59115234 0.04883490 15.28576562
v 4.54666406 0.06131669 15.27946484
v 4.50237109 0.07238695 15.27319141
v 4.45823437 0.08137817 15.26693750
v 4.39259826 0.09408481 15.27455798
v 4.26069141 0.07969415 15.23891602
v 4.21683203 0.06949844 15.23269336
v 4.19488281 0.06359844 15.22957812
v 4.15092187 0.05078292 15.22333984
v 4.10685156 0.03739807 15.21708594
v 4.06262891 0.02438646 15.21080859
v 4.01891903 0.01375773 15.20769546
v 3.35006250 0.01055962 15.10966211
v 3.30782812 -0.00348168 15.10375977
v 3.21945232 -0.03955177 15.08137786
v 2.99060547 -0.06599829 15.05914453
v 2.94083203 -0.05647260 15.05200781
v 2.91507812 -0.04991396 15.04830664
v 2.87667187 -0.03903524 15.04279688
v 2.87051741 -0.03960113 15.03935704
v 2.68962979 -0.01407770 15.02518517
v 2.65402376 -0.05872750 15.00236635
v 5.16335547 -0.03193939 15.36413086
v 5.12150391 -0.03809267 15.35839258
v 5.07959766 -0.04244343 15.35263672
v 4.95030469 -0.03912341 15.33471094
v 4.90601172 -0.03288035 15.32851367
v 4.81631641 -0.01467504 15.31590820
v 4.77114453 -0.00338298 15.30953906
v 4.72592188 0.00892212 15.30315430
v 4.64683594 0.03193299 15.29197852
v 4.59104297 0.04845558 15.28409375
v 4.54653906 0.06093737 15.27780469
v 4.50223047 0.07200732 15.27154297
v 4.45808203 0.08099718 15.26530273
v 4.41405859 0.08723875 15.25907617
v 4.37012500 0.09006394 15.25286133
v 4.27799319 0.08218967 15.23686285
v 4.19464062 0.06315751 15.22801367
v 4.15066406 0.05032537 15.22178711
v 4.10657813 0.03692408 15.21554492
v 4.06233984 0.02389708 15.20928125
v 4.01790625 0.01219111 15.20298633
v 3.92890736 0.00029463 15.20415444
v 3.91891639 -0.00372135 15.19075618
v 3.34951953 0.00986088 15.10832422
v 3.30727734 -0.00421178 15.10243359
v 2.98992969 -0.06684072 15.05790625
v 2.94013281 -0.05730707 15.05077930
v 2.91436719 -0.05074260 15.04708594
v 2.87593750 -0.03985437 15.04158203
v 2.65231250 -0.10158012 15.01226172
v 5.36677819 -0.00207142 15.39438660
v 5.16344531 -0.03212789 15.36229492
v 5.12157813 -0.03831498 15.35656836
v 5.07966016 -0.04269702 15.35082617
v 4.97961503 -0.04325751 15.33345592
v 4.95032422 -0.03944786 15.33293945
v 4.90601172 -0.03322083 15.32675586
v 4.81628516 -0.01503820 15.31417578
v 4.77109766 -0.00375344 15.30782031
v 4.72585547 0.00854658 15.30144727
v 4.64674609 0.03155296 15.29029297
v 4.59093359 0.04807481 15.28242188
v 4.54641406 0.06055654 15.27614648
v 4.50209375 0.07162610 15.26989648
v 4.45792578 0.08061455 15.26366797
v 4.41388672 0.08685294 15.25745508
v 4.36994141 0.08967245 15.25125195
v 4.21032021 0.06551319 15.22205952
v 4.12945756 0.04338002 15.21712228
v 4.03291381 0.01260057 15.19393687
v 3.59605361 0.03215016 15.14532871
v 3.60422203 0.02964325 15.14439973
v 3.34897656 0.00915878 15.10699023
v 3.30671875 -0.00494531 15.10111133
v 3.17243912 -0.04961483 15.08523099
v 3.00983423 -0.07555182 15.05303628
v 2.91935726 -0.05399308 15.04575025
v 2.77858496 -0.00949340 15.03230198
v 2.65155078 -0.10254840 15.01115430
v 5.27205390 -0.01423420 15.36710870
v 5.16474559 -0.03238044 15.35831637
v 5.09590796 -0.04300888 15.34173793
v 4.95033984 -0.03977341 15.33117188
v 4.90601563 -0.03356252 15.32500000
v 4.81625391 -0.01540275 15.31244531
v 4.77105078 -0.00412539 15.30610156
v 4.72579297 0.00816947 15.29974023
v 4.64665234 0.03117121 15.28860742
v 4.59082031 0.04769221 15.28075391
v 4.54628906 0.06017378 15.27448828
v 4.50194922 0.07124287 15.26825195
v 4.45776953 0.08022983 15.26203516
v 4.41371875 0.08646494 15.25583398
v 4.38841888 0.08797411 15.24870970
v 3.94675764 -0.00225599 15.19089442
v 3.56336026 0.03122896 15.13162047
v 3.36450134 0.01349151 15.10804094
v 3.30616016 -0.00568325 15.09979297
v 2.77841260 -0.01159445 15.02860207
v 2.75214643 0.01049672 15.04782889
v 2.70364146 -0.00635064 15.02518922
v 2.65078516 -0.10352237 15.01005273
v 4.90601953 -0.03390422 15.32324219
v 4.81622266 -0.01576733 15.31071094
v 4.77100391 -0.00449738 15.30438086
v 4.72573047 0.00779233 15.29803125
v 4.64656250 0.03078941 15.28691992
v 4.59071094 0.04730956 15.27908203
v 4.54616406 0.05979098 15.27283008
v 4.50180859 0.07085961 15.26660547
v 4.49115023 0.07133851 15.25466290
v 4.41354687 0.08607693 15.25421094
v 3.83701672 -0.00067378 15.18795911
v 3.65001625 0.02107588 15.14809719
v 3.07059164 -0.07265054 15.06426326
v 2.92981803 -0.06361809 15.03950123
v 2.67763958 -0.03042188 14.99531169
v 2.65002344 -0.10449527 15.00895117
v 4.90603125 -0.03458111 15.31971680
v 4.81617188 -0.01648895 15.30723633
v 4.72561328 0.00704660 15.29460352
v 4.64639063 0.03003528 15.28353320
v 4.62132840 0.03302557 15.25995789
v 3.96958354 -0.00281259 15.18127053
v 3.78251929 0.00073355 15.17048315
v 3.72523458 0.00513264 15.15259531
v 3.45737930 0.04494138 15.14527702
v 2.89751787 -0.05191401 15.03839654
v 2.64853516 -0.10640639 15.00671289
v 4.90605859 -0.03524862 15.31618164
v 4.81613281 -0.01719964 15.30374609
v 4.72551172 0.00631335 15.29115820
v 4.64623437 0.02929498 15.28012891
v 3.83263039 -0.00938886 15.16442554
v 3.63535817 0.01959585 15.13702990
v 3.41296961 0.02425513 15.10848059
v 3.09914432 -0.07394006 15.06175457
v 2.65001119 -0.08701834 15.00651892
v 2.64709766 -0.10826880 15.00441211
v 4.90609375 -0.03590673 15.31263281
v 4.81610937 -0.01789939 15.30024219
v 4.64609375 0.02856853 15.27670703
v 4.19333139 0.05901321 15.21189153
v 3.98325124 -0.00176563 15.17822569
v 2.76082315 -0.02215137 15.00929662
v 2.64570703 -0.11008234 15.00205469
v 5.09863150 -0.04463637 15.32746976
v 4.90614062 -0.03655549 15.30907422
v 4.81609766 -0.01858824 15.29672656
v 4.75150605 -0.00276205 15.28648661
v 4.71507462 0.00896280 15.28866844
v 3.55679104 0.02892154 15.12284141
v 2.64436328 -0.11184723 14.99963477
v 4.90620313 -0.03719487 15.30550391
v 4.81609766 -0.01926617 15.29319531
v 4.05991158 0.02013461 15.19768388
v 3.87947970 -0.01556019 15.15722021
v 3.48964858 0.03559160 15.12493396
v 2.90006208 -0.06018165 15.02890879
v 4.95874949 -0.04687315 15.30103704
v 4.81611328 -0.01993320 15.28965234
v 3.61367842 0.02051581 15.12780204
v 3.35836785 0.00549469 15.09054777
v 3.10717235 -0.07821250 15.05194438
v 2.76191824 -0.02560132 15.00338101
v 3.78398650 -0.00979205 15.14175407
v 3.75556264 -0.00240304 15.15023194
v 3.18967841 -0.05703659 15.05935674
v 2.66145007 -0.04564160 15.00670376
v 5.34762195 -0.00472129 15.35020079
v 3.61132811 0.01809784 15.11882826
v 3.47371151 0.03068688 15.10994993
v 3.37942657 0.01152258 15.08934235
v 2.64113906 -0.11610670 14.99328886
v 3.94803594 -0.01148520 15.16214376
v 3.75507439 -0.00837881 15.13096649
v 2.99537307 -0.08763881 15.03020105
v 2.63732422 -0.12141315 14.98386719
v 5.26930543 -0.01604610 15.34592734
v 5.06845045 -0.05336680 15.27842868
v 3.63181440 0.01131196 15.11003553
v 2.96049997 -0.08046594 15.03004445
v 2.63536328 -0.12421205 14.97813281
v 4.36184311 0.08195205 15.19741919
v 3.84886537 -0.02098880 15.12772449
v 3.52390611 0.02632666 15.10021577
v 2.76767445 -0.03109109 14.99621777
v 2.62985069 -0.13257194 14.95711891
v 4.47222642 0.06560904 15.19180617
v 4.28914542 0.07775493 15.20597679
v 3.94658412 -0.02092169 15.12138878
v 3.14449218 -0.08591355 15.00156958
v 2.68687395 -0.02721172 14.98980211
v 2.64928065 -0.05817627 14.95556009
v 5.37537771 -0.00256735 15.33762246
v 5.30711022 -0.01307081 15.28240246
v 3.71262303 -0.00524975 15.10860506
v 2.63734121 -0.09990454 14.98047937
v 4.20408072 0.05629776 15.18440586
v 3.76661612 -0.01587601 15.10314637
v 3.11848353 -0.08968130 15.00539666
v 5.16145199 -0.03659668 15.32477701
v 4.76856697 -0.01450647 15.25099479
v 4.52882408 0.04943344 15.17025333
v 3.62034277 0.00586390 15.07024174
v 3.04788312 -0.10258684 14.99206565
v 2.97242685 -0.09995723 14.98376262
v 2.63518807 -0.08209475 14.94973954
v 5.25460253 -0.02250081 15.28327332
v 4.84562314 -0.04452872 15.16179653
v 3.97955764 -0.01676018 15.09927853
v 3.75559187 -0.01633191 15.08877002
v 3.38012966 0.00295054 15.04813164
v 4.87780353 -0.03867247 15.27389144
v 3.35478348 -0.01020368 15.00871741
v 2.93212988 -0.08805277 14.99492566
v 2.64468300 -0.06547351 14.85923780
v 3.86609442 -0.02755000 15.09146264
v 3.72640761 -0.01381872 15.06273718
v 3.18592037 -0.07504477 14.97131374
v 2.72950997 -0.03729407 14.95012940
v 2.62724319 -0.13568400 14.94553253
v 2.62601675 -0.14068478 14.91641317
v 3.59721625 0.00682406 15.03787462
v 3.49327136 0.01963988 15.06485089
v 4.32422561 0.07580915 15.15083105
v 2.62641798 -0.14249582 14.89402058
v 5.10612363 -0.06024769 15.17065834
v 4.50426267 0.05392107 15.10130787
v 4.25159336 0.06004041 15.08877820
v 3.86332687 -0.03045944 15.03522263
v 3.14929185 -0.08996616 14.91952552
v 2.76159556 -0.04641565 14.87064421
v 2.68030892 -0.04043414 14.92806321
v 2.63169162 -0.09223933 14.86325800
v 2.62920703 -0.14282008 14.86340625
v 3.91499153 -0.03055826 15.01573696
v 3.76968470 -0.02177743 15.02314063
v 3.63684121 0.00077957 14.99283745
v 3.60256038 0.00580893 15.00195996
v 3.20868781 -0.06960295 14.88157549
v 2.63168359 -0.14199023 14.84404492
v 5.37502849 -0.00556325 15.18978005
v 4.33114541 0.07196688 15.08078313
v 3.48096356 0.01479932 14.98360196
v 2.63494141 -0.14038141 14.82372852
v 2.99704125 -0.11069287 14.89160328
v 2.95642831 -0.10842406 14.90094681
v 2.66167576 -0.04898943 14.79374033
v 2.63897656 -0.13799361 14.80245703
v 5.03064866 -0.06851270 15.16288388
v 4.02359262 -0.00888882 14.99687174
v 3.78104327 -0.01849452 14.96026197
v 3.62639228 0.01391860 14.89593793
v 2.64378516 -0.13482683 14.78022852
v 5.09053609 -0.06824864 15.04958298
v 4.37559362 0.07511442 15.06138713
v 4.25140953 0.06058095 14.96570371
v 3.99196087 -0.01518927 14.93286966
v 3.51615647 0.01843608 14.93999910
v 2.64937500 -0.13088109 14.75704688
v 4.37152480 0.08336624 14.94287539
v 3.84065626 -0.01954118 14.91580544
v 3.43111265 0.01636900 14.84438809
v 3.38665487 -0.00038114 14.89509859
v 2.91658145 -0.07387280 14.77220760
v 2.65574219 -0.12615639 14.73290820
v 3.73953776 0.00171781 14.87504385
v 3.16538884 -0.08138181 14.79045681
v 2.65468440 -0.07084493 14.74555715
v 2.66288672 -0.12065273 14.70781641
v 5.31726854 -0.01777109 15.10335229
v 4.97480394 -0.06533824 15.06452693
v 4.78472597 -0.02892812 15.10146782
v 4.65060679 0.02290454 14.97090583
v 4.49756510 0.06775294 14.96703377
v 4.07776824 0.01398688 14.86837656
v 3.96259717 -0.00054334 14.81118966
v 3.84481199 -0.00617346 14.84266459
v 3.62270478 0.02475581 14.84397486
v 2.74825883 -0.01984523 14.74321849
v 2.68620532 -0.02696604 14.73430311
v 2.67950391 -0.10730852 14.65476562
v 5.35791406 -0.01153523 15.04718945
v 5.31236328 -0.02091670 15.03949219
v 4.58832422 0.05152318 14.91704688
v 4.45588281 0.08536859 14.89464844
v 4.32417578 0.08501663 14.87238867
v 4.25816797 0.07084935 14.86123438
v 4.03547266 0.00891154 14.82358008
v 4.01285937 0.00500105 14.81975391
v 3.94453125 -0.00044087 14.80819141
v 3.87090383 0.00396424 14.79572078
v 3.81798047 0.01209449 14.78678320
v 3.73747656 0.02766608 14.77316797
v 3.72602344 0.02997330 14.77123242
v 3.68039844 0.03877873 14.76351953
v 3.65772656 0.04270689 14.75968555
v 3.57935938 0.05181545 14.74644141
v 3.56466801 0.04977493 14.74548596
v 3.49886328 0.04903999 14.73284766
v 3.42888281 0.03242191 14.72103320
v 3.21676562 -0.04893610 14.68518164
v 3.14879687 -0.06478355 14.67367969
v 3.07694141 -0.06865839 14.66151562
v 2.96030078 -0.04378388 14.64177930
v 2.94695703 -0.03910023 14.63952148
v 2.88127344 -0.01422322 14.62841406
v 2.86856250 -0.00938636 14.62626367
v 2.71784880 0.00331069 14.60090172
v 2.70083594 -0.03371239 14.59812109
v 2.69911328 -0.04570641 14.59784570
v 2.69923438 -0.09084845 14.59789648
v 2.69401172 -0.09525558 14.61247266
v 2.68898047 -0.09946796 14.62680859
v 2.68414453 -0.10348562 14.64090625
v 2.67505859 -0.11093668 14.66838672
v 2.67080469 -0.11437011 14.68176758
v 2.66675000 -0.11760880 14.69491211
v 2.65921484 -0.12350194 14.72048047
v 2.65246094 -0.12861612 14.74509570
v 2.64648438 -0.13295134 14.76875781
v 2.64128516 -0.13650758 14.79146289
v 2.63685937 -0.13928487 14.81321289
v 2.63321484 -0.14128319 14.83400586
v 2.71303906 -0.01289133 15.22712500
v 2.71299219 -0.01044216 15.25480273
v 2.71149266 -0.00918991 15.28488504
v 2.59316016 -0.10725076 15.82728516
v 2.58789453 -0.11321906 15.86046484
v 2.58326172 -0.11882259 15.89326562
v 2.57927344 -0.12406136 15.92568555
v 2.57591797 -0.12893533 15.95772461
v 2.57320313 -0.13344453 15.98938477
v 2.57112891 -0.13758894 16.02066602
v 2.56969141 -0.14136856 16.05156445
v 2.56889453 -0.14478339 16.08208398
v 2.56873438 -0.14783342 16.11222461
v 2.56921094 -0.15051868 16.14198437
v 2.57208594 -0.15479482 16.20036328
v 2.57320313 -0.15563586 16.21472070
v 2.57448047 -0.15638573 16.22898437
v 2.57751172 -0.15761186 16.25722266
v 2.57926953 -0.15808815 16.27120117
v 2.58118359 -0.15847324 16.28508398
v 2.58549609 -0.15896986 16.31256445
v 2.58789062 -0.15908141 16.32616211
v 2.59044531 -0.15910176 16.33966406
v 2.59603125 -0.15886891 16.36638477
v 2.59906641 -0.15861571 16.37960156
v 2.60225781 -0.15827133 16.39272461
v 2.60912109 -0.15730905 16.41868750
v 2.61279297 -0.15669115 16.43152539
v 2.61662500 -0.15598206 16.44426758
v 2.62476953 -0.15429036 16.46947070
v 2.63004438 -0.15290215 16.48500116
v 2.63585492 -0.15142485 16.50087162
v 2.64296875 -0.14981285 16.51873438
v 2.64791797 -0.14846553 16.53081445
v 2.65302734 -0.14702704 16.54279883
v 2.69885763 -0.13266798 16.56161966
v 2.74532422 -0.12879953 16.56951563
v 2.75947223 -0.12815677 16.57190618
v 2.76767969 -0.12780395 16.57329297
v 2.77885938 -0.12734911 16.57518164
v 2.80122266 -0.12636303 16.57895703
v 2.81240234 -0.12578297 16.58084375
v 2.82357813 -0.12511911 16.58273047
v 2.84591016 -0.12348201 16.58649805
v 2.85706250 -0.12248494 16.58838086
v 2.86820312 -0.12135591 16.59025977
v 2.87932812 -0.12008741 16.59213867
v 2.89043750 -0.11867286 16.59401367
v 2.90152734 -0.11710748 16.59588477
v 2.94564844 -0.10933253 16.60333398
v 2.95661719 -0.10708009 16.60518750
v 2.97304297 -0.10354397 16.60796484
v 2.98943359 -0.09986261 16.61073633
v 3.00034766 -0.09735068 16.61258398
v 3.01125391 -0.09480408 16.61442773
v 3.02189453 -0.09228601 16.61622852
v 3.03253125 -0.08973923 16.61802734
v 3.04316406 -0.08716608 16.61982617
v 3.05378906 -0.08456884 16.62162305
v 3.06517187 -0.08176093 16.62354883
v 3.07654688 -0.07893179 16.62547266
v 3.08741016 -0.07621291 16.62731055
v 3.09827344 -0.07348203 16.62914648
v 3.10913281 -0.07074319 16.63098242
v 3.11999219 -0.06800099 16.63282031
v 3.13084766 -0.06526027 16.63465625
v 3.15257031 -0.05980544 16.63833008
v 3.16343750 -0.05710352 16.64016602
v 3.17431250 -0.05442755 16.64200586
v 3.18519141 -0.05178515 16.64384570
v 3.19608203 -0.04918434 16.64568750
v 3.20698438 -0.04663387 16.64753125
v 3.21789453 -0.04414296 16.64937695
v 3.23976953 -0.03938155 16.65307813
v 3.26171484 -0.03498841 16.65679297
v 3.27271875 -0.03296108 16.65865430
v 3.28374609 -0.03106576 16.66052148
v 3.29479687 -0.02931997 16.66239258
v 3.30586719 -0.02774046 16.66426758
v 3.32808203 -0.02512035 16.66802930
v 3.33921484 -0.02408884 16.66991406
v 3.35036719 -0.02324204 16.67180273
v 3.36937014 -0.02196335 16.67499495
v 3.37269922 -0.02207578 16.67558398
v 3.38387891 -0.02173726 16.67747461
v 3.39505859 -0.02154652 16.67936719
v 3.40624219 -0.02149194 16.68125781
v 3.41742969 -0.02156192 16.68315039
v 3.42861328 -0.02174513 16.68504102
v 3.43979297 -0.02203065 16.68693164
v 3.45097266 -0.02240897 16.68882227
v 3.46215234 -0.02287116 16.69071289
v 3.48449609 -0.02401560 16.69449023
v 3.49566406 -0.02468391 16.69637695
v 3.51026172 -0.02564150 16.69884570
v 3.52485547 -0.02668364 16.70131055
v 3.54373438 -0.02814141 16.70450195
v 3.56260938 -0.02970609 16.70769141
v 3.57375391 -0.03067432 16.70957617
v 3.59604297 -0.03269553 16.71334375
v 3.61832422 -0.03481475 16.71710937
v 3.62946094 -0.03590639 16.71899219
v 3.64059766 -0.03701725 16.72087500
v 3.65173047 -0.03814578 16.72275586
v 3.66286328 -0.03929046 16.72463867
v 3.68092569 -0.04120178 16.72769308
v 3.70737891 -0.04400854 16.73216406
v 3.71850391 -0.04521602 16.73404297
v 3.72963672 -0.04639774 16.73592383
v 3.74077734 -0.04749881 16.73780469
v 3.75193359 -0.04847273 16.73968750
v 3.79668359 -0.05037292 16.74723047
v 3.83026172 -0.04908535 16.75288867
v 3.85255078 -0.04679482 16.75664258
v 3.86446420 -0.04512721 16.75865104
v 3.87470312 -0.04343797 16.76037891
v 3.88572656 -0.04143394 16.76223828
v 3.90767188 -0.03690619 16.76594141
v 3.92949219 -0.03182016 16.76962695
v 3.94036328 -0.02910927 16.77146289
v 3.95121094 -0.02630485 16.77329492
v 3.96203516 -0.02341856 16.77512500
v 3.97376172 -0.02020679 16.77710547
v 3.99532031 -0.01410700 16.78074805
v 4.01591797 -0.00809932 16.78422852
v 4.02666016 -0.00491408 16.78604492
v 4.03739453 -0.00170426 16.78785938
v 4.04812109 0.00152439 16.78967187
v 4.05884766 0.00476636 16.79148437
v 4.06956641 0.00801646 16.79329687
v 4.08028906 0.01126975 16.79510937
v 4.09100781 0.01452174 16.79692187
v 4.10173047 0.01776807 16.79873437
v 4.11245703 0.02100437 16.80054687
v 4.12318359 0.02422637 16.80236133
v 4.13391797 0.02743015 16.80417578
v 4.14465625 0.03061189 16.80599219
v 4.15540625 0.03376775 16.80780859
v 4.16616016 0.03689394 16.80962695
v 4.17692578 0.03998682 16.81144727
v 4.18769922 0.04304279 16.81326953
v 4.19848437 0.04605824 16.81509375
v 4.20928125 0.04902956 16.81691797
v 4.22009375 0.05195316 16.81874609
v 4.23091406 0.05482542 16.82057617
v 4.24175000 0.05764276 16.82241016
v 4.25260156 0.06040156 16.82424414
v 4.26346875 0.06309816 16.82608203
v 4.27435156 0.06572889 16.82792383
v 4.28525000 0.06828996 16.82976758
v 4.29616406 0.07077756 16.83161328
v 4.30709375 0.07318789 16.83346289
v 4.31804297 0.07551704 16.83531445
v 4.32900781 0.07776078 16.83716992
v 4.33998828 0.07991491 16.83902734
v 4.36200391 0.08394138 16.84275391
v 4.37303516 0.08581221 16.84461914
v 4.38562500 0.08783060 16.84675000
v 4.40145312 0.09019591 16.84942969
v 4.41730469 0.09237714 16.85211133
v 4.42840234 0.09379480 16.85399023
v 4.43951172 0.09512553 16.85586914
v 4.45062891 0.09637057 16.85775195
v 4.46175781 0.09753114 16.85963477
v 4.47289453 0.09860845 16.86151953
v 4.48403516 0.09960374 16.86340430
v 4.49518750 0.10051823 16.86529102
v 4.51750391 0.10210965 16.86906836
v 4.52866797 0.10278899 16.87095898
v 4.53983984 0.10339235 16.87284961
v 4.55101562 0.10392089 16.87474023
v 4.56219141 0.10437582 16.87663086
v 4.57337109 0.10475828 16.87852344
v 4.58455469 0.10506943 16.88041602
v 4.59573828 0.10531041 16.88230859
v 4.60692188 0.10548237 16.88420117
v 4.61810938 0.10558643 16.88609570
v 4.62929687 0.10562370 16.88798828
v 4.64048047 0.10559530 16.88988086
v 4.65442578 0.10546962 16.89224023
v 4.66836719 0.10524570 16.89459961
v 4.69246034 0.10463601 16.89867708
v 4.70620748 0.10440308 16.90097221
v 4.72403200 0.10342299 16.90401645
v 4.73544531 0.10285867 16.90594922
v 4.74524219 0.10233678 16.90760547
v 4.76482422 0.10116735 16.91091797
v 4.77461328 0.10052118 16.91257422
v 4.78577344 0.09973532 16.91446289
v 4.79692969 0.09889833 16.91634961
v 4.80808594 0.09801118 16.91823633
v 4.81923437 0.09707483 16.92012305
v 4.83037891 0.09609027 16.92200781
v 4.84151953 0.09505845 16.92389062
v 4.85265625 0.09398034 16.92577539
v 4.86378906 0.09285689 16.92765820
v 4.87491797 0.09168906 16.92953906
v 4.88604297 0.09047781 16.93141992
v 4.89716406 0.08922411 16.93330078
v 4.90827734 0.08792890 16.93517969
v 4.91938672 0.08659317 16.93705859
v 4.93049219 0.08521786 16.93893750
v 4.94159375 0.08380394 16.94081445
v 4.95269141 0.08235236 16.94268945
v 4.96378125 0.08086411 16.94456445
v 4.97487109 0.07934015 16.94643945
v 4.98595312 0.07778150 16.94831250
v 5.00810156 0.07456411 16.95205664
v 5.01917187 0.07290742 16.95392773
v 5.03023438 0.07122012 16.95579688
v 5.05576953 0.06721267 16.96011133
v 5.07023438 0.06487585 16.96255664
v 5.08469141 0.06249546 16.96500000
v 5.11439063 0.05747735 16.97001758
v 5.12963281 0.05484141 16.97259180
v 5.14065625 0.05291116 16.97445508
v 5.15167969 0.05096375 16.97631641
v 5.16270313 0.04900073 16.97817773
v 5.17371875 0.04702365 16.98003906
v 5.18473437 0.04503409 16.98190039
v 5.19575000 0.04303392 16.98376172
v 5.20676563 0.04102507 16.98562109
v 5.21777734 0.03900946 16.98748047
v 5.22878516 0.03698912 16.98933984
v 5.23979687 0.03496650 16.99119922
v 5.25080859 0.03294420 16.99305859
v 5.27283203 0.02891094 16.99677734
v 5.28384766 0.02690594 16.99863867
v 5.29486719 0.02491327 17.00049805
v 5.30588672 0.02293687 17.00235938
v 5.31691016 0.02098096 17.00422070
v 5.33897266 0.01715046 17.00794531
v 5.35001172 0.01528741 17.00980859
v 5.36105859 0.01346809 17.01167383
v 5.37444736 0.01132255 17.01393532
v 5.38317969 0.00999438 17.01540820
v 5.39425781 0.00836043 17.01727734
v 5.40534766 0.00681158 17.01915039
v 5.42757031 0.00403593 17.02290039
v 5.43870703 0.00285252 17.02477930
v 5.44635044 0.00213282 17.02606728
v 5.39419669 0.00120703 16.65241478
v 5.38758439 0.00099073 16.55597285
v 5.37958357 0.00088356 16.43436435
v 5.39225452 0.00047716 16.39326303
v 5.38551596 0.00060480 16.22492677
v 5.39010735 0.00058524 16.10472651
v 5.39091056 0.00059588 16.07657560
v 5.36641268 0.00137704 15.99323718
v 5.37158608 0.00127783 15.97749923
v 5.37537189 0.00124498 15.94311051
v 5.36838889 0.00152319 15.88870448
v 5.39083988 0.00098541 15.64407781
v 5.38209055 0.00083885 15.59047632
v 5.37279840 0.00051142 15.52801738
v 5.33053949 -0.00112370 15.52473069
v 5.39864298 -0.00042270 15.40205326
v 5.40183203 -0.00058751 15.37764648
v 5.40280469 -0.00065048 15.36881445
v 5.40379297 -0.00071106 15.35998437
v 5.41056773 -0.00079554 15.32305475
v 5.44469922 -0.00085052 15.06186133
v 5.43370907 -0.00158135 15.05999855
v 5.40585156 -0.00431719 15.05529492
v 5.39361328 -0.00586544 15.05322461
v 5.38155078 -0.00759471 15.05118555
v 5.36965234 -0.00948973 15.04917383
v 5.34632422 -0.01371595 15.04523047
v 5.33487109 -0.01601662 15.04329687
v 5.32355469 -0.01842196 15.04138281
v 5.28785479 -0.02667525 15.03535006
v 5.25795313 -0.03419679 15.03029687
v 5.24732422 -0.03690712 15.02850000
v 5.20266971 -0.04815841 15.02095216
v 5.17424609 -0.05453080 15.01615039
v 5.16389453 -0.05667213 15.01440039
v 5.15353906 -0.05867342 15.01264844
v 5.14317578 -0.06051934 15.01089648
v 5.13278516 -0.06219456 15.00914063
v 5.12237109 -0.06368375 15.00738086
v 5.10791797 -0.06540673 15.00493555
v 5.09336719 -0.06670483 15.00247656
v 5.07948437 -0.06751413 15.00012891
v 5.06550000 -0.06791938 14.99776367
v 5.05142578 -0.06793448 14.99538281
v 5.03726172 -0.06757332 14.99298828
v 5.02638672 -0.06705261 14.99114844
v 5.01546875 -0.06632668 14.98930273
v 5.00450781 -0.06540169 14.98744727
v 4.99350391 -0.06428384 14.98558789
v 4.98246094 -0.06297931 14.98371875
v 4.97137891 -0.06149430 14.98184570
v 4.96026562 -0.05983498 14.97996484
v 4.94912109 -0.05800752 14.97808008
v 4.93794531 -0.05601812 14.97618945
v 4.92673828 -0.05387296 14.97429492
v 4.91551172 -0.05157820 14.97239453
v 4.90425781 -0.04914003 14.97049023
v 4.89298047 -0.04656462 14.96858398
v 4.88168750 -0.04385814 14.96667383
v 4.87037891 -0.04102678 14.96475977
v 4.85905469 -0.03807671 14.96284375
v 4.84771484 -0.03501410 14.96092578
v 4.83636719 -0.03184513 14.95900781
v 4.82501172 -0.02857596 14.95708594
v 4.81365234 -0.02521278 14.95516406
v 4.80228906 -0.02176175 14.95324219
v 4.79092188 -0.01822904 14.95131836
v 4.76966451 -0.01144176 14.94772313
v 4.74828906 -0.00434582 14.94410742
v 4.73834375 -0.00098466 14.94242578
v 4.72841016 0.00241259 14.94074414
v 4.71848438 0.00584175 14.93906445
v 4.70857031 0.00929867 14.93738867
v 4.69867187 0.01277920 14.93571289
v 4.68878516 0.01627917 14.93404102
v 4.67476172 0.02127811 14.93166797
v 4.66076562 0.02628360 14.92930078
v 4.64680078 0.03127144 14.92693945
v 4.63286719 0.03621743 14.92458203
v 4.62170703 0.04013886 14.92269336
v 4.61056250 0.04400529 14.92080859
v 4.59943750 0.04780422 14.91892578
v 4.57722656 0.05514967 14.91516992
v 4.56614063 0.05867120 14.91329492
v 4.55507031 0.06207530 14.91142188
v 4.54401172 0.06534948 14.90955078
v 4.53296094 0.06848125 14.90768359
v 4.52192578 0.07145815 14.90581641
v 4.51089844 0.07426769 14.90395117
v 4.49987891 0.07689741 14.90208789
v 4.48887109 0.07933482 14.90022656
v 4.47786719 0.08156746 14.89836523
v 4.46687109 0.08358288 14.89650586
v 4.44489844 0.08691216 14.89279102
v 4.43391797 0.08820111 14.89093555
v 4.42294141 0.08922300 14.88908008
v 4.41196875 0.08996537 14.88722461
v 4.39627734 0.09051665 14.88457227
v 4.38058594 0.09043420 14.88191992
v 4.36808594 0.08989802 14.87980859
v 4.35711328 0.08909702 14.87795508
v 4.34613672 0.08800504 14.87609961
v 4.33516016 0.08663920 14.87424414
v 4.31319141 0.08315446 14.87053320
v 4.30219922 0.08106982 14.86867578
v 4.29119922 0.07877984 14.86681641
v 4.28019531 0.07630167 14.86495703
v 4.26918750 0.07365246 14.86309766
v 4.24714453 0.06790950 14.85937305
v 4.23611328 0.06485008 14.85750781
v 4.22507031 0.06168824 14.85564062
v 4.21401953 0.05844115 14.85377344
v 4.20295703 0.05512598 14.85190430
v 4.14907306 0.03861007 14.84279167
v 4.12520703 0.03145627 14.83875781
v 4.11404687 0.02821485 14.83687109
v 4.10287109 0.02505998 14.83498047
v 4.09167969 0.02200886 14.83308789
v 4.08047266 0.01907868 14.83119336
v 4.06925000 0.01628666 14.82929492
v 4.05800781 0.01364999 14.82739258
v 4.04675000 0.01118588 14.82548828
v 4.02417578 0.00684419 14.82166992
v 4.00152344 0.00339934 14.81783594
v 3.99016797 0.00205629 14.81591406
v 3.97975781 0.00106872 14.81415234
v 3.93307422 -0.00035118 14.80625391
v 3.92160547 -0.00000413 14.80431250
v 3.91012109 0.00058448 14.80236914
v 3.82950781 0.01014184 14.78873242
v 3.80645703 0.01414664 14.78483398
v 3.77993761 0.01913437 14.78034875
v 3.71458594 0.03225393 14.76929883
v 3.70316797 0.03449221 14.76736914
v 3.69177344 0.03667239 14.76544141
v 3.66905078 0.04079548 14.76159961
v 3.64643359 0.04449723 14.75777734
v 3.63516797 0.04615075 14.75587305
v 3.62393750 0.04765171 14.75397461
v 3.61273828 0.04898439 14.75208203
v 3.60157422 0.05013306 14.75019531
v 3.59044531 0.05108198 14.74831445
v 3.56831250 0.05231774 14.74457422
v 3.54634766 0.05256594 14.74086523
v 3.53543359 0.05228045 14.73902148
v 3.51707812 0.05111926 14.73592188
v 3.48489453 0.04676991 14.73048828
v 3.47100391 0.04395243 14.72814453
v 3.46042578 0.04145732 14.72635742
v 3.44988281 0.03869001 14.72457813
v 3.43937109 0.03567128 14.72280469
v 3.41841406 0.02896269 14.71926563
v 3.40796094 0.02531442 14.71750195
v 3.39751953 0.02149791 14.71573828
v 3.38708203 0.01753397 14.71397461
v 3.37664453 0.01344342 14.71221094
v 3.36619922 0.00924708 14.71044727
v 3.35575000 0.00496580 14.70868164
v 3.34246788 -0.00055638 14.70643862
v 3.31374609 -0.01259216 14.70158398
v 3.26449662 -0.03260838 14.69325332
v 3.22778906 -0.04544795 14.68704688
v 3.20566406 -0.05221711 14.68330273
v 3.19447656 -0.05527009 14.68141016
v 3.18320312 -0.05807413 14.67950195
v 3.17183203 -0.06060833 14.67757813
v 3.16036719 -0.06285177 14.67563672
v 3.12775789 -0.06781110 14.67007807
v 3.10139063 -0.06897580 14.66565430
v 3.08923047 -0.06903563 14.66359570
v 3.06451172 -0.06782320 14.65941211
v 3.05194141 -0.06650920 14.65728320
v 3.03862891 -0.06459807 14.65502930
v 3.02514453 -0.06211552 14.65274805
v 3.01241797 -0.05927628 14.65059570
v 2.99957422 -0.05597686 14.64842188
v 2.98664063 -0.05227460 14.64623438
v 2.97364453 -0.04822682 14.64403516
v 2.93696484 -0.03546653 14.63783203
v 2.91580283 -0.02751567 14.63425588
v 2.89416797 -0.01918823 14.63059375
v 2.85606641 -0.00473910 14.62415039
v 2.84381250 -0.00034292 14.62207812
v 2.83183594 0.00374072 14.62005469
v 2.82173846 0.00683006 14.61831085
v 2.80884375 0.01072464 14.61616602
v 2.79788672 0.01350214 14.61431445
v 2.78733203 0.01572161 14.61253125
v 2.75940272 0.01755045 14.60764587
v 2.75840625 0.01842232 14.60765234
v 2.74172656 0.01632294 14.60485156
v 2.72741016 0.01055415 14.60246680
v 2.71084375 -0.00603291 14.59974609
v 2.70673828 -0.01393858 14.59907813
v 2.70339062 -0.02314378 14.59853320
v 2.69825000 -0.05918677 14.59771094
v 2.69828125 -0.07421396 14.59772656
v 3.89772169 -0.00391539 16.04264453
v 3.98855292 0.01190320 16.14653253
v 4.00347476 0.01539103 16.15774839
v 4.01681082 0.01877100 16.16693086
v 4.02907715 0.02197536 16.17468408
v 4.04118918 0.02521287 16.18174989
v 4.09269166 0.03967456 16.20589263
v 4.13552645 0.05123204 16.21946678
v 4.14924263 0.05491791 16.22272136
v 4.16287780 0.05850524 16.22544171
v 4.17108789 0.06092951 16.22688886
v 4.20208829 0.06882892 16.23094504
v 4.24296588 0.07734868 16.23165632
v 4.27730075 0.08354920 16.22936441
v 4.33308878 0.09068112 16.21875473
v 4.34684335 0.09177188 16.21485755
v 4.35391901 0.09230700 16.21265876
v 4.37039062 0.09295094 16.20685547
v 4.37904923 0.09332405 16.20351744
v 4.39378379 0.09371866 16.19725234
v 4.40728093 0.09388423 16.19087511
v 4.41857186 0.09387157 16.18503128
v 4.46873457 0.09249883 16.15300045
v 4.48233263 0.09150157 16.14228306
v 4.49649780 0.09048188 16.13008259
v 4.50170656 0.09037870 16.12530009
v 4.56296213 0.08419444 16.05172363
v 4.57696479 0.08248250 16.02813927
v 4.58390005 0.08172710 16.01493222
v 4.59035056 0.08104372 16.00140937
v 4.59330288 0.08096472 15.99487267
v 4.60695509 0.07972125 15.95847011
v 4.61314740 0.07943801 15.93736153
v 4.62298541 0.07972402 15.88365457
v 4.62500086 0.08080095 15.85976687
v 4.62552808 0.08155737 15.84539166
v 4.62509319 0.08255169 15.81998723
v 4.62339549 0.08382980 15.79829376
v 4.60664083 0.08999904 15.71860068
v 4.60049892 0.09158498 15.70090030
v 4.59488023 0.09305983 15.68688198
v 4.58763760 0.09481568 15.67073100
v 4.54251359 0.10526491 15.59739435
v 4.47153208 0.11768442 15.52702357
v 4.40864188 0.12371796 15.48778512
v 4.39753906 0.12423102 15.48245508
v 4.38774837 0.12452149 15.47807028
v 4.37026756 0.12470196 15.47100715
v 4.32900284 0.12270415 15.45814372
v 4.31551820 0.12130058 15.45499892
v 4.19523015 0.09829573 15.44789529
v 4.10356518 0.07569800 15.46800104
v 4.03089675 0.06000470 15.50196057
v 4.01290245 0.05687887 15.51350980
v 4.00387573 0.05497386 15.51983899
v 4.05306897 0.06339764 15.47133262
v 4.08390281 0.06935500 15.44931804
v 4.13082659 0.07920013 15.42194173
v 4.15569500 0.08443124 15.41026659
v 4.19866264 0.09380531 15.39359784
v 4.27245525 0.10712936 15.37518528
v 4.32435342 0.11277357 15.36906261
v 4.37597725 0.11305418 15.36898925
v 4.38590397 0.11258567 15.36953975
v 4.39582421 0.11194689 15.37029053
v 4.44243391 0.10692154 15.37655064
v 4.48150979 0.10053374 15.38537878
v 4.49928809 0.09697909 15.39059441
v 4.50840201 0.09515472 15.39352373
v 4.60020627 0.07474433 15.43457593
v 4.63346343 0.06684304 15.45600848
v 4.64547860 0.06410071 15.46460839
v 4.65990658 0.06097938 15.47562804
v 4.68469850 0.05572262 15.49650028
v 4.82144519 0.03272006 15.70973235
v 4.81692294 0.03612837 16.02319920
v 4.79317345 0.04114163 16.07939602
v 4.73342667 0.05329014 16.17080619
v 4.64957488 0.06872459 16.25136622
v 4.52228057 0.08508914 16.32062589
v 4.50713650 0.08617306 16.32585460
v 4.49313132 0.08715114 16.33025457
v 4.47846786 0.08797988 16.33432229
v 4.46631431 0.08853662 16.33735853
v 4.37633700 0.08843320 16.34990740
v 4.36023935 0.08742196 16.35035619
v 4.35040645 0.08673260 16.35038543
v 4.34063346 0.08594136 16.35021778
v 4.29710809 0.08136708 16.34728725
v 4.25219966 0.07395312 16.33976022
v 4.21432762 0.06632851 16.33014637
v 4.01089814 0.01441949 16.21062772
v 4.00231221 0.01237838 16.20204348
v 3.99016325 0.00959377 16.18913782
v 3.98436926 0.00864837 16.18276591
v 3.94454394 0.00095701 16.13119028
v 3.91555756 -0.00244921 16.08107196
v 3.51266797 0.02803223 15.86350781
v 3.52316177 0.02924017 15.85322182
v 3.53237500 0.03024134 15.84419336
v 3.54597428 0.03165440 15.83086685
v 3.56024609 0.03301414 15.81688086
v 3.56425391 0.03338205 15.81295508
v 3.56826562 0.03374330 15.80902148
v 3.57228906 0.03409802 15.80508203
v 3.57631641 0.03444635 15.80113477
v 3.58023828 0.03477898 15.79729297
v 3.58416406 0.03510602 15.79344141
v 3.58810547 0.03542760 15.78958398
v 3.59398570 0.03589759 15.78382015
v 3.59996484 0.03636110 15.77795898
v 3.60393750 0.03666233 15.77406836
v 3.60791797 0.03695884 15.77016992
v 3.61190234 0.03725076 15.76626367
v 3.61589844 0.03753824 15.76234766
v 3.61990234 0.03782143 15.75842578
v 3.63141262 0.03861100 15.74714792
v 3.64004687 0.03917811 15.73868945
v 3.63634375 0.04119580 15.73123437
v 3.63511328 0.04186905 15.72875195
v 3.63387891 0.04254259 15.72626953
v 3.63264844 0.04321637 15.72378906
v 3.63141797 0.04389037 15.72130859
v 3.63018750 0.04456453 15.71883008
v 3.62895312 0.04524033 15.71634570
v 3.62772266 0.04591616 15.71386328
v 3.62649219 0.04659200 15.71138281
v 3.62587500 0.04692958 15.71014453
v 3.62502816 0.04739629 15.70842994
v 3.62280469 0.04861555 15.70395898
v 3.62031983 0.04998205 15.69895000
v 3.61905469 0.05067746 15.69640039
v 3.61786719 0.05132948 15.69400977
v 3.61663672 0.05200691 15.69152930
v 3.61540625 0.05268278 15.68904688
v 3.61334869 0.05405643 15.68489864
v 3.61047465 0.05534841 15.67911753
v 3.60556388 0.05793568 15.66922707
v 3.59913672 0.07116630 15.59903516
v 3.60055078 0.07089099 15.59977539
v 3.60300000 0.07041049 15.60105273
v 3.61091762 0.06882141 15.60519430
v 3.62297719 0.06626672 15.61149721
v 3.63115819 0.06471311 15.61579526
v 3.63814844 0.06288323 15.61942773
v 3.64007813 0.06244128 15.62043555
v 3.64233594 0.06192022 15.62161719
v 3.64462500 0.06138949 15.62281055
v 3.65386902 0.05921553 15.62764351
v 3.66725523 0.05596790 15.63464064
v 3.68181221 0.05235965 15.64224709
v 3.70984217 0.04547118 15.65689470
v 3.72304986 0.04352048 15.65740610
v 3.73439368 0.04380313 15.64629831
v 3.73759756 0.04411571 15.64323062
v 3.75106344 0.04442580 15.63006012
v 3.77365331 0.04463292 15.60792172
v 3.78419039 0.04469557 15.59760451
v 3.79313749 0.04455380 15.58880495
v 3.79904297 0.04457899 15.58302734
v 3.80321922 0.04470744 15.57896285
v 3.81063907 0.04499785 15.57174178
v 3.82053177 0.04463524 15.56200219
v 3.83018150 0.04487648 15.55258676
v 3.84625362 0.04460154 15.53682944
v 3.84169141 0.04334329 15.56384180
v 3.84076562 0.04301883 15.56930273
v 3.83891819 0.04221392 15.58024671
v 3.83516016 0.04056933 15.60247852
v 3.83421484 0.04007742 15.60807422
v 3.83326563 0.03956164 15.61369141
v 3.83231250 0.03902201 15.61932812
v 3.83135937 0.03845854 15.62498242
v 3.83045703 0.03790688 15.63032031
v 3.82955078 0.03733401 15.63567578
v 3.82864453 0.03673994 15.64104883
v 3.82681641 0.03548832 15.65185547
v 3.82589844 0.03483081 15.65728516
v 3.82498047 0.03415218 15.66273633
v 3.82405469 0.03345247 15.66820508
v 3.82312891 0.03273170 15.67369336
v 3.82219922 0.03198988 15.67919922
v 3.82126563 0.03122703 15.68472461
v 3.81936125 0.02960058 15.69598099
v 3.81655078 0.02709815 15.71263867
v 3.82033111 0.02678044 15.71461299
v 3.86292534 0.02510149 15.73690901
v 3.88522232 0.02509006 15.74851814
v 3.89118929 0.02539082 15.75165548
v 3.90483703 0.02600511 15.75876661
v 3.91792013 0.02699836 15.76560196
v 3.92553075 0.02798512 15.76962615
v 3.94795313 0.03048657 15.78129297
v 3.96131995 0.03250468 15.78827797
v 3.97472847 0.03480859 15.79528596
v 3.94139853 0.02729849 15.80020418
v 3.93355078 0.02571249 15.80136328
v 3.93106641 0.02522560 15.80172852
v 3.92827344 0.02468775 15.80214062
v 3.92548828 0.02416101 15.80255273
v 3.88704663 0.01790423 15.80822285
v 3.87866797 0.01678571 15.80945898
v 3.87308203 0.01608499 15.81028320
v 3.80663579 0.01058655 15.82009590
v 3.79818750 0.01018076 15.82133203
v 3.79725000 0.00936125 15.82687109
v 3.79608158 0.00834078 15.83379931
v 3.79351562 0.00613504 15.84896484
v 3.79258594 0.00534136 15.85447266
v 3.79165625 0.00455279 15.85997461
v 3.79073047 0.00376932 15.86546875
v 3.78980078 0.00299093 15.87095703
v 3.78887500 0.00221760 15.87643945
v 3.78794922 0.00144932 15.88191602
v 3.78702344 0.00068607 15.88738477
v 3.78610156 -0.00007217 15.89284766
v 3.78517969 -0.00082541 15.89830469
v 3.78425781 -0.00157368 15.90375586
v 3.78333984 -0.00231697 15.90920117
v 3.78240234 -0.00307098 15.91475391
v 3.78146484 -0.00381978 15.92030078
v 3.78052734 -0.00456336 15.92583984
v 3.77915298 -0.00564888 15.93398361
v 3.77772656 -0.00676287 15.94241602
v 3.77679297 -0.00748565 15.94792773
v 3.77586328 -0.00820323 15.95343164
v 3.77493359 -0.00891562 15.95892773
v 3.77400781 -0.00962283 15.96441797
v 3.77308203 -0.01032486 15.96990039
v 3.77075548 -0.01207005 15.98366035
v 3.76846484 -0.01375741 15.99720898
v 3.76174959 -0.01224772 15.98369322
v 3.75523490 -0.01062974 15.97058495
v 3.73209417 -0.00350170 15.92400898
v 3.70844941 0.00525133 15.87642269
v 3.70458063 0.00687850 15.86864414
v 3.69421540 0.01144950 15.84777833
v 3.68907812 0.01384125 15.83743359
v 3.68156262 0.01454581 15.83854217
v 3.67269531 0.01542438 15.83985156
v 3.66493128 0.01622211 15.84099838
v 3.65891797 0.01685462 15.84188672
v 3.65615234 0.01714844 15.84229688
v 3.65230684 0.01755816 15.84286319
v 3.64503125 0.01833508 15.84393945
v 3.64433984 0.01840894 15.84404102
v 3.64364844 0.01848272 15.84414258
v 3.63986416 0.01888443 15.84470304
v 3.63673047 0.01921453 15.84516602
v 3.63089403 0.01982244 15.84602822
v 3.62569531 0.02035169 15.84679688
v 3.61888072 0.02102993 15.84780387
v 3.61194922 0.02169818 15.84882813
v 3.60646875 0.02221133 15.84963867
v 3.60099609 0.02270875 15.85044727
v 3.58668750 0.02393349 15.85256250
v 3.58384766 0.02416267 15.85298242
v 3.58101563 0.02438642 15.85340039
v 3.57819141 0.02460468 15.85381836
v 3.57537500 0.02481738 15.85423438
v 3.57256641 0.02502446 15.85465039
v 3.56976172 0.02522584 15.85506445
v 3.56696875 0.02542145 15.85547852
v 3.56418359 0.02561123 15.85589063
v 3.56140234 0.02579511 15.85630078
v 3.55863281 0.02597302 15.85671094
v 3.55586719 0.02614488 15.85711914
v 3.55036328 0.02647025 15.85793359
v 3.54488672 0.02677079 15.85874219
v 3.53944141 0.02704616 15.85954883
v 3.53402344 0.02729597 15.86034961
v 3.52322513 0.02772808 15.86194647
v 5.41883939 0.00505007 17.02142719
v 5.33040263 0.01861101 17.00649925
v 5.28911779 0.02479812 16.98473563
v 5.22502972 0.01897027 16.77086585
v 4.95744894 0.06925658 16.85230973
v 4.84033973 0.09162448 16.89629759
v 4.59615564 0.10215112 16.83050503
v 4.43922964 0.09459358 16.83113500
v 4.30721484 0.08233109 16.35015234
v 4.32563136 0.07828260 16.65007483
v 4.14973742 0.03350187 16.74890831
v 4.76224713 0.04793615 16.16984507
v 4.90163711 0.01947748 15.94298276
v 4.56744321 0.08373828 16.04461331
v 4.62101321 0.07943525 15.89812116
v 4.62455164 0.08032719 15.86637202
v 4.02580049 -0.00491008 16.77423865
v 3.94361875 -0.02812068 16.75855691
v 3.81981559 -0.04981196 16.75112480
v 3.64761328 -0.03862464 16.71130664
v 3.55841406 -0.03026609 16.69633008
v 3.95376121 0.00618291 16.08229948
v 3.76580941 -0.01318019 15.99186114
v 3.34470168 -0.02453473 16.65768349
v 3.22770749 -0.04445821 16.57058215
v 3.07483762 -0.07954659 16.61728161
v 2.99751748 -0.09852290 16.52680564
v 2.95876046 -0.10668550 16.59865817
v 2.87080434 -0.12134408 16.57645041
v 2.74026721 -0.13085656 16.52057867
v 2.68738281 -0.13515256 16.55489648
v 2.66869274 -0.14058146 16.55646768
v 3.96356041 0.03215397 15.79693410
v 3.92285983 0.02794589 15.76367244
v 3.64418830 0.00943258 15.89543132
v 3.60964271 0.05373808 15.68730409
v 4.87077876 0.02523653 15.89632656
v 4.61227048 0.08594805 15.81110905
v 4.62221313 0.08446420 15.78826608
v 4.28375369 0.12384668 15.52005915
v 5.40003797 -0.00049179 15.39191254
v 5.39769179 -0.00486349 15.07691624
v 5.19882005 -0.04475792 15.11794618
v 4.64754450 0.06216414 15.45488304
v 3.86001710 0.02555781 15.73054505
v 3.75667511 0.04422533 15.62449090
v 4.04641767 0.06387634 15.53326523
v 3.59818653 0.06172504 15.65437251
v 3.98792557 -0.00464977 14.85740638
v 3.70014453 0.03194760 14.77776563
v 3.62377249 0.04193425 14.77538615
v 3.46742923 0.03506964 14.78598246
v 3.41712608 0.02423949 14.75916486
v 3.31660694 -0.01500684 14.73525218
v 3.01504347 -0.10384105 14.80422893
v 2.94592108 -0.05674729 14.68872924
v 2.72498762 0.00592074 14.62913103
v 2.68393391 -0.03804065 14.64478340
v 4.55099609 0.10441061 16.87470898
v 4.06942187 0.00848567 16.79330859
v 4.04798047 0.00199381 16.78968359
v 3.96190625 -0.02294514 16.77513477
v 3.94024219 -0.02863390 16.77147266
v 3.91848437 -0.03394624 16.76779492
v 3.89661719 -0.03876855 16.76409766
v 3.81905859 -0.04930793 16.75098828
v 3.80787500 -0.04973456 16.74909766
v 3.79668750 -0.04988251 16.74720703
v 3.78549609 -0.04976261 16.74531641
v 3.77431250 -0.04939108 16.74342578
v 3.76314063 -0.04878942 16.74153711
v 3.75197656 -0.04798524 16.73965039
v 3.68517969 -0.04113775 16.72835938
v 3.67405078 -0.03996425 16.72647852
v 3.65178906 -0.03765990 16.72271484
v 3.52489844 -0.02619664 16.70126758
v 3.49570312 -0.02419657 16.69633203
v 3.47335937 -0.02292156 16.69255469
v 3.40625391 -0.02100328 16.68121094
v 3.36151172 -0.02208499 16.67364844
v 3.33917969 -0.02360069 16.66987500
v 3.27264063 -0.03247771 16.65862695
v 3.25064062 -0.03665151 16.65490820
v 3.22872266 -0.04124194 16.65120312
v 3.20687500 -0.04615518 16.64751172
v 3.18507812 -0.05130747 16.64382617
v 3.11987109 -0.06752460 16.63280469
v 3.09815625 -0.07300557 16.62913477
v 3.07642969 -0.07845511 16.62546094
v 3.05367188 -0.08409177 16.62161523
v 3.00554957 -0.09564016 16.61348025
v 2.98932422 -0.09938398 16.61073828
v 2.94772424 -0.10843827 16.60370554
v 2.94323920 -0.10958971 16.60294091
v 2.91578143 -0.11481124 16.59829859
v 2.91251563 -0.11490201 16.59775586
v 2.85701562 -0.12199612 16.58837305
v 2.83471484 -0.12386687 16.58460352
v 2.81237891 -0.12529285 16.58082813
v 2.79002344 -0.12638775 16.57705078
v 2.76766406 -0.12731378 16.57326953
v 2.72296875 -0.12974298 16.56571680
v 2.71182812 -0.13079726 16.56383203
v 2.68969922 -0.13413293 16.56009180
v 2.67881250 -0.13674794 16.55825195
v 2.66819141 -0.14030122 16.55645703
v 2.65805078 -0.14507542 16.55474219
v 2.65183044 -0.14379413 16.50973531
v 5.09498146 0.05112259 16.88644447
v 2.95067310 -0.10748190 16.54033841
v 2.62033203 -0.15478702 16.45698242
v 4.63839487 0.09322399 16.73445494
v 3.88893077 -0.03843217 16.65508415
v 3.59175183 -0.03752147 16.63684722
v 2.61917308 -0.14061735 16.34102944
v 2.61875487 -0.15105324 16.42369490
v 2.60530859 -0.15745485 16.40582031
v 3.23295977 -0.04411447 16.50983267
v 2.59283594 -0.15866403 16.35313477
v 4.39109734 0.08618196 16.61235247
v 4.18170464 0.04860455 16.56690581
v 3.83107308 -0.05004374 16.68885884
v 3.73352107 -0.05557890 16.53547072
v 2.83155816 -0.12419223 16.46670504
v 2.58292187 -0.15841458 16.29892969
v 5.39604025 0.00179912 16.67949219
v 4.58186588 0.08475743 16.52914699
v 3.81494469 -0.04086085 16.33898086
v 3.57647106 -0.03946157 16.54310502
v 2.57556250 -0.15670648 16.24320313
v 3.42490988 -0.03138888 16.49975792
v 3.00675994 -0.09636232 16.43951322
v 2.58330774 -0.14428230 16.20574276
v 5.05019214 0.03554751 16.66217215
v 3.70491076 -0.04825754 16.35831843
v 2.57085173 -0.14279349 16.14829683
v 5.31016167 0.00564146 16.55307114
v 4.67590523 0.06867764 16.39131786
v 2.56851172 -0.14891435 16.12718555
v 5.06647731 0.02344844 16.52404567
v 4.41085555 0.08991409 16.36987197
v 4.17415704 0.05632481 16.33583888
v 4.11700391 0.04086850 16.32233008
v 2.56834375 -0.14605467 16.09723047
v 3.86080529 -0.04055692 16.46928985
v 3.46555987 -0.02001565 16.28130570
v 2.91970292 -0.10631748 16.28088473
v 2.81420428 -0.09887121 16.12653416
v 2.56881641 -0.14283032 16.06689453
v 4.58364494 0.07923514 16.32108317
v 4.03975105 0.02204440 16.23684843
v 2.98739188 -0.09225905 16.21098055
v 2.56992969 -0.13924132 16.03617773
v 3.94874022 -0.00842493 16.30036872
v 3.07600741 -0.06570069 16.11162280
v 2.59138514 -0.11705717 16.03978381
v 2.57167969 -0.13528764 16.00508203
v 2.57407031 -0.13096933 15.97360547
v 5.20042017 0.00846179 16.38848240
v 4.11359295 0.05358769 16.07706582
v 3.90041254 -0.01047711 16.14226442
v 3.70682015 -0.02389897 16.08277710
v 2.64127542 -0.11361931 16.15610319
v 2.57709766 -0.12628634 15.94174805
v 5.05996301 0.01643303 16.38104159
v 4.89422273 0.02620179 16.19962676
v 4.26521373 0.08907372 16.11066835
v 3.41546158 -0.00754703 16.13150661
v 2.60466529 -0.09211965 15.90844788
v 2.58076563 -0.12123869 15.90951172
v 3.81793874 -0.02259934 16.10974192
v 2.74737741 -0.10627499 16.15763055
v 2.58507031 -0.11582638 15.87689258
v 3.78542314 -0.01858392 16.04804330
v 3.53094118 -0.00524983 16.08190363
v 3.14359340 -0.05220196 16.15121937
v 2.63579308 -0.09489334 16.01391912
v 2.59519466 -0.10126689 15.84848111
v 2.59001562 -0.11004941 15.84389453
v 5.26309204 0.00538744 16.33939513
v 2.94343029 -0.07276878 15.93751311
v 2.59559766 -0.10390778 15.81051563
v 3.73242969 -0.00896727 15.96523242
v 3.57083508 -0.01148525 16.08943327
v 2.59862891 -0.10070022 15.79368359
v 3.79737506 -0.01052051 15.98315164
v 3.49189479 0.02935363 15.86447319
v 3.27305000 -0.03182383 16.27656727
v 2.60182031 -0.09740149 15.77675781
v 3.95082012 0.00629158 16.07551422
v 3.25568847 -0.00043430 15.89297554
v 2.72076910 -0.06105783 15.89063073
v 2.62505290 -0.06450721 15.74620379
v 2.60517187 -0.09401160 15.75973633
v 3.91544400 0.01099781 15.91966421
v 3.32162013 -0.00520133 16.04441334
v 2.98517839 -0.06145165 15.88607800
v 2.60868359 -0.09053053 15.74261914
v 4.32497235 0.10346184 16.01929794
v 3.57612522 0.02172175 15.87488150
v 2.77052429 -0.03497565 15.76991998
v 2.61235156 -0.08695831 15.72540625
v 4.16861724 0.08038097 15.91448613
v 3.86132162 -0.00667064 16.00568992
v 3.44502121 -0.00004873 16.06065201
v 3.07586837 -0.03793975 15.81236512
v 2.61618359 -0.08329492 15.70809961
v 3.68172597 0.00732719 15.88296420
v 3.65231250 0.01641621 15.85208984
v 2.62017188 -0.07954037 15.69069531
v 2.84393883 -0.04133504 15.77664687
v 2.62432031 -0.07569465 15.67319922
v 3.26209903 0.00926090 15.81814475
v 2.62862891 -0.07175777 15.65560547
v 4.89850447 0.02109567 15.98131517
v 2.63309766 -0.06772971 15.63791797
v 5.26710982 0.00391606 16.15707683
v 3.87841586 0.01368123 15.83837941
v 3.11177227 -0.01863349 15.71575236
v 2.63772656 -0.06361050 15.62013477
v 4.45370786 0.10315856 15.98245652
v 4.24535647 0.10529603 15.82726186
v 3.98121597 0.02661061 15.90981478
v 2.64056889 -0.06138704 15.61034604
v 5.04408619 0.00460325 16.02495453
v 3.93064531 0.02410925 15.81597805
v 2.64470748 -0.05776777 15.59507573
v 3.96642998 0.03330459 15.79654017
v 3.36976967 0.03420868 15.78827295
v 3.01334798 -0.03222915 15.71022933
v 2.67760494 -0.02528312 15.68477665
v 3.59606861 0.04207944 15.75399597
v 2.69450976 -0.04626694 15.80331063
v 2.90846234 -0.04153458 15.75734411
v 3.44896400 0.05097372 15.73573889
v 3.25076863 0.01798624 15.71678167
v 2.65257031 -0.05070587 15.56621680
v 2.84629058 -0.00805554 15.63886442
v 2.78246474 -0.00157608 15.63332346
v 2.67133495 -0.02123314 15.53462767
v 2.65518359 -0.04847532 15.55714648
v 4.96782924 0.01108074 16.01388631
v 4.40997661 0.11828512 15.82513997
v 3.61828878 0.04892840 15.70755744
v 3.08187354 -0.01463767 15.65124268
v 2.65650781 -0.04735152 15.55260352
v 5.34485686 0.00229748 16.03866505
v 2.69943397 0.00700970 15.53313010
v 2.65783984 -0.04622196 15.54805273
v 5.07702275 0.00221169 15.97247859
v 3.04126434 -0.01460443 15.62335185
v 2.65917969 -0.04508681 15.54349805
v 4.56349841 0.09174107 15.89853708
v 3.41204279 0.05771168 15.67539637
v 2.66053125 -0.04394577 15.53893555
v 4.30534294 0.11215284 15.86530767
v 3.51536326 0.05112783 15.73915296
v 2.92903259 -0.00155847 15.58047820
v 2.66189453 -0.04279937 15.53436914
v 5.13602592 0.00092990 15.92578413
v 3.29857588 0.02233427 15.77893289
v 2.80999545 0.02016018 15.54844532
v 2.64337778 -0.04551164 15.65170506
v 2.66326172 -0.04164854 15.52979688
v 4.48683262 0.11247783 15.80352632
v 2.66462109 -0.04051211 15.52523438
v 3.57293669 0.05631525 15.69608898
v 3.18740204 0.01101754 15.62803715
v 3.02125366 -0.01291655 15.60736626
v 2.66596094 -0.03939608 15.52068945
v 4.00975984 0.05024767 15.71933279
v 2.66728125 -0.03830013 15.51615820
v 5.34723382 0.00253253 15.91592033
v 5.31290443 0.00281995 16.12495714
v 2.73017619 0.02725265 15.49606096
v 2.67982381 -0.00929063 15.57094496
v 2.66858203 -0.03722443 15.51164258
v 3.95174991 0.03390854 15.75757719
v 3.35193824 0.05699862 15.61229868
v 3.28074777 0.03793282 15.61949706
v 3.07800325 -0.00308458 15.57376403
v 2.95443104 -0.01566829 15.62955787
v 2.66986328 -0.03616888 15.50714258
v 2.67112500 -0.03513354 15.50266016
v 5.25092836 0.00295841 15.98865669
v 4.34542353 0.11810186 15.83231851
v 4.20187683 0.09975218 15.77102196
v 3.25743080 0.03502150 15.58736922
v 3.14119942 0.00369336 15.59911843
v 2.85540419 0.01812868 15.53960063
v 2.77942238 0.02780158 15.52434424
v 2.67359375 -0.03312340 15.49373633
v 4.94474089 0.01270624 15.88057877
v 3.40255232 0.06224365 15.64063088
v 3.23545570 0.02651032 15.60982163
v 2.67598828 -0.03119401 15.48487695
v 5.07481020 0.00114731 15.90615925
v 3.52719733 0.06996585 15.64560295
v 3.17688770 0.01311830 15.59055614
v 2.67509331 -0.02409020 15.50329327
v 2.67830469 -0.02934536 15.47607813
v 4.26468624 0.11387646 15.76801396
v 3.00873359 -0.00278784 15.55814523
v 2.81805285 0.02320915 15.53554793
v 2.68054688 -0.02757746 15.46734180
v 4.02765728 0.05685626 15.68530249
v 3.46098156 0.08506381 15.53598845
v 2.93694761 0.01081292 15.52681644
v 2.75750581 0.03452939 15.49326285
v 2.72058682 0.02605202 15.47655129
v 2.68282130 -0.02605370 15.45922905
v 2.69013337 -0.00474900 15.46182100
v 4.55519607 0.10119714 15.77607045
v 4.40138980 0.12656521 15.73214427
v 3.87928008 0.03228975 15.68742389
v 3.72799370 0.05174668 15.60474081
v 3.19493838 0.02078822 15.56058165
v 3.12754728 0.01129330 15.51307245
v 2.68682031 -0.02275825 15.44150000
v 4.33455147 0.12391805 15.75378854
v 3.89189900 0.04095976 15.60162792
v 2.69062500 -0.01994918 15.42458203
v 5.18544607 0.00158747 15.92024220
v 3.64475369 0.06640843 15.59476980
v 3.34844121 0.06210383 15.55884898
v 2.69412500 -0.01746310 15.40791211
v 5.20379551 0.00010086 15.80824879
v 4.31735905 0.12396345 15.73800348
v 3.01693086 0.01137265 15.47445941
v 2.69732422 -0.01530000 15.39148828
v 3.22805406 0.03369737 15.49975588
v 2.80320458 0.05218985 15.41700396
v 2.70186569 -0.01246168 15.36556953
v 5.01810107 -0.00177660 15.74616876
v 4.14727879 0.08877214 15.71842763
v 3.52416025 0.08570264 15.55393587
v 4.49400884 0.11836204 15.65796669
v 2.84008012 0.05065483 15.39899805
v 4.26274288 0.11948378 15.66164947
v 3.95495979 0.04524208 15.63235899
v 3.21253213 0.03150000 15.44017002
v 3.10210419 0.01481066 15.41621535
v 2.89432584 0.04038086 15.40823884
v 3.98530274 0.05221134 15.55904943
v 3.83393081 0.04733870 15.49109473
v 3.75323348 0.05469526 15.54172632
v 3.71854772 0.06597098 15.45510468
v 3.61382708 0.08011868 15.52751326
v 2.94792501 0.03281665 15.38138630
v 2.73131344 0.04349084 15.34132874
v 5.28996834 0.00277622 15.81450566
v 3.04088127 0.01576984 15.39454178
v 2.71203125 -0.00962283 15.26898828
v 5.35713872 0.00166307 15.61201595
v 5.29831957 0.00180431 15.69601092
v 4.05054570 0.06480675 15.51209944
v 3.14813005 0.01913685 15.37949957
v 2.72268343 0.02603438 15.25942725
v 2.71268359 -0.01143343 15.24083398
v 5.09868504 -0.00938968 15.67313341
v 4.14911512 0.09352791 15.57381229
v 2.71212500 -0.01453597 15.21366797
v 4.39710257 0.13034561 15.56677938
v 4.29470481 0.12646316 15.53846384
v 3.95080226 0.04503025 15.45603927
v 4.80388609 0.03083715 15.60134277
v 4.34374519 0.12958910 15.54054712
v 3.85508386 0.04444014 15.42838068
v 3.58527149 0.08899712 15.35319809
v 3.51630698 0.09467035 15.39889279
v 3.35740972 0.07040224 15.36573648
v 4.91264113 -0.00232200 15.53584837
v 2.83637195 0.06072871 15.24309959
v 2.77512702 0.06399012 15.26377272
v 2.72706477 0.03336960 15.17829635
v 5.34819693 0.00062364 15.54530611
v 3.70388895 0.06138109 15.32992007
v 4.17401714 0.08873935 15.40247814
v 4.04365189 0.05516233 15.39624684
v 3.06459442 0.00680881 15.26896507
v 2.81053990 0.06450984 15.24515814
v 3.34169806 0.04163595 15.20665283
v 3.43623010 0.08772612 15.36135538
v 3.20271963 0.01787696 15.26621410
v 3.16579977 0.01409665 15.28717540
v 5.09007731 -0.02392563 15.49772894
v 3.76887180 0.04655086 15.32143839
v 3.62619038 0.07618940 15.31030017
v 2.70180113 -0.02284025 15.13042263
v 4.57448764 0.07129272 15.35868802
v 3.17547146 -0.01186900 15.16829634
v 2.69006493 -0.05123999 15.08707235
v 3.84018634 0.03720934 15.33785926
v 3.46074596 0.07137028 15.22568925
v 2.73502157 0.03767352 15.14864120
v 4.78616866 0.01632127 15.43089680
v 3.00569410 -0.00966254 15.15917757
v 5.08771519 -0.03903186 15.37613996
v 3.94210322 0.02883758 15.31599282
v 3.71801966 0.03913569 15.23897633
v 2.71195446 0.01155219 15.07731404
v 5.00925787 -0.02901195 15.44896133
v 4.05621387 0.04780732 15.32001029
v 3.80924869 0.02588496 15.25988839
v 3.01897214 -0.03922578 15.10867861
v 2.68201921 -0.05032360 15.07038461
v 3.94456551 0.00888861 15.22636499
v 3.37353629 0.03255297 15.15084023
v 2.81363858 0.03667370 15.11281528
v 2.66571374 -0.08381354 15.03451974
v 4.31103473 0.10443415 15.32179347
v 3.86576274 0.01437618 15.24267987
v 3.62138289 0.05905817 15.22835179
v 3.08711711 -0.02712458 15.14870505
v 2.82981663 0.02262896 15.10061650
v 5.23078214 -0.00830237 15.53969894
v 3.78141973 0.01573745 15.20872043
v 3.49693533 0.06285916 15.19234531
v 4.55514253 0.06257361 15.29255097
v 3.27397063 0.00418090 15.14618819
v 2.91499249 -0.03099270 15.06981961
v 4.39877359 0.10541140 15.31865721
v 4.26084852 0.09112146 15.28442103
v 4.04287440 0.03271481 15.26179760
v 3.71899643 0.01623406 15.17357470
v 2.73498153 0.03082729 15.09529474
v 2.65825690 -0.09140108 15.02377498
v 3.35623320 0.01610888 15.11743190
v 3.19391500 -0.02109165 15.13405689
v 2.83552262 -0.00247445 15.06529741
v 4.97164659 -0.03571103 15.37037870
v 4.72211763 0.01695854 15.33159588
v 4.20957357 0.08339224 15.29825106
v 3.91920742 -0.00421711 15.19199461
v 3.65967225 0.02591046 15.16258154
v 3.64151999 0.04019265 15.18703240
v 3.07829060 -0.05191691 15.09573753
v 2.73455257 0.00950343 15.04691846
v 5.28341446 -0.00913601 15.41874442
v 4.88077280 -0.02115528 15.36242173
v 4.27144687 0.08413762 15.24760696
v 3.42239978 0.03691594 15.13557348
v 2.75365355 -0.00202844 15.03144396
v 2.67746298 -0.03531505 15.04177943
v 5.06076218 -0.04071856 15.36803891
v 4.76325471 0.00422077 15.33153832
v 4.72060490 0.01500855 15.32035969
v 4.47730364 0.09450625 15.33653907
v 4.20992029 0.07047652 15.24079203
v 3.52224378 0.05592606 15.17496691
v 3.36416819 0.01692120 15.11515291
v 2.65563281 -0.09679319 15.01811328
v 5.11701167 -0.03629252 15.37674835
v 5.05022266 -0.04268429 15.35394336
v 4.99401172 -0.04162081 15.34608203
v 4.95031641 -0.03767723 15.33993945
v 4.87535788 -0.02283124 15.34658201
v 4.54705078 0.06252745 15.28267578
v 4.47601714 0.08554699 15.29636163
v 4.43260742 0.09094657 15.28248313
v 4.19525000 0.06493800 15.23259766
v 4.15131250 0.05215253 15.22633398
v 3.35101953 0.01238780 15.11216602
v 3.30880078 -0.00159592 15.10623242
v 2.65415234 -0.09868492 15.01586719
v 5.35590425 -0.00141640 15.42219405
v 5.17979661 -0.02695959 15.38430169
v 5.16310547 -0.03108091 15.36775195
v 4.99404297 -0.04192303 15.34429492
v 4.95033594 -0.03799883 15.33816602
v 4.90609766 -0.03172858 15.33194141
v 4.81649609 -0.01348754 15.31927734
v 4.77137109 -0.00218494 15.31288086
v 4.72276812 0.01364820 15.31723949
v 4.54692578 0.06215133 15.28101172
v 4.50263281 0.07322604 15.27472461
v 4.45848828 0.08222388 15.26845703
v 4.41446094 0.08847705 15.26220703
v 4.36049028 0.09413565 15.26483329
v 4.18513475 0.05932275 15.21960963
v 4.10714527 0.03856987 15.21928968
v 4.06280469 0.02533456 15.21221484
v 3.72599106 0.01316900 15.17024739
v 3.35048438 0.01169603 15.11082031
v 3.30825391 -0.00231888 15.10490039
v 3.30624494 -0.00143452 15.10829034
v 3.02444817 -0.05536466 15.08252305
v 2.93744234 -0.05353706 15.05329553
v 2.93805033 -0.04521542 15.06349219
v 2.65340625 -0.09963836 15.01475000
v 5.16319531 -0.03126841 15.36591406
v 5.12137109 -0.03738675 15.36015430
v 5.07950781 -0.04170511 15.35437695
v 4.97966663 -0.04277167 15.33339922
v 4.95035547 -0.03832139 15.33639453
v 4.90609766 -0.03206702 15.33018164
v 4.81646875 -0.01384838 15.31754297
v 4.77132813 -0.00255296 15.31115820
v 4.72612500 0.00975399 15.30475781
v 4.64707813 0.03276582 15.29355664
v 4.59130078 0.04928931 15.28565234
v 4.54680469 0.06177358 15.27934961
v 4.50249219 0.07284804 15.27307422
v 4.45833594 0.08184459 15.26682031
v 4.41429297 0.08809471 15.26058203
v 4.37033594 0.09092956 15.25435547
v 4.26061328 0.08016528 15.23880469
v 4.19899400 0.05694532 15.19557750
v 4.04646707 0.01830102 15.20110645
v 3.83632951 0.00244885 15.19416514
v 3.69715882 0.01777046 15.16493096
v 3.60423770 0.03333748 15.15122598
v 3.48907385 0.03476216 15.12169730
v 3.34994922 0.01100064 15.10947852
v 3.30770313 -0.00304554 15.10357227
v 2.65265625 -0.10059679 15.01363672
v 5.34999539 -0.00330509 15.37668559
v 5.12144922 -0.03760852 15.35833008
v 5.07957031 -0.04195807 15.35256836
v 4.95037109 -0.03864495 15.33462305
v 4.90610156 -0.03240656 15.32842188
v 4.81643750 -0.01421047 15.31580859
v 4.77128125 -0.00292230 15.30943750
v 4.72606250 0.00937963 15.30304883
v 4.64698828 0.03238706 15.29186719
v 4.59119141 0.04890988 15.28398047
v 4.54667969 0.06139413 15.27768945
v 4.50235547 0.07246826 15.27142578
v 4.45817969 0.08146346 15.26518359
v 4.41412500 0.08771046 15.25895898
v 4.37015234 0.09053970 15.25274219
v 4.31376144 0.09204802 15.26071731
v 4.26039453 0.07974760 15.23722266
v 4.21649219 0.06953177 15.23100977
v 4.02029729 0.01586572 15.21347771
v 3.77231380 0.00697170 15.17949958
v 3.63899122 0.02741736 15.15504937
v 3.42280819 0.02893778 15.11501774
v 3.34940625 0.01030147 15.10814063
v 3.30715234 -0.00377607 15.10224609
v 2.99035021 -0.06605857 15.05819879
v 2.93724024 -0.06026310 15.04554557
v 2.65189844 -0.10156044 15.01252734
v 5.13298461 -0.03727467 15.35083889
v 5.12152344 -0.03783090 15.35650781
v 5.07963281 -0.04221172 15.35075781
v 4.95039062 -0.03896943 15.33285352
v 4.90610547 -0.03274709 15.32666406
v 4.81641016 -0.01457370 15.31407617
v 4.77123437 -0.00329285 15.30771680
v 4.72600000 0.00900400 15.30133984
v 4.64689453 0.03200690 15.29018164
v 4.59107813 0.04852896 15.28230859
v 4.54655469 0.06101313 15.27603125
v 4.50221484 0.07208687 15.26977930
v 4.45802734 0.08108063 15.26354883
v 4.41395312 0.08732444 15.25733594
v 4.36996875 0.09014802 15.25113281
v 4.26844845 0.08065108 15.23442793
v 4.21625391 0.06909673 15.22944141
v 3.78923099 0.00435773 15.18095590
v 3.34886328 0.00959884 15.10680273
v 3.30659375 -0.00451012 15.10092187
v 2.68699818 -0.01794553 15.04815104
v 2.65114063 -0.10252885 15.01142187
v 5.07969531 -0.04246617 15.34894922
v 4.95040625 -0.03929500 15.33108398
v 4.90610547 -0.03308879 15.32490820
v 4.81637891 -0.01493828 15.31234375
v 4.77118750 -0.00366484 15.30599805
v 4.72593750 0.00862684 15.29963281
v 4.64680469 0.03162508 15.28849609
v 4.59096875 0.04814627 15.28063867
v 4.54642578 0.06063028 15.27437305
v 4.50207422 0.07170355 15.26813477
v 4.45787109 0.08069579 15.26191602
v 4.41378516 0.08693634 15.25571484
v 4.36978125 0.08975417 15.24952344
v 4.20356943 0.06477745 15.22347164
v 3.79880184 0.00064375 15.17562068
v 3.45119170 0.03049611 15.11392514
v 3.30123136 -0.00705601 15.09862018
v 3.20297384 -0.03597788 15.09655524
v 2.78856114 -0.00482238 15.03985816
v 2.65037500 -0.10350294 15.01032031
v 5.05466909 -0.04459846 15.34178263
v 4.90610937 -0.03343034 15.32315039
v 4.81634766 -0.01530267 15.31061328
v 4.77114063 -0.00403662 15.30427734
v 4.72587109 0.00824992 15.29792578
v 4.64671094 0.03124353 15.28681055
v 4.59085547 0.04776389 15.27896875
v 4.54630078 0.06024776 15.27271484
v 4.50193359 0.07132057 15.26648828
v 4.45771484 0.08031133 15.26028125
v 4.41361328 0.08654862 15.25409180
v 4.36959766 0.08936073 15.24791406
v 3.08905912 -0.06510274 15.07432527
v 2.91595614 -0.05650493 15.04077531
v 2.85371823 -0.02725126 15.04417105
v 2.65163833 -0.07885384 15.00838829
v 2.64960937 -0.10447593 15.00921680
v 5.30193475 -0.00922395 15.36729854
v 4.90612109 -0.03410677 15.31962695
v 4.81629687 -0.01602368 15.30713867
v 4.72575781 0.00750492 15.29450000
v 4.64653906 0.03049025 15.28342578
v 4.35629955 0.08861240 15.24189930
v 3.56356390 0.04787314 15.16579413
v 2.68006026 -0.02386374 15.00623994
v 2.64811719 -0.10638724 15.00696680
v 4.90614453 -0.03477384 15.31609375
v 4.81625781 -0.01673380 15.30365039
v 4.72565625 0.00677236 15.29105859
v 4.64638281 0.02975073 15.28002539
v 2.69173252 -0.02416309 14.99621924
v 2.64667188 -0.10824988 15.00465625
v 5.24186615 -0.01842674 15.36892121
v 4.90618359 -0.03543153 15.31254688
v 4.81623047 -0.01743300 15.30015039
v 4.59024622 0.04429756 15.26350572
v 3.59343015 0.02537762 15.12907090
v 3.32185399 -0.00251431 15.09483136
v 3.14048113 -0.05673824 15.08143422
v 2.64527344 -0.11006371 15.00228711
v 4.81621875 -0.01812131 15.29663477
v 4.68846957 0.00774382 15.23685282
v 3.82924952 -0.00711314 15.16712270
v 3.06281511 -0.07457646 15.06107347
v 2.64392578 -0.11182892 14.99985742
v 3.75991539 -0.00341901 15.14784922
v 2.66913694 -0.03586322 14.99626918
v 2.64494884 -0.08322828 14.99579184
v 4.19644627 0.06187972 15.21774724
v 3.71581727 0.00612914 15.14849058
v 3.06238014 -0.08056077 15.05277007
v 2.89607852 -0.05568035 15.03266668
v 5.17921423 -0.03120085 15.34557999
v 4.75700654 -0.00366291 15.28717288
v 3.85753103 -0.01479159 15.15300307
v 3.66130347 0.01197903 15.13193267
v 3.20350131 -0.04478280 15.07833938
v 2.77213672 -0.02293788 15.01203056
v 2.63998666 -0.11674922 14.99256372
v 3.90893949 -0.00943274 15.17355525
v 3.39263120 0.01381349 15.08946465
v 2.98748300 -0.08270209 15.03613266
v 3.63506015 0.01672728 15.12904453
v 3.32592654 -0.00923115 15.07200365
v 2.63283810 -0.12688387 14.97235754
v 4.31157197 0.08382726 15.22509313
v 3.94407166 -0.01267603 15.15507461
v 3.60822679 0.01858184 15.11925751
v 3.01970286 -0.09516637 15.01488633
v 4.97482839 -0.04530521 15.31756335
v 3.73126568 -0.01041908 15.10106967
v 2.71623359 -0.02047163 14.99944672
v 2.64567696 -0.06098353 14.93049646
v 2.64878301 -0.06159068 14.98809393
v 5.38268581 -0.00218015 15.31477393
v 3.63320092 0.00797025 15.09499020
v 4.52218583 0.05038017 15.18569798
v 3.98995951 -0.00280093 15.16735798
v 5.26745978 -0.01747299 15.31685000
v 4.26760399 0.06834755 15.15411218
v 3.78127474 -0.01294901 15.13095845
v 3.42832732 0.01404397 15.06262872
v 4.83983746 -0.03818839 15.22007230
v 2.92058011 -0.08053830 15.00720285
v 5.04041009 -0.05419756 15.27641859
v 4.41203767 0.07802328 15.20997699
v 3.11308310 -0.08548459 15.03570752
v 2.73166717 -0.04148269 14.94085517
v 5.35399711 -0.00310791 15.36299889
v 5.09184952 -0.05575760 15.23620700
v 3.54498163 0.01447546 15.05483148
v 2.62987293 -0.09842699 14.92326666
v 3.69431530 -0.00922986 15.04499185
v 3.46446759 0.01431978 15.05766041
v 3.09949730 -0.09512881 15.01145814
v 2.85591329 -0.07447683 14.95006249
v 2.62748031 -0.14295850 14.87190380
v 3.90865223 -0.02609892 15.09699237
v 3.79164378 -0.02328482 15.07590588
v 3.60356911 0.00754122 15.07272983
v 3.51586075 0.01727492 15.06593724
v 2.62723189 -0.10774603 14.94112895
v 2.62871875 -0.14282809 14.86335352
v 4.26898675 0.06599996 15.13427538
v 3.37644947 -0.00477359 15.00293663
v 2.95985585 -0.10483390 14.95464127
v 2.63119922 -0.14200136 14.84397461
v 4.03522449 -0.00314728 15.09835244
v 3.61254955 0.00498014 14.98674334
v 3.17536844 -0.07558136 14.99997085
v 2.63414681 -0.12563014 14.82384630
v 2.63445703 -0.14039560 14.82364258
v 5.36265938 -0.00415620 15.29652954
v 5.29180221 -0.02123324 15.14551695
v 2.67202808 -0.04289082 14.92042999
v 2.62887459 -0.09504850 14.88846373
v 2.63849609 -0.13801085 14.80235742
v 4.89017497 -0.05057667 15.19557527
v 3.97657765 -0.01957704 15.09319087
v 3.32086456 -0.02474809 14.87637505
v 3.07025578 -0.10684138 14.85831094
v 2.64330859 -0.13484708 14.78011719
v 5.21473814 -0.03457204 15.22020211
v 4.00778010 -0.01430583 15.04705386
v 3.88334459 -0.02659514 14.98259502
v 3.20809995 -0.06287590 14.77223556
v 2.64889844 -0.13090430 14.75692187
v 4.78635263 -0.02788732 15.06581411
v 4.32501569 0.07180654 15.10112093
v 3.97064918 -0.01294568 14.89668520
v 3.79606839 -0.01373173 14.91209729
v 3.47596147 0.01552726 14.92588655
v 2.96028242 -0.09163969 14.79226217
v 2.77312470 -0.04109916 14.81508051
v 2.71710191 -0.04027323 14.85613864
v 2.65526953 -0.12618250 14.73277344
v 5.14217313 -0.05701980 15.11024180
v 4.99009744 -0.06580336 15.02184934
v 2.66086927 -0.07178925 14.71100146
v 2.66241797 -0.12068169 14.70767188
v 5.34613894 -0.01199742 15.09055015
v 5.06871682 -0.06474117 15.16341858
v 4.61969996 0.03061574 14.98882079
v 4.49512912 0.06890241 14.96281599
v 4.44369828 0.06632363 15.09236564
v 4.32421682 0.07403606 14.98701562
v 4.23226102 0.06080980 14.89735008
v 3.87537088 -0.02711736 14.95612501
v 3.73478125 0.00398813 14.86769213
v 3.47226167 0.02523009 14.85930601
v 3.20688903 -0.07192264 14.90320987
v 3.07424496 -0.10809329 14.83355074
v 2.71208684 -0.01203936 14.72523625
v 2.67220360 -0.03864146 14.72535900
v 2.67904297 -0.10734304 14.65460352
v 5.38147656 -0.00710914 15.05117773
v 5.35782813 -0.01105195 15.04718164
v 5.33477344 -0.01553558 15.04328516
v 5.24720703 -0.03643099 15.02848242
v 5.16380078 -0.05619046 15.01438477
v 5.12230859 -0.06319696 15.00737109
v 5.09333203 -0.06621515 15.00247266
v 5.03727734 -0.06708275 14.99299805
v 4.68893750 0.01674011 14.93411719
v 4.63301562 0.03667788 14.92466602
v 4.54413281 0.06581696 14.90964062
v 4.49997266 0.07737099 14.90217773
v 4.45594141 0.08584846 14.89473438
v 4.38056250 0.09091924 14.88199219
v 4.36804688 0.09038249 14.87987695
v 4.31985897 0.08494026 14.87173625
v 4.23582755 0.06538069 14.85752897
v 4.19173438 0.05222551 14.85007617
v 4.03536719 0.00938737 14.82364453
v 4.01277344 0.00547939 14.81982617
v 3.99010156 0.00253663 14.81599414
v 3.96928906 0.00080669 14.81247461
v 3.92160547 0.00047592 14.80441602
v 3.89864453 0.00187702 14.80053320
v 3.87564062 0.00411765 14.79664453
v 3.86412500 0.00551340 14.79469922
v 3.79500391 0.01675130 14.78301563
v 3.77989372 0.01965304 14.78046223
v 3.76049609 0.02350199 14.77718359
v 3.74901563 0.02581484 14.77524219
v 3.73754688 0.02813275 14.77330273
v 3.69019688 0.03750668 14.76529809
v 3.65778125 0.04317603 14.75982031
v 3.64648438 0.04496712 14.75791016
v 3.62397266 0.04812331 14.75410547
v 3.53539844 0.05275692 14.73913477
v 3.42517710 0.03184715 14.72050849
v 3.38689453 0.01798543 14.71403320
v 3.30298047 -0.01653742 14.69984766
v 3.28171875 -0.02518100 14.69625391
v 3.19434375 -0.05480377 14.68148438
v 3.17172266 -0.06013775 14.67766211
v 3.14871094 -0.06430952 14.67377148
v 3.12526953 -0.06715231 14.66981055
v 3.05197656 -0.06603910 14.65742188
v 2.75837500 0.01889153 14.60779297
v 2.70293359 -0.02300174 14.59842187
v 2.70037500 -0.03362010 14.59798828
v 2.69864844 -0.04565649 14.59769727
v 2.69778516 -0.05917236 14.59755078
v 2.69878125 -0.09088835 14.59772070
v 2.73413281 -0.12894133 16.56760352
v 2.74530469 -0.12830963 16.56949219
v 2.75648437 -0.12778374 16.57138086
v 2.77884375 -0.12685888 16.57516016
v 2.80120312 -0.12587282 16.57893945
v 2.82354687 -0.12462917 16.58271680
v 2.84587109 -0.12299271 16.58649023
v 2.86815234 -0.12086768 16.59025586
v 2.87926953 -0.11959991 16.59213477
v 2.89037109 -0.11818623 16.59401172
v 2.90145703 -0.11662183 16.59588477
v 2.97293750 -0.10306463 16.60796875
v 3.02178125 -0.09180824 16.61622461
v 3.03241797 -0.08926172 16.61802148
v 3.04304687 -0.08668880 16.61981836
v 3.06505469 -0.08128407 16.62353906
v 3.08729297 -0.07573636 16.62729883
v 3.10901563 -0.07026679 16.63096875
v 3.13073047 -0.06478382 16.63464062
v 3.14159375 -0.06204993 16.63647656
v 3.15245703 -0.05932870 16.63831250
v 3.16332422 -0.05662654 16.64014844
v 3.17419922 -0.05395026 16.64198828
v 3.19597266 -0.04870620 16.64566797
v 3.21779297 -0.04366365 16.64935547
v 3.23967187 -0.03890079 16.65305469
v 3.26162891 -0.03450596 16.65676562
v 3.28367188 -0.03058145 16.66049219
v 3.29472656 -0.02883471 16.66236133
v 3.30580859 -0.02725430 16.66423437
v 3.31691406 -0.02585104 16.66611133
v 3.32803906 -0.02463272 16.66799023
v 3.35033984 -0.02275352 16.67176172
v 3.38387500 -0.02124841 16.67742969
v 3.39506250 -0.02105774 16.67932031
v 3.41744141 -0.02107341 16.68310352
v 3.42862891 -0.02125679 16.68499414
v 3.43981641 -0.02154249 16.68688477
v 3.45100000 -0.02192098 16.68877539
v 3.46217969 -0.02238334 16.69066602
v 3.48453125 -0.02352811 16.69444336
v 3.51030469 -0.02515434 16.69879883
v 3.54378125 -0.02765461 16.70445898
v 3.56265625 -0.02921948 16.70764844
v 3.57380469 -0.03018781 16.70953320
v 3.58495313 -0.03118519 16.71141797
v 3.59609766 -0.03220921 16.71330078
v 3.60723828 -0.03325769 16.71518555
v 3.61837891 -0.03432862 16.71706836
v 3.62951562 -0.03542034 16.71895117
v 3.64065234 -0.03653129 16.72083203
v 3.66292187 -0.03880465 16.72459570
v 3.69630859 -0.04232461 16.73024023
v 3.70743750 -0.04352303 16.73212109
v 3.72364601 -0.04529596 16.73486258
v 3.72969141 -0.04591182 16.73588281
v 3.74082813 -0.04701220 16.73776563
v 3.83022266 -0.04859580 16.75287695
v 3.84137109 -0.04759544 16.75475977
v 3.85248828 -0.04630779 16.75663867
v 3.86357031 -0.04474934 16.75851367
v 3.87462109 -0.04295420 16.76038086
v 3.88563281 -0.04095179 16.76224219
v 3.90756250 -0.03642705 16.76594922
v 3.95108594 -0.02583051 16.77330469
v 3.97362891 -0.01973425 16.77711523
v 3.98532813 -0.01645153 16.77909375
v 3.99518359 -0.01363579 16.78075977
v 4.00502734 -0.01078291 16.78242383
v 4.01577734 -0.00762904 16.78424023
v 4.02651953 -0.00444417 16.78605664
v 4.03725000 -0.00123463 16.78786914
v 4.05870313 0.00523563 16.79149609
v 4.08014453 0.01173895 16.79512109
v 4.09086328 0.01499099 16.79693164
v 4.10158594 0.01823744 16.79874414
v 4.11231250 0.02147391 16.80055859
v 4.12304297 0.02469614 16.80237109
v 4.13377734 0.02790020 16.80418555
v 4.14451563 0.03108226 16.80600195
v 4.15526563 0.03423849 16.80781836
v 4.16602344 0.03736510 16.80963672
v 4.17678906 0.04045845 16.81145703
v 4.18756641 0.04351493 16.81327734
v 4.19835156 0.04653092 16.81510156
v 4.20915234 0.04950283 16.81692578
v 4.21996484 0.05242704 16.81875391
v 4.23078906 0.05529995 16.82058398
v 4.24162891 0.05811797 16.82241602
v 4.25248437 0.06087747 16.82425000
v 4.26335156 0.06357481 16.82608789
v 4.27423828 0.06620629 16.82792773
v 4.28513672 0.06876814 16.82977148
v 4.29605469 0.07125653 16.83161523
v 4.30698828 0.07366766 16.83346484
v 4.31794141 0.07599763 16.83531445
v 4.33989453 0.08039714 16.83902734
v 4.35089844 0.08245897 16.84088672
v 4.36192188 0.08442519 16.84275000
v 4.37295703 0.08629674 16.84461523
v 4.38555078 0.08831587 16.84674414
v 4.40138281 0.09068204 16.84941992
v 4.41724219 0.09286402 16.85209961
v 4.42834766 0.09428216 16.85397656
v 4.43945703 0.09561331 16.85585547
v 4.45058203 0.09685873 16.85773633
v 4.46171094 0.09801962 16.85961719
v 4.47285156 0.09909723 16.86150000
v 4.48399609 0.10009277 16.86338477
v 4.49515234 0.10100747 16.86526953
v 4.50631250 0.10184254 16.86715625
v 4.51747656 0.10259919 16.86904297
v 4.52864453 0.10327863 16.87093164
v 4.53982031 0.10388204 16.87282031
v 4.56217969 0.10486553 16.87659961
v 4.57336328 0.10524795 16.87849023
v 4.58454688 0.10555902 16.88038086
v 4.59573438 0.10579990 16.88227148
v 4.60692188 0.10597174 16.88416211
v 4.61811328 0.10607565 16.88605273
v 4.62930078 0.10611275 16.88794531
v 4.64049219 0.10608414 16.88983594
v 4.65444141 0.10595819 16.89219336
v 4.66838672 0.10573397 16.89455078
v 4.68232812 0.10541355 16.89690820
v 4.69626953 0.10499902 16.89926563
v 4.71587891 0.10426044 16.90258008
v 4.72659469 0.10378657 16.90439063
v 4.74527734 0.10282299 16.90754883
v 4.75467923 0.10203813 16.90916965
v 4.76989300 0.10133154 16.91170864
v 4.78582031 0.10022030 16.91440039
v 4.79698047 0.09938296 16.91628711
v 4.80813281 0.09849545 16.91817383
v 4.81928516 0.09755876 16.92005859
v 4.83043359 0.09657385 16.92194141
v 4.84157812 0.09554169 16.92382617
v 4.85271484 0.09446324 16.92570898
v 4.86385156 0.09333945 16.92759180
v 4.87498047 0.09217130 16.92947266
v 4.88610938 0.09095973 16.93135352
v 4.89723047 0.08970572 16.93323242
v 4.90834375 0.08841021 16.93511133
v 4.91945703 0.08707418 16.93699023
v 4.93056641 0.08569859 16.93886719
v 4.94166797 0.08428439 16.94074414
v 4.95276562 0.08283256 16.94262109
v 4.96385938 0.08134405 16.94449609
v 4.97494922 0.07981986 16.94636914
v 4.98603125 0.07826099 16.94824414
v 4.99710937 0.07666843 16.95011523
v 5.00818359 0.07504321 16.95198828
v 5.01925391 0.07338634 16.95385938
v 5.03032031 0.07169888 16.95572852
v 5.04138281 0.06998186 16.95759961
v 5.05585547 0.06769113 16.96004492
v 5.07032422 0.06535419 16.96249023
v 5.08478516 0.06297370 16.96493555
v 5.09923828 0.06055230 16.96737891
v 5.11448437 0.05795551 16.96995508
v 5.12972266 0.05531959 16.97253125
v 5.14075000 0.05338937 16.97439648
v 5.15177344 0.05144201 16.97625977
v 5.16279687 0.04947906 16.97812109
v 5.17381641 0.04750206 16.97998438
v 5.18483203 0.04551262 16.98184570
v 5.19584766 0.04351258 16.98370898
v 5.20685937 0.04150387 16.98557031
v 5.21787109 0.03948842 16.98743164
v 5.22888281 0.03746826 16.98929297
v 5.23989453 0.03544585 16.99115430
v 5.25090625 0.03342377 16.99301563
v 5.26191406 0.03140459 16.99487695
v 5.27292969 0.02939102 16.99673828
v 5.28394141 0.02738631 16.99859961
v 5.29495703 0.02539396 17.00046094
v 5.30597656 0.02341791 17.00232422
v 5.31700000 0.02146237 17.00418750
v 5.32802734 0.01953221 17.00605078
v 5.33905859 0.01763272 17.00791602
v 5.35009766 0.01577015 17.00978125
v 5.36114062 0.01395136 17.01164844
v 5.37219531 0.01218455 17.01351758
v 5.38325781 0.01047883 17.01538672
v 5.39433203 0.00884554 17.01725781
v 5.40541797 0.00729741 17.01913281
v 5.41651562 0.00585052 17.02100781
v 5.42762891 0.00452336 17.02288672
v 5.43875781 0.00334081 17.02476758
v 5.43785098 0.00262153 16.98645583
v 5.39373443 0.00096141 16.41794851
v 5.37009375 0.00147768 16.29899023
v 5.37783439 0.00183441 15.79415263
v 5.40997916 0.00048745 15.40007499
v 5.40985343 0.00000236 15.35366957
v 5.41196343 -0.00053166 15.29500711
v 5.42305019 -0.00073514 15.20629272
v 5.44124715 0.00010609 15.17504760
v 5.41816779 -0.00129300 15.14590654
v 5.36957422 -0.00900530 15.04916602
v 5.34623047 -0.01323381 15.04522070
v 5.32345313 -0.01794196 15.04137109
v 5.29224135 -0.02507238 15.03609410
v 5.23664062 -0.03912365 15.02669727
v 5.20650412 -0.04667496 15.02160196
v 5.18450000 -0.05178535 15.01788281
v 5.17414844 -0.05405032 15.01613281
v 5.15345313 -0.05819049 15.01263477
v 5.14309375 -0.06003511 15.01088477
v 5.13271484 -0.06170904 15.00912891
v 5.10786719 -0.06491835 15.00492969
v 5.07946094 -0.06702361 15.00012891
v 5.06549219 -0.06742847 14.99776758
v 5.05142969 -0.06744357 14.99539063
v 5.02641406 -0.06656248 14.99116211
v 5.01550391 -0.06583714 14.98931836
v 5.00455078 -0.06491287 14.98746680
v 4.99355469 -0.06379586 14.98560742
v 4.98251953 -0.06249226 14.98374219
v 4.97144531 -0.06100825 14.98187109
v 4.96033984 -0.05934999 14.97999219
v 4.94919922 -0.05752366 14.97810938
v 4.93802734 -0.05553542 14.97622266
v 4.92682813 -0.05339144 14.97432812
v 4.91560547 -0.05109789 14.97243164
v 4.90435547 -0.04866094 14.97052930
v 4.89308594 -0.04608676 14.96862500
v 4.88179688 -0.04338151 14.96671680
v 4.87049219 -0.04055136 14.96480664
v 4.85917188 -0.03760248 14.96289258
v 4.84783594 -0.03454105 14.96097656
v 4.83649219 -0.03137322 14.95905859
v 4.82514063 -0.02810517 14.95714062
v 4.81378516 -0.02474306 14.95522070
v 4.80242188 -0.02129307 14.95330078
v 4.79105859 -0.01776137 14.95137891
v 4.77969531 -0.01415411 14.94945898
v 4.76833984 -0.01047747 14.94753906
v 4.75838281 -0.00720169 14.94585547
v 4.74843359 -0.00388148 14.94417383
v 4.73849219 -0.00052099 14.94249414
v 4.72855859 0.00287562 14.94081445
v 4.71863281 0.00630419 14.93913672
v 4.70872266 0.00976057 14.93746094
v 4.69882031 0.01324059 14.93578906
v 4.67491016 0.02173856 14.93174609
v 4.66091797 0.02674380 14.92938086
v 4.64695312 0.03173164 14.92702148
v 4.62185156 0.04059969 14.92277930
v 4.61070703 0.04446664 14.92089453
v 4.59957812 0.04826626 14.91901367
v 4.58846094 0.05198605 14.91713477
v 4.57735938 0.05561351 14.91525781
v 4.56627344 0.05913614 14.91338281
v 4.55519531 0.06254146 14.91151172
v 4.53307813 0.06895016 14.90777344
v 4.52203516 0.07192857 14.90590625
v 4.51100000 0.07473967 14.90404102
v 4.48895703 0.07981001 14.90031445
v 4.47794531 0.08204427 14.89845312
v 4.46694141 0.08406125 14.89659375
v 4.44494531 0.08739341 14.89287500
v 4.43395313 0.08868360 14.89101758
v 4.42296484 0.08970654 14.88916016
v 4.41198047 0.09044974 14.88730273
v 4.39626953 0.09100169 14.88464844
v 4.35706250 0.08958066 14.87801953
v 4.34607422 0.08848759 14.87616406
v 4.29108984 0.07925505 14.86686914
v 4.28007813 0.07677536 14.86500781
v 4.26906250 0.07412468 14.86314648
v 4.14748255 0.03862065 14.84259432
v 4.12505859 0.03192297 14.83880469
v 4.11390234 0.02868233 14.83691992
v 4.10273047 0.02552838 14.83503125
v 4.09154297 0.02247831 14.83314063
v 4.08034375 0.01954930 14.83124609
v 4.06912500 0.01675852 14.82934961
v 4.05789062 0.01412315 14.82745117
v 4.04663672 0.01166038 14.82554883
v 4.02408203 0.00732132 14.82173633
v 4.00144922 0.00387877 14.81791016
v 3.97970312 0.00154969 14.81423633
v 3.95691016 0.00025283 14.81038281
v 3.94451172 0.00004039 14.80828711
v 3.93306641 0.00012958 14.80635156
v 3.91013281 0.00106365 14.80247461
v 3.88714453 0.00290028 14.79858984
v 3.85260938 0.00707176 14.79275195
v 3.84108594 0.00877698 14.79080469
v 3.82956250 0.01061330 14.78885742
v 3.81803906 0.01256496 14.78691016
v 3.80651953 0.01461621 14.78496289
v 3.63521094 0.04662147 14.75600586
v 3.61276563 0.04945688 14.75221094
v 3.60159766 0.05060643 14.75032422
v 3.59046094 0.05155620 14.74844141
v 3.57936328 0.05229044 14.74656641
v 3.56830859 0.05279338 14.74469727
v 3.55729297 0.05304928 14.74283594
v 3.54632422 0.05304238 14.74098047
v 3.51701562 0.05159502 14.73602734
v 3.49878125 0.04951384 14.73294531
v 3.48479297 0.04724144 14.73058008
v 3.47088281 0.04442119 14.72822852
v 3.46029688 0.04192379 14.72643945
v 3.44974219 0.03915410 14.72465625
v 3.39733984 0.02195104 14.71579688
v 3.37645312 0.01389346 14.71226758
v 3.36600781 0.00969597 14.71050195
v 3.34783940 0.00221005 14.70743172
v 3.29237109 -0.02088983 14.69805469
v 3.27101562 -0.02939006 14.69444531
v 3.26026172 -0.03349619 14.69262695
v 3.24944922 -0.03747852 14.69079883
v 3.23857422 -0.04131622 14.68896094
v 3.22762891 -0.04498844 14.68711133
v 3.21661328 -0.04847434 14.68525000
v 3.20551953 -0.05175306 14.68337500
v 3.18307813 -0.05760562 14.67958203
v 3.16026563 -0.06237934 14.67572461
v 3.13704687 -0.06590746 14.67180078
v 3.11337500 -0.06802321 14.66779883
v 3.10135937 -0.06849934 14.66576758
v 3.08921875 -0.06855984 14.66371484
v 3.07694141 -0.06818386 14.66164063
v 3.06453125 -0.06735056 14.65954297
v 3.03867969 -0.06413131 14.65517383
v 3.02521484 -0.06165279 14.65289648
v 3.01250391 -0.05881760 14.65074805
v 2.99967188 -0.05552211 14.64858008
v 2.98674609 -0.05182353 14.64639453
v 2.97375781 -0.04777911 14.64419922
v 2.96042578 -0.04333918 14.64194531
v 2.94708594 -0.03865810 14.63969141
v 2.93709766 -0.03502601 14.63800391
v 2.91959783 -0.02847821 14.63504609
v 2.89430859 -0.01875131 14.63076953
v 2.84393750 0.00009782 14.62225586
v 2.83195313 0.00418395 14.62023047
v 2.82027734 0.00789673 14.61825586
v 2.80893750 0.01117469 14.61633984
v 2.79796484 0.01395639 14.61448437
v 2.77885453 0.01764596 14.61126364
v 2.74159375 0.01678379 14.60495703
v 2.72715625 0.01097037 14.60251563
v 2.72089063 0.00652040 14.60145703
v 2.71530859 0.00095965 14.60051367
v 2.71042969 -0.00577332 14.59968945
v 2.70629688 -0.01373997 14.59899023
v 2.69782031 -0.07422916 14.59755664
v 2.69355469 -0.09529415 14.61229883
v 2.68852344 -0.09950520 14.62663867
v 2.68368750 -0.10352150 14.64074023
v 2.67459375 -0.11096983 14.66822852
v 2.67033984 -0.11440187 14.68161523
v 2.66628125 -0.11763915 14.69476172
v 2.65874609 -0.12352946 14.72034180
v 2.65198828 -0.12864076 14.74496680
v 2.64600781 -0.13297305 14.76863867
v 2.64080469 -0.13652634 14.79135547
v 2.63637891 -0.13930060 14.81311914
v 2.63273047 -0.14129585 14.83392773
v 2.71255469 -0.01282321 15.22712695
v 2.71250781 -0.01036664 15.25478711
v 2.59272656 -0.10702418 15.82725391
v 2.58746484 -0.11298347 15.86044141
v 2.58283984 -0.11857812 15.89325000
v 2.57885156 -0.12380810 15.92567773
v 2.57550391 -0.12867342 15.95772461
v 2.57279687 -0.13317407 15.98939063
v 2.57072656 -0.13731006 16.02067773
v 2.56929297 -0.14108141 16.05158398
v 2.56850391 -0.14448808 16.08210938
v 2.56834766 -0.14753009 16.11225586
v 2.56883594 -0.15020744 16.14202148
v 2.57022129 -0.15291905 16.17674654
v 2.57172266 -0.15446817 16.20041016
v 2.57284375 -0.15530544 16.21476953
v 2.57412500 -0.15605154 16.22903320
v 2.57716406 -0.15727025 16.25727734
v 2.57892578 -0.15774286 16.27125781
v 2.58084375 -0.15812430 16.28514063
v 2.58516406 -0.15861369 16.31262500
v 2.58756250 -0.15872163 16.32622266
v 2.59012109 -0.15873842 16.33972656
v 2.59571484 -0.15849849 16.36644922
v 2.59875391 -0.15824178 16.37966797
v 2.60194922 -0.15789389 16.39279102
v 2.60882422 -0.15692464 16.41875195
v 2.61250000 -0.15630327 16.43158984
v 2.61633594 -0.15559073 16.44433398
v 2.62448828 -0.15389215 16.46953516
v 2.62880469 -0.15290611 16.48199219
v 2.64270703 -0.14940102 16.51879492
v 2.64766016 -0.14805032 16.53087305
v 2.65277734 -0.14660846 16.54285547
v 4.02818768 0.05900364 15.49196234
v 4.07061779 0.06692502 15.45839084
v 4.10398722 0.07352631 15.43678537
v 4.21473245 0.09701543 15.38861694
v 4.22170496 0.09837960 15.38660536
v 4.23094378 0.10013351 15.38411805
v 4.24605789 0.10283161 15.38043244
v 4.29165684 0.10950570 15.37244334
v 4.36096465 0.11343609 15.36852342
v 4.37099860 0.11322217 15.36878954
v 4.38078659 0.11284914 15.36923036
v 4.39090491 0.11228447 15.36989279
v 4.40085899 0.11156017 15.37074912
v 4.40800124 0.11094962 15.37148203
v 4.41813145 0.10993645 15.37271644
v 4.42788771 0.10882270 15.37410514
v 4.43531325 0.10788356 15.37530409
v 4.46163937 0.10405101 15.38040843
v 4.49048243 0.09917493 15.38784333
v 4.49989492 0.09735419 15.39067356
v 4.51495779 0.09412623 15.39563639
v 4.53631760 0.08948601 15.40365265
v 4.55895447 0.08441835 15.41333795
v 4.62849403 0.06842415 15.45245202
v 4.64121866 0.06556677 15.46133270
v 4.65241604 0.06303384 15.46965558
v 4.70766635 0.05105874 15.51908548
v 4.73182853 0.04642185 15.54576573
v 4.75780872 0.04170775 15.58035920
v 4.77004855 0.03966183 15.59911666
v 4.77777446 0.03853747 15.61185626
v 4.79255748 0.03635823 15.63874845
v 4.81007781 0.03398094 15.67779379
v 4.83017987 0.03171862 15.73976189
v 4.83885276 0.03096834 15.78284372
v 4.84279244 0.03070874 15.81466454
v 4.84495379 0.03034923 15.85461120
v 4.84480589 0.03068747 15.86593731
v 4.84336175 0.03115323 15.89738875
v 4.84242706 0.03102614 15.90734050
v 4.83969767 0.03142692 15.93038354
v 4.83418401 0.03253945 15.96121065
v 4.82804681 0.03371722 15.98660258
v 4.76980839 0.04603418 16.12030819
v 4.75112371 0.04985476 16.14808146
v 4.71923711 0.05623663 16.18749702
v 4.70059053 0.05965748 16.20701953
v 4.68840085 0.06211830 16.21883436
v 4.67710949 0.06391160 16.22896539
v 4.66377609 0.06629589 16.24021580
v 4.63460994 0.07117751 16.26221527
v 4.60920248 0.07505643 16.27893134
v 4.56304736 0.08113414 16.30406486
v 4.51461419 0.08609862 16.32335664
v 4.49915073 0.08724117 16.32842818
v 4.48488057 0.08813164 16.33261301
v 4.47316198 0.08872915 16.33569272
v 4.46124336 0.08914929 16.33855184
v 4.41683662 0.08983899 16.34677254
v 4.36932921 0.08845693 16.35016776
v 4.35938957 0.08785840 16.35038097
v 4.34957423 0.08716171 16.35039368
v 4.33394018 0.08566203 16.35004347
v 4.26899496 0.07716542 16.34308715
v 4.23279973 0.07028325 16.33529419
v 4.17975295 0.05841773 16.31883059
v 4.09168422 0.03558884 16.27624215
v 4.02251164 0.01742442 16.22170791
v 4.01705226 0.01641723 16.21672859
v 4.00478470 0.01346383 16.20473210
v 3.99641723 0.01152403 16.19605159
v 3.97240229 0.00610663 16.16857420
v 3.91753000 -0.00146159 16.07354578
v 3.95627346 0.00484991 16.11848838
v 3.99540383 0.01391180 16.15195456
v 4.00790625 0.01700956 16.16098828
v 4.02068536 0.02027732 16.16959703
v 4.03601469 0.02432912 16.17891285
v 4.04868275 0.02775209 16.18593709
v 4.05481672 0.02908960 16.18906379
v 4.07377446 0.03440645 16.19815844
v 4.10284045 0.04249766 16.20959315
v 4.11373795 0.04551857 16.21325904
v 4.12913146 0.04988965 16.21783017
v 4.14323472 0.05381987 16.22141838
v 4.15660092 0.05736979 16.22429984
v 4.26671095 0.08195910 16.23036609
v 4.30865308 0.08820983 16.22448245
v 4.37033067 0.09343433 16.20696385
v 4.38815010 0.09408195 16.19975001
v 4.40166339 0.09432972 16.19362704
v 4.41427132 0.09438320 16.18734007
v 4.42288732 0.09432342 16.18270494
v 4.43057793 0.09398595 16.17835542
v 4.45054015 0.09340948 16.16599765
v 4.47688428 0.09235021 16.14674048
v 4.48900540 0.09153754 16.13672359
v 4.53094459 0.08776946 16.09536468
v 4.55463774 0.08521008 16.06412882
v 4.58100227 0.08254786 16.02078521
v 4.58765622 0.08182977 16.00742728
v 4.59889647 0.08050090 15.98132827
v 4.60313067 0.08009481 15.96975304
v 4.61855788 0.07955457 15.91296539
v 4.62166865 0.07993342 15.89524729
v 4.62417768 0.08057034 15.87259113
v 4.62534750 0.08249086 15.82533327
v 4.62303761 0.08456393 15.79408029
v 4.62147238 0.08531870 15.78211171
v 4.61384292 0.08804458 15.74265605
v 4.59791472 0.09272029 15.69388229
v 4.59155469 0.09434521 15.67902930
v 4.58553710 0.09571920 15.66608227
v 4.56490717 0.10044361 15.62858032
v 4.53322327 0.10705074 15.58594854
v 4.51417066 0.11076684 15.56476224
v 4.49206616 0.11457246 15.54387648
v 4.45211634 0.12022962 15.51308886
v 4.43404654 0.12209157 15.50163875
v 4.41598022 0.12356568 15.49145543
v 4.40431641 0.12443274 15.48561133
v 4.39373976 0.12485853 15.48065352
v 4.38078914 0.12510560 15.47511698
v 4.36264458 0.12483249 15.46819118
v 4.34504249 0.12398690 15.46255261
v 4.29173238 0.11873486 15.45049345
v 4.26450812 0.11347417 15.44745874
v 4.24528696 0.10963614 15.44635794
v 4.22260390 0.10467884 15.44628688
v 4.14433378 0.08568961 15.45581167
v 4.06635885 0.06721451 15.48291786
v 3.99780561 0.05447785 15.52422277
v 3.68913281 0.01432166 15.83751758
v 3.68162117 0.01502580 15.83862838
v 3.67275391 0.01590403 15.83993750
v 3.66640368 0.01655453 15.84087583
v 3.66174609 0.01704198 15.84156445
v 3.65883674 0.01734860 15.84199367
v 3.65135118 0.01814575 15.84309966
v 3.64788281 0.01851667 15.84361328
v 3.64648828 0.01866546 15.84381836
v 3.64579297 0.01873985 15.84392187
v 3.64509766 0.01881423 15.84402539
v 3.64232813 0.01910915 15.84443359
v 3.63955859 0.01940246 15.84484375
v 3.63348161 0.02004016 15.84574112
v 3.62851172 0.02055153 15.84647656
v 3.62388520 0.02101954 15.84715826
v 3.61750000 0.02164981 15.84810352
v 3.61200781 0.02217804 15.84891406
v 3.60652344 0.02269135 15.84972461
v 3.60105078 0.02318894 15.85053320
v 3.59817187 0.02344427 15.85095898
v 3.59530469 0.02369452 15.85138281
v 3.59244141 0.02393964 15.85180664
v 3.58958594 0.02417954 15.85222852
v 3.58673828 0.02441415 15.85264844
v 3.58389844 0.02464342 15.85306836
v 3.58106641 0.02486727 15.85348633
v 3.57824219 0.02508563 15.85390430
v 3.57542187 0.02529844 15.85432031
v 3.57261328 0.02550561 15.85473633
v 3.56980859 0.02570709 15.85515039
v 3.56701562 0.02590281 15.85556250
v 3.56422656 0.02609269 15.85597461
v 3.56144531 0.02627667 15.85638672
v 3.55867578 0.02645468 15.85679492
v 3.55591016 0.02662665 15.85720508
v 3.55040234 0.02695222 15.85801758
v 3.54492188 0.02725297 15.85882813
v 3.53947656 0.02752854 15.85963281
v 3.53405859 0.02777855 15.86043359
v 3.52319850 0.02821295 15.86203880
v 3.51269141 0.02851558 15.86358984
v 3.52324714 0.02972950 15.85325178
v 3.53240625 0.03072378 15.84427734
v 3.54459088 0.03199006 15.83234544
v 3.55628516 0.03312068 15.82089063
v 3.56028906 0.03349517 15.81697070
v 3.56429688 0.03386287 15.81304297
v 3.56831250 0.03422392 15.80911133
v 3.57233594 0.03457843 15.80517187
v 3.57636328 0.03492654 15.80122656
v 3.58028516 0.03525899 15.79738477
v 3.58421484 0.03558588 15.79353320
v 3.58815625 0.03590735 15.78967578
v 3.59589210 0.03652353 15.78209711
v 3.60399219 0.03714166 15.77416211
v 3.60797266 0.03743802 15.77026367
v 3.61196094 0.03772976 15.76635742
v 3.61595703 0.03801699 15.76244336
v 3.61996484 0.03829988 15.75851953
v 3.63161986 0.03909835 15.74710162
v 3.64010938 0.03965510 15.73878711
v 3.63925544 0.03986470 15.73708187
v 3.63641016 0.04167269 15.73133203
v 3.63517578 0.04234592 15.72884961
v 3.63394141 0.04301946 15.72636719
v 3.63075252 0.04476544 15.71994246
v 3.62901563 0.04571721 15.71644531
v 3.62778516 0.04639304 15.71396289
v 3.62655078 0.04706888 15.71148242
v 3.62624219 0.04723783 15.71086133
v 3.62593750 0.04740645 15.71024414
v 3.62525830 0.04777847 15.70887844
v 3.62286719 0.04909242 15.70406055
v 3.62045152 0.05042276 15.69919964
v 3.61911328 0.05115435 15.69650000
v 3.61792578 0.05180636 15.69411133
v 3.61669531 0.05248381 15.69163086
v 3.61546094 0.05315979 15.68914844
v 3.61421484 0.05384055 15.68663477
v 3.60852816 0.05690076 15.67518245
v 3.60125702 0.06064527 15.66053832
v 3.59689872 0.06281595 15.65176266
v 3.59180637 0.06502674 15.64151073
v 3.59108751 0.06550977 15.64006000
v 3.57937846 0.07064783 15.61647881
v 3.57449507 0.07270409 15.60664255
v 3.56803355 0.07528362 15.59363330
v 3.56076699 0.07791586 15.57899704
v 3.57814564 0.07524797 15.58808678
v 3.59297754 0.07259024 15.59583863
v 3.59919141 0.07164852 15.59910937
v 3.60060547 0.07137312 15.59984961
v 3.60305469 0.07089208 15.60112891
v 3.60967585 0.06956561 15.60458965
v 3.61865631 0.06768571 15.60928263
v 3.62422748 0.06648803 15.61219432
v 3.63821875 0.06336295 15.61950781
v 3.64014844 0.06292088 15.62051562
v 3.64240625 0.06239970 15.62169727
v 3.64950356 0.06074506 15.62540385
v 3.66140903 0.05789435 15.63162855
v 3.67397231 0.05480753 15.63819428
v 3.67974178 0.05320259 15.64119569
v 3.69979181 0.04815894 15.65166632
v 3.70421108 0.04732931 15.65399889
v 3.71883864 0.04370933 15.66162991
v 3.72700744 0.04409613 15.65367390
v 3.73445075 0.04428352 15.64638221
v 3.75962655 0.04474553 15.62172211
v 3.78692194 0.04500532 15.59498603
v 3.79637842 0.04505451 15.58572630
v 3.81826488 0.04487094 15.56425443
v 3.82643750 0.04512102 15.55628125
v 3.83898662 0.04494706 15.54396753
v 3.84627734 0.04509558 15.53685156
v 3.84401482 0.04455486 15.55023758
v 3.84171094 0.04383286 15.56387305
v 3.83923294 0.04290612 15.57852015
v 3.83612109 0.04152618 15.59694336
v 3.83517578 0.04105800 15.60252344
v 3.83423047 0.04056594 15.60812109
v 3.83328125 0.04005000 15.61374023
v 3.83232813 0.03951022 15.61937695
v 3.83137109 0.03894659 15.62503516
v 3.83046875 0.03839476 15.63037305
v 3.82956250 0.03782172 15.63573047
v 3.82865625 0.03722749 15.64110547
v 3.82724915 0.03627224 15.64941775
v 3.82591016 0.03531782 15.65734766
v 3.82498828 0.03463902 15.66279883
v 3.82406250 0.03393912 15.66826953
v 3.82313672 0.03321815 15.67375977
v 3.82220313 0.03247614 15.67926758
v 3.82126953 0.03171309 15.68479492
v 3.81858564 0.02941678 15.70067338
v 3.81655078 0.02758319 15.71271484
v 3.82117908 0.02720699 15.71513225
v 3.82491943 0.02667224 15.71704807
v 3.83346375 0.02610330 15.72151361
v 3.85397822 0.02524362 15.73223088
v 3.87334031 0.02503273 15.74234415
v 3.88084081 0.02522020 15.74627119
v 3.88815973 0.02566377 15.75013935
v 3.91066298 0.02684340 15.76190188
v 3.93529195 0.02905337 15.77472653
v 3.94446359 0.03024826 15.77952001
v 3.94995895 0.03126429 15.78243885
v 3.95186325 0.03117710 15.78336295
v 3.95892886 0.03262284 15.78712740
v 3.96638740 0.03385050 15.79102556
v 3.97479521 0.03518832 15.79537283
v 3.95104910 0.02960322 15.79879691
v 3.94554285 0.02841878 15.79960931
v 3.94239173 0.02800501 15.80009295
v 3.93733022 0.02683922 15.80083238
v 3.92540625 0.02464199 15.80260352
v 3.92133696 0.02364135 15.80318440
v 3.91985547 0.02362191 15.80342383
v 3.91863981 0.02302875 15.80357195
v 3.90184396 0.02032682 15.80606222
v 3.89280006 0.01897147 15.80739770
v 3.88649423 0.01819480 15.80834022
v 3.87861328 0.01727044 15.80951758
v 3.87631207 0.01673138 15.80983150
v 3.87303125 0.01657020 15.81034180
v 3.86612501 0.01550473 15.81133655
v 3.85785953 0.01484934 15.81258396
v 3.85354108 0.01399431 15.81317479
v 3.84098604 0.01301628 15.81505140
v 3.82586673 0.01184592 15.81727967
v 3.81754265 0.01132221 15.81850942
v 3.81067835 0.01119599 15.81955566
v 3.80290906 0.01084299 15.82070412
v 3.79817969 0.01066654 15.82140234
v 3.79724219 0.00984709 15.82694141
v 3.79606196 0.00881646 15.83393873
v 3.79350781 0.00662110 15.84903320
v 3.79257812 0.00582747 15.85454102
v 3.79164844 0.00503895 15.86004102
v 3.79071875 0.00425553 15.86553711
v 3.78979297 0.00347719 15.87102539
v 3.78886719 0.00270391 15.87650586
v 3.78794141 0.00193568 15.88198242
v 3.78701562 0.00117248 15.88745117
v 3.78609375 0.00041429 15.89291406
v 3.78516797 -0.00033890 15.89837109
v 3.78425000 -0.00108711 15.90382031
v 3.78332813 -0.00183036 15.90926562
v 3.78239063 -0.00258432 15.91481836
v 3.78145313 -0.00333307 15.92036523
v 3.78051563 -0.00407660 15.92590430
v 3.77915159 -0.00515395 15.93398482
v 3.77771484 -0.00627598 15.94247852
v 3.77678125 -0.00699870 15.94798828
v 3.77585156 -0.00771624 15.95349219
v 3.77492187 -0.00842859 15.95899023
v 3.77399609 -0.00913575 15.96447852
v 3.77307031 -0.00983773 15.96996094
v 3.77077095 -0.01156264 15.98355832
v 3.76845313 -0.01327005 15.99726563
v 3.76485156 -0.01248238 15.99001270
v 3.75779694 -0.01079220 15.97580591
v 3.75225764 -0.00934906 15.96464902
v 3.74880078 -0.00838945 15.95768555
v 3.74864453 -0.00834564 15.95737305
v 3.74856641 -0.00832370 15.95721875
v 3.74849219 -0.00830175 15.95706250
v 3.74723828 -0.00794423 15.95454102
v 3.74413019 -0.00703627 15.94828087
v 3.74232851 -0.00675902 15.94463449
v 3.71457517 0.00300988 15.88875975
v 3.71097631 0.00470976 15.88150991
v 3.70944922 0.00533626 15.87843555
v 3.70914453 0.00546301 15.87781836
v 3.70898828 0.00552649 15.87750977
v 3.70772395 0.00604523 15.87495985
v 3.69529107 0.01146917 15.84991965
v 3.69035937 0.01374764 15.83998438
v 5.40150465 0.00714154 17.00014301
v 5.31219745 0.01303141 16.85037437
v 5.20712145 0.03901399 16.96155662
v 4.96375272 0.07750297 16.91659982
v 4.83918733 0.09191634 16.89366518
v 4.76891406 0.09845889 16.88747656
v 4.46004168 0.09313348 16.71623029
v 4.36513830 0.08494605 16.82986802
v 4.30230949 0.08220810 16.35052348
v 4.32818732 0.07809686 16.83704744
v 4.30366406 0.07299719 16.82141016
v 4.23221129 0.05615217 16.80128405
v 4.13573655 0.02904548 16.78106982
v 4.31446161 0.07771793 16.57166873
v 4.83930000 0.03231453 16.03675641
v 4.87885406 0.02417781 15.89703119
v 4.57165754 0.08362275 16.03774085
v 4.01491309 -0.00754784 16.76928183
v 3.98192578 -0.01717917 16.76834180
v 3.67325427 -0.04403527 16.67421641
v 3.36068190 -0.02441896 16.64255270
v 3.15200631 -0.05985700 16.62565225
v 2.89890234 -0.11698505 16.59053125
v 2.70662631 -0.13295683 16.43754630
v 2.69374046 -0.13381643 16.53798127
v 3.81805521 0.00321172 15.88006346
v 3.72299031 -0.00699698 15.95367433
v 3.88997632 0.02886071 15.72510955
v 3.69259011 0.00202844 15.90744240
v 3.70645312 0.00574361 15.87759180
v 3.62720991 0.01727415 15.86585213
v 3.70077773 0.00890684 15.86097459
v 4.89824606 0.01911410 15.80273508
v 4.86087154 0.02370878 15.71763888
v 4.62440056 0.08375889 15.80773350
v 4.62030314 0.08554972 15.77497967
v 5.38710721 -0.00037907 15.40465008
v 5.42081949 -0.00189789 15.07344258
v 4.67866553 0.05523127 15.47433458
v 3.98871187 0.05285913 15.53090220
v 4.01418856 0.05698146 15.50479991
v 3.61872674 0.07270570 15.57611440
v 4.11012208 0.01902160 14.94516251
v 3.58070625 0.02240717 14.87838031
v 3.36922349 -0.00320995 14.84514548
v 2.86667763 -0.00822430 14.62608561
v 2.85072685 -0.06622156 14.81000263
v 2.64167578 -0.11522486 14.99468555
v 2.64815234 -0.10638885 15.00694531
v 2.64962891 -0.10447674 15.00920508
v 2.65039062 -0.10350375 15.01031055
v 2.65267187 -0.10059763 15.01362500
v 2.65598047 -0.09681012 15.01790039
v 2.66439062 -0.08588148 15.03175586
v 2.65888281 -0.09308770 15.02244336
v 2.64850000 -0.10640479 15.00673438
v 2.65000391 -0.10449446 15.00896289
v 2.65305078 -0.10061577 15.01338477
v 2.65076953 -0.10352155 15.01006445
v 2.65229688 -0.10157929 15.01227344
v 2.65153516 -0.10254758 15.01116602
v 2.67390234 -0.03321526 15.49380078
v 2.66865625 -0.03724843 15.51166016
v 2.66603516 -0.03942047 15.52070508
v 2.65787500 -0.04623474 15.54806250
v 2.66896094 -0.03734332 15.51172461
v 2.66633984 -0.03951687 15.52077148
v 2.66094922 -0.04408300 15.53902539
v 2.64706250 -0.10826721 15.00443359
v 2.66231250 -0.04293552 15.53445898
v 2.66368359 -0.04178363 15.52988867
v 2.65959766 -0.04522512 15.54358789
v 2.65825781 -0.04636134 15.54814258
v 5.48342969 0.00080669 17.03231836
v 5.45998350 0.00109473 17.02836757
v 5.47543646 0.00040603 17.03097274
v 5.48342969 0.00031571 17.03231836
v 5.45544531 0.00141462 17.02760156
v 5.46662891 0.00074261 17.02948828
v 5.47783594 0.00085804 17.03137305
v 5.47224219 0.00100399 17.03042773
v 5.46665234 0.00123296 17.02948242
v 5.46106641 0.00153577 17.02853906
v 5.45548047 0.00190421 17.02759375
v 2.66829687 -0.14056387 16.55644141
v 2.73414453 -0.12914790 16.56761328
v 3.00030078 -0.09714890 16.61258203
v 3.01120703 -0.09460242 16.61442773
v 3.71852734 -0.04501118 16.73402539
v 3.72966016 -0.04619274 16.73590625
v 3.75195312 -0.04826707 16.73967187
v 5.44987891 0.00204892 17.02665625
v 5.46105078 0.00132905 17.02854102
v 5.47223438 0.00079699 17.03042969
v 5.48342969 0.00080669 15.06841211
v 5.48342969 0.00031571 15.06841211
v 5.48220312 0.00031571 17.02471289
v 5.48054657 0.00056119 17.01436760
v 5.47922428 0.00031569 17.00602408
v 5.47738672 0.00031571 16.99427344
v 5.47620703 0.00031571 16.98665820
v 5.47503516 0.00031571 16.97904297
v 5.47387500 0.00031571 16.97142773
v 5.47272266 0.00031571 16.96380859
v 5.47158203 0.00031571 16.95618945
v 5.47044922 0.00031571 16.94856836
v 5.46932812 0.00031571 16.94094531
v 5.46821484 0.00031572 16.93332227
v 5.46710937 0.00031572 16.92569727
v 5.46601562 0.00031572 16.91807031
v 5.46493359 0.00031572 16.91044336
v 5.46385547 0.00031572 16.90281250
v 5.46279297 0.00031572 16.89518359
v 5.46173437 0.00031572 16.88755078
v 5.46069141 0.00031572 16.87991797
v 5.45965234 0.00031572 16.87228320
v 5.45862500 0.00031572 16.86464648
v 5.45760937 0.00031572 16.85700977
v 5.45660156 0.00031572 16.84937109
v 5.45560156 0.00031572 16.84173242
v 5.45461328 0.00031572 16.83409180
v 5.45363672 0.00031572 16.82644922
v 5.44924991 0.00031770 16.79143317
v 5.44525781 0.00031573 16.75761523
v 5.44437500 0.00031573 16.74996094
v 5.44350000 0.00031573 16.74230664
v 5.44263672 0.00031573 16.73465039
v 5.44178125 0.00031573 16.72699414
v 5.44093750 0.00031573 16.71933594
v 5.44010156 0.00031573 16.71167578
v 5.43927734 0.00031573 16.70401563
v 5.43846094 0.00031573 16.69635547
v 5.43765625 0.00031573 16.68869141
v 5.43685938 0.00031573 16.68102930
v 5.43607031 0.00031573 16.67336523
v 5.43529297 0.00031573 16.66569922
v 5.43452734 0.00031573 16.65803320
v 5.43376953 0.00031573 16.65036523
v 5.43301953 0.00031573 16.64269727
v 5.43228125 0.00031573 16.63502930
v 5.43155078 0.00031573 16.62735938
v 5.43083203 0.00031573 16.61968750
v 5.43012109 0.00031573 16.61201563
v 5.42942188 0.00031573 16.60434375
v 5.42873047 0.00031572 16.59666992
v 5.42805078 0.00031572 16.58899414
v 5.42737891 0.00031572 16.58132031
v 5.42671484 0.00031572 16.57364258
v 5.42606250 0.00031572 16.56596680
v 5.42542187 0.00031572 16.55828906
v 5.42478906 0.00031572 16.55060938
v 5.42416406 0.00031572 16.54293164
v 5.42355078 0.00031572 16.53525000
v 5.42294922 0.00031572 16.52757031
v 5.42235156 0.00031572 16.51988867
v 5.42176953 0.00031572 16.51220508
v 5.42119531 0.00031572 16.50452344
v 5.42062891 0.00031572 16.49683789
v 5.42007422 0.00031572 16.48915430
v 5.41952734 0.00031572 16.48146875
v 5.41898828 0.00031572 16.47378320
v 5.41846484 0.00031571 16.46609570
v 5.41794531 0.00031571 16.45840820
v 5.41743750 0.00031571 16.45072070
v 5.41694141 0.00031571 16.44303320
v 5.41645313 0.00031571 16.43534375
v 5.41597266 0.00031571 16.42765430
v 5.41550391 0.00031571 16.41996289
v 5.41504687 0.00031571 16.41227344
v 5.41459766 0.00031571 16.40458008
v 5.41415625 0.00031571 16.39688867
v 5.41372656 0.00031571 16.38919727
v 5.41330469 0.00031571 16.38150391
v 5.41289453 0.00031571 16.37381055
v 5.41249219 0.00031571 16.36611523
v 5.41210156 0.00031571 16.35841992
v 5.41171875 0.00031571 16.35072656
v 5.41134766 0.00031571 16.34302930
v 5.41098437 0.00031571 16.33533398
v 5.40947422 0.00031769 16.30136536
v 5.40815234 0.00031571 16.26605078
v 5.40788672 0.00031571 16.25834961
v 5.40762891 0.00031572 16.25065039
v 5.40738281 0.00031572 16.24294922
v 5.40714844 0.00031572 16.23524805
v 5.40691797 0.00031572 16.22754688
v 5.40669922 0.00031572 16.21984570
v 5.40649219 0.00031572 16.21214453
v 5.40629297 0.00031573 16.20444141
v 5.40610547 0.00031573 16.19674023
v 5.40592578 0.00031573 16.18903711
v 5.40575781 0.00031573 16.18133398
v 5.40559766 0.00031574 16.17363086
v 5.40544531 0.00031574 16.16592773
v 5.40530469 0.00031574 16.15822461
v 5.40517578 0.00031575 16.15052148
v 5.40505469 0.00031575 16.14281641
v 5.40494141 0.00031576 16.13511328
v 5.40483984 0.00031576 16.12741016
v 5.40475000 0.00031576 16.11970508
v 5.40466406 0.00031577 16.11200195
v 5.40459375 0.00031577 16.10429687
v 5.40453125 0.00031578 16.09659180
v 5.40447656 0.00031578 16.08888867
v 5.40433041 0.00031408 16.05306608
v 5.40442969 0.00031585 16.01954687
v 5.40447266 0.00031585 16.01184180
v 5.40452734 0.00031586 16.00413867
v 5.40458984 0.00031587 15.99643359
v 5.40466016 0.00031588 15.98872852
v 5.40474219 0.00031589 15.98102539
v 5.40483594 0.00031590 15.97332031
v 5.40493359 0.00031591 15.96561719
v 5.40504688 0.00031592 15.95791211
v 5.40563687 0.00031824 15.92341377
v 5.40648047 0.00031598 15.88858594
v 5.40668750 0.00031599 15.88088477
v 5.40690625 0.00031599 15.87318359
v 5.40713281 0.00031600 15.86548242
v 5.40737109 0.00031600 15.85778125
v 5.40761719 0.00031601 15.85008008
v 5.40787109 0.00031601 15.84237891
v 5.40913890 0.00031824 15.80729914
v 5.41061328 0.00031602 15.77309180
v 5.41096875 0.00031601 15.76539648
v 5.41132812 0.00031601 15.75769922
v 5.41170312 0.00031601 15.75000391
v 5.41208203 0.00031600 15.74230859
v 5.41247656 0.00031600 15.73461328
v 5.41287500 0.00031600 15.72691992
v 5.41328906 0.00031599 15.71922656
v 5.41370703 0.00031599 15.71153320
v 5.41414062 0.00031598 15.70383984
v 5.41457813 0.00031597 15.69614844
v 5.41502734 0.00031597 15.68845703
v 5.41548828 0.00031596 15.68076562
v 5.41595703 0.00031595 15.67307617
v 5.41643359 0.00031595 15.66538477
v 5.41692187 0.00031594 15.65769727
v 5.41742187 0.00031593 15.65000781
v 5.41792969 0.00031592 15.64232031
v 5.41844531 0.00031592 15.63463281
v 5.41897266 0.00031591 15.62694531
v 5.41951172 0.00031590 15.61925977
v 5.42005859 0.00031589 15.61157422
v 5.42061328 0.00031588 15.60389063
v 5.42117969 0.00031587 15.59620703
v 5.42175391 0.00031586 15.58852344
v 5.42233984 0.00031586 15.58084180
v 5.42293359 0.00031585 15.57316016
v 5.42353906 0.00031584 15.56547852
v 5.42415234 0.00031583 15.55779883
v 5.42477344 0.00031582 15.55011914
v 5.42541016 0.00031581 15.54244141
v 5.42605078 0.00031580 15.53476367
v 5.42670313 0.00031579 15.52708594
v 5.42736719 0.00031578 15.51941016
v 5.42803906 0.00031578 15.51173437
v 5.42871875 0.00031577 15.50406055
v 5.42941016 0.00031576 15.49638672
v 5.43011328 0.00031575 15.48871289
v 5.43082031 0.00031575 15.48104102
v 5.43154297 0.00031574 15.47337109
v 5.43509193 0.00032806 15.43678073
v 5.43764844 0.00031571 15.41203711
v 5.43845703 0.00031571 15.40437500
v 5.43927344 0.00031571 15.39671484
v 5.44009766 0.00031571 15.38905469
v 5.44093359 0.00031572 15.38139453
v 5.44178125 0.00031572 15.37373633
v 5.44263281 0.00031572 15.36608008
v 5.44350000 0.00031572 15.35842383
v 5.44437109 0.00031573 15.35076758
v 5.45266797 0.00031575 15.28192578
v 5.45364063 0.00031576 15.27428125
v 5.45461719 0.00031576 15.26664063
v 5.45560547 0.00031576 15.25899805
v 5.45660547 0.00031576 15.25135937
v 5.45761328 0.00031576 15.24372070
v 5.45862891 0.00031575 15.23608398
v 5.45965625 0.00031575 15.22844727
v 5.46069531 0.00031575 15.22081250
v 5.46174219 0.00031575 15.21317969
v 5.46279688 0.00031575 15.20554883
v 5.46386328 0.00031574 15.19791797
v 5.46493750 0.00031574 15.19028906
v 5.46601953 0.00031574 15.18266016
v 5.46711328 0.00031574 15.17503320
v 5.46821875 0.00031573 15.16740820
v 5.46933203 0.00031573 15.15978516
v 5.47045312 0.00031573 15.15216211
v 5.47158594 0.00031573 15.14454102
v 5.47272656 0.00031572 15.13692188
v 5.47387891 0.00031572 15.12930273
v 5.47503906 0.00031572 15.12168750
v 5.47620703 0.00031572 15.11407227
v 5.47976072 0.00056120 15.09133136
v 5.48098438 0.00031571 15.08362500
v 5.48220312 0.00031571 15.07601758
v 5.48163672 0.00080669 15.07953906
v 5.47798000 0.00047939 15.10265345
v 5.47637891 0.00080669 15.11293945
v 5.47466797 0.00080669 15.12408008
v 5.47297656 0.00080669 15.13522266
v 5.47130859 0.00080669 15.14636914
v 5.46965625 0.00080669 15.15751953
v 5.46802734 0.00080669 15.16867187
v 5.46641797 0.00080669 15.17982617
v 5.46483203 0.00080669 15.19098437
v 5.46326172 0.00080669 15.20214648
v 5.46171484 0.00080669 15.21331055
v 5.46018750 0.00080669 15.22447656
v 5.45868359 0.00080669 15.23564648
v 5.45719531 0.00080669 15.24681836
v 5.45573047 0.00080669 15.25799414
v 5.45428516 0.00080669 15.26917187
v 5.45285938 0.00080669 15.28035156
v 5.45145703 0.00080669 15.29153516
v 5.45007422 0.00080669 15.30272070
v 5.44871094 0.00080669 15.31390820
v 5.44736719 0.00080669 15.32509961
v 5.44604688 0.00080669 15.33629297
v 5.44474609 0.00080669 15.34748828
v 5.44346484 0.00080669 15.35868555
v 5.44220703 0.00080669 15.36988477
v 5.44096484 0.00080669 15.38108789
v 5.43974609 0.00080669 15.39229297
v 5.43855078 0.00080669 15.40350000
v 5.43737109 0.00080669 15.41470898
v 5.43621484 0.00080669 15.42591992
v 5.43507813 0.00080669 15.43713281
v 5.43286719 0.00080669 15.45956641
v 5.43179297 0.00080669 15.47078516
v 5.43073828 0.00080669 15.48200586
v 5.42970312 0.00080669 15.49323047
v 5.42869141 0.00080669 15.50445508
v 5.42769922 0.00080669 15.51568164
v 5.42672656 0.00080669 15.52691016
v 5.42389513 0.00080589 15.56088245
v 5.42133203 0.00080669 15.59432031
v 5.42050391 0.00080669 15.60556055
v 5.41969922 0.00080669 15.61680273
v 5.41891016 0.00080669 15.62804492
v 5.41814844 0.00080669 15.63929102
v 5.41740234 0.00080669 15.65053711
v 5.41667969 0.00080669 15.66178320
v 5.41597656 0.00080669 15.67303320
v 5.41529297 0.00080669 15.68428320
v 5.41462891 0.00080669 15.69553320
v 5.41398828 0.00080669 15.70678711
v 5.41336719 0.00080669 15.71804102
v 5.41276953 0.00080669 15.72929492
v 5.41218750 0.00080669 15.74055078
v 5.41162891 0.00080669 15.75180859
v 5.40933251 0.00079892 15.80244820
v 5.40753516 0.00080669 15.85316016
v 5.40717969 0.00080669 15.86442578
v 5.40685156 0.00080669 15.87569141
v 5.40653906 0.00080669 15.88695898
v 5.40625000 0.00080669 15.89822461
v 5.40598047 0.00080669 15.90949219
v 5.40559514 0.00080559 15.92733725
v 5.40529688 0.00080669 15.94329883
v 5.40511328 0.00080669 15.95456836
v 5.40494531 0.00080669 15.96583789
v 5.40480078 0.00080669 15.97710742
v 5.40467578 0.00080669 15.98837695
v 5.40457422 0.00080669 15.99964648
v 5.40449219 0.00080669 16.01091797
v 5.40442969 0.00080669 16.02218750
v 5.40438672 0.00080669 16.03345898
v 5.40436225 0.00080436 16.04887766
v 5.40438672 0.00080669 16.06727148
v 5.40442969 0.00080669 16.07854102
v 5.40449219 0.00080669 16.08981250
v 5.40457422 0.00080669 16.10108398
v 5.40467578 0.00080669 16.11235352
v 5.40480078 0.00080669 16.12362305
v 5.40494531 0.00080669 16.13489258
v 5.40511328 0.00080669 16.14616211
v 5.40529688 0.00080669 16.15743164
v 5.40550391 0.00080669 16.16870117
v 5.40573437 0.00080669 16.17996875
v 5.40598047 0.00080669 16.19123828
v 5.40625000 0.00080669 16.20250586
v 5.40653906 0.00080669 16.21377148
v 5.40685156 0.00080669 16.22503906
v 5.40717969 0.00080669 16.23630469
v 5.40753516 0.00080669 16.24757031
v 5.40933191 0.00079991 16.29841542
v 5.41162891 0.00080669 16.34892187
v 5.41218750 0.00080669 16.36017969
v 5.41276953 0.00080669 16.37143555
v 5.41336719 0.00080669 16.38268945
v 5.41398828 0.00080669 16.39394336
v 5.41462891 0.00080669 16.40519727
v 5.41529297 0.00080669 16.41644727
v 5.41597656 0.00080669 16.42769727
v 5.41667969 0.00080669 16.43894727
v 5.41740234 0.00080669 16.45019336
v 5.41814844 0.00080669 16.46143945
v 5.41891016 0.00080669 16.47268555
v 5.41969922 0.00080669 16.48392773
v 5.42050391 0.00080669 16.49516992
v 5.42133203 0.00080669 16.50641016
v 5.42217969 0.00080669 16.51765039
v 5.42304687 0.00080669 16.52888672
v 5.42393750 0.00080669 16.54012305
v 5.42484766 0.00080669 16.55135547
v 5.42577734 0.00080669 16.56258789
v 5.42672656 0.00080669 16.57381836
v 5.42769922 0.00080669 16.58504883
v 5.42869141 0.00080669 16.59627539
v 5.42970312 0.00080669 16.60750000
v 5.43073828 0.00080669 16.61872266
v 5.43179297 0.00080669 16.62994531
v 5.43286719 0.00080669 16.64116406
v 5.43396094 0.00080669 16.65238086
v 5.43507813 0.00080669 16.66359766
v 5.43621484 0.00080669 16.67481055
v 5.43737109 0.00080669 16.68602148
v 5.43855078 0.00080669 16.69723047
v 5.43974609 0.00080669 16.70843750
v 5.44096484 0.00080669 16.71964258
v 5.44220703 0.00080669 16.73084375
v 5.44346484 0.00080669 16.74204492
v 5.44924279 0.00079848 16.79159867
v 5.45573047 0.00080669 16.84273633
v 5.45719531 0.00080669 16.85391211
v 5.45868359 0.00080669 16.86508398
v 5.46018750 0.00080669 16.87625391
v 5.46171484 0.00080669 16.88741992
v 5.46326172 0.00080669 16.89858398
v 5.46483203 0.00080669 16.90974609
v 5.46641797 0.00080669 16.92090430
v 5.46802734 0.00080669 16.93205859
v 5.46965625 0.00080669 16.94321094
v 5.47130859 0.00080669 16.95436133
v 5.47297656 0.00080669 16.96550781
v 5.47466797 0.00080669 16.97665039
v 5.47637891 0.00080669 16.98779102
v 5.47811328 0.00080669 16.99892773
v 5.48163672 0.00080669 17.02119141
v 5.44888281 0.00056121 16.78822070
v 5.40931641 0.00056120 16.29684766
v 5.40435938 0.00056125 16.05036523
v 5.40435938 0.00065329 16.05036523
v 5.40559766 0.00065333 15.92709961
v 5.40931250 0.00065335 15.80388281
v 5.42415625 0.00056126 15.55779883
v 5.43528906 0.00065326 15.43503125
v 5.40559375 0.00056132 15.92709961
v 5.40930859 0.00056135 15.80388281
v 5.44888281 0.00065327 15.31250977
v 5.43528906 0.00056120 15.43503125
v 5.44888281 0.00056122 15.31250977
v 4.84359069 0.03074888 15.89373235
v 3.61550781 0.05313136 15.68923828
v 3.61637500 0.05265579 15.69098437
v 3.61806250 0.05172725 15.69438672
v 3.62038672 0.05038880 15.69906836
v 3.61778906 0.05187778 15.69383398
v 3.62534375 0.04769955 15.70904883
v 3.62657031 0.04702561 15.71152148
v 3.62779688 0.04635202 15.71399414
v 3.63025000 0.04497416 15.71893750
v 3.61546196 0.05315909 15.68914599
v 3.61547266 0.05315146 15.68917187
v 3.61540267 0.05268587 15.68904354
v 3.61541797 0.05267830 15.68907031
v 3.61655859 0.05255685 15.69135547
v 3.61665625 0.05250297 15.69155273
v 3.61562109 0.05306370 15.68947070
v 3.61605469 0.05282600 15.69034570
v 3.61556641 0.05260208 15.68937305
v 3.61544922 0.05266204 15.68913867
v 3.61631641 0.05218655 15.69088477
v 3.61600000 0.05236442 15.69024609
v 3.61650000 0.05208379 15.69125391
v 3.61748438 0.05204234 15.69321680
v 3.61659766 0.05202991 15.69145117
v 3.61792969 0.05180143 15.69411523
v 3.61675781 0.05244746 15.69175586
v 3.61742578 0.05158083 15.69311914
v 3.61773047 0.05140859 15.69373438
v 3.61787109 0.05133223 15.69401563
v 3.61800781 0.05125805 15.69428711
v 3.62528906 0.04728415 15.70896094
v 3.62651953 0.04661021 15.71143555
v 3.62034375 0.05003486 15.69899414
v 3.61669922 0.05197441 15.69165430
v 3.62774609 0.04593661 15.71390820
v 3.63020703 0.04462021 15.71886328
v 3.64014844 0.06292021 15.62051562
v 3.64015234 0.06291953 15.62051758
v 3.64014844 0.06292046 15.62051562
v 3.64007813 0.06244144 15.62043555
v 3.64011326 0.06255701 15.62046055
v 3.64008203 0.06244061 15.62043750
v 3.64008203 0.06244094 15.62043750
v 3.64007813 0.06244119 15.62043555
v 3.60060937 0.07137275 15.59984961
v 3.60060547 0.07137296 15.59984961
v 3.60060937 0.07137164 15.59985156
v 3.60060937 0.07137238 15.59984961
v 3.60060547 0.07137286 15.59984961
v 3.60055078 0.07089106 15.59977539
v 3.60055078 0.07089116 15.59977539
v 3.60055078 0.07089096 15.59977539
v 3.60055469 0.07089093 15.59977539
v 3.60055541 0.07089188 15.59977699
v 3.60064613 0.07135896 15.59986903
v 3.81857422 0.02916665 15.70070703
v 3.82773828 0.03636855 15.64647266
v 3.82956250 0.03770747 15.63571680
v 3.82955859 0.03757792 15.63570312
v 3.83046875 0.03833760 15.63036719
v 3.83114453 0.03879633 15.62636523
v 3.83092188 0.03864474 15.62769922
v 3.83105018 0.03849462 15.62686736
v 3.83125781 0.03887162 15.62570117
v 3.83046484 0.03815084 15.63034570
v 3.83045703 0.03796407 15.63032617
v 3.83091016 0.03821396 15.62765234
v 3.82955469 0.03744837 15.63568750
v 3.83136719 0.03894402 15.62505469
v 3.83136328 0.03870256 15.62500781
v 3.83892188 0.04254303 15.58030273
v 3.84432813 0.04438543 15.54830859
v 3.83134375 0.03892788 15.62520117
v 3.83131641 0.03890915 15.62536719
v 3.83113281 0.03833691 15.62631641
v 3.83124609 0.03839790 15.62565039
v 3.83136328 0.03894191 15.62507617
v 3.83135708 0.03849229 15.62500368
v 3.83135937 0.03893723 15.62511719
v 3.83130078 0.03842826 15.62531641
v 3.83133203 0.03844341 15.62515039
v 3.83134375 0.03845098 15.62506641
v 3.83135156 0.03845476 15.62502539
v 3.84455191 0.02555372 15.72730545
v 3.93098057 0.02570639 15.80177932
v 3.93096875 0.02570313 15.80178125
v 3.93099822 0.02521606 15.80173921
v 3.93104297 0.02522247 15.80173242
v 3.93105469 0.02522459 15.80173047
v 3.93081741 0.02551639 15.80179336
v 3.93095648 0.02570087 15.80178226
v 3.77585547 -0.00783780 15.95347656
v 3.77958203 -0.00493653 15.93141992
v 3.78145313 -0.00345471 15.92034766
v 3.78239063 -0.00270598 15.91480273
v 3.78286328 -0.00232965 15.91202539
v 3.78321268 -0.00214681 15.90994301
v 3.78332121 -0.00209422 15.90930903
v 3.78333203 -0.00195202 15.90924805
v 3.77585938 -0.00795954 15.95346289
v 3.77958594 -0.00505823 15.93140430
v 3.78145703 -0.00357639 15.92033203
v 3.78239453 -0.00282764 15.91478711
v 3.78286328 -0.00245131 15.91200977
v 3.78333203 -0.00207367 15.90923242
v 3.77586328 -0.00808129 15.95344727
v 3.77958984 -0.00517993 15.93138867
v 3.78146094 -0.00369807 15.92031641
v 3.78239844 -0.00294931 15.91476953
v 3.78286719 -0.00257297 15.91199414
v 3.78333594 -0.00219532 15.90921680
v 3.77072656 -0.01171820 15.98383203
v 3.78145313 -0.00338247 15.92035742
v 3.78239063 -0.00260903 15.91481445
v 3.77072656 -0.01184002 15.98381641
v 3.77073047 -0.01196183 15.98380078
v 3.78285938 -0.00222035 15.91204102
v 3.78309375 -0.00202552 15.91065234
v 3.78321094 -0.00192798 15.90995898
v 3.78332031 -0.00183666 15.90930859
v 3.79587891 0.00853730 15.83500781
v 3.78331250 -0.00184257 15.90935156
v 3.78330078 -0.00185478 15.90943750
v 3.78326953 -0.00187918 15.90961133
v 3.79587891 0.00841582 15.83499023
v 3.78146094 -0.00377031 15.92030664
v 3.78239844 -0.00304626 15.91475781
v 3.78287109 -0.00268227 15.91198047
v 3.78310547 -0.00249979 15.91058984
v 3.78330859 -0.00233984 15.90937500
v 3.78328125 -0.00236271 15.90954883
v 3.78322266 -0.00240842 15.90989453
v 3.78332422 -0.00232841 15.90928711
v 3.78333984 -0.00231659 15.90920117
v 3.79588281 0.00829435 15.83497266
v 3.70878760 0.00561010 15.87710362
v 3.72021797 0.00075636 15.90011728
v 3.74844922 -0.00829802 15.95698242
v 3.74841016 -0.00828692 15.95690234
v 3.74414231 -0.00753007 15.94826451
v 3.74843242 -0.00877684 15.95689615
v 3.51974609 0.02807592 15.86250391
v 3.60102344 0.02294884 15.85049023
v 3.60105078 0.02318824 15.85053320
v 3.60107422 0.02318633 15.85052930
v 3.60097362 0.02272417 15.85045125
v 3.60113672 0.02317988 15.85052148
v 3.60122266 0.02317082 15.85050781
v 3.60109375 0.02318441 15.85052734
v 3.60139063 0.02315269 15.85048242
v 3.60108203 0.02270251 15.85043555
v 3.60103906 0.02270563 15.85044141
v 3.60173437 0.02311638 15.85042969
v 3.60133594 0.02268376 15.85039844
v 3.60116797 0.02269626 15.85042383
v 3.60167969 0.02265871 15.85034766
v 3.60241797 0.02304356 15.85032813
v 3.60651563 0.02260137 15.84970898
v 3.62297266 0.02086769 15.84724609
v 3.61198047 0.02193810 15.84887109
v 3.63400000 0.01974298 15.84561719
v 3.64506641 0.01857465 15.84398242
v 3.64528116 0.01873493 15.84398292
v 3.64544531 0.01877142 15.84397266
v 3.64579297 0.01872862 15.84391992
v 3.64533774 0.01878816 15.84398892
v 3.65618359 0.01738769 15.84233984
v 3.60378125 0.02289716 15.85012109
v 3.60106610 0.02306553 15.85050760
v 3.60656141 0.02221604 15.84962813
v 3.60373438 0.02250708 15.85005078
v 3.60236719 0.02260843 15.85025000
v 3.66722656 0.01622676 15.84070703
v 3.68184375 0.01476300 15.83854688
v 3.64503516 0.01834069 15.84393945
v 3.64520703 0.01832210 15.84391406
v 3.64530216 0.01830659 15.84389963
v 3.64811945 0.01823443 15.84352785
v 5.47356641 0.00023984 15.06674414
v 5.46382813 0.00001621 15.06509570
v 5.45420703 -0.00034923 15.06346875
v 5.42629874 -0.00140252 15.05875520
v 5.46330078 0.00049111 15.06500977
v 5.46995312 0.00066516 15.06613281
v 5.47666406 0.00077099 15.06726758
v 5.43086719 -0.00158010 15.05952539
v 5.29025391 -0.02587456 15.03575781
v 5.20530859 -0.04718098 15.02140039
v 5.12232031 -0.06331105 15.00737305
v 5.12233984 -0.06344036 15.00737500
v 5.09083594 -0.06644926 15.00205078
v 5.08023437 -0.06704703 15.00025781
v 5.03726953 -0.06732803 14.99299219
v 4.94916016 -0.05776559 14.97809570
v 4.85911328 -0.03783964 14.96286914
v 4.76826562 -0.01071037 14.94750586
v 4.72294141 0.00469108 14.93985547
v 4.70035547 0.01263984 14.93604102
v 4.68907812 0.01662949 14.93413477
v 4.67782422 0.02063815 14.93223242
v 5.10137891 -0.06561095 15.00383203
v 4.58839062 0.05175462 14.91708984
v 4.67776563 0.02046185 14.93220312
v 5.10139844 -0.06579814 15.00383398
v 5.09084766 -0.06663679 15.00205078
v 4.70029688 0.01246318 14.93601367
v 4.68901953 0.01645303 14.93410547
v 5.08024219 -0.06723479 15.00025781
v 4.49992578 0.07713419 14.90213281
v 5.12235547 -0.06356966 15.00737695
v 5.10141406 -0.06598534 15.00383594
v 5.09086328 -0.06682431 15.00205273
v 5.08025000 -0.06742255 15.00025781
v 4.72290234 0.00456817 14.93983594
v 4.72286328 0.00444527 14.93981641
v 4.70023828 0.01228653 14.93598438
v 4.68896484 0.01627658 14.93407617
v 4.67770703 0.02028555 14.93217383
v 4.45591016 0.08560851 14.89469141
v 4.41197656 0.09033621 14.88728516
v 4.39001563 0.09099007 14.88358203
v 4.37903516 0.09081908 14.88172461
v 4.36806641 0.09014025 14.87984375
v 4.32413281 0.08525655 14.87241797
v 4.39001953 0.09080434 14.88355273
v 4.37904297 0.09063342 14.88169727
v 4.41197266 0.09020756 14.88726367
v 4.41197266 0.09007890 14.88724219
v 4.39002344 0.09061863 14.88352539
v 4.37905469 0.09044776 14.88166992
v 4.36808203 0.08995479 14.87981641
v 4.23604297 0.06508432 14.85752930
v 4.14741016 0.03836283 14.84254688
v 4.05794922 0.01388657 14.82742188
v 4.01279297 0.00536728 14.81980859
v 3.99011719 0.00242405 14.81597461
v 3.96735938 0.00058366 14.81212695
v 3.92160547 0.00023588 14.80436328
v 3.87562109 0.00387968 14.79658789
v 3.78346094 0.01872041 14.78100391
v 3.69180469 0.03690608 14.76550977
v 3.60158594 0.05036974 14.75025977
v 3.55730078 0.05281118 14.74277539
v 3.51369922 0.05123157 14.73545312
v 3.49219922 0.04846037 14.73181836
v 3.47091016 0.04431133 14.72820898
v 3.50292188 0.05001602 14.73363086
v 3.42880469 0.03265158 14.72106836
v 3.34518359 0.00084411 14.70693945
v 3.26035156 -0.03372290 14.69259961
v 3.17177734 -0.06037304 14.67761914
v 3.12530078 -0.06739035 14.66975781
v 3.07694141 -0.06842112 14.66157813
v 4.01281641 0.00524022 14.81978906
v 3.99013672 0.00229646 14.81595313
v 3.50295312 0.04983442 14.73359375
v 3.49223437 0.04827937 14.73178320
v 3.96737109 0.00045577 14.81210352
v 4.01283984 0.00511316 14.81977148
v 3.99015234 0.00216887 14.81593359
v 3.51372266 0.05104953 14.73541211
v 3.02639062 -0.06212985 14.65302734
v 3.47094531 0.04418681 14.72818555
v 2.97369922 -0.04800297 14.64411719
v 2.92045312 -0.02903754 14.63511328
v 2.86862891 -0.00916754 14.62635156
v 2.82022266 0.00767355 14.61816992
v 2.77723828 0.01767662 14.61094531
v 2.75838281 0.01878156 14.60775977
v 2.74162500 0.01667578 14.60493164
v 2.72721484 0.01087282 14.60250391
v 2.71539453 0.00088462 14.60051758
v 2.77723047 0.01755358 14.61090234
v 2.75839063 0.01865693 14.60772266
v 2.74166016 0.01655337 14.60490430
v 2.72728125 0.01076226 14.60249023
v 2.71549219 0.00079957 14.60052344
v 2.70639844 -0.01378652 14.59900977
v 2.69789453 -0.05917574 14.59758984
v 2.69814063 -0.05918339 14.59767383
v 2.70060547 -0.03366625 14.59805469
v 2.70651563 -0.01383928 14.59903320
v 3.96737891 0.00032789 14.81208008
v 3.51374609 0.05086750 14.73537305
v 3.50298047 0.04965281 14.73355469
v 3.49226953 0.04809837 14.73174609
v 3.47097656 0.04406230 14.72816406
v 2.77722266 0.01743053 14.61086133
v 2.75839844 0.01853229 14.60768555
v 2.74169531 0.01643095 14.60487500
v 2.72735156 0.01065170 14.60247852
v 2.71558984 0.00071453 14.60052930
v 2.70663281 -0.01389203 14.59905664
v 2.70072656 -0.03369076 14.59808984
v 4.62525039 0.08098180 15.85384774
v 3.63084375 0.03880848 15.74778516
v 3.59207422 0.03598386 15.78576367
v 3.58420313 0.03548095 15.79351367
v 3.58419141 0.03534600 15.79348828
v 3.58028125 0.03520650 15.79737305
v 3.57733984 0.03499706 15.80026367
v 3.57832031 0.03506722 15.79930078
v 3.57750132 0.03475872 15.80003408
v 3.57685156 0.03496184 15.80074414
v 3.58026172 0.03501900 15.79733789
v 3.58024219 0.03483150 15.79730273
v 3.57827734 0.03463963 15.79922070
v 3.58417578 0.03521107 15.79346289
v 3.57633984 0.03468645 15.80117969
v 3.54430078 0.03171459 15.83257031
v 3.57640017 0.03468718 15.80111830
v 3.57642578 0.03493096 15.80116602
v 3.57648438 0.03493538 15.80110547
v 3.57660547 0.03494420 15.80098438
v 3.57729688 0.03454317 15.80017773
v 3.57639453 0.03492834 15.80119531
v 3.57638496 0.03492642 15.80120509
v 3.52167188 0.02930860 15.85474023
v 3.57680469 0.03449480 15.80065625
v 3.57655859 0.03447059 15.80089648
v 3.57643750 0.03445847 15.80101562
v 3.57637500 0.03445241 15.80107617
v 3.57634766 0.03444979 15.80110547
v 3.57631641 0.03444717 15.80113477
v 5.45723743 0.00104928 16.96050228
v 5.41428870 0.00096449 16.67061648
v 5.44606277 0.00109163 16.91374284
v 5.41597431 0.00086327 16.62249233
v 5.41741645 0.00086186 16.63534260
v 5.40135987 0.00094889 16.53379131
v 5.40650504 0.00085052 16.46570079
v 5.39537377 0.00092797 16.33571828
v 5.38625764 0.00106275 16.25911593
v 5.38931229 0.00106338 16.15075832
v 5.37332434 0.00148444 16.10365187
v 5.38826125 0.00121564 16.02311318
v 5.36743058 0.00188828 15.97409018
v 5.37853686 0.00163626 15.94322488
v 5.33214808 0.00286954 15.84988693
v 5.38763702 0.00158707 15.74961064
v 5.39104327 0.00150888 15.67379714
v 5.39943761 0.00118918 15.54957705
v 5.40535564 0.00098775 15.49354800
v 5.38604520 0.00042044 15.45416865
v 5.40849629 0.00068776 15.42977129
v 5.43484782 0.00032475 15.26526659
v 5.46668498 0.00110704 17.02005954
v 5.39395258 0.00103784 16.05150528
v 5.39649545 0.00102545 15.99203300
v 5.37869957 0.00171517 15.89343108
v 5.40023438 0.00099274 15.91070898
v 5.44782866 0.00249548 17.02630216
v 5.41968717 0.00082796 15.43574615
v 5.43496321 0.00080991 15.43817617
v 5.39185540 0.00017728 15.42948676
v 5.42128559 0.00067016 15.39112511
v 5.42382694 0.00052317 15.35746999
v 5.40275427 -0.00015509 15.36931788
v 5.40097981 -0.00001604 15.38761668
v 5.45797624 0.00053822 16.96272550
v 5.44504297 0.00040247 16.84758594
v 5.43361818 0.00139594 16.92441518
v 5.42510508 0.00041835 16.73416189
v 5.42331934 0.00037901 16.69424043
v 5.41794897 0.00036461 16.63822094
v 5.41383795 0.00034723 16.56141821
v 5.40247225 0.00040692 16.49463498
v 5.40188168 0.00039395 16.45590579
v 5.38948635 0.00050457 16.32072419
v 5.38948651 0.00052024 16.27015487
v 5.38754829 0.00070787 16.05229966
v 5.38108058 0.00092411 16.02104329
v 5.38192167 0.00118657 15.84371362
v 5.38419578 0.00118611 15.76168843
v 5.38838690 0.00108826 15.69570233
v 5.40039783 0.00073048 15.57491980
v 5.40453305 0.00039597 15.47419035
v 5.41412302 0.00014287 15.40624213
v 5.42432042 -0.00039269 15.28798885
v 5.43208703 -0.00045327 15.23148593
v 5.44429185 -0.00023245 15.18149088
v 5.45465923 -0.00016689 15.09063345
v 5.46957812 0.00050104 17.01417969
v 5.40006187 0.00045190 15.97028631
v 5.40033865 0.00049518 15.91351510
v 5.40912460 0.00020437 15.43217399
v 5.44860681 0.00032261 15.31461546
v 5.39168333 0.00013073 15.47433200
v 5.41053700 0.00007897 15.41238312
v 5.42229606 0.00001000 15.36216869
v 5.40178856 -0.00056313 15.38019857
v 5.40256641 -0.00062574 15.37220508
v 5.40295703 -0.00065402 15.36839062
v 49.28754687 0.00246505 8.69912598
v 49.20621094 0.01703972 8.68538770
v 49.17728906 0.02175428 8.68050000
v 49.15514844 0.02509724 8.67675879
v 48.90980469 0.03767922 8.63525684
v 48.83213281 0.02799063 8.62211133
v 48.65921875 -0.01862416 8.59287305
v 48.64936719 -0.02145899 8.59120801
v 48.61593750 -0.03020935 8.58555957
v 48.60499219 -0.03262191 8.58371289
v 48.57734375 -0.03703929 8.57905078
v 48.56057812 -0.03810987 8.57622559
v 48.54937500 -0.03812363 8.57433789
v 48.54378125 -0.03793752 8.57339453
v 48.53818750 -0.03763626 8.57245215
v 48.50476562 -0.03440244 8.56680762
v 48.49919531 -0.03380904 8.56586719
v 48.46022656 -0.02986930 8.55928027
v 48.44908594 -0.02883314 8.55739648
v 48.39329687 -0.02470194 8.54796680
v 48.31511719 -0.02616634 8.53473926
v 48.28200781 -0.03156388 8.52913379
v 48.27104688 -0.03385831 8.52728027
v 48.22655991 -0.04449414 8.51975445
v 48.11293750 -0.07069060 8.50054297
v 48.07400781 -0.07517561 8.49397363
v 48.05165625 -0.07643633 8.49020117
v 48.01814063 -0.07811338 8.48453613
v 48.01257812 -0.07863998 8.48359277
v 47.99610938 -0.08160737 8.48078809
v 47.98578125 -0.08574602 8.47901074
v 47.99121140 -0.08258368 8.47366482
v 49.37238510 -0.01149499 8.70169832
v 49.00510339 0.03393744 8.59991762
v 47.97617191 -0.08399604 8.41908048
v 47.95944531 -0.09191523 8.40454297
v 49.30790698 -0.00767423 8.58551062
v 49.18995944 0.01327048 8.63078113
v 49.02030285 0.02211840 8.48378451
v 48.78992236 0.02039686 8.56310909
v 48.56157380 -0.03958166 8.51444977
v 48.52171672 -0.03997803 8.51355844
v 48.26976074 -0.03560001 8.47590327
v 48.14215155 -0.06519287 8.45823754
v 48.05253076 -0.07730604 8.45722508
v 47.95321875 -0.09251280 8.37820215
v 48.20461174 -0.04860308 8.34290333
v 47.94826562 -0.09238091 8.35110156
v 49.28749997 -0.00849941 8.48854494
v 48.63503395 -0.01853554 8.39363731
v 48.57065273 -0.03778625 8.46815827
v 48.51179494 -0.03766381 8.39906369
v 48.48621046 -0.03553815 8.39296704
v 48.33051976 -0.02582553 8.37200798
v 48.32421057 -0.02736312 8.49154839
v 47.97345435 -0.08235210 8.39091013
v 47.94459375 -0.09151953 8.32324219
v 47.94220312 -0.08992863 8.29462207
v 49.24970497 0.00095598 8.60466515
v 48.44632293 -0.03321502 8.46919395
v 48.26896819 -0.03199317 8.32305504
v 48.08817113 -0.06422564 8.29127624
v 48.04782654 -0.07225556 8.34925454
v 47.94148438 -0.08885959 8.28002734
v 48.83646517 0.03071517 8.40007760
v 48.51094821 -0.03547256 8.35969655
v 47.94108594 -0.08760816 8.26524219
v 48.91493170 0.03022478 8.42019453
v 48.84870313 0.03119243 8.38238379
v 48.73840997 0.01349016 8.37064287
v 48.42228798 -0.02704345 8.35878261
v 47.99624383 -0.06376517 8.25546529
v 47.95841481 -0.07475474 8.27866115
v 47.94100781 -0.08617434 8.25026758
v 48.64308940 -0.01274444 8.32932098
v 48.19859997 -0.04589004 8.26955332
v 48.14982164 -0.06184558 8.34987392
v 47.94124219 -0.08455813 8.23510254
v 49.27479064 -0.00868865 8.45386036
v 48.09353216 -0.05968775 8.24931147
v 47.98848849 -0.05861863 8.21859163
v 47.94180469 -0.08275951 8.21974805
v 49.13582137 -0.00335478 8.33114026
v 48.48221170 -0.02843819 8.29969440
v 48.19934658 -0.04318206 8.23846271
v 47.94715947 -0.07533987 8.20837845
v 47.94267969 -0.08077851 8.20420312
v 49.27683986 -0.01011900 8.38347657
v 48.57548592 -0.02696432 8.28867022
v 48.57036264 -0.02603252 8.28524961
v 48.52450549 -0.03130091 8.30019800
v 48.06850906 -0.05338327 8.19717961
v 47.99279309 -0.04726445 8.15730357
v 47.94387500 -0.07861510 8.18846777
v 49.02483292 0.01605203 8.38817164
v 48.66971875 -0.00183731 8.27888574
v 47.94539844 -0.07626931 8.17254297
v 48.51007567 -0.01990883 8.20267200
v 48.42864779 -0.01885082 8.26384328
v 48.34070934 -0.01813526 8.28474961
v 48.13864735 -0.05418354 8.22581054
v 47.94723438 -0.07374113 8.15642773
v 48.83032849 0.03466164 8.27605235
v 48.64620193 -0.00570806 8.23189046
v 48.59345038 -0.02205856 8.27770825
v 47.95280589 -0.06564663 8.14648033
v 47.94939062 -0.07103055 8.14012305
v 49.04245422 0.01036426 8.29537200
v 48.69731881 0.00751119 8.26090284
v 48.59152358 -0.01574404 8.19703266
v 48.54112749 -0.02215577 8.21971994
v 48.54285076 -0.02326159 8.22799681
v 48.49304128 -0.02128700 8.22535128
v 48.39167239 -0.00380080 8.17547388
v 48.14903961 -0.04571977 8.15731615
v 47.95185937 -0.06813759 8.12362793
v 48.76686091 0.02654243 8.26889633
v 47.95465625 -0.06506225 8.10694238
v 48.88781531 0.03531444 8.23459812
v 48.50906002 -0.01802092 8.19042060
v 48.35718880 -0.00278780 8.15325557
v 48.22283962 -0.03482970 8.20271074
v 47.95617188 -0.06345619 8.09852832
v 49.16567792 -0.00906055 8.25541345
v 48.20012717 -0.03611742 8.15317601
v 47.96877372 -0.04600147 8.08098631
v 47.95776563 -0.06180453 8.09006641
v 48.86284817 0.03538541 8.26411123
v 48.64947709 -0.00174661 8.18823581
v 48.56598184 -0.01514949 8.16983619
v 48.38055653 0.00223204 8.13060825
v 48.00340580 -0.03932452 8.12227924
v 47.96183909 -0.06146543 8.18321188
v 47.95944531 -0.06010729 8.08155762
v 48.91757439 0.03217549 8.22873803
v 48.44388345 -0.00886564 8.17927544
v 48.12895228 -0.04143624 8.11936404
v 47.96120312 -0.05836445 8.07300098
v 48.80863599 0.03328818 8.26584397
v 48.60813412 -0.00881539 8.15911295
v 48.50231650 -0.01048754 8.14509685
v 48.31297155 -0.00782099 8.15098478
v 48.27389777 -0.01296647 8.11804807
v 47.98030598 -0.03874723 8.08467669
v 47.96303906 -0.05657602 8.06439746
v 49.22636351 -0.01150144 8.24409714
v 47.96495313 -0.05474200 8.05574512
v 49.27122270 -0.01132181 8.27380325
v 49.20074827 -0.01196624 8.20969703
v 48.84079701 0.03968951 8.21433517
v 48.75922212 0.02819543 8.21119123
v 48.75557489 0.02613640 8.23048450
v 48.61374753 -0.00533615 8.13226939
v 48.48115164 -0.00496036 8.12849138
v 48.22294053 -0.02138316 8.07050338
v 48.18073571 -0.03059934 8.07421391
v 47.96694531 -0.05286239 8.04704590
v 48.91626383 0.03510059 8.17646622
v 48.03269044 -0.03122369 8.09058677
v 48.00247056 -0.02477113 8.04941910
v 47.97140613 -0.04483353 8.04429794
v 47.96902344 -0.05093719 8.03829980
v 49.31186742 -0.01176815 8.24976668
v 48.57063934 -0.01026617 8.13325169
v 48.34132286 0.01039066 8.05323235
v 47.97117969 -0.04896641 8.02950488
v 48.65429502 0.00295396 8.14395997
v 48.60908562 -0.00516604 8.12392615
v 47.99047303 -0.02273212 7.99613653
v 47.97341406 -0.04695004 8.02066309
v 48.93255667 0.03237087 8.17499296
v 48.40872860 0.01059623 8.08161428
v 48.38087471 0.01089866 8.07954269
v 48.05813984 -0.02406015 8.05515191
v 47.97572656 -0.04488808 8.01177441
v 48.12191455 -0.02557687 8.03983289
v 47.97691406 -0.04384001 8.00731152
v 48.16989647 -0.02738832 8.04761311
v 47.97812500 -0.04278054 8.00283691
v 49.07142419 0.00340782 8.19204601
v 48.62862568 -0.00016834 8.11138251
v 48.45100396 0.00699817 8.08460005
v 48.04807160 -0.01008702 8.00464069
v 47.97935156 -0.04170967 7.99835059
v 48.83231014 0.04367023 8.15389122
v 48.64400103 0.00445495 8.09931519
v 47.98059375 -0.04062741 7.99385254
v 48.66520319 0.00909973 8.10397749
v 48.24607952 -0.01067297 8.03061349
v 47.98186719 -0.03953376 7.98934277
v 49.28342132 -0.01172867 8.19605812
v 48.77494729 0.03701373 8.13832885
v 48.75638405 0.03450010 8.11370873
v 48.64044531 0.00420760 8.09301660
v 48.13494051 -0.01702819 7.99870642
v 47.98314844 -0.03842871 7.98482129
v 49.19790581 -0.01292031 8.15028465
v 48.82544827 0.04818879 8.08954840
v 48.78359466 0.04051563 8.11868642
v 48.30402611 0.00462250 8.03554428
v 47.98446094 -0.03731226 7.98028711
v 48.45695405 0.01026696 8.06519029
v 48.33912416 0.01160013 8.04082363
v 47.98798513 -0.02659241 7.99145671
v 47.98511719 -0.03674977 7.97801563
v 49.22749060 -0.01252269 8.18134464
v 48.17981132 -0.02131455 8.01702908
v 47.98578906 -0.03618440 7.97574121
v 49.07442363 0.00297156 8.17878034
v 48.45730879 0.01407574 8.04664296
v 48.29860383 -0.00208695 8.07938848
v 48.20865862 -0.02002935 8.03552385
v 47.98645312 -0.03561624 7.97346387
v 48.86429909 0.04801590 8.09175040
v 48.61598288 0.00130508 8.07429613
v 47.98713281 -0.03504513 7.97118359
v 49.26778011 -0.01199738 8.18004570
v 48.43030719 0.01929087 8.03355440
v 48.02944283 -0.00339663 7.97662738
v 47.98781250 -0.03447134 7.96890039
v 49.14155512 -0.00822455 8.16704187
v 48.65636665 0.00854657 8.08397738
v 48.29172822 0.00385252 8.01498620
v 47.98850000 -0.03389535 7.96661426
v 48.66478393 0.01157503 8.07401298
v 48.62093639 0.00352815 8.06092041
v 48.39398557 0.02044702 8.02892479
v 48.31695557 0.01083811 8.01259576
v 48.25796701 -0.00483442 8.00927891
v 48.06916863 -0.00602184 7.98429005
v 48.06355785 -0.00629001 7.98658749
v 48.00671741 -0.01106431 7.98358481
v 47.98917969 -0.03332655 7.96433398
v 49.32475079 -0.01190348 8.17416164
v 48.81473689 0.04667644 8.09560417
v 48.24141081 -0.00834607 8.00249607
v 48.20463025 -0.01629959 8.00590015
v 47.99086836 -0.02675803 7.96933530
v 47.98984375 -0.03276797 7.96206055
v 49.18429670 -0.01201073 8.16589171
v 48.90628303 0.04360616 8.08177584
v 48.74810066 0.03355724 8.09665394
v 48.58296317 -0.00006049 8.06433042
v 48.45514714 0.01741774 8.03147029
v 48.36445338 0.02079006 8.01106200
v 47.99705748 -0.01990001 7.95160811
v 47.99050781 -0.03221942 7.95979492
v 48.22250226 -0.01055830 7.98566134
v 48.17424515 -0.01746081 7.99488530
v 48.13456829 -0.00978614 7.96811257
v 48.00997483 -0.00597811 7.95288169
v 48.00249818 -0.01207700 7.95787542
v 47.99115625 -0.03168100 7.95753711
v 48.18323039 -0.01549228 7.98753585
v 48.00139440 -0.01334828 7.95617488
v 47.99179687 -0.03115265 7.95528711
v 48.67344921 0.01509612 8.05723629
v 48.58113865 0.00249127 8.04553630
v 48.42004572 0.02331903 8.01500898
v 48.02498515 -0.00177764 7.96535689
v 47.99242969 -0.03063441 7.95304395
v 49.30453646 -0.01169655 8.15714227
v 48.62290495 0.00625749 8.03378200
v 48.12102504 -0.01237402 7.98558179
v 47.99366406 -0.02962821 7.94858301
v 48.39396069 0.02327384 8.01187752
v 48.31806016 0.01267211 7.99975997
v 48.19269340 -0.01017126 7.95218003
v 47.99485937 -0.02866238 7.94415137
v 48.77977788 0.04262056 8.07790632
v 48.39059036 0.02628404 7.99307839
v 48.34932467 0.02196602 7.98251544
v 48.18866155 -0.00992943 7.94707403
v 48.02089386 0.00557659 7.91098427
v 47.99602344 -0.02773693 7.93975195
v 48.83160980 0.05031473 8.07368584
v 47.99714063 -0.02685186 7.93538281
v 49.30688788 -0.01176197 8.13583463
v 48.66765538 0.01505966 8.02917906
v 48.08471355 0.00012217 7.95456016
v 48.05182754 0.00523125 7.94728740
v 49.22133295 -0.01316100 8.14821635
v 49.16562278 -0.01282716 8.10071543
v 48.47994483 0.02088221 7.99244462
v 48.25356676 -0.00318379 7.98205787
v 48.23061886 -0.00683982 7.96643462
v 47.99881086 -0.02555512 7.92866766
v 48.93253993 0.03887218 8.05746479
v 48.79202698 0.04764380 8.04177179
v 48.51631064 0.01114768 8.01751618
v 48.03740022 0.00902978 7.92220401
v 48.00028125 -0.02443893 7.92245996
v 48.43278254 0.02836155 7.97554825
v 48.42595856 0.02626081 7.99353496
v 48.23557162 -0.00544849 7.95494474
v 48.16948303 -0.00876083 7.93960811
v 48.00218750 -0.02303220 7.91399902
v 49.23278150 -0.01348621 8.12810165
v 48.53064922 0.01149212 7.99966872
v 48.46451909 0.02274229 7.99347884
v 48.06647139 0.01046641 7.91883782
v 48.58783285 0.00662292 8.00745996
v 48.41980413 0.03129050 7.95669127
v 48.25230644 -0.00159614 7.96116161
v 48.00978769 -0.00663441 7.90597625
v 48.00510513 -0.02098412 7.89975490
v 49.32899719 -0.01194059 8.13216493
v 49.31984533 -0.01195492 8.08575976
v 49.27331924 -0.01214749 8.14366132
v 49.11694097 -0.00628818 8.09231044
v 48.61577298 0.00680269 8.01401368
v 48.56047358 0.00931187 7.98895905
v 48.02144722 0.00582038 7.89549530
v 48.87177435 0.05106569 8.03225851
v 48.51633486 0.01791129 7.95925292
v 48.35655935 0.02497766 7.96189996
v 48.29085163 0.00983283 7.92235732
v 48.00571014 -0.02038235 7.89599928
v 48.00828125 -0.01902045 7.88138867
v 48.66287104 0.01516969 7.98568609
v 48.57206691 0.00923435 7.97751946
v 48.54337386 0.01268461 7.96934622
v 48.46233915 0.02712095 7.96252131
v 48.20777570 -0.00760769 7.92005966
v 48.17932991 -0.00580798 7.89557622
v 48.22911726 -0.00518699 7.87885197
v 48.14128066 -0.00170128 7.91771097
v 49.21990072 -0.01445941 8.10747716
v 48.91681630 0.04253327 8.01379840
v 48.84330157 0.05249424 7.97759632
v 48.61150359 0.00849577 7.97597290
v 48.05284055 0.01700967 7.88694857
v 48.01062241 -0.01789539 7.86440681
v 48.79296462 0.04838140 8.01784871
v 48.55072721 0.01255639 7.94399584
v 48.45824892 0.02995336 7.93194844
v 48.02765524 0.01109905 7.85764558
v 48.01196094 -0.01759301 7.85075195
v 49.20806329 -0.01732012 8.04995744
v 49.07216378 0.00138177 8.04352471
v 48.88710301 0.04829800 7.99593269
v 48.68710620 0.02016862 7.95092028
v 48.54977497 0.01304733 7.92038123
v 48.27391226 0.00448372 7.88949299
v 48.03831259 0.01741867 7.82609448
v 48.01289844 -0.01784842 7.83617285
v 48.71971875 0.02829397 7.94529199
v 48.66219667 0.01506383 7.95549733
v 48.62417084 0.00706955 7.91748386
v 48.41196372 0.03393325 7.92650263
v 48.41466530 0.03382849 7.86053417
v 48.01321875 -0.01874995 7.82208691
v 48.86002892 0.05031111 7.96474789
v 48.75412532 0.03811651 7.95690151
v 48.45918839 0.03018677 7.90037646
v 48.41499943 0.03204173 7.87747070
v 48.35124642 0.02553567 7.89457697
v 48.07228297 0.01777647 7.84449168
v 48.01294531 -0.02029759 7.80849414
v 49.32615972 -0.01227348 8.03705550
v 48.81937338 0.05132713 7.96546370
v 48.78330902 0.04454987 7.94969399
v 48.24900752 -0.00460600 7.85122502
v 48.01902980 0.00132579 7.83963909
v 48.01257812 -0.02131371 7.80188281
v 49.13697092 -0.01499498 8.01618844
v 48.55751890 0.00946396 7.88422303
v 48.26192164 -0.00303668 7.84165388
v 48.13321599 0.00254126 7.83003535
v 48.01541761 -0.00528503 7.78649461
v 48.01206250 -0.02249137 7.79539453
v 49.23794825 -0.01895187 8.00045226
v 48.66551068 0.01070322 7.89131482
v 48.53755107 0.01315682 7.88516602
v 48.44330241 0.02699355 7.84416061
v 48.18226683 -0.01184568 7.82425541
v 48.01139062 -0.02383057 7.78902930
v 49.32572127 -0.01278469 7.99328755
v 49.05249001 0.00136964 7.97642565
v 48.66119057 0.00663339 7.87094610
v 48.47891138 0.02356664 7.86583593
v 48.20824086 -0.01580640 7.80867785
v 48.01057031 -0.02533131 7.78278711
v 49.18174778 -0.02810654 7.93044260
v 49.13643354 -0.02337628 7.93420569
v 48.56978469 0.00785857 7.88662463
v 48.00959375 -0.02699359 7.77666895
v 48.61352800 0.00336763 7.87445163
v 48.38449895 0.02449413 7.82865708
v 48.29465769 0.00571292 7.84241451
v 48.16918524 -0.01582374 7.79648752
v 48.05798127 0.01624961 7.79572125
v 48.00847656 -0.02881743 7.77067383
v 49.33595275 -0.01280235 7.97580305
v 48.51045214 0.01569428 7.85825612
v 48.00719531 -0.03080281 7.76480176
v 49.29932573 -0.01498321 7.97127528
v 48.22191296 -0.02150100 7.79031416
v 48.04808496 0.01189530 7.77409647
v 48.00577344 -0.03294976 7.75905273
v 49.22609424 -0.02662119 7.91966336
v 48.52522985 0.00886783 7.84029361
v 48.49094330 0.01610573 7.83737243
v 48.01649747 -0.00197633 7.77857068
v 48.00419531 -0.03525826 7.75342773
v 49.13738586 -0.02576818 7.93040228
v 48.90420213 0.03536198 7.89150489
v 48.31913905 0.00772907 7.81723152
v 48.24870236 -0.01851229 7.78650102
v 48.13400819 -0.01940146 7.76263805
v 48.00246094 -0.03772833 7.74792578
v 48.94214637 0.02631291 7.90154544
v 48.57883643 0.00250445 7.85614601
v 48.37411587 0.01782342 7.80723954
v 48.24184033 -0.02627255 7.77117638
v 48.17107274 -0.02686040 7.77067664
v 48.03771566 0.00983341 7.75709369
v 48.00058594 -0.04035997 7.74254688
v 48.66953260 0.00225234 7.83783394
v 48.58419498 -0.00106699 7.84199677
v 48.53387610 0.00343493 7.82554252
v 48.46677607 0.01625963 7.81614015
v 47.99855469 -0.04315318 7.73729199
v 49.03309588 -0.00278808 7.90311360
v 48.39675880 0.02545810 7.82160323
v 48.20660404 -0.03514910 7.75888492
v 47.99636719 -0.04610797 7.73216016
v 49.28860483 -0.01810851 7.92773897
v 48.83457143 0.04062251 7.86189429
v 47.99521875 -0.04764595 7.72963965
v 48.55740356 -0.00506349 7.81309408
v 48.46035316 0.01133400 7.79728668
v 48.34841326 0.00671052 7.78392735
v 48.03484464 0.00046590 7.74194738
v 47.99403125 -0.04922433 7.72715137
v 49.15664436 -0.02817462 7.92400287
v 48.75677635 0.02835978 7.85770881
v 48.50468687 0.00209180 7.80015450
v 48.01526930 -0.01096348 7.72145734
v 47.99280469 -0.05084311 7.72469336
v 49.33447712 -0.01369568 7.92407240
v 48.62451373 -0.00584272 7.82713924
v 48.40648856 0.01592475 7.78680912
v 48.23849917 -0.03134874 7.75884476
v 48.18429301 -0.04012040 7.74810181
v 48.05835757 -0.01261068 7.72833936
v 47.99154687 -0.05250229 7.72226660
v 49.13205387 -0.02988969 7.88742122
v 47.98920462 -0.05555338 7.71801389
v 49.07311728 -0.01781623 7.88775644
v 48.78710108 0.03426903 7.85311101
v 48.58753993 -0.00785924 7.81721532
v 48.34316645 -0.00145988 7.76399956
v 49.09391073 -0.02299201 7.88346411
v 48.90845253 0.03211673 7.87596591
v 48.56293613 -0.01153800 7.79612541
v 48.27519432 -0.02003030 7.76542523
v 48.09886355 -0.02864213 7.72887751
v 47.99805529 -0.02773927 7.72872333
v 49.23789381 -0.02775043 7.89566972
v 48.53065713 -0.00418571 7.79971015
v 48.00984378 -0.01003471 7.73776642
v 49.31265277 -0.01553199 7.91473999
v 49.02977426 -0.00782448 7.87132657
v 48.95291241 0.01373478 7.85516933
v 48.00399351 -0.01883035 7.71386848
v 47.98753125 -0.05772219 7.71517090
v 48.86079581 0.03666798 7.85272248
v 48.81091106 0.03183853 7.82879920
v 48.64782623 -0.00545436 7.82018092
v 48.47626233 0.00399032 7.78744437
v 48.22805189 -0.03761982 7.75007035
v 47.98682813 -0.05862752 7.71401465
v 49.09400362 -0.02410612 7.87758529
v 48.68744214 0.00693378 7.83841801
v 48.60497704 -0.01122633 7.80874647
v 48.44725982 0.00672586 7.77899558
v 48.31139594 -0.01294074 7.75720524
v 48.16263090 -0.03655523 7.74894942
v 48.12319765 -0.03692556 7.73108737
v 48.01197728 -0.01377255 7.71836039
v 47.98611719 -0.05954295 7.71286719
v 49.23818013 -0.02839156 7.88924796
v 48.77289989 0.02478242 7.82350571
v 48.35485817 0.00047218 7.76284786
v 48.03714241 -0.01287993 7.72021676
v 47.98539063 -0.06046848 7.71172754
v 49.15452947 -0.03290099 7.88454557
v 49.01781479 -0.00573734 7.86317920
v 48.89632298 0.02786453 7.84486034
v 48.79323360 0.02845657 7.82344102
v 48.53468601 -0.00716829 7.79411070
v 48.40223598 0.00878600 7.77201479
v 48.27053766 -0.02602548 7.75431204
v 48.06152947 -0.02130100 7.72000221
v 48.01847169 -0.01154671 7.72010063
v 47.98466406 -0.06140411 7.71059473
v 49.19065852 -0.03410167 7.88165636
v 49.18175000 -0.03458224 7.87867383
v 49.15362500 -0.03404902 7.87474707
v 49.13175781 -0.03207523 7.87167871
v 49.10964062 -0.02892987 7.86856250
v 49.06483594 -0.01979365 7.86222168
v 49.04228125 -0.01413687 7.85901953
v 49.01835748 -0.00615597 7.86201656
v 48.95247829 0.01236085 7.84874303
v 48.91545060 0.02376915 7.84851508
v 48.15771360 -0.04542376 7.73383323
v 47.98392188 -0.06234984 7.70946973
v 49.27547502 -0.02217904 7.89418916
v 49.25933594 -0.02522693 7.88848047
v 49.23822656 -0.02877933 7.88556836
v 49.21731250 -0.03182229 7.88268652
v 49.15364063 -0.03420012 7.87385449
v 49.13177344 -0.03223602 7.87079297
v 49.10964062 -0.02909856 7.86768262
v 49.06482812 -0.01997345 7.86135449
v 49.04225781 -0.01432022 7.85815820
v 49.01965625 -0.00816271 7.85495312
v 48.98014844 0.00334703 7.84934375
v 48.95226563 0.01160895 7.84538574
v 48.93003125 0.01784981 7.84222949
v 48.90789063 0.02338506 7.83908594
v 48.88582813 0.02788131 7.83595410
v 48.85291999 0.03416670 7.83944502
v 48.82575034 0.03476181 7.83782109
v 48.78709375 0.02705740 7.82191602
v 48.76517188 0.02196715 7.81879785
v 48.75419531 0.01902119 7.81723828
v 48.68798490 0.00181369 7.81721150
v 48.45533987 0.00362409 7.77626601
v 47.98354688 -0.06282649 7.70891113
v 49.25939063 -0.02530311 7.88755566
v 49.23827344 -0.02887304 7.88465039
v 49.21735156 -0.03193282 7.88177441
v 49.19640625 -0.03409259 7.87888965
v 49.18186803 -0.03512307 7.87509782
v 49.13178125 -0.03239728 7.86990723
v 49.10964062 -0.02926776 7.86680273
v 49.06481250 -0.02015384 7.86048730
v 49.04223437 -0.01450419 7.85729688
v 49.01962500 -0.00834914 7.85409766
v 48.98010156 0.00315848 7.84849902
v 48.95221094 0.01142011 7.84454883
v 48.92996875 0.01766101 7.84139844
v 48.90782031 0.02319613 7.83826172
v 48.88575781 0.02769175 7.83513574
v 48.86375000 0.03081409 7.83201660
v 48.77477637 0.02279410 7.81184898
v 48.76505469 0.02175188 7.81801270
v 48.75407812 0.01880188 7.81645508
v 48.73210156 0.01239412 7.81333594
v 48.71006250 0.00570169 7.81020898
v 48.66256321 -0.00650578 7.80728771
v 48.65423970 -0.00970805 7.80078000
v 48.59796376 -0.01410744 7.79862314
v 48.45061719 0.00310784 7.77328125
v 48.42837500 0.00521158 7.77012402
v 48.33915956 -0.00850034 7.74996327
v 48.30799390 -0.01682028 7.75045427
v 48.15193750 -0.04599649 7.73123828
v 48.12705469 -0.04123364 7.72766992
v 48.11834898 -0.03711223 7.72868338
v 47.98317187 -0.06330564 7.70835352
v 49.31593047 -0.01653611 7.89318847
v 49.23831250 -0.02896704 7.88373145
v 49.21739063 -0.03204368 7.88086230
v 49.19643750 -0.03421906 7.87798437
v 49.13178906 -0.03255905 7.86902148
v 49.10964062 -0.02943751 7.86592383
v 49.06479687 -0.02033486 7.85962109
v 49.04221094 -0.01468883 7.85643652
v 49.01959375 -0.00853628 7.85324316
v 48.98005469 0.00296915 7.84765527
v 48.95215625 0.01123045 7.84371289
v 48.92990625 0.01747135 7.84056934
v 48.90775000 0.02300632 7.83743848
v 48.88567969 0.02750125 7.83431738
v 48.86366406 0.03062204 7.83120508
v 48.84170313 0.03203463 7.82809668
v 48.76146167 0.01992309 7.81366196
v 48.73196875 0.01216534 7.81256055
v 48.70992187 0.00546470 7.80943945
v 48.68780469 -0.00104880 7.80630664
v 48.66559375 -0.00690178 7.80315918
v 48.52930975 -0.01012186 7.78402930
v 48.45038281 0.00282421 7.77257812
v 48.42813281 0.00492017 7.76942676
v 48.42202848 0.00434840 7.76649947
v 48.38289861 0.00120852 7.75588570
v 48.31027344 -0.01510323 7.75288379
v 48.25511426 -0.03423624 7.74543389
v 48.15160156 -0.04641770 7.73061914
v 48.12670312 -0.04165087 7.72705664
v 47.98279687 -0.06378740 7.70779785
v 49.23835938 -0.02906128 7.88281348
v 49.21742969 -0.03215483 7.87995117
v 49.19646875 -0.03434585 7.87708008
v 49.14643084 -0.03463561 7.86833126
v 49.13179687 -0.03272127 7.86813672
v 49.10964062 -0.02960776 7.86504492
v 49.06478125 -0.02051644 7.85875488
v 49.04218750 -0.01487406 7.85557617
v 49.01956250 -0.00872405 7.85238965
v 48.98000781 0.00277914 7.84681250
v 48.95210156 0.01104007 7.84287793
v 48.92984375 0.01728093 7.83973926
v 48.90768750 0.02281571 7.83661523
v 48.88560156 0.02730993 7.83350098
v 48.86357812 0.03042913 7.83039355
v 48.85042344 0.03118403 7.82670128
v 48.72134302 0.00865977 7.81012372
v 48.67517835 -0.00590819 7.79974965
v 48.66543750 -0.00715440 7.80240234
v 48.55199940 -0.01584745 7.78091967
v 48.45638642 0.00165315 7.77233464
v 48.42789063 0.00462727 7.76873145
v 48.26989440 -0.03103725 7.74390474
v 48.15126563 -0.04684080 7.73000195
v 48.12635156 -0.04207002 7.72644434
v 47.99312987 -0.02888155 7.70907293
v 47.98241406 -0.06427154 7.70724414
v 49.33732527 -0.01423547 7.89926938
v 49.27893327 -0.02208757 7.88824023
v 49.23904035 -0.02917819 7.88087120
v 49.20463187 -0.03446779 7.87275675
v 49.13180469 -0.03288404 7.86725195
v 49.10964844 -0.02977860 7.86416699
v 49.06476562 -0.02069872 7.85788867
v 49.04216406 -0.01506004 7.85471680
v 49.01953125 -0.00891260 7.85153613
v 48.97996094 0.00258826 7.84596973
v 48.95204688 0.01084877 7.84204297
v 48.92978125 0.01708955 7.83891113
v 48.91401079 0.02053350 7.83406682
v 48.88552344 0.02711757 7.83268457
v 48.86350000 0.03023513 7.82958398
v 48.63940211 -0.01453848 7.79246157
v 48.57808253 -0.01511155 7.79169574
v 48.47722707 -0.00019437 7.77832336
v 48.22630117 -0.04302311 7.74019461
v 48.15092188 -0.04726662 7.72938574
v 48.12600000 -0.04249194 7.72583398
v 47.99708859 -0.02461477 7.70802027
v 47.98543817 -0.04205729 7.70674229
v 47.98031181 -0.05537118 7.70229506
v 47.98203125 -0.06475852 7.70669238
v 49.10964844 -0.02994945 7.86328809
v 49.06475000 -0.02088100 7.85702246
v 49.04214063 -0.01524603 7.85385645
v 49.01950000 -0.00910118 7.85068262
v 48.97992188 0.00239736 7.84512695
v 48.95199219 0.01065744 7.84120703
v 48.92971875 0.01689815 7.83808105
v 48.89391021 0.02434065 7.82722621
v 48.12052166 -0.04177019 7.72452974
v 47.98164844 -0.06524497 7.70614258
v 49.33609294 -0.01500875 7.87301901
v 49.10965625 -0.03028789 7.86152539
v 49.06472656 -0.02124181 7.85528418
v 49.01944531 -0.00947404 7.84896777
v 48.97983594 0.00202030 7.84343262
v 48.96731734 0.00350863 7.83163490
v 48.51399585 -0.00853497 7.77957546
v 48.18979324 -0.04655766 7.73798323
v 48.15661376 -0.05028239 7.72736437
v 48.04509158 -0.02002984 7.71432931
v 47.98090625 -0.06620054 7.70502246
v 49.10966406 -0.03062165 7.85975684
v 49.06470313 -0.02159716 7.85353906
v 49.01939062 -0.00984066 7.84724609
v 48.97975781 0.00165015 7.84173047
v 48.47078257 -0.00228832 7.77048091
v 48.42201965 0.00094565 7.75767277
v 47.98433459 -0.04193182 7.70382137
v 47.98018750 -0.06713174 7.70387305
v 49.16628193 -0.03817137 7.85544040
v 49.10968750 -0.03095070 7.85798340
v 49.06469531 -0.02194703 7.85178809
v 49.01935156 -0.01020105 7.84551660
v 48.97968750 0.00128693 7.84002051
v 48.81703281 0.03039861 7.82033521
v 47.97949219 -0.06803851 7.70269336
v 49.10971094 -0.03127508 7.85620410
v 49.06468750 -0.02229146 7.85002930
v 49.01931250 -0.01055521 7.84377930
v 48.97962500 0.00093059 7.83830176
v 48.53558374 -0.01452609 7.77655129
v 48.10816503 -0.04140651 7.71926147
v 48.03183993 -0.02245960 7.70605196
v 48.00502007 -0.02168342 7.70441626
v 47.97882031 -0.06892095 7.70148437
v 49.23879560 -0.02977936 7.87563885
v 49.10973438 -0.03159477 7.85441797
v 49.06468750 -0.02263042 7.84826465
v 49.03800273 -0.01593720 7.84508324
v 48.97957031 0.00058117 7.83657422
v 48.63144924 -0.01826574 7.78313804
v 48.61119720 -0.01905802 7.78641738
v 48.55453241 -0.01690076 7.77873889
v 48.22570702 -0.04644714 7.73562540
v 47.97817188 -0.06977901 7.70024512
v 49.20609414 -0.03789224 7.84525791
v 49.13412165 -0.03678720 7.84846405
v 48.85149178 0.02954618 7.81990685
v 48.58101491 -0.01996637 7.77997497
v 48.46972248 -0.00447168 7.76423697
v 48.06303016 -0.03073406 7.70959800
v 47.98032525 -0.04299481 7.68775304
v 47.97754688 -0.07061272 7.69897559
v 49.29387597 -0.01990023 7.88513099
v 48.85322416 0.02865030 7.81647302
v 48.46491045 -0.00577187 7.75700298
v 48.42059362 -0.00118002 7.74783821
v 48.04040335 -0.02711790 7.70266029
v 47.97695313 -0.07142205 7.69767676
v 49.06135163 -0.02380129 7.83732888
v 48.81959869 0.02774990 7.80575766
v 48.78073673 0.02341454 7.81035232
v 48.50321390 -0.01133480 7.76547608
v 47.97637500 -0.07220703 7.69634766
v 49.35453785 -0.01359714 7.87770456
v 49.02095160 -0.01412045 7.82759400
v 48.36274154 -0.00356056 7.74743218
v 48.31974787 -0.01495479 7.74621794
v 48.25290763 -0.04197986 7.72824280
v 47.97870019 -0.05365857 7.69766328
v 49.30572206 -0.01926972 7.86317660
v 48.63260861 -0.01866732 7.78183764
v 48.53596916 -0.01653088 7.77045131
v 48.33755640 -0.01143086 7.73978377
v 47.97465900 -0.07377962 7.69302587
v 48.90742513 0.01766389 7.80828600
v 48.58874996 -0.02284945 7.76915949
v 48.54797653 -0.02144484 7.75786917
v 48.40839425 -0.00255116 7.73951186
v 48.19334710 -0.05449088 7.72629786
v 48.14050459 -0.05755572 7.71231708
v 48.00115465 -0.02578803 7.69495870
v 47.97379329 -0.07584953 7.68906737
v 48.84456983 0.02512991 7.78575748
v 48.66614419 -0.01239288 7.78194943
v 48.46792694 -0.00831180 7.74894452
v 47.97264844 -0.07761001 7.68463965
v 49.19038013 -0.04546468 7.79199968
v 48.60618286 -0.02483841 7.75883954
v 48.23962362 -0.05014418 7.71315194
v 47.97196094 -0.07871722 7.68141309
v 49.06854892 -0.02990981 7.80967157
v 48.78298199 0.02254676 7.80012162
v 48.60242756 -0.02790716 7.74208296
v 48.46543140 -0.00951271 7.73916147
v 48.15893270 -0.06554359 7.69623241
v 47.98949069 -0.03364196 7.68794807
v 47.97466633 -0.05706473 7.68420174
v 47.97136719 -0.07972702 7.67806738
v 48.52017325 -0.01809618 7.75031948
v 47.97086719 -0.08063943 7.67460156
v 48.79151928 0.02135987 7.78354816
v 48.33759206 -0.01471147 7.72279839
v 47.97046875 -0.08145444 7.67101660
v 49.25686666 -0.02783752 7.86531707
v 48.39401975 -0.00386531 7.72956954
v 48.21705358 -0.06192017 7.67963041
v 48.13876664 -0.06232307 7.69872716
v 47.97016406 -0.08217207 7.66731250
v 48.31718895 -0.02422573 7.70148992
v 48.20111400 -0.06402723 7.69014800
v 48.02833063 -0.03162744 7.68182926
v 47.96985156 -0.08331517 7.65954395
v 48.77251902 0.01626545 7.77397610
v 48.67234709 -0.01614927 7.72824566
v 48.54410943 -0.02377658 7.72965016
v 48.35501067 -0.01186998 7.70845365
v 48.02649999 -0.03420914 7.66166809
v 47.96992969 -0.08406875 7.65129687
v 49.10979204 -0.04298821 7.77741849
v 48.78552441 0.01742066 7.73884057
v 48.62558760 -0.02618213 7.73176664
v 48.52045597 -0.02027529 7.73141634
v 48.46380827 -0.01099252 7.70692064
v 48.20533563 -0.06415779 7.66601810
v 47.97039063 -0.08443282 7.64257227
v 48.42334484 -0.00597914 7.70050256
v 48.24666179 -0.05240444 7.67158466
v 48.14370839 -0.06757773 7.65588962
v 47.98379731 -0.03714387 7.63864694
v 47.97132841 -0.05779090 7.65470335
v 47.97124219 -0.08440738 7.63337012
v 48.91109415 0.01324930 7.77006034
v 48.84099180 0.02432103 7.76645089
v 48.58626322 -0.02800722 7.71753521
v 48.53048287 -0.02154281 7.70043785
v 48.39407141 -0.00556521 7.67029412
v 48.26006505 -0.04794359 7.65055214
v 47.97247656 -0.08399245 7.62368945
v 49.32791749 -0.01686886 7.82602138
v 48.78780274 0.01786545 7.72175238
v 48.53866346 -0.02177731 7.69043453
v 47.97436520 -0.07126549 7.61264209
v 49.04479212 -0.02532696 7.73128238
v 48.46941341 -0.00945013 7.67445027
v 48.37012794 -0.00706221 7.66100930
v 48.18769691 -0.06420394 7.61201298
v 48.11100088 -0.06024082 7.65214191
v 48.58285988 -0.02546634 7.68484789
v 48.43505973 -0.00586229 7.67909325
v 48.20154591 -0.06497761 7.64053831
v 47.99452174 -0.03263325 7.62349525
v 47.98575429 -0.04281555 7.57022000
v 47.97853125 -0.08041075 7.59178125
v 48.82401573 0.02711449 7.67129770
v 48.67027291 -0.01508725 7.65569889
v 48.60867157 -0.02617967 7.67798785
v 48.47754894 -0.00794768 7.65637423
v 48.29189834 -0.03465979 7.62541086
v 47.98132812 -0.07843789 7.58018945
v 49.10792891 -0.04087696 7.74780521
v 48.86810677 0.02552794 7.69833326
v 48.77356065 0.01402899 7.70283556
v 48.48312639 -0.00467426 7.63489812
v 48.24777703 -0.05089347 7.60227759
v 48.02694089 -0.03238349 7.61940282
v 47.99693101 -0.02958969 7.57902512
v 47.98450781 -0.07607554 7.56812109
v 49.32191768 -0.02039674 7.75807988
v 48.49729921 -0.00382092 7.62074826
v 48.28270034 -0.03668747 7.59719017
v 48.21003395 -0.05617641 7.57069677
v 48.12297268 -0.04802328 7.57164613
v 48.01796721 -0.00946243 7.50268411
v 47.98807813 -0.07332371 7.55557422
v 49.24639179 -0.03702613 7.76988735
v 49.15877482 -0.04733918 7.74449626
v 48.98181118 -0.00151009 7.68716162
v 48.93463494 0.01452878 7.67709618
v 48.77217038 0.01663938 7.65441627
v 48.60640591 -0.01978134 7.63601883
v 48.40824414 0.00643226 7.60586257
v 48.37144484 -0.00419806 7.62636559
v 48.28161092 -0.03520336 7.57357137
v 48.16019182 -0.05764819 7.57547988
v 48.03062844 -0.01733584 7.55390425
v 47.99639062 -0.06665160 7.52904980
v 49.33559375 -0.01876496 7.72526172
v 49.31282031 -0.02345569 7.72141211
v 48.95079688 0.01276425 7.66018945
v 48.88457812 0.02968696 7.64899023
v 48.81872656 0.02951098 7.63786133
v 48.78571875 0.02242734 7.63228418
v 48.67437500 -0.00854157 7.61345703
v 48.66307031 -0.01049681 7.61154395
v 48.64130469 -0.01283469 7.60786035
v 48.62890625 -0.01321778 7.60576270
v 48.56562500 -0.00695009 7.59505762
v 48.54660747 -0.00342986 7.59184079
v 48.52537500 0.00083570 7.58825098
v 48.51964844 0.00198931 7.58728223
v 48.48550000 0.00835611 7.58150977
v 48.44632031 0.01291039 7.57488672
v 48.43528906 0.01328923 7.57302441
v 48.40607031 0.01152266 7.56808984
v 48.37107812 0.00321361 7.56218359
v 48.26502344 -0.03746539 7.54425781
v 48.23103906 -0.04538911 7.53850586
v 48.19510938 -0.04732653 7.53242383
v 48.13678906 -0.03488928 7.52255566
v 48.13011719 -0.03254746 7.52142773
v 48.11024219 -0.02510729 7.51806641
v 48.08957592 -0.01719424 7.51455885
v 48.00833594 -0.02456923 7.50093359
v 48.00705469 -0.02985354 7.50072656
v 48.00619531 -0.03585055 7.50058887
v 48.00625781 -0.05842156 7.50061523
v 48.00364063 -0.06062513 7.50790234
v 48.00112500 -0.06273132 7.51507129
v 47.99871094 -0.06474015 7.52212012
v 47.99416406 -0.06846568 7.53585938
v 47.99203906 -0.07018240 7.54255078
v 47.99001562 -0.07180173 7.54912207
v 47.98624219 -0.07474831 7.56190723
v 47.98286719 -0.07730540 7.57421484
v 47.97988281 -0.07947301 7.58604492
v 47.97613427 -0.08199931 7.60274932
v 47.97378305 -0.08336229 7.61540007
v 48.01315625 -0.01944300 7.81522852
v 48.01313281 -0.01821842 7.82906836
v 48.01250781 -0.01763995 7.84340039
v 47.95321875 -0.06662272 8.11530859
v 47.95058594 -0.06960686 8.13189844
v 47.94826562 -0.07240864 8.14829883
v 47.94627344 -0.07502802 8.16450879
v 47.94459375 -0.07746501 8.18052930
v 47.94324219 -0.07971960 8.19635938
v 47.94220312 -0.08179181 8.21199902
v 47.94148438 -0.08368163 8.22744922
v 47.94108594 -0.08538904 8.24270898
v 47.94100781 -0.08691405 8.25777832
v 47.94124219 -0.08825668 8.27265820
v 47.94180469 -0.08941691 8.28734863
v 47.94267969 -0.09039474 8.30184863
v 47.94324219 -0.09081527 8.30902734
v 47.94387500 -0.09119020 8.31615820
v 47.94539063 -0.09180327 8.33027832
v 47.94627344 -0.09204141 8.33726660
v 47.94722656 -0.09223396 8.34420801
v 47.94938281 -0.09248227 8.35794824
v 47.95058594 -0.09253804 8.36474707
v 47.95185937 -0.09254822 8.37149805
v 47.95465625 -0.09243179 8.38485840
v 47.95617188 -0.09230520 8.39146777
v 47.95776563 -0.09213301 8.39802930
v 47.96119531 -0.09165186 8.41100977
v 47.96633057 -0.09071625 8.42831976
v 47.97117969 -0.08965121 8.44263086
v 47.97808829 -0.08789966 8.46107879
v 47.99082813 -0.08337510 8.47988086
v 48.00153906 -0.08030444 8.48171484
v 48.00703906 -0.07934655 8.48265137
v 48.02371875 -0.07771282 8.48548047
v 48.02929688 -0.07739710 8.48642480
v 48.03489063 -0.07713424 8.48736914
v 48.04047656 -0.07689931 8.48831348
v 48.04607031 -0.07667189 8.48925781
v 48.05725000 -0.07617886 8.49114551
v 48.06283594 -0.07588882 8.49208887
v 48.06842969 -0.07555689 8.49303125
v 48.07959375 -0.07473835 8.49491602
v 48.08517188 -0.07423981 8.49585645
v 48.09074219 -0.07367529 8.49679687
v 48.10185937 -0.07233377 8.49867285
v 48.10739844 -0.07155108 8.49960840
v 48.11845313 -0.06975087 8.50147461
v 48.12396875 -0.06873799 8.50240527
v 48.12946094 -0.06766360 8.50333301
v 48.13494531 -0.06653738 8.50426074
v 48.14315625 -0.06476933 8.50564844
v 48.15135156 -0.06292864 8.50703516
v 48.15681250 -0.06167268 8.50795801
v 48.16226563 -0.06039938 8.50888086
v 48.16758594 -0.05914034 8.50978027
v 48.17290625 -0.05786696 8.51068066
v 48.17821875 -0.05658038 8.51157910
v 48.18353125 -0.05528176 8.51247852
v 48.18922656 -0.05387781 8.51344043
v 48.19491406 -0.05246323 8.51440234
v 48.20034375 -0.05110379 8.51532129
v 48.20577344 -0.04973835 8.51624023
v 48.21120312 -0.04836894 8.51715820
v 48.21663281 -0.04699784 8.51807617
v 48.23292188 -0.04290005 8.52083105
v 48.23835938 -0.04154910 8.52175000
v 48.24379688 -0.04021111 8.52266895
v 48.25467969 -0.03758951 8.52451074
v 48.26012500 -0.03631427 8.52543262
v 48.26558594 -0.03506882 8.52635547
v 48.27652344 -0.03268811 8.52820605
v 48.28749219 -0.03049155 8.53006250
v 48.29300000 -0.02947788 8.53099414
v 48.29850781 -0.02853022 8.53192676
v 48.30403906 -0.02765733 8.53286230
v 48.30957031 -0.02686757 8.53379980
v 48.32067969 -0.02555751 8.53568066
v 48.32624219 -0.02504176 8.53662402
v 48.33182031 -0.02461836 8.53756738
v 48.33739844 -0.02428420 8.53851270
v 48.34298438 -0.02403523 8.53945801
v 48.34857813 -0.02386597 8.54040332
v 48.35416406 -0.02377060 8.54134961
v 48.35975781 -0.02374331 8.54229590
v 48.36535156 -0.02377830 8.54324121
v 48.37094531 -0.02386991 8.54418750
v 48.37653125 -0.02401266 8.54513281
v 48.38212500 -0.02420182 8.54607812
v 48.38771094 -0.02443292 8.54702246
v 48.39888281 -0.02500514 8.54891113
v 48.40446875 -0.02533929 8.54985547
v 48.41176563 -0.02581809 8.55108887
v 48.41906250 -0.02633916 8.55232227
v 48.42850781 -0.02706805 8.55391797
v 48.43794531 -0.02785039 8.55551270
v 48.44351563 -0.02833450 8.55645508
v 48.45465625 -0.02934510 8.55833789
v 48.46579688 -0.03040472 8.56022168
v 48.47136719 -0.03095053 8.56116309
v 48.47693750 -0.03150597 8.56210352
v 48.48250000 -0.03207023 8.56304492
v 48.48807031 -0.03264257 8.56398535
v 48.49363281 -0.03322233 8.56492676
v 48.51032813 -0.03500161 8.56774805
v 48.51589062 -0.03560535 8.56868848
v 48.52145313 -0.03619621 8.56962891
v 48.52702344 -0.03674674 8.57056934
v 48.53260156 -0.03723370 8.57150977
v 48.55497656 -0.03818380 8.57528223
v 48.56617969 -0.03789642 8.57716797
v 48.57176562 -0.03754001 8.57811035
v 48.58291406 -0.03639475 8.57998828
v 48.58846094 -0.03561472 8.58092285
v 48.59399219 -0.03471632 8.58185547
v 48.59950000 -0.03371431 8.58278516
v 48.61047656 -0.03145043 8.58463770
v 48.62138281 -0.02890742 8.58647949
v 48.62682031 -0.02755198 8.58739746
v 48.63224219 -0.02614977 8.58831445
v 48.63765625 -0.02470662 8.58922852
v 48.64351562 -0.02310073 8.59021875
v 48.65429688 -0.02005084 8.59204102
v 48.66935857 -0.01564026 8.59458531
v 48.68069531 -0.01223514 8.59650293
v 48.68606250 -0.01061416 8.59740918
v 48.69315251 -0.00846385 8.59860824
v 48.70214062 -0.00573647 8.60012695
v 48.70750000 -0.00411330 8.60103320
v 48.71286719 -0.00249515 8.60194043
v 48.71822656 -0.00088415 8.60284668
v 48.72359375 0.00071774 8.60375391
v 48.73196516 0.00319170 8.60516818
v 48.73971875 0.00544963 8.60648047
v 48.74510156 0.00699607 8.60738965
v 48.75048437 0.00852406 8.60830078
v 48.75588281 0.01003178 8.60921289
v 48.76128125 0.01151744 8.61012598
v 48.76668750 0.01297924 8.61104004
v 48.77209375 0.01441537 8.61195508
v 48.77751562 0.01582404 8.61287109
v 48.78293750 0.01720344 8.61378906
v 48.78837500 0.01855174 8.61470801
v 48.79381250 0.01986711 8.61562793
v 48.79926562 0.02114764 8.61654980
v 48.80471875 0.02239144 8.61747266
v 48.81018750 0.02359661 8.61839746
v 48.81565625 0.02476118 8.61932324
v 48.82114062 0.02588305 8.62025098
v 48.82663281 0.02696011 8.62118066
v 48.83764062 0.02897335 8.62304297
v 48.84315625 0.02990877 8.62397656
v 48.84945312 0.03091796 8.62504199
v 48.85736719 0.03210061 8.62638086
v 48.86528906 0.03319123 8.62772266
v 48.87083594 0.03390006 8.62866113
v 48.87639062 0.03456543 8.62960156
v 48.88195313 0.03518795 8.63054199
v 48.88751562 0.03576823 8.63148340
v 48.89308594 0.03630688 8.63242578
v 48.89865625 0.03680453 8.63336914
v 48.90423438 0.03726177 8.63431250
v 48.91539063 0.03805748 8.63620117
v 48.92096875 0.03839716 8.63714551
v 48.92655469 0.03869883 8.63809082
v 48.93214063 0.03896311 8.63903613
v 48.93773437 0.03919057 8.63998242
v 48.94332031 0.03938180 8.64092871
v 48.94891406 0.03953737 8.64187500
v 48.95450781 0.03965786 8.64282129
v 48.96010156 0.03974385 8.64376758
v 48.96569531 0.03979588 8.64471387
v 48.97128906 0.03981451 8.64566016
v 48.97687500 0.03980031 8.64660645
v 48.98385156 0.03973747 8.64778711
v 48.99082031 0.03962551 8.64896582
v 48.99778906 0.03946547 8.65014551
v 49.00475781 0.03925837 8.65132520
v 49.00966406 0.03908508 8.65215430
v 49.01456250 0.03888935 8.65298340
v 49.01946094 0.03867154 8.65381250
v 49.02435938 0.03843200 8.65464063
v 49.02925781 0.03817105 8.65546973
v 49.03415625 0.03788905 8.65629785
v 49.04435574 0.03724285 8.65802373
v 49.05510156 0.03645182 8.65984180
v 49.06067969 0.03600825 8.66078418
v 49.06625781 0.03554008 8.66172754
v 49.07182813 0.03504779 8.66266992
v 49.07739844 0.03453189 8.66361230
v 49.08296875 0.03399283 8.66455371
v 49.08853125 0.03343110 8.66549512
v 49.09409375 0.03284719 8.66643652
v 49.09965625 0.03224157 8.66737695
v 49.10521875 0.03161471 8.66831738
v 49.11077344 0.03096711 8.66925684
v 49.11632813 0.03029925 8.67019629
v 49.12188281 0.02961159 8.67113477
v 49.12743750 0.02890463 8.67207324
v 49.13298437 0.02817884 8.67301074
v 49.13853125 0.02743471 8.67394922
v 49.14407031 0.02667274 8.67488574
v 49.14961719 0.02589341 8.67582227
v 49.16068750 0.02428472 8.67769434
v 49.16622656 0.02345637 8.67862988
v 49.17175781 0.02261272 8.67956543
v 49.18452344 0.02060899 8.68172266
v 49.19175781 0.01944059 8.68294434
v 49.19898438 0.01825039 8.68416602
v 49.21383594 0.01574133 8.68667480
v 49.22145312 0.01442337 8.68796289
v 49.22696875 0.01345824 8.68889355
v 49.23247656 0.01248454 8.68982520
v 49.23799219 0.01150303 8.69075586
v 49.24350000 0.01051448 8.69168652
v 49.24900781 0.00951971 8.69261621
v 49.25451563 0.00851962 8.69354687
v 49.26463264 0.00667108 8.69525619
v 49.27653906 0.00448591 8.69726660
v 49.28203906 0.00347476 8.69819629
v 49.29305469 0.00145813 8.70005566
v 49.29856250 0.00045563 8.70098535
v 49.30407031 -0.00054070 8.70191602
v 49.30957813 -0.00152890 8.70284570
v 49.32612500 -0.00442211 8.70563867
v 49.33164062 -0.00535363 8.70657129
v 49.33716406 -0.00626329 8.70750391
v 49.34386791 -0.00733746 8.70863478
v 49.34822656 -0.00800015 8.70937109
v 49.35376563 -0.00881713 8.71030566
v 49.35931250 -0.00959155 8.71124121
v 49.37042187 -0.01097937 8.71311621
v 49.37599219 -0.01157108 8.71405566
v 49.37790625 -0.01175519 8.71437891
v 49.38266916 -0.01218109 8.71518213
v 49.37931676 -0.01270387 8.65360949
v 49.36751605 -0.01268425 8.58326107
v 49.35694720 -0.01266140 8.50273846
v 49.30375743 -0.01158478 8.28902041
v 49.35109515 -0.01269625 8.26074141
v 49.31792847 -0.01185306 8.21789501
v 49.34462705 -0.01247651 8.21748902
v 49.34784074 -0.01254068 8.20501233
v 49.34727573 -0.01247735 8.18215724
v 49.33734838 -0.01217418 8.16904533
v 49.34096097 -0.01224219 8.14879392
v 49.34747690 -0.01237252 8.08442048
v 49.35396862 -0.01257555 7.99807182
v 49.34368930 -0.01320956 7.93311197
v 49.34912322 -0.01370197 7.88852933
v 49.35755469 -0.01329110 7.89048926
v 49.35803906 -0.01332258 7.88607324
v 49.35853125 -0.01335287 7.88165820
v 49.36579405 -0.01321937 7.86112482
v 49.35748856 -0.01382581 7.84800736
v 49.36491658 -0.01358401 7.82901697
v 49.37322137 -0.01356969 7.76966705
v 49.35915528 -0.01478039 7.75592685
v 49.37898438 -0.01342260 7.73259766
v 49.35956250 -0.01515593 7.72931348
v 49.35344531 -0.01593006 7.72827930
v 49.34741406 -0.01679469 7.72725977
v 49.34146094 -0.01774220 7.72625391
v 49.32979687 -0.01985532 7.72428223
v 49.32407031 -0.02100565 7.72331445
v 49.31841406 -0.02220832 7.72235840
v 49.30055153 -0.02633909 7.71933818
v 49.28561719 -0.03009573 7.71681445
v 49.28029687 -0.03145090 7.71591602
v 49.25764854 -0.03715287 7.71208855
v 49.24375781 -0.04026274 7.70974121
v 49.23858594 -0.04133340 7.70886621
v 49.23340625 -0.04233405 7.70799121
v 49.22822656 -0.04325701 7.70711523
v 49.22303125 -0.04409462 7.70623730
v 49.21782031 -0.04483921 7.70535645
v 49.21059375 -0.04570071 7.70413477
v 49.20332031 -0.04634976 7.70290430
v 49.19638281 -0.04675441 7.70173047
v 49.18939063 -0.04695703 7.70054785
v 49.18235156 -0.04696458 7.69935840
v 49.17526563 -0.04678400 7.69816016
v 49.16982813 -0.04652365 7.69724121
v 49.16437500 -0.04616068 7.69631738
v 49.15889062 -0.04569818 7.69539062
v 49.15339063 -0.04513926 7.69445996
v 49.14786719 -0.04448700 7.69352637
v 49.14232812 -0.04374449 7.69258887
v 49.13677344 -0.04291483 7.69164941
v 49.13119531 -0.04200110 7.69070605
v 49.12560938 -0.04100640 7.68976074
v 49.12000781 -0.03993382 7.68881348
v 49.11439062 -0.03878644 7.68786328
v 49.10876562 -0.03756735 7.68691211
v 49.10312500 -0.03627965 7.68595801
v 49.09748438 -0.03492641 7.68500293
v 49.09182812 -0.03351073 7.68404687
v 49.08616406 -0.03203569 7.68308887
v 49.08049219 -0.03050439 7.68212988
v 49.07482031 -0.02891990 7.68116992
v 49.06914063 -0.02728532 7.68020996
v 49.06346094 -0.02560373 7.67924902
v 49.05778125 -0.02387821 7.67828711
v 49.05210156 -0.02211186 7.67732617
v 49.04171774 -0.01879955 7.67557066
v 49.03078125 -0.01517025 7.67371973
v 49.02581250 -0.01348967 7.67287891
v 49.02084375 -0.01179105 7.67203809
v 49.01588281 -0.01007646 7.67119922
v 49.01092188 -0.00834800 7.67036035
v 49.00597656 -0.00660774 7.66952344
v 49.00103125 -0.00485775 7.66868750
v 48.99401563 -0.00235828 7.66750098
v 48.98702344 0.00014446 7.66631738
v 48.98003906 0.00263838 7.66513574
v 48.97307031 0.00511138 7.66395703
v 48.96749219 0.00707209 7.66301367
v 48.96192188 0.00900530 7.66207031
v 48.95635937 0.01090477 7.66112988
v 48.94525000 0.01457750 7.65925098
v 48.93971094 0.01633826 7.65831348
v 48.93417187 0.01804031 7.65737695
v 48.92864062 0.01967740 7.65644238
v 48.92311719 0.02124329 7.65550781
v 48.91760156 0.02273174 7.65457422
v 48.91208594 0.02413651 7.65364160
v 48.90657813 0.02545136 7.65270996
v 48.90107031 0.02667007 7.65177930
v 48.89557031 0.02778639 7.65084961
v 48.89007031 0.02879410 7.64991992
v 48.87908594 0.03045874 7.64806152
v 48.87359375 0.03110321 7.64713379
v 48.86810938 0.03161416 7.64620605
v 48.86262500 0.03198535 7.64527832
v 48.85477344 0.03226098 7.64395215
v 48.84692969 0.03221976 7.64262695
v 48.83519531 0.03155117 7.64064355
v 48.82970313 0.03100518 7.63971680
v 48.82421875 0.03032226 7.63878906
v 48.81323438 0.02857989 7.63693262
v 48.80773438 0.02753757 7.63600391
v 48.80223437 0.02639258 7.63507520
v 48.79673437 0.02515349 7.63414551
v 48.79123438 0.02382889 7.63321484
v 48.78021094 0.02095741 7.63135254
v 48.77469531 0.01942770 7.63041992
v 48.76917187 0.01784678 7.62948730
v 48.76364844 0.01622324 7.62855273
v 48.75811719 0.01456565 7.62761816
v 48.73133068 0.00635524 7.62308904
v 48.71924219 0.00273079 7.62104590
v 48.71366406 0.00111008 7.62010156
v 48.70807031 -0.00046735 7.61915723
v 48.70247656 -0.00199291 7.61821094
v 48.69687500 -0.00345800 7.61726270
v 48.69125781 -0.00485401 7.61631348
v 48.68564062 -0.00617235 7.61536328
v 48.68001563 -0.00740440 7.61441016
v 48.66872656 -0.00957524 7.61250098
v 48.65739844 -0.01129767 7.61058496
v 48.65171875 -0.01196919 7.60962402
v 48.64651562 -0.01246298 7.60874316
v 48.63510937 -0.01311168 7.60681250
v 48.62317187 -0.01317293 7.60479297
v 48.61743750 -0.01299941 7.60382227
v 48.61169531 -0.01270510 7.60285059
v 48.59209186 -0.01101579 7.59952838
v 48.57139062 -0.00792642 7.59603223
v 48.55986719 -0.00592402 7.59408301
v 48.50323964 0.00522234 7.58450715
v 48.49116406 0.00740040 7.58246680
v 48.47985156 0.00925128 7.58055469
v 48.47421875 0.01007803 7.57960352
v 48.46860937 0.01082852 7.57865332
v 48.46300781 0.01149486 7.57770703
v 48.45742188 0.01206919 7.57676367
v 48.45185937 0.01254365 7.57582422
v 48.44079687 0.01316153 7.57395410
v 48.42981250 0.01328563 7.57209863
v 48.42435156 0.01314288 7.57117773
v 48.41517969 0.01256229 7.56962695
v 48.39908594 0.01038762 7.56691113
v 48.39214063 0.00897888 7.56573828
v 48.38685156 0.00773132 7.56484570
v 48.38157812 0.00634767 7.56395605
v 48.37632031 0.00483830 7.56306836
v 48.36584375 0.00148400 7.56129980
v 48.36061719 -0.00034013 7.56041699
v 48.35539844 -0.00224838 7.55953516
v 48.35017969 -0.00423035 7.55865430
v 48.34496094 -0.00627563 7.55777246
v 48.33973437 -0.00837380 7.55689063
v 48.33150146 -0.01175884 7.55549771
v 48.31350781 -0.01929342 7.55245898
v 48.28600212 -0.03042285 7.54780462
v 48.25946875 -0.03910590 7.54331836
v 48.25387500 -0.04063239 7.54237207
v 48.24824219 -0.04203440 7.54141797
v 48.24255469 -0.04330151 7.54045605
v 48.23682031 -0.04442323 7.53948535
v 48.20733594 -0.04748524 7.53449316
v 48.20125000 -0.04751516 7.53346387
v 48.18889062 -0.04690894 7.53137207
v 48.18260937 -0.04625194 7.53030859
v 48.17595312 -0.04529638 7.52918164
v 48.16921094 -0.04405510 7.52804102
v 48.16284375 -0.04263548 7.52696387
v 48.15642187 -0.04098577 7.52587695
v 48.14995313 -0.03913464 7.52478320
v 48.14346094 -0.03711075 7.52368457
v 48.12511719 -0.03073060 7.52058203
v 48.11836618 -0.02821027 7.51944011
v 48.10371875 -0.02259145 7.51696387
v 48.07854688 -0.01316880 7.51270605
v 48.07255469 -0.01112698 7.51169336
v 48.06672656 -0.00927215 7.51070703
v 48.06106250 -0.00763502 7.50975000
v 48.05557812 -0.00624627 7.50882422
v 48.05030469 -0.00513654 7.50793262
v 48.04524219 -0.00433636 7.50707812
v 48.03584375 -0.00378618 7.50549316
v 48.02750000 -0.00483587 7.50409180
v 48.01101456 -0.01776086 7.50136467
v 48.00576563 -0.04259072 7.50052246
v 48.00578125 -0.05010432 7.50053027
v 48.61044580 -0.01436349 8.23121187
v 48.61288004 -0.01411070 8.23471389
v 48.61503710 -0.01385843 8.23770041
v 48.61761126 -0.01353003 8.24111201
v 48.62025781 -0.01315786 8.24445605
v 48.62261719 -0.01280086 8.24732227
v 48.62502344 -0.01241306 8.25013867
v 48.62685121 -0.01210585 8.25221067
v 48.62874219 -0.01177151 8.25428711
v 48.63000781 -0.01154265 8.25564355
v 48.63257031 -0.01106268 8.25831738
v 48.63517969 -0.01055334 8.26093750
v 48.63650781 -0.01028550 8.26223926
v 48.63785156 -0.01001050 8.26352734
v 48.63920313 -0.00972841 8.26480078
v 48.64057031 -0.00943929 8.26606055
v 48.64330192 -0.00884886 8.26851690
v 48.64688924 -0.00804418 8.27159778
v 48.64982800 -0.00736564 8.27401436
v 48.65183594 -0.00688995 8.27561133
v 48.65404145 -0.00636284 8.27731665
v 48.65621875 -0.00583261 8.27895020
v 48.65769531 -0.00546836 8.28003418
v 48.66065625 -0.00472763 8.28214648
v 48.66365625 -0.00396573 8.28420020
v 48.66669531 -0.00318347 8.28619531
v 48.66975781 -0.00238168 8.28813379
v 48.67433805 -0.00116676 8.29088864
v 48.67914063 0.00012672 8.29358789
v 48.68232812 0.00099420 8.29528711
v 48.68556250 0.00187962 8.29693359
v 48.68882031 0.00277731 8.29851855
v 48.69210156 0.00368621 8.30004199
v 48.69541406 0.00460530 8.30150488
v 48.69797120 0.00531778 8.30258837
v 48.70122091 0.00622209 8.30390025
v 48.70384375 0.00695259 8.30490820
v 48.70813688 0.00814744 8.30648080
v 48.71239844 0.00932811 8.30790918
v 48.71519654 0.01010167 8.30879971
v 48.71930469 0.01123068 8.31001660
v 48.72278906 0.01218087 8.31097363
v 48.72628125 0.01312757 8.31186621
v 48.72979687 0.01406955 8.31269336
v 48.73331250 0.01500560 8.31345605
v 48.73758378 0.01612594 8.31429292
v 48.74128430 0.01708090 8.31493535
v 48.74400000 0.01777350 8.31536133
v 48.74758594 0.01867528 8.31586523
v 48.75238869 0.01985997 8.31643797
v 48.75664063 0.02087931 8.31683984
v 48.75937500 0.02152208 8.31705078
v 48.76211719 0.02215402 8.31722266
v 48.76620810 0.02307957 8.31741464
v 48.77033594 0.02397732 8.31751074
v 48.77447808 0.02485334 8.31753030
v 48.77855469 0.02567771 8.31745508
v 48.78275279 0.02649730 8.31729740
v 48.78677344 0.02724070 8.31705371
v 48.78950781 0.02772795 8.31684277
v 48.79224219 0.02819752 8.31659473
v 48.79496875 0.02864903 8.31630762
v 48.79863281 0.02922580 8.31586230
v 48.80228125 0.02976819 8.31534863
v 48.80592188 0.03027564 8.31476562
v 48.80955469 0.03074758 8.31411426
v 48.81234006 0.03108810 8.31356659
v 48.81503906 0.03139527 8.31299512
v 48.81867367 0.03178386 8.31216762
v 48.82285427 0.03218685 8.31111657
v 48.82696853 0.03253985 8.30999128
v 48.82948437 0.03273500 8.30925098
v 48.83311741 0.03299322 8.30812704
v 48.83773012 0.03327208 8.30657877
v 48.84183594 0.03347813 8.30509375
v 48.84529688 0.03362281 8.30376172
v 48.84873437 0.03373961 8.30236426
v 48.85214062 0.03382954 8.30090039
v 48.85552344 0.03389355 8.29937207
v 48.85888281 0.03393262 8.29778027
v 48.86220313 0.03394777 8.29612500
v 48.86550000 0.03394004 8.29440625
v 48.86816226 0.03391839 8.29296019
v 48.87040625 0.03388739 8.29169531
v 48.87202344 0.03385942 8.29076074
v 48.87447210 0.03380781 8.28930933
v 48.87744471 0.03372884 8.28747930
v 48.88078659 0.03362008 8.28533263
v 48.88311719 0.03353128 8.28378027
v 48.88466406 0.03346710 8.28272168
v 48.88726109 0.03334997 8.28089540
v 48.89057187 0.03318194 8.27847613
v 48.89370313 0.03300652 8.27608008
v 48.89661719 0.03282830 8.27376660
v 48.89948438 0.03263919 8.27139844
v 48.90230469 0.03244021 8.26897559
v 48.90507813 0.03223290 8.26650488
v 48.90779688 0.03201808 8.26398437
v 48.91046875 0.03179671 8.26141309
v 48.91309375 0.03156976 8.25879102
v 48.91567969 0.03133727 8.25610937
v 48.91821094 0.03110141 8.25338086
v 48.92068750 0.03086307 8.25060547
v 48.92311719 0.03062316 8.24778418
v 48.92492031 0.03044118 8.24561800
v 48.92667969 0.03025954 8.24343066
v 48.92963374 0.02994737 8.23964025
v 48.93233594 0.02965985 8.23596191
v 48.93394966 0.02948516 8.23369618
v 48.93554688 0.02931019 8.23137500
v 48.93658594 0.02919580 8.22982715
v 48.93861719 0.02897083 8.22670313
v 48.94058594 0.02875155 8.22354102
v 48.94249219 0.02853932 8.22035059
v 48.94434375 0.02833451 8.21712793
v 48.94612500 0.02813777 8.21387207
v 48.94784375 0.02794976 8.21058301
v 48.94950781 0.02777061 8.20725098
v 48.95110938 0.02760181 8.20389160
v 48.95264063 0.02744393 8.20050293
v 48.95410938 0.02729756 8.19708691
v 48.95526480 0.02718704 8.19428430
v 48.95621094 0.02709933 8.19186523
v 48.95688281 0.02703985 8.19011328
v 48.95786655 0.02695539 8.18743273
v 48.95907085 0.02685723 8.18396334
v 48.96016401 0.02678081 8.18063417
v 48.96107031 0.02672284 8.17768555
v 48.96160156 0.02669259 8.17589062
v 48.96229807 0.02665725 8.17344177
v 48.96328845 0.02662375 8.16970518
v 48.96427830 0.02660502 8.16563594
v 48.96521094 0.02659823 8.16141016
v 48.96588641 0.02662211 8.15804105
v 48.96657246 0.02665954 8.15423817
v 48.96718750 0.02671052 8.15043457
v 48.96770312 0.02678501 8.14675586
v 48.96849352 0.02698483 8.13978981
v 48.96884375 0.02712569 8.13566113
v 48.96908594 0.02727983 8.13194531
v 48.96917969 0.02736288 8.13009766
v 48.96925000 0.02744950 8.12821484
v 48.96931250 0.02753699 8.12634375
v 48.96935156 0.02762606 8.12447266
v 48.96936719 0.02790431 8.11884082
v 48.96930995 0.02806364 8.11574362
v 48.96921875 0.02819806 8.11321875
v 48.96906948 0.02836888 8.11009314
v 48.96844531 0.02883370 8.10205176
v 48.96804687 0.02906078 8.09835449
v 48.96732813 0.02941679 8.09282813
v 48.96704688 0.02953955 8.09099414
v 48.96644531 0.02979143 8.08733691
v 48.96577344 0.03005201 8.08369531
v 48.96503125 0.03032153 8.08006738
v 48.96421875 0.03060140 8.07644043
v 48.96333594 0.03089033 8.07283301
v 48.96239062 0.03118852 8.06924609
v 48.96137500 0.03149617 8.06567871
v 48.96083594 0.03165518 8.06388574
v 48.96020622 0.03184032 8.06183326
v 48.95912500 0.03214639 8.05854297
v 48.95791660 0.03248220 8.05504285
v 48.95638426 0.03289474 8.05092084
v 48.95499931 0.03326131 8.04738970
v 48.95383594 0.03356093 8.04459375
v 48.95273033 0.03384260 8.04203033
v 48.95158594 0.03412962 8.03948730
v 48.95080469 0.03432377 8.03780078
v 48.94920312 0.03471730 8.03446289
v 48.94753906 0.03511916 8.03116016
v 48.94581250 0.03552919 8.02789355
v 48.94403125 0.03594721 8.02466113
v 48.94218750 0.03637395 8.02145703
v 48.94028125 0.03680758 8.01829297
v 48.93758817 0.03740952 8.01403645
v 48.93525781 0.03792143 8.01054297
v 48.93351495 0.03829926 8.00802364
v 48.93206250 0.03861070 8.00598730
v 48.92926810 0.03919871 8.00222325
v 48.92644531 0.03978136 7.99860449
v 48.92482255 0.04011049 7.99659908
v 48.92289063 0.04049643 7.99428418
v 48.92035504 0.04099554 7.99133693
v 48.91715425 0.04160830 7.98779789
v 48.91484273 0.04204028 7.98534409
v 48.91287500 0.04240156 7.98331445
v 48.90910314 0.04307125 7.97958866
v 48.90622656 0.04356818 7.97687988
v 48.90485938 0.04379799 7.97562793
v 48.90209375 0.04425160 7.97316699
v 48.89809015 0.04488135 7.96977003
v 48.89497656 0.04534579 7.96724805
v 48.89272716 0.04566935 7.96549047
v 48.89054687 0.04597110 7.96383887
v 48.88667509 0.04648360 7.96100859
v 48.88296094 0.04693494 7.95844629
v 48.88140625 0.04711521 7.95740430
v 48.87984375 0.04729015 7.95637891
v 48.87826562 0.04745955 7.95536914
v 48.87668750 0.04762318 7.95437500
v 48.87509375 0.04778081 7.95339648
v 48.87299731 0.04797926 7.95213366
v 48.86934310 0.04829414 7.95002057
v 48.86539063 0.04858783 7.94785938
v 48.86209375 0.04879784 7.94614258
v 48.85877344 0.04897506 7.94449023
v 48.85540625 0.04911817 7.94289355
v 48.85201562 0.04922392 7.94136426
v 48.84860156 0.04929024 7.93990234
v 48.84516406 0.04931510 7.93850586
v 48.84341406 0.04931122 7.93782520
v 48.84166406 0.04929592 7.93716113
v 48.83990625 0.04926894 7.93651465
v 48.83725154 0.04920724 7.93557014
v 48.83460937 0.04911532 7.93467969
v 48.83180636 0.04899176 7.93377353
v 48.82925781 0.04884689 7.93299609
v 48.82650339 0.04866560 7.93219279
v 48.82295908 0.04838839 7.93122441
v 48.82023437 0.04814108 7.93053223
v 48.81539339 0.04764882 7.92938740
v 48.80936719 0.04690265 7.92816504
v 48.80573438 0.04640231 7.92751660
v 48.80209375 0.04586042 7.92693750
v 48.79845313 0.04528199 7.92642871
v 48.79481250 0.04466665 7.92598828
v 48.79117188 0.04401635 7.92561621
v 48.78751562 0.04333300 7.92531250
v 48.78470272 0.04278755 7.92512469
v 48.78100763 0.04204495 7.92493945
v 48.77835938 0.04149441 7.92485254
v 48.77468207 0.04071396 7.92478239
v 48.77102344 0.03991065 7.92479297
v 48.76829632 0.03929908 7.92483830
v 48.76554687 0.03867294 7.92492676
v 48.76070515 0.03754974 7.92516207
v 48.75464063 0.03610182 7.92565039
v 48.75103906 0.03522918 7.92602441
v 48.74563952 0.03390768 7.92670684
v 48.74029687 0.03257934 7.92754102
v 48.73674219 0.03169454 7.92817676
v 48.73319531 0.03081084 7.92887891
v 48.72965625 0.02992990 7.92964648
v 48.72612500 0.02905263 7.93048145
v 48.72260937 0.02818266 7.93138184
v 48.71838216 0.02714318 7.93255592
v 48.71561719 0.02647002 7.93338086
v 48.71386719 0.02604645 7.93392480
v 48.71212500 0.02562628 7.93448535
v 48.71038281 0.02520964 7.93506152
v 48.70758235 0.02454229 7.93602878
v 48.70519531 0.02398205 7.93689063
v 48.70244357 0.02333982 7.93792643
v 48.69837500 0.02240775 7.93954980
v 48.69500781 0.02165086 7.94097070
v 48.69166406 0.02091325 7.94245605
v 48.68834375 0.02019540 7.94400488
v 48.68506250 0.01950099 7.94561035
v 48.68181250 0.01882810 7.94727832
v 48.67859375 0.01817668 7.94900684
v 48.67539844 0.01754664 7.95079785
v 48.67222656 0.01693708 7.95265332
v 48.66909375 0.01634978 7.95456836
v 48.66599219 0.01578415 7.95654297
v 48.66292188 0.01523962 7.95857812
v 48.66139063 0.01497299 7.95962695
v 48.65986719 0.01471176 7.96068945
v 48.65507103 0.01391502 7.96415958
v 48.65093750 0.01325020 7.96736816
v 48.67885305 0.01794002 7.94076101
v 48.80851470 0.04228282 7.88720696
v 48.82551647 0.04351178 7.88604564
v 48.83527527 0.04374725 7.88587753
v 48.88603041 0.03918607 7.89158784
v 48.89339063 0.03788911 7.89334570
v 48.89676274 0.03729197 7.89421623
v 48.97520670 0.02013799 7.93085434
v 48.99387179 0.01584747 7.94555049
v 48.99935134 0.01467898 7.95042302
v 49.02126896 0.01032043 7.97316397
v 49.07468118 0.00261315 8.08533454
v 49.07848200 0.00244081 8.14781902
v 48.98776521 0.02023608 8.32238046
v 48.97777525 0.02189022 8.33007573
v 48.96744805 0.02353728 8.33715404
v 48.90796536 0.03025754 8.36533174
v 48.90088865 0.03071576 8.36745329
v 48.89589637 0.03099151 8.36882123
v 48.88040897 0.03164851 8.37236885
v 48.87147410 0.03170025 8.37392280
v 48.86247336 0.03172941 8.37518137
v 48.84180257 0.03107608 8.37675119
v 48.83176329 0.03036328 8.37685891
v 48.82809366 0.03025594 8.37682359
v 48.80669713 0.02782695 8.37548797
v 48.76824220 0.02119474 8.36829265
v 48.71517487 0.00815743 8.34662274
v 48.67682949 -0.00205577 8.32040251
v 48.66830466 -0.00407957 8.31296132
v 48.62812211 -0.01260001 8.26590915
v 48.41296875 0.00101877 8.13342090
v 48.41822700 0.00162334 8.12827288
v 48.42282813 0.00212333 8.12376270
v 48.42963546 0.00283109 8.11708937
v 48.43675781 0.00350973 8.11010742
v 48.43876563 0.00369368 8.10814355
v 48.44077344 0.00387431 8.10617676
v 48.44278125 0.00405167 8.10420703
v 48.44479688 0.00422583 8.10223438
v 48.44675781 0.00439215 8.10031250
v 48.44871875 0.00455567 8.09838770
v 48.45068750 0.00471646 8.09645801
v 48.45354835 0.00494483 8.09365967
v 48.45661719 0.00518321 8.09064648
v 48.45860938 0.00533383 8.08870117
v 48.46059375 0.00548208 8.08675098
v 48.46258594 0.00562804 8.08479785
v 48.46458594 0.00577178 8.08284082
v 48.46658594 0.00591338 8.08087891
v 48.47186713 0.00627591 8.07570871
v 48.47666406 0.00659171 8.07101172
v 48.47481250 0.00760056 8.06728418
v 48.47419531 0.00793719 8.06604199
v 48.47357813 0.00827395 8.06480176
v 48.47296094 0.00861085 8.06356055
v 48.47234375 0.00894784 8.06232031
v 48.47173437 0.00928493 8.06108105
v 48.47111719 0.00962282 8.05983984
v 48.47050000 0.00996074 8.05859863
v 48.46988281 0.01029866 8.05735742
v 48.46957812 0.01046745 8.05673828
v 48.46927655 0.01063343 8.05612910
v 48.46803906 0.01131043 8.05364648
v 48.46680344 0.01199078 8.05115152
v 48.46616406 0.01234139 8.04986621
v 48.46557031 0.01266740 8.04867188
v 48.46495313 0.01300612 8.04743066
v 48.46035832 0.01547938 8.03817149
v 48.45867253 0.01648037 8.03477505
v 48.45232399 0.01949125 8.02198699
v 48.44926189 0.02091277 8.01582177
v 48.44415569 0.02311940 8.00553462
v 48.44144940 0.02420760 8.00007978
v 48.43701793 0.02596106 7.99116291
v 48.44307443 0.02505450 7.99433195
v 48.44678345 0.02436602 7.99626536
v 48.45242510 0.02330670 7.99920844
v 48.45620313 0.02258581 8.00118359
v 48.45691406 0.02244816 8.00155371
v 48.45813281 0.02220790 8.00219336
v 48.46086959 0.02166324 8.00362074
v 48.46802624 0.02015861 8.00736223
v 48.47340766 0.01896784 8.01017595
v 48.47571094 0.01844428 8.01137988
v 48.47667969 0.01822330 8.01188477
v 48.47780469 0.01796277 8.01247461
v 48.47875178 0.01784317 8.01297624
v 48.48184442 0.01701914 8.01458484
v 48.48559253 0.01612364 8.01654430
v 48.49255095 0.01442481 8.02017983
v 48.49630222 0.01349966 8.02214369
v 48.50655469 0.01095341 8.02749902
v 48.51088072 0.00997629 8.02976694
v 48.51335075 0.00931602 8.03104908
v 48.51817439 0.00876365 8.03035278
v 48.52424386 0.00891434 8.02441180
v 48.53497634 0.00911447 8.01390846
v 48.54040625 0.00918141 8.00859863
v 48.54754234 0.00924590 8.00161388
v 48.55327142 0.00927989 7.99600500
v 48.55794494 0.00929913 7.99143144
v 48.57976563 0.00930545 7.97008105
v 48.57862092 0.00903145 7.97685375
v 48.57748437 0.00867431 7.98358789
v 48.57702344 0.00851208 7.98631836
v 48.57588456 0.00807182 7.99303052
v 48.57468750 0.00752134 8.00011621
v 48.57421875 0.00728732 8.00290527
v 48.57374219 0.00704137 8.00570410
v 48.57327344 0.00678348 8.00851172
v 48.57231562 0.00623249 8.01416591
v 48.57186719 0.00595610 8.01682617
v 48.57141406 0.00566966 8.01950391
v 48.57096094 0.00537263 8.02219141
v 48.57030212 0.00492777 8.02606831
v 48.56958594 0.00441806 8.03030957
v 48.56912500 0.00407875 8.03303418
v 48.56866406 0.00372890 8.03576855
v 48.56820312 0.00336851 8.03851270
v 48.56773438 0.00299760 8.04126660
v 48.56727344 0.00261618 8.04402930
v 48.56611995 0.00164230 8.05082553
v 48.56491406 0.00055174 8.05798535
v 48.56804903 0.00029278 8.05962197
v 48.58075781 -0.00040621 8.06626172
v 48.58228125 -0.00045456 8.06706055
v 48.58368750 -0.00049204 8.06779199
v 48.58476563 -0.00051628 8.06835645
v 48.58590625 -0.00053759 8.06895215
v 48.58707031 -0.00055476 8.06956250
v 48.58826562 -0.00056745 8.07018750
v 48.59012610 -0.00057804 8.07115886
v 48.59202344 -0.00057495 8.07215039
v 48.59333594 -0.00056606 8.07283398
v 48.59467188 -0.00055088 8.07353223
v 48.59558594 -0.00053684 8.07401270
v 48.59650781 -0.00051981 8.07449414
v 48.59785310 -0.00049048 8.07519372
v 48.59928125 -0.00045061 8.07594434
v 48.60336248 -0.00030673 8.07807388
v 48.60913011 0.00000996 8.08108766
v 48.61230469 0.00023868 8.08274707
v 48.61323437 0.00031097 8.08323145
v 48.61415625 0.00038635 8.08371484
v 48.61508594 0.00046482 8.08419922
v 48.61600781 0.00054639 8.08468164
v 48.61692969 0.00063106 8.08516504
v 48.62026228 0.00095700 8.08690430
v 48.62863523 0.00196855 8.09127711
v 48.63185937 0.00242453 8.09296387
v 48.63309375 0.00260719 8.09361133
v 48.63432813 0.00279376 8.09425488
v 48.63555469 0.00298409 8.09489746
v 48.63990924 0.00368694 8.09716918
v 48.64057539 0.00358653 8.09981572
v 48.63673438 0.00269869 8.10038281
v 48.63226817 0.00169536 8.10104096
v 48.62723438 0.00063227 8.10178320
v 48.62465361 0.00010441 8.10216461
v 48.62077344 -0.00065347 8.10273730
v 48.61593994 -0.00154869 8.10345001
v 48.61246094 -0.00215122 8.10396387
v 48.60960862 -0.00262745 8.10438440
v 48.60560938 -0.00325180 8.10497363
v 48.60425000 -0.00345657 8.10517480
v 48.59877344 -0.00423408 8.10598242
v 48.59632113 -0.00456425 8.10634401
v 48.59178906 -0.00512262 8.10701270
v 48.58758785 -0.00560570 8.10763312
v 48.58350000 -0.00602828 8.10823535
v 48.57664063 -0.00665849 8.10924805
v 48.57524219 -0.00677347 8.10945410
v 48.57246742 -0.00699311 8.10986301
v 48.56826563 -0.00728098 8.11048242
v 48.56687500 -0.00736897 8.11068848
v 48.56548437 -0.00745242 8.11089453
v 48.56059309 -0.00771488 8.11161505
v 48.55573438 -0.00790696 8.11233301
v 48.55526562 -0.00831671 8.11510254
v 48.55437972 -0.00908252 8.12032057
v 48.55339844 -0.00992982 8.12614844
v 48.55292969 -0.01032666 8.12890234
v 48.55246875 -0.01072094 8.13165332
v 48.55200000 -0.01111268 8.13440039
v 48.55153906 -0.01150188 8.13714551
v 48.55107812 -0.01188854 8.13988574
v 48.55060938 -0.01227268 8.14262402
v 48.55014844 -0.01265431 8.14535937
v 48.54968750 -0.01303343 8.14809082
v 48.54922656 -0.01341005 8.15081934
v 48.54876563 -0.01378418 8.15354492
v 48.54783594 -0.01453283 8.15904395
v 48.54736719 -0.01490723 8.16181641
v 48.54689844 -0.01527902 8.16458691
v 48.54639479 -0.01568227 8.16760598
v 48.54550000 -0.01637878 8.17287500
v 48.54441440 -0.01721784 8.17928563
v 48.54317969 -0.01815977 8.18661719
v 48.54224452 -0.01886045 8.19212913
v 48.54086719 -0.01987604 8.20027051
v 48.53932829 -0.01954025 8.19716822
v 48.53710938 -0.01902134 8.19270117
v 48.53553894 -0.01863702 8.18954102
v 48.53398438 -0.01823842 8.18642090
v 48.53336719 -0.01807415 8.18516699
v 48.53084612 -0.01738456 8.18010546
v 48.53032628 -0.01723480 8.17905798
v 48.52931516 -0.01694091 8.17702168
v 48.52751765 -0.01640222 8.17340364
v 48.52650781 -0.01608749 8.17136816
v 48.52497254 -0.01560106 8.16828374
v 48.52340625 -0.01508259 8.16512402
v 48.51872159 -0.01344551 8.15570299
v 48.51720313 -0.01288110 8.15264453
v 48.51533157 -0.01216976 8.14887711
v 48.51349219 -0.01144454 8.14518066
v 48.51287500 -0.01119749 8.14394043
v 48.50751006 -0.00894829 8.13313068
v 48.50547656 -0.00804859 8.12903809
v 48.50314793 -0.00699678 8.12435422
v 48.50117187 -0.00607671 8.12038281
v 48.49753222 -0.00573519 8.12092169
v 48.49298437 -0.00528515 8.12159277
v 48.48912549 -0.00488859 8.12216263
v 48.48609375 -0.00457003 8.12261035
v 48.48399888 -0.00434714 8.12292014
v 48.48193750 -0.00412715 8.12322461
v 48.48054688 -0.00397854 8.12342969
v 48.47915625 -0.00382980 8.12363574
v 48.47880469 -0.00379287 8.12368750
v 48.47846094 -0.00375598 8.12373828
v 48.47776563 -0.00368234 8.12384082
v 48.47638281 -0.00353569 8.12404492
v 48.47500000 -0.00339008 8.12424902
v 48.47260008 -0.00313920 8.12460448
v 48.46948438 -0.00282150 8.12506445
v 48.46614444 -0.00248877 8.12555908
v 48.46260937 -0.00214825 8.12608105
v 48.45987500 -0.00189167 8.12648535
v 48.45713281 -0.00164296 8.12689062
v 48.45569531 -0.00151535 8.12710254
v 48.45426562 -0.00139026 8.12731543
v 48.45282813 -0.00126776 8.12752637
v 48.45140625 -0.00114785 8.12773730
v 48.44998437 -0.00103059 8.12794824
v 48.44856250 -0.00091601 8.12815820
v 48.44714844 -0.00080413 8.12836719
v 48.44573438 -0.00069500 8.12857617
v 48.44432812 -0.00058865 8.12878418
v 48.44292188 -0.00048511 8.12899219
v 48.44151563 -0.00038442 8.12919922
v 48.44012500 -0.00028661 8.12940527
v 48.43872656 -0.00019172 8.12961133
v 48.43733594 -0.00009978 8.12981641
v 48.43595312 -0.00001083 8.13002148
v 48.43457031 0.00007510 8.13022656
v 48.43182031 0.00023778 8.13063281
v 48.42907812 0.00038806 8.13103809
v 48.42635937 0.00052574 8.13144043
v 48.42364844 0.00065064 8.13184082
v 48.41827118 0.00086604 8.13263663
v 49.36607146 -0.01047371 8.71238223
v 49.33688131 -0.00738987 8.68403043
v 49.32185096 -0.00369245 8.70491730
v 49.30120624 -0.00060591 8.69396043
v 49.13537143 0.02162770 8.62780357
v 49.07681027 0.03281412 8.64981289
v 48.94353702 0.03240405 8.54255503
v 48.89126191 0.03445517 8.58212138
v 48.79989726 0.02550584 8.43727063
v 49.10324113 -0.00202775 8.21594770
v 48.80473957 0.03046054 8.30836293
v 48.91546277 0.03870381 8.12542768
v 48.96814994 0.02688468 8.14313906
v 48.96571029 0.02821241 8.12885018
v 48.73096795 0.00361171 8.57543340
v 48.63289639 -0.02574345 8.56316711
v 48.48438394 -0.03262687 8.55889720
v 48.40904005 -0.02826119 8.51575774
v 48.61585156 -0.01324703 8.23205273
v 48.24807831 -0.03917961 8.52339378
v 48.19519657 -0.05248507 8.51065645
v 48.10164455 -0.07190698 8.43431251
v 48.09600473 -0.07310127 8.49768373
v 48.61798439 0.00093931 8.08369875
v 48.45003441 -0.00315579 8.14039116
v 49.12091614 -0.00580538 8.14832589
v 48.96938206 0.02773147 8.12239105
v 48.96481586 0.02911874 8.11555260
v 48.96889358 0.02853799 8.10727111
v 48.96217188 0.03037889 8.10091602
v 48.96798708 0.02911331 8.09767621
v 48.96084347 0.03108280 8.09021700
v 48.82004909 0.04924186 7.94262610
v 49.37126832 -0.01397066 7.73128231
v 49.03092777 0.00175635 7.92713632
v 48.84043156 0.03192768 7.64152756
v 48.60386324 0.00026114 8.07368285
v 48.46433394 0.01337943 8.04617703
v 48.55236177 -0.01949250 7.65566749
v 48.25128091 -0.04360444 7.55462423
v 48.21993766 -0.04683882 7.53661919
v 48.02030919 -0.00776000 7.50289191
v 47.99894123 -0.03402348 7.52196006
v 48.56057812 -0.03786462 8.57621582
v 48.49922656 -0.03356621 8.56584570
v 48.28196094 -0.03132309 8.52912109
v 47.98566406 -0.08553506 8.47903809
v 47.97559375 -0.08832761 8.45497754
v 48.73983789 0.00794936 8.52339789
v 48.26630335 -0.03669259 8.46120878
v 47.98878142 -0.08239623 8.45460894
v 49.00882942 0.03204962 8.58141454
v 48.46061513 -0.03477766 8.47469647
v 48.09566005 -0.07180110 8.40033423
v 47.95928906 -0.09172476 8.40457617
v 48.33316019 -0.02817318 8.47816075
v 47.95305469 -0.09232935 8.37823437
v 49.12673497 0.01839308 8.58955451
v 47.94810156 -0.09220463 8.35113184
v 49.28583287 -0.00251761 8.62805924
v 49.23582163 -0.00160649 8.53231255
v 48.60849769 -0.02978907 8.48508997
v 47.95130937 -0.08152582 8.29354763
v 47.94442188 -0.09135058 8.32326855
v 48.29167893 -0.03210218 8.46900096
v 47.97170882 -0.08039594 8.36459419
v 47.94201563 -0.08976720 8.29464453
v 49.32321594 -0.01108661 8.46545924
v 48.98848292 0.02768757 8.50640145
v 48.53294577 -0.04157612 8.48299877
v 48.18478763 -0.05502204 8.35989819
v 47.94129687 -0.08870203 8.28004688
v 49.31575974 -0.01139034 8.38056114
v 49.02305144 0.02007723 8.44781021
v 48.93361766 0.03089234 8.50693525
v 48.84337972 0.03118529 8.38324227
v 48.77053622 0.02088709 8.38795112
v 47.94089063 -0.08745451 8.26525977
v 48.86053030 0.03191546 8.37557710
v 48.75603043 0.01691027 8.39964042
v 47.94081250 -0.08602467 8.25028125
v 48.71243173 0.00383723 8.41841675
v 48.49434088 -0.03242295 8.33574458
v 48.31974028 -0.02613432 8.36218907
v 48.12695057 -0.06728930 8.37411415
v 47.94104687 -0.08441250 8.23511426
v 48.69040822 0.00054678 8.35182828
v 47.94160156 -0.08261800 8.21975586
v 49.27311150 -0.00870384 8.43738501
v 47.94247656 -0.08064117 8.20420801
v 49.20700693 -0.00416672 8.43753231
v 49.13555437 -0.00008482 8.38512700
v 48.62653199 -0.02045754 8.38640405
v 48.56274552 -0.03475051 8.37966711
v 48.43757577 -0.02720448 8.33871810
v 47.95554559 -0.06578932 8.19078868
v 47.94367187 -0.07848200 8.18846875
v 48.34136316 -0.01401460 8.23358214
v 48.15359687 -0.05065252 8.21316560
v 47.96646850 -0.06676038 8.25151882
v 47.94518750 -0.07614051 8.17254102
v 49.05299187 0.01274749 8.39997600
v 49.01539479 0.01676925 8.35555331
v 48.55420006 -0.02858815 8.29439521
v 48.09671986 -0.05532223 8.21555812
v 48.06661025 -0.06038353 8.24775610
v 47.94702344 -0.07361668 8.15642187
v 48.85771649 0.03684461 8.24991397
v 48.77714563 0.02752431 8.28512124
v 47.95240478 -0.06617471 8.15454789
v 47.94917187 -0.07091053 8.14011328
v 49.14962983 -0.00298319 8.35775627
v 49.09134513 0.00141086 8.27014350
v 48.72009743 0.01342205 8.28112965
v 48.62898482 -0.01007037 8.23394972
v 48.55882021 -0.02319045 8.24046687
v 47.95164844 -0.06802204 8.12361426
v 48.65422523 -0.00471505 8.25470284
v 48.59204194 -0.01834157 8.23814671
v 48.52393420 -0.01972981 8.20057296
v 48.28884687 -0.01923909 8.21561872
v 47.95443750 -0.06495123 8.10692480
v 48.51719531 -0.01710386 8.18341699
v 48.47112363 -0.02523793 8.28055376
v 47.95595313 -0.06334745 8.09850879
v 49.27637271 -0.01105631 8.28506148
v 48.50072631 -0.02579605 8.25387406
v 47.95754687 -0.06169808 8.09004492
v 48.50704044 -0.01616597 8.18089514
v 48.49298892 -0.01135950 8.15892633
v 47.95922656 -0.06000314 8.08153418
v 49.19030520 -0.00954601 8.27375783
v 48.50776562 -0.01255041 8.15698438
v 48.44601255 -0.00151643 8.13461896
v 47.96097656 -0.05826261 8.07297559
v 49.15873665 -0.00691320 8.29401185
v 48.81540727 0.03419496 8.26527855
v 48.75652669 0.02430141 8.26482271
v 48.57122656 -0.01509496 8.17456090
v 48.43353125 -0.00076877 8.13700781
v 48.35627405 -0.00942781 8.20387462
v 48.16730980 -0.04080283 8.14264497
v 48.08430931 -0.04988583 8.17312719
v 47.96281250 -0.05647649 8.06436914
v 48.65828726 0.00125453 8.18372620
v 48.49699753 -0.00827512 8.13748635
v 48.31306381 -0.00345256 8.11571859
v 48.19233135 -0.04237969 8.20223893
v 48.10258917 -0.04359811 8.13555710
v 47.96472656 -0.05464480 8.05571582
v 49.08653324 0.00120053 8.21787003
v 48.48532813 -0.00519392 8.12811035
v 47.96892616 -0.04692392 8.05619009
v 47.96672656 -0.05276752 8.04701465
v 49.21176247 -0.01135492 8.23037371
v 48.62576651 -0.00378660 8.14322384
v 48.40322390 0.00172214 8.13307994
v 47.96879688 -0.05084467 8.03826562
v 48.91299985 0.03334745 8.22266363
v 47.97074679 -0.04407030 8.08461810
v 47.97095313 -0.04887622 8.02946973
v 49.13963839 -0.00720389 8.20251424
v 48.59452848 -0.00568622 8.11574517
v 48.57678652 -0.01030382 8.13772043
v 47.97318750 -0.04686220 8.02062598
v 48.63763594 0.00168760 8.11505076
v 48.42128259 0.00809595 8.09315280
v 48.19644667 -0.03428108 8.13042131
v 47.97550000 -0.04480259 8.01173437
v 48.61865306 -0.00239730 8.11796184
v 48.28744405 -0.01288880 8.15015532
v 48.05378584 -0.02803370 8.07316451
v 49.32700001 -0.01182600 8.22961709
v 48.69036499 0.01577283 8.11391342
v 48.22953309 -0.02074401 8.08181785
v 48.15656152 -0.03180001 8.07133649
v 47.97761870 -0.04294314 8.00381584
v 48.78769820 0.04093169 8.12175269
v 48.74864066 0.03152436 8.12842393
v 48.24581551 -0.00973762 8.02427324
v 48.18374150 -0.02664412 8.05580366
v 48.13226969 -0.03573275 8.08607123
v 47.98036719 -0.04054663 7.99380859
v 48.85638195 0.04150351 8.17496634
v 48.81511136 0.04270846 8.14474574
v 48.20816887 -0.02712834 8.08944622
v 48.00410695 -0.01363121 7.99357357
v 47.98163281 -0.03945415 7.98929785
v 49.16355372 -0.00943781 8.21714430
v 49.11046201 -0.00307235 8.20612890
v 48.93748932 0.03185881 8.17092392
v 48.09271560 -0.01642609 8.01375342
v 48.02111084 -0.01706201 8.02899855
v 47.98292188 -0.03835027 7.98477441
v 48.65587536 0.00716980 8.10260906
v 48.37306931 0.00293310 8.12482008
v 47.98422656 -0.03723500 7.98024023
v 49.31216606 -0.01155936 8.27348126
v 48.89548848 0.03929739 8.15799662
v 48.45359722 0.01039281 8.06772925
v 47.98508300 -0.02935977 7.99999979
v 47.98489062 -0.03667310 7.97796777
v 48.28615378 -0.00110864 8.04510005
v 47.98555469 -0.03610832 7.97569336
v 48.29817968 0.00459899 8.02497979
v 48.20283233 -0.01710524 8.01081855
v 47.98622656 -0.03554074 7.97341504
v 49.27556410 -0.01154848 8.19592502
v 49.09470919 -0.00065809 8.15470266
v 48.93979133 0.03354304 8.13700141
v 48.82219070 0.04863380 8.08408272
v 48.73731498 0.03051297 8.09992770
v 47.98690625 -0.03497022 7.97113477
v 48.75644862 0.03468883 8.11147915
v 48.16476517 -0.02135854 8.01491135
v 48.14592374 -0.01994241 8.00907820
v 47.98758594 -0.03439703 7.96885059
v 48.43773695 0.01187458 8.06764926
v 48.33571330 0.00922386 8.05416062
v 47.98826562 -0.03382161 7.96656445
v 48.39281876 0.02039404 8.02981842
v 48.05551862 -0.01997116 8.03904938
v 47.98894531 -0.03325340 7.96428418
v 49.13952858 -0.00787879 8.16022248
v 48.77216733 0.04212811 8.06543422
v 48.41074046 0.02305761 8.01853205
v 48.23948410 -0.00825694 7.99860942
v 47.99442147 -0.02054109 7.96707533
v 47.98961719 -0.03269538 7.96201074
v 47.99027344 -0.03214741 7.95974609
v 48.84944155 0.04796890 8.09952788
v 48.62158124 0.00325442 8.07009357
v 48.56613763 0.00186331 8.05078407
v 47.99092969 -0.03160955 7.95748828
v 49.32925506 -0.01179522 8.19847050
v 48.67040513 0.01206997 8.08895603
v 48.63987391 0.00660119 8.07000016
v 48.13067823 -0.01351581 7.98657997
v 47.99157031 -0.03108178 7.95523828
v 49.30010529 -0.01146973 8.18604148
v 48.79623381 0.04407305 8.09942245
v 48.18648165 -0.01535826 7.98850215
v 47.99220313 -0.03056411 7.95299609
v 49.22000936 -0.01209421 8.19280937
v 48.37746941 0.02095375 8.02006689
v 47.99886211 -0.01657161 7.95064772
v 47.99343750 -0.02955904 7.94853516
v 49.10313586 -0.00238075 8.13195746
v 48.60629783 0.00327162 8.04717005
v 48.20983885 -0.01218308 7.98536337
v 47.99463281 -0.02859434 7.94410449
v 48.87312311 0.04581706 8.10958848
v 48.31939256 0.01194148 8.01016408
v 48.25598199 -0.00248837 7.98480744
v 47.99578906 -0.02767002 7.93970508
v 49.17817875 -0.01146549 8.16608559
v 49.14380531 -0.00921050 8.12262683
v 48.51257675 0.01160066 8.01973538
v 48.49665953 0.01364433 8.02233488
v 47.99691406 -0.02678607 7.93533691
v 49.32959049 -0.01171896 8.15621759
v 49.25236251 -0.01243812 8.13513818
v 49.19169582 -0.01227112 8.15876383
v 48.57041806 0.00520656 8.02547548
v 48.17887468 -0.00929449 7.94778387
v 47.99799219 -0.02594250 7.93099902
v 49.22924056 -0.01259259 8.15943367
v 49.10966315 -0.00378286 8.11895960
v 48.94692710 0.03390902 8.10728869
v 48.91579847 0.04070861 8.10107682
v 48.89328804 0.04515166 8.08875999
v 48.72266311 0.02772338 8.08056139
v 48.06658161 0.00102162 7.96036785
v 47.99903906 -0.02513929 7.92669238
v 48.79014176 0.04531964 8.06660567
v 48.58154750 0.00495959 8.02688757
v 48.48329018 0.01846719 8.00607240
v 48.46216483 0.02403197 7.98861365
v 48.31748899 0.01325303 7.99923591
v 48.04620230 0.00712158 7.93961504
v 48.00004688 -0.02437646 7.92241699
v 49.31123552 -0.01148748 8.14482964
v 48.71883472 0.02869311 8.04375127
v 48.65171210 0.01303870 8.01306665
v 48.43657690 0.02631588 7.99092254
v 48.08205435 0.00289811 7.94562713
v 48.00195312 -0.02297193 7.91395801
v 49.33177900 -0.01174918 8.12737829
v 48.78665673 0.04625217 8.03552797
v 48.00370313 -0.02172889 7.90562207
v 48.82024492 0.04998473 8.06281613
v 48.41008235 0.02716163 7.99287315
v 48.34682195 0.02143978 7.98131573
v 48.21311730 -0.00943798 7.96077996
v 48.00529687 -0.02064734 7.89741016
v 48.88076223 0.04872155 8.05894519
v 48.59303031 0.00678692 8.00911174
v 48.16736039 -0.00497213 7.91620158
v 48.00675000 -0.01972729 7.88932129
v 49.17245503 -0.01318823 8.10084289
v 48.93200121 0.03914837 8.06233322
v 48.70463513 0.02527546 8.03213273
v 48.67503701 0.01798486 8.01435735
v 48.35804312 0.02744805 7.93573411
v 48.14985263 -0.00598506 7.93984071
v 48.01441055 0.00073954 7.92628993
v 48.00804687 -0.01896873 7.88135645
v 49.22803536 -0.01350010 8.12020812
v 48.82878141 0.05277288 8.01659818
v 48.69180794 0.02243177 8.00839415
v 48.42403921 0.03121218 7.95796181
v 48.38274740 0.02838833 7.96977905
v 48.30291126 0.01269793 7.95070340
v 48.12514981 0.00448906 7.88899781
v 48.07662493 0.01237978 7.90172925
v 48.00919531 -0.01837166 7.87351562
v 49.08281580 0.00043580 8.07237688
v 48.67010860 0.01745377 7.98518892
v 48.62265932 0.00915040 8.00421596
v 48.59422470 0.00938261 7.96251422
v 48.01018750 -0.01793609 7.86579688
v 49.32288359 -0.01181938 8.07247812
v 49.15918284 -0.01407955 8.06010482
v 49.11203518 -0.00552385 8.07868001
v 48.88613179 0.04880536 8.00465953
v 48.20132312 -0.00721349 7.92547753
v 48.07776928 0.01333503 7.89300645
v 48.01103125 -0.01766202 7.85820313
v 49.18621218 -0.01577713 8.06259792
v 49.07222978 0.00034481 8.02261292
v 48.92750145 0.04037535 8.02203683
v 48.47464071 0.02553943 7.96307311
v 48.01354224 -0.00463201 7.87550214
v 48.01171875 -0.01754944 7.85073145
v 49.25859424 -0.01372585 8.07673536
v 48.78074511 0.04528410 7.98345163
v 48.72978764 0.03275786 8.00692130
v 48.54210905 0.01357412 7.96367175
v 48.51593684 0.01853682 7.96409785
v 48.09045394 0.01427277 7.86376930
v 48.04071157 0.01763545 7.86205123
v 48.01265625 -0.01780876 7.83616016
v 48.70879813 0.02638861 7.95938758
v 48.59028938 0.00906942 7.93320301
v 48.19783231 -0.00659273 7.85953056
v 48.01297656 -0.01871405 7.82208301
v 49.29202065 -0.01290524 8.04855338
v 49.06768192 -0.00097830 7.99324364
v 48.01270313 -0.02026533 7.80850000
v 49.03335089 0.00753798 7.97937016
v 48.84935615 0.05235931 7.98161900
v 48.79770372 0.04762432 7.95257096
v 48.76932054 0.04311270 7.97413633
v 48.34247733 0.02325847 7.88398320
v 48.22241412 -0.00564577 7.86430320
v 48.17374631 -0.00518086 7.83898727
v 48.01233594 -0.02128321 7.80189355
v 49.17455550 -0.01544869 8.06083406
v 48.82972948 0.05094054 7.95494906
v 48.52725762 0.01777752 7.91432420
v 48.01991511 0.00272118 7.82653314
v 48.01181250 -0.02246258 7.79541113
v 48.68789508 0.01600506 7.89381654
v 48.44873157 0.03139135 7.89341647
v 48.26231513 0.00210283 7.87778799
v 48.18458260 -0.01079230 7.82164202
v 48.01114844 -0.02380344 7.78905176
v 49.27657412 -0.01532553 8.00490881
v 49.16881841 -0.01891722 8.00809535
v 49.12785204 -0.01073742 8.03908938
v 48.43745576 0.03363231 7.89295680
v 48.21961682 -0.01203039 7.82115270
v 48.13090918 0.00481786 7.84183724
v 48.01032813 -0.02530581 7.78281641
v 49.18973177 -0.01938255 8.01400664
v 48.48667169 0.02457522 7.88534487
v 48.34724718 0.02001309 7.84153053
v 48.07374724 0.01237921 7.79588737
v 48.05218744 0.01794716 7.80548594
v 48.00935156 -0.02696966 7.77670410
v 49.18352556 -0.02536785 7.94990105
v 48.66611647 0.01023088 7.88297855
v 48.62529044 0.00912780 7.92913376
v 48.47099600 0.02278734 7.84739871
v 48.23650314 -0.01125123 7.81875735
v 48.18780024 -0.01624833 7.80134111
v 48.13136252 0.00049275 7.81339073
v 48.00823438 -0.02879501 7.77071484
v 49.13254919 -0.01785035 7.97378804
v 48.64951520 0.00934579 7.90064541
v 48.38440800 0.03097550 7.87586013
v 48.00696094 -0.03078185 7.76484961
v 49.16212320 -0.02189222 7.97536911
v 49.06224853 -0.00380396 7.95230755
v 48.55626242 0.00851038 7.87216794
v 48.00553125 -0.03293019 7.75910840
v 49.32317337 -0.01251134 8.00245561
v 49.22190350 -0.02227474 7.96776255
v 48.64366902 0.00330416 7.86013437
v 48.01729299 -0.00208593 7.74799475
v 48.00396094 -0.03524002 7.75349023
v 49.29235375 -0.01609896 7.95545791
v 49.03668808 0.00236898 7.94292925
v 48.96805232 0.02014673 7.91344932
v 48.75127400 0.02834082 7.86437829
v 48.14615038 -0.01438212 7.77993701
v 48.01952654 0.00338503 7.78430562
v 48.00222656 -0.03771135 7.74799512
v 48.61278027 0.00311113 7.87090145
v 48.46284176 0.01709205 7.81520653
v 48.38943297 0.02389902 7.82358127
v 48.20919454 -0.01823330 7.79945988
v 48.00035156 -0.04034417 7.74262402
v 49.28399202 -0.01651912 7.96209717
v 49.13554757 -0.02362322 7.92773794
v 48.77483494 0.03428402 7.86803817
v 48.65477325 0.00278244 7.85010998
v 48.29332192 -0.00492318 7.79430338
v 48.25469628 -0.01569289 7.79013821
v 48.04764518 0.01146360 7.76884365
v 47.99832031 -0.04313849 7.73737695
v 49.24150312 -0.02398627 7.92701797
v 49.08191691 -0.01314653 7.92273708
v 49.04128700 -0.00647306 7.89462753
v 48.97115576 0.01436542 7.88543095
v 48.92393864 0.02959206 7.88763735
v 48.58005234 -0.00444989 7.82421279
v 48.50757223 0.00894401 7.82236710
v 48.35959117 0.01726789 7.81158335
v 48.25658844 -0.01030883 7.80673344
v 47.99614063 -0.04609430 7.73225293
v 48.86948238 0.03890712 7.87121469
v 48.67552498 0.00783692 7.85597622
v 48.34280609 0.00578678 7.78386289
v 48.08389289 -0.00943770 7.74693194
v 47.99499219 -0.04763276 7.72973730
v 49.29386585 -0.01693381 7.93410290
v 49.22431558 -0.02472636 7.93831532
v 49.18109331 -0.02833639 7.92346731
v 49.08407810 -0.01742252 7.89982093
v 49.03602700 -0.00297713 7.90525116
v 48.56267449 0.00122329 7.83757865
v 48.48759650 0.00822698 7.80519981
v 48.03314770 -0.00312387 7.73359964
v 48.00368222 -0.01612412 7.73642962
v 47.99380469 -0.04921160 7.72725195
v 49.18140833 -0.03126642 7.90180710
v 48.94493749 0.02256461 7.88274591
v 48.90653914 0.03141009 7.87091703
v 48.89387099 0.03050894 7.85120734
v 48.67393177 0.00007175 7.82195998
v 48.45385909 0.00956394 7.78830369
v 48.40054923 0.02188478 7.80737181
v 47.99258594 -0.05083081 7.72479785
v 49.33290491 -0.01360666 7.92297431
v 48.80414612 0.03634406 7.84804125
v 48.76274189 0.02674040 7.84122073
v 48.38474037 0.01451762 7.78920466
v 48.27904824 -0.00939935 7.78987423
v 47.99132031 -0.05249040 7.72237500
v 49.31336943 -0.01590030 7.90753350
v 49.19173303 -0.03449676 7.87665988
v 49.08836360 -0.02236471 7.87783307
v 48.97276036 0.01096769 7.87101500
v 48.63668247 -0.00628415 7.82079251
v 48.14572665 -0.02878068 7.75237390
v 47.98904772 -0.05546476 7.71822791
v 49.02606871 -0.00545523 7.87614208
v 48.01030382 -0.01171976 7.72553506
v 49.13173530 -0.02756794 7.89780049
v 49.05440718 -0.01513876 7.86992802
v 48.27306313 -0.02201440 7.76131268
v 48.17874758 -0.03280716 7.75830124
v 49.16495015 -0.03353110 7.88338017
v 48.79726839 0.03282144 7.83768894
v 48.74834015 0.02090612 7.83031314
v 48.58896821 -0.00950312 7.81001332
v 48.53400323 -0.00195566 7.80681856
v 48.41715595 0.01259498 7.78342885
v 48.19863872 -0.03509265 7.75703620
v 48.01704291 -0.01370173 7.71685725
v 48.38218652 0.00796762 7.77097153
v 48.07550934 -0.00568944 7.74640265
v 47.99005432 -0.03901790 7.71581780
v 47.98731250 -0.05771140 7.71529102
v 49.34205501 -0.01385382 7.89122763
v 49.30666534 -0.01715584 7.89863235
v 49.27830209 -0.02003693 7.91440838
v 49.23991186 -0.02704899 7.89732059
v 49.12558412 -0.02959466 7.87992060
v 48.84019920 0.03770441 7.84998266
v 47.98618509 -0.05917520 7.71343355
v 49.02979258 -0.00899765 7.86441663
v 48.94609322 0.01563630 7.85261641
v 48.32701391 -0.00605819 7.76283690
v 48.13395834 -0.03661344 7.73579373
v 49.24086877 -0.02780849 7.88862385
v 48.61024697 -0.00820498 7.81764508
v 48.07912497 -0.02351783 7.72524795
v 47.98517969 -0.06045816 7.71185352
v 48.91700757 0.02239801 7.84384889
v 48.86708160 0.03477527 7.84906331
v 48.50232524 -0.00204110 7.78734643
v 48.23895385 -0.03635463 7.74751625
v 48.22825733 -0.03457877 7.75422848
v 48.03462828 -0.01675663 7.71467685
v 47.98445313 -0.06139393 7.71072266
v 48.80940112 0.03093260 7.82453017
v 48.80846083 0.03354891 7.83365876
v 48.76128677 0.02167504 7.82001847
v 48.35679087 0.00089494 7.76299638
v 48.02664537 -0.01690164 7.71292332
v 48.00422614 -0.01821160 7.71512795
v 47.98371094 -0.06233980 7.70959961
v 48.69441607 0.00437150 7.81996567
v 48.45049391 0.00533029 7.77737957
v 48.38333962 0.00544205 7.76554516
v 48.22262852 -0.04505936 7.73677762
v 48.06224433 -0.01317005 7.72924641
v 48.01418057 -0.01666758 7.71245679
v 47.99981215 -0.02292842 7.70850664
v 47.99317989 -0.02839188 7.71109929
v 47.98334375 -0.06281652 7.70904102
v 48.90092882 0.02583803 7.84032849
v 48.73958276 0.01549065 7.81675959
v 48.54946720 -0.00918185 7.79568054
v 48.11185129 -0.03261417 7.73036333
v 48.07701463 -0.02569940 7.72180398
v 47.98411337 -0.03900406 7.69711928
v 47.98296875 -0.06329573 7.70848438
v 49.22382340 -0.02890753 7.89890287
v 48.98591862 0.00266679 7.85335129
v 48.83241799 0.03517018 7.83736255
v 48.30743573 -0.01340710 7.75811854
v 48.18485583 -0.04513407 7.73892136
v 48.13140552 -0.04016706 7.73035137
v 48.11038281 -0.03723822 7.72454687
v 48.00832117 -0.02283741 7.70348476
v 47.98258594 -0.06377756 7.70793066
v 49.27820221 -0.02145912 7.89459508
v 48.47419572 0.00155963 7.78006928
v 48.40359685 0.00539140 7.76532548
v 48.34394286 -0.00072799 7.76530062
v 47.98645078 -0.04115445 7.70827023
v 47.98221094 -0.06426176 7.70737793
v 49.31701146 -0.01637362 7.88781112
v 49.13994217 -0.03266406 7.87360516
v 48.78168988 0.02594133 7.81976741
v 48.62848463 -0.01373305 7.79783262
v 48.50332307 -0.00744404 7.77563395
v 48.42365600 0.00743074 7.77298236
v 48.19708660 -0.04471461 7.74016285
v 47.98182812 -0.06474881 7.70682715
v 49.08603726 -0.02287124 7.87361122
v 48.59025319 -0.01672477 7.78964552
v 48.46902942 0.00029671 7.77480000
v 48.15500618 -0.04459667 7.73360043
v 47.98144531 -0.06523531 7.70627539
v 49.09518887 -0.02596847 7.86773806
v 48.96813617 0.00501489 7.83870810
v 48.93840913 0.01532106 7.84123632
v 48.83854997 0.03523913 7.83818023
v 48.53179799 -0.00800037 7.78957607
v 48.36041684 -0.00292604 7.75164618
v 48.29402492 -0.01973094 7.75257181
v 48.15816170 -0.05064605 7.72682165
v 48.05768989 -0.02412504 7.71488657
v 47.98069531 -0.06619096 7.70514941
v 49.27973053 -0.02211783 7.88235140
v 48.87458730 0.02980791 7.83367445
v 48.60424353 -0.01675480 7.79089200
v 47.97957279 -0.06764175 7.70333077
v 49.25491860 -0.02620722 7.88301722
v 49.21913939 -0.03200215 7.87786121
v 49.18052503 -0.03571852 7.87000572
v 48.95030412 0.01062276 7.83757371
v 48.85342059 0.02978055 7.82079778
v 48.65123015 -0.01114533 7.79711385
v 48.33052726 -0.00956528 7.75189810
v 48.24986112 -0.03638471 7.74314082
v 48.20213887 -0.04620451 7.73785799
v 48.17416014 -0.05167047 7.72855264
v 48.13475431 -0.04646161 7.72457104
v 48.91090152 0.02088352 7.83105046
v 48.43592612 0.00417453 7.76842806
v 47.98205579 -0.04632572 7.70156791
v 47.97860156 -0.06891180 7.70159473
v 49.12537334 -0.03213008 7.86546085
v 48.79532134 0.02720501 7.81595973
v 48.70226738 0.00194856 7.80275823
v 48.63003443 -0.01626696 7.78941888
v 48.38290393 0.00083603 7.75469930
v 48.09887857 -0.03856312 7.71786520
v 47.98191986 -0.05029614 7.70417142
v 49.22612695 -0.03239344 7.86755308
v 49.16102000 -0.03526049 7.86970970
v 49.01778977 -0.00928493 7.84663530
v 48.76674312 0.02110694 7.81243486
v 48.61363617 -0.01823497 7.78654193
v 48.55240115 -0.01645413 7.77869630
v 48.53703017 -0.01397917 7.77795324
v 48.32064275 -0.01390633 7.74777799
v 49.18450160 -0.03690710 7.86247512
v 48.87766691 0.02642017 7.82153990
v 48.67009150 -0.00836999 7.79404008
v 48.40037527 0.00137596 7.75519158
v 48.25199282 -0.04007947 7.73347324
v 47.97691233 -0.07115286 7.69824102
v 49.21290750 -0.03700423 7.84310743
v 48.74538788 0.01406865 7.80477711
v 48.70259883 0.00091299 7.79800513
v 48.43112517 -0.00123623 7.75203437
v 48.02125967 -0.02246055 7.70404977
v 49.10593519 -0.03123390 7.85121407
v 49.03842780 -0.01914855 7.82620854
v 48.77158793 0.02026232 7.80348270
v 48.27597863 -0.03115950 7.73855230
v 48.12869788 -0.04963640 7.71738812
v 47.97507031 -0.07369614 7.69368066
v 49.15538318 -0.03783748 7.85027662
v 49.04506248 -0.01924784 7.83743899
v 48.57893996 -0.01942436 7.77952813
v 48.20406223 -0.05163850 7.72928131
v 48.02251174 -0.02585409 7.69776883
v 47.97312694 -0.07647610 7.68768652
v 48.93047638 0.01352161 7.82235730
v 48.82308963 0.02825170 7.80758716
v 48.63705083 -0.01905553 7.77336478
v 48.47046536 -0.00585127 7.75974088
v 48.29830968 -0.02562522 7.73251225
v 48.24195741 -0.04270440 7.73446479
v 48.21035141 -0.05502760 7.71922050
v 47.97175386 -0.06261537 7.67958264
v 49.10567508 -0.03408865 7.83209799
v 49.08082640 -0.02760567 7.84165438
v 49.03129592 -0.01655389 7.83144673
v 48.70613596 0.00050871 7.79143867
v 48.33121337 -0.01340099 7.73926056
v 48.27175383 -0.03711238 7.72274938
v 49.30759258 -0.01795297 7.87859485
v 49.13836719 -0.03845881 7.83427441
v 48.83380253 0.02749610 7.80112954
v 48.67078168 -0.01041471 7.78440621
v 47.99564175 -0.02790483 7.70018195
v 47.97171875 -0.07871198 7.68145898
v 49.33812266 -0.01486839 7.85403223
v 49.13305598 -0.03624185 7.84745091
v 49.05971129 -0.02635030 7.81384045
v 49.00607524 -0.01217648 7.80757936
v 48.94174937 0.00983759 7.82058178
v 48.74784465 0.01097428 7.78238603
v 48.61389988 -0.02210698 7.77075377
v 48.52291728 -0.01942794 7.74266489
v 48.36540663 -0.00703072 7.73265316
v 48.37420698 -0.00027741 7.75249279
v 48.15686205 -0.06060894 7.70708151
v 48.11302216 -0.05071008 7.70673745
v 48.04358262 -0.02890941 7.70240177
v 47.99279513 -0.03441350 7.65385706
v 49.32266179 -0.01696016 7.85027138
v 49.28093132 -0.02383282 7.85477134
v 49.15809177 -0.03982870 7.83639597
v 48.88085990 0.02347564 7.80650128
v 48.39304454 -0.00392023 7.73146772
v 47.97059087 -0.08066996 7.67458693
v 48.49229555 -0.01139463 7.75616991
v 48.43704556 -0.00447196 7.74277694
v 48.24637270 -0.04834910 7.71104989
v 48.17726326 -0.06066589 7.70884335
v 48.12939765 -0.05645558 7.70713450
v 48.78682833 0.02222035 7.79631960
v 48.54064225 -0.02036289 7.75802774
v 48.05475842 -0.03639322 7.69296289
v 48.01584259 -0.03187647 7.67052758
v 47.96992187 -0.08216981 7.66732813
v 49.17919852 -0.04118274 7.82819502
v 49.10806167 -0.03660396 7.81391628
v 48.58217949 -0.02546235 7.75101103
v 48.44174183 -0.00699807 7.72984213
v 48.08853100 -0.05098304 7.67546906
v 47.96960937 -0.08331446 7.65954785
v 49.21529198 -0.04064607 7.80085658
v 49.13795315 -0.04176060 7.80512276
v 48.92739188 0.01053619 7.79355076
v 48.67830356 -0.01219224 7.75892565
v 48.65374459 -0.01924253 7.75226513
v 48.61702770 -0.02494054 7.74848419
v 48.54747123 -0.02393108 7.72947821
v 48.54721767 -0.02428769 7.74006285
v 48.31544582 -0.02302231 7.71592847
v 47.97239969 -0.05896646 7.66515124
v 47.96967969 -0.08406961 7.65129004
v 49.05187238 -0.02612951 7.79211805
v 48.95379756 0.00221613 7.78696563
v 48.92230537 0.01044694 7.75987278
v 48.85204665 0.02326270 7.76606561
v 48.68018722 -0.01311899 7.74206233
v 48.21560556 -0.06301320 7.65752344
v 49.29447750 -0.02282306 7.82640791
v 49.03749046 -0.02230920 7.79530185
v 48.81619798 0.02316124 7.76588967
v 48.03281636 -0.03590906 7.65691859
v 47.97029776 -0.08447613 7.64032018
v 49.08464979 -0.03361901 7.79998349
v 48.58067751 -0.02745795 7.72360436
v 48.39995190 -0.00601878 7.71110077
v 47.97223437 -0.08399802 7.62365430
v 49.18420486 -0.04517282 7.78690586
v 48.74506746 0.00668181 7.74611499
v 48.53612136 -0.02182362 7.69433290
v 48.43445106 -0.00707574 7.70304100
v 48.17985492 -0.06718113 7.67535452
v 49.34887544 -0.01511938 7.78808007
v 49.19679360 -0.04405858 7.77859171
v 48.35581385 -0.01275174 7.67696838
v 48.34165896 -0.01630057 7.70302644
v 48.13135647 -0.06469439 7.66579697
v 48.05289561 -0.04064359 7.64077907
v 49.02149763 -0.01902562 7.77354073
v 48.99049997 -0.00950690 7.75111926
v 48.87805494 0.01984864 7.76458126
v 48.66044253 -0.01949413 7.70479406
v 48.25730956 -0.04832998 7.62237773
v 47.97828906 -0.08042088 7.59172461
v 49.11892068 -0.04168380 7.73750249
v 49.11757163 -0.04185772 7.75913006
v 48.91617345 0.01280035 7.73576126
v 48.38623577 -0.00409559 7.64718633
v 48.29541865 -0.03461083 7.65410924
v 48.12621769 -0.05927178 7.60834107
v 47.97663421 -0.05024799 7.61114088
v 47.98108594 -0.07844949 7.58012793
v 49.29759781 -0.02357485 7.79815175
v 49.23346456 -0.03926534 7.77286874
v 49.19857670 -0.04530913 7.75774754
v 49.15656236 -0.04629111 7.72992941
v 48.94181135 0.00521829 7.75012582
v 48.75984354 0.01051672 7.73228538
v 48.54908268 -0.01968864 7.66069553
v 48.46410881 -0.00758532 7.66599699
v 47.98427344 -0.07608858 7.56805371
v 49.07414385 -0.03317330 7.73780760
v 48.86588077 0.02309579 7.71606871
v 48.77838641 0.01512733 7.71805859
v 48.60609061 -0.02690480 7.69039390
v 48.23506956 -0.05700836 7.64242233
v 48.01043910 -0.02749746 7.59893947
v 47.98784375 -0.07333818 7.55550195
v 49.32583492 -0.01880775 7.77432611
v 49.25257208 -0.03687189 7.74068596
v 49.21558618 -0.04478748 7.72396591
v 48.93822236 0.00934683 7.70756911
v 48.89900318 0.01936270 7.70214252
v 48.76867628 0.01399158 7.67849508
v 48.67411907 -0.01506506 7.67494175
v 48.63338835 -0.02323645 7.67933805
v 48.62570525 -0.01954056 7.63587810
v 48.58050084 -0.01582263 7.62402938
v 48.54334599 -0.01489092 7.64117428
v 48.45829421 0.00121250 7.62263560
v 48.43312365 -0.00486795 7.66332624
v 48.27909512 -0.03543164 7.56802326
v 48.19205013 -0.06331114 7.60482395
v 48.15828005 -0.04915519 7.54987594
v 48.14490671 -0.06130094 7.60625515
v 48.03464982 -0.02492425 7.57950245
v 48.00300226 -0.02311072 7.53751320
v 47.99318420 -0.04890752 7.53699363
v 47.99615625 -0.06666886 7.52896777
v 48.66302344 -0.01025764 7.61157910
v 48.48553125 0.00859067 7.58157715
v 48.00603125 -0.05844151 7.50052637
v 47.99073438 -0.08314795 8.47989453
v 47.99604687 -0.08137131 8.48079297
v 48.00148437 -0.08006380 8.48171289
v 48.00700000 -0.07910365 8.48264453
v 48.01255469 -0.07839597 8.48358301
v 48.01812500 -0.07786883 8.48452441
v 48.02370312 -0.07746801 8.48546777
v 48.02928906 -0.07715215 8.48641211
v 48.03488281 -0.07688921 8.48735645
v 48.04046875 -0.07665423 8.48830176
v 48.04606250 -0.07642678 8.48924707
v 48.05164844 -0.07619122 8.49019141
v 48.05724219 -0.07593375 8.49113672
v 48.06282813 -0.07564377 8.49208105
v 48.06841406 -0.07531192 8.49302441
v 48.07399219 -0.07493077 8.49396875
v 48.07957031 -0.07449369 8.49491113
v 48.08514844 -0.07399540 8.49585352
v 48.09071094 -0.07343118 8.49679395
v 48.09627344 -0.07279729 8.49773438
v 48.10182031 -0.07209045 8.49867285
v 48.11289844 -0.07044834 8.50054395
v 48.11841406 -0.06950922 8.50147656
v 48.12392188 -0.06849690 8.50240723
v 48.12941406 -0.06742300 8.50333594
v 48.13489844 -0.06629720 8.50426270
v 48.14310938 -0.06452966 8.50565039
v 48.15129687 -0.06268933 8.50703516
v 48.15675781 -0.06143353 8.50795801
v 48.16221094 -0.06016037 8.50887891
v 48.16753125 -0.05890146 8.50977832
v 48.17284375 -0.05762820 8.51067773
v 48.18331834 -0.05508551 8.51244683
v 48.19485156 -0.05222489 8.51439746
v 48.20507990 -0.04966121 8.51612581
v 48.21114844 -0.04813073 8.51715137
v 48.21657031 -0.04675964 8.51806934
v 48.22200000 -0.04538925 8.51898633
v 48.22742969 -0.04402230 8.51990430
v 48.23286719 -0.04266169 8.52082227
v 48.23829688 -0.04131061 8.52174121
v 48.24373438 -0.03997247 8.52266016
v 48.24917969 -0.03865107 8.52358008
v 48.25462500 -0.03735044 8.52450000
v 48.26007812 -0.03607493 8.52542187
v 48.26553125 -0.03482917 8.52634473
v 48.27100000 -0.03361831 8.52726855
v 48.27647656 -0.03244773 8.52819434
v 48.28745312 -0.03025032 8.53004980
v 48.29296094 -0.02923619 8.53097949
v 48.29847656 -0.02828806 8.53191211
v 48.30400000 -0.02741470 8.53284668
v 48.30953906 -0.02662449 8.53378320
v 48.31509375 -0.02592286 8.53472168
v 48.32065625 -0.02531370 8.53566211
v 48.32622656 -0.02479768 8.53660352
v 48.33180469 -0.02437410 8.53754688
v 48.33739062 -0.02403983 8.53849121
v 48.34298438 -0.02379081 8.53943555
v 48.34857813 -0.02362154 8.54038086
v 48.35417187 -0.02352621 8.54132617
v 48.35976563 -0.02349898 8.54227246
v 48.36535937 -0.02353405 8.54321777
v 48.37032949 -0.02363545 8.54405821
v 48.37654688 -0.02376858 8.54510937
v 48.38214062 -0.02395783 8.54605371
v 48.38772656 -0.02418901 8.54699902
v 48.39332031 -0.02445812 8.54794336
v 48.39890625 -0.02476139 8.54888770
v 48.40449219 -0.02509562 8.54983203
v 48.41178906 -0.02557451 8.55106641
v 48.41908594 -0.02609566 8.55229980
v 48.42853125 -0.02682465 8.55389551
v 48.43796875 -0.02760708 8.55549121
v 48.44353906 -0.02809125 8.55643359
v 48.45159116 -0.02881476 8.55779348
v 48.46025781 -0.02962618 8.55925879
v 48.47064562 -0.03062967 8.56101465
v 48.48253125 -0.03182729 8.56302344
v 48.48810156 -0.03239967 8.56396484
v 48.49366406 -0.03297946 8.56490527
v 48.50478906 -0.03415965 8.56678711
v 48.51035938 -0.03475885 8.56772754
v 48.51592187 -0.03536258 8.56866699
v 48.52148438 -0.03595325 8.56960840
v 48.52705469 -0.03650344 8.57054883
v 48.53262500 -0.03698996 8.57149121
v 48.53821094 -0.03739205 8.57243457
v 48.54379687 -0.03769288 8.57337891
v 48.54938281 -0.03787865 8.57432422
v 48.55498437 -0.03793859 8.57527051
v 48.56616406 -0.03765130 8.57716113
v 48.57175000 -0.03729524 8.57810449
v 48.57732031 -0.03679506 8.57904687
v 48.58288281 -0.03615123 8.57998633
v 48.58842188 -0.03537201 8.58092285
v 48.59394531 -0.03447444 8.58185645
v 48.59945312 -0.03347324 8.58278711
v 48.60494531 -0.03238161 8.58371582
v 48.61042188 -0.03121087 8.58464063
v 48.61588281 -0.02997046 8.58556348
v 48.62132812 -0.02866916 8.58648437
v 48.62675781 -0.02731429 8.58740234
v 48.63217969 -0.02591259 8.58831934
v 48.63759375 -0.02446991 8.58923340
v 48.64345313 -0.02286447 8.59022461
v 48.64930469 -0.02122310 8.59121289
v 48.65422656 -0.01981524 8.59204590
v 48.65914844 -0.01838879 8.59287793
v 48.66452344 -0.01681186 8.59378711
v 48.68062500 -0.01200043 8.59650781
v 48.68599219 -0.01037952 8.59741406
v 48.69145742 -0.00872223 8.59833821
v 48.70207031 -0.00550184 8.60013281
v 48.70742969 -0.00387862 8.60103906
v 48.71279688 -0.00226038 8.60194531
v 48.71815625 -0.00064927 8.60285254
v 48.72352344 0.00095276 8.60375977
v 48.73511398 0.00437195 8.60571715
v 48.74503125 0.00723189 8.60739453
v 48.75618112 0.01037667 8.60927915
v 48.76661719 0.01321618 8.61104395
v 48.77203125 0.01465264 8.61195801
v 48.77745313 0.01606164 8.61287402
v 48.78287500 0.01744139 8.61379199
v 48.78831250 0.01879006 8.61471094
v 48.79951637 0.02147166 8.61660469
v 48.81013281 0.02383649 8.61839844
v 48.81560938 0.02500148 8.61932422
v 48.82109375 0.02612375 8.62025098
v 48.82658594 0.02720123 8.62117969
v 48.83208594 0.02823215 8.62210938
v 48.83760156 0.02921526 8.62304102
v 48.84311719 0.03015103 8.62397363
v 48.84941406 0.03116060 8.62503809
v 48.85732813 0.03234368 8.62637598
v 48.86624833 0.03356544 8.62788397
v 48.87636719 0.03480932 8.62959375
v 48.88192969 0.03543203 8.63053418
v 48.88749219 0.03601247 8.63147461
v 48.89306250 0.03655128 8.63241602
v 48.89863281 0.03704905 8.63335840
v 48.90421094 0.03750639 8.63430078
v 48.90979687 0.03792393 8.63524414
v 48.91537500 0.03830225 8.63618750
v 48.92096094 0.03864198 8.63713184
v 48.93111760 0.03916427 8.63884918
v 48.94332031 0.03962664 8.64091113
v 48.94891406 0.03978217 8.64185645
v 48.95450781 0.03990261 8.64280176
v 48.96010156 0.03998853 8.64374805
v 48.96569531 0.04004049 8.64469336
v 48.97821450 0.04005134 8.64680951
v 48.99082813 0.03986964 8.64894238
v 49.00078652 0.03963137 8.65062428
v 49.00967969 0.03932874 8.65212793
v 49.01457812 0.03913288 8.65295605
v 49.01947656 0.03891494 8.65378418
v 49.02437500 0.03867525 8.65461230
v 49.04472700 0.03749782 8.65805141
v 49.06628125 0.03578204 8.66169531
v 49.08751005 0.03379918 8.66528475
v 49.10525000 0.03185552 8.66828320
v 49.11081250 0.03120777 8.66922266
v 49.11636719 0.03053975 8.67016113
v 49.13294513 0.02845694 8.67296339
v 49.15519531 0.02533688 8.67672461
v 49.16072656 0.02452426 8.67766016
v 49.16626563 0.02369583 8.67859570
v 49.17830929 0.02184528 8.68063202
v 49.19179688 0.01967976 8.68291211
v 49.20087380 0.01818184 8.68444572
v 49.21388281 0.01598042 8.68664453
v 49.22252834 0.01448558 8.68810601
v 49.23252344 0.01272367 8.68979590
v 49.23803906 0.01174219 8.69072754
v 49.24354687 0.01075369 8.69165820
v 49.24905469 0.00975897 8.69258984
v 49.25456250 0.00875895 8.69352051
v 49.26707532 0.00647442 8.69563561
v 49.27658594 0.00472558 8.69724316
v 49.28767491 0.00268951 8.69911797
v 49.29860937 0.00069582 8.70096582
v 49.30895632 -0.00117096 8.70271540
v 49.31514062 -0.00226616 8.70375977
v 49.32064844 -0.00323123 8.70469238
v 49.32616406 -0.00418098 8.70562402
v 49.33168750 -0.00511226 8.70655762
v 49.33721094 -0.00602166 8.70749023
v 49.34826563 -0.00775793 8.70935938
v 49.35380469 -0.00857457 8.71029590
v 49.35934375 -0.00934863 8.71123242
v 49.36595458 -0.01021198 8.71234962
v 49.37045312 -0.01073566 8.71310938
v 49.37682483 -0.01140900 8.71418688
v 49.36885354 -0.01163118 8.66605690
v 49.36918489 -0.01247114 8.58866988
v 49.36536456 -0.01253818 8.54261642
v 49.33995317 -0.01214971 8.39731688
v 49.35048537 -0.01246127 8.28819800
v 49.35184504 -0.01246677 8.26222293
v 49.35161975 -0.01244525 8.24325099
v 49.34069988 -0.01199595 8.15368642
v 49.33111563 -0.01176508 8.10709772
v 49.34357624 -0.01207512 8.06225702
v 49.34456633 -0.01213016 8.04440828
v 49.33773707 -0.01237595 7.99480780
v 49.33922223 -0.01269779 7.96363390
v 49.35530830 -0.01281035 7.91821802
v 49.35802403 -0.01307565 7.88621581
v 49.35157044 -0.01346188 7.87899729
v 49.35790517 -0.01384576 7.82170867
v 49.36952174 -0.01336399 7.79499587
v 49.36196480 -0.01399001 7.78278558
v 49.38400782 -0.01284728 7.75002320
v 49.37098535 -0.01371412 7.73124483
v 49.35341406 -0.01568673 7.72827637
v 49.34737500 -0.01655191 7.72725586
v 49.34142188 -0.01749999 7.72625000
v 49.33555469 -0.01852331 7.72525684
v 49.32975000 -0.01961424 7.72427637
v 49.32402344 -0.02076513 7.72330859
v 49.31836719 -0.02196832 7.72235156
v 49.30286486 -0.02550634 7.71973231
v 49.28024219 -0.03121283 7.71590723
v 49.26066832 -0.03615405 7.71259963
v 49.24889063 -0.03889001 7.71060840
v 49.24371094 -0.04002250 7.70973340
v 49.23853906 -0.04109257 7.70885840
v 49.23336719 -0.04209258 7.70798437
v 49.22818750 -0.04301490 7.70710840
v 49.22299219 -0.04385186 7.70623145
v 49.21778906 -0.04459582 7.70535156
v 49.21057031 -0.04545652 7.70413086
v 49.20330469 -0.04610491 7.70290332
v 49.19636719 -0.04650915 7.70173047
v 49.18938281 -0.04671158 7.70054980
v 49.18235156 -0.04671913 7.69936133
v 49.17527344 -0.04653871 7.69816504
v 49.16984375 -0.04627858 7.69724707
v 49.16439063 -0.04591591 7.69632520
v 49.15891406 -0.04545378 7.69539941
v 49.15341406 -0.04489527 7.69446973
v 49.14789844 -0.04424347 7.69353711
v 49.14235937 -0.04350146 7.69260156
v 49.13680469 -0.04267234 7.69166309
v 49.13123437 -0.04175917 7.69072168
v 49.12564844 -0.04076505 7.68977734
v 49.12005469 -0.03969306 7.68883105
v 49.11443750 -0.03854629 7.68788184
v 49.10881250 -0.03732781 7.68693164
v 49.10317969 -0.03604072 7.68597949
v 49.09753906 -0.03468809 7.68502539
v 49.09188281 -0.03327302 7.68406934
v 49.08622656 -0.03179858 7.68311230
v 49.08055469 -0.03026786 7.68215527
v 49.07488281 -0.02868395 7.68119629
v 49.06921094 -0.02704992 7.68023633
v 49.06353125 -0.02536887 7.67927637
v 49.05785156 -0.02364388 7.67831641
v 49.05216406 -0.02187802 7.67735645
v 49.04139048 -0.01843495 7.67553465
v 49.03085156 -0.01493808 7.67375391
v 49.02588281 -0.01325784 7.67291309
v 49.02091406 -0.01155953 7.67207422
v 49.01595313 -0.00984524 7.67123535
v 49.00706044 -0.00673502 7.66973174
v 49.00110937 -0.00462729 7.66872559
v 48.99409375 -0.00212806 7.66754004
v 48.98709375 0.00037456 7.66635742
v 48.98011719 0.00286848 7.66517676
v 48.97314844 0.00534160 7.66399902
v 48.95214756 0.01259244 7.66044784
v 48.93423438 0.01827339 7.65742187
v 48.92870312 0.01991114 7.65648730
v 48.92317969 0.02147774 7.65555273
v 48.90916650 0.02515001 7.65318596
v 48.89560937 0.02802479 7.65089355
v 48.89010938 0.02903328 7.64996289
v 48.88460937 0.02992689 7.64903320
v 48.87910937 0.03069936 7.64810449
v 48.87361719 0.03134446 7.64717578
v 48.86811719 0.03185593 7.64624707
v 48.86262500 0.03222753 7.64531836
v 48.85477344 0.03250351 7.64399023
v 48.84692187 0.03246228 7.64266309
v 48.84066406 0.03219391 7.64160547
v 48.83517188 0.03179299 7.64067676
v 48.82967188 0.03124645 7.63974805
v 48.82417969 0.03056289 7.63881934
v 48.81867969 0.02975090 7.63789062
v 48.81318750 0.02881906 7.63696094
v 48.80768750 0.02777596 7.63603125
v 48.80217969 0.02663019 7.63510059
v 48.79667969 0.02539034 7.63417090
v 48.79117188 0.02406500 7.63323926
v 48.78565625 0.02266276 7.63230762
v 48.78014063 0.02119221 7.63137598
v 48.77462500 0.01966194 7.63044238
v 48.76910156 0.01808054 7.62950879
v 48.76357031 0.01645659 7.62857520
v 48.75803906 0.01479868 7.62763965
v 48.75250781 0.01311542 7.62670410
v 48.73005788 0.00621631 7.62290973
v 48.71916406 0.00296415 7.62106934
v 48.71358594 0.00134382 7.62012598
v 48.70800000 -0.00023315 7.61918164
v 48.70240625 -0.00175818 7.61823633
v 48.69066138 -0.00534188 7.61635084
v 48.68514175 -0.00606482 7.61532340
v 48.67432031 -0.00830365 7.61348828
v 48.66867969 -0.00933668 7.61253516
v 48.65735937 -0.01105796 7.61062207
v 48.65168750 -0.01172902 7.60966309
v 48.64649219 -0.01222249 7.60878418
v 48.64128125 -0.01259400 7.60790430
v 48.63509375 -0.01287092 7.60685742
v 48.62889062 -0.01297714 7.60580957
v 48.62317187 -0.01293255 7.60484277
v 48.61743750 -0.01275938 7.60387402
v 48.61170312 -0.01246551 7.60290430
v 48.60596094 -0.01205883 7.60193359
v 48.60021094 -0.01154720 7.60096191
v 48.59446094 -0.01093851 7.59998926
v 48.58870313 -0.01024064 7.59901562
v 48.58293750 -0.00946146 7.59804297
v 48.57717969 -0.00860885 7.59706836
v 48.57142187 -0.00769069 7.59609473
v 48.56565625 -0.00671486 7.59512109
v 48.55989844 -0.00568923 7.59414746
v 48.54655575 -0.00318101 7.59189408
v 48.52541406 0.00106904 7.58831836
v 48.50176646 0.00575981 7.58432224
v 48.47987500 0.00948622 7.58062207
v 48.47424219 0.01031340 7.57966895
v 48.46862500 0.01106431 7.57871973
v 48.46302344 0.01173110 7.57777246
v 48.45743750 0.01230587 7.57682812
v 48.45186719 0.01278076 7.57588672
v 48.44632031 0.01314788 7.57494922
v 48.44078906 0.01339935 7.57401465
v 48.43528125 0.01352730 7.57308398
v 48.42979688 0.01352385 7.57215723
v 48.42433594 0.01338112 7.57123340
v 48.41514844 0.01280017 7.56967969
v 48.40603125 0.01175958 7.56813867
v 48.39903125 0.01062338 7.56695605
v 48.39207812 0.00921326 7.56578125
v 48.38678906 0.00796455 7.56488574
v 48.38150781 0.00657971 7.56399414
v 48.37151121 0.00363828 7.56230539
v 48.36053125 -0.00011261 7.56044824
v 48.35530469 -0.00202182 7.55956543
v 48.35008594 -0.00400462 7.55868262
v 48.34486719 -0.00605061 7.55779980
v 48.33964063 -0.00814936 7.55691797
v 48.33022217 -0.01203265 7.55532586
v 48.30812500 -0.02126605 7.55159082
v 48.30282031 -0.02344226 7.55069434
v 48.29750000 -0.02558784 7.54979395
v 48.29214844 -0.02769237 7.54888867
v 48.28676563 -0.02974543 7.54798047
v 48.28135938 -0.03173660 7.54706641
v 48.27592188 -0.03365545 7.54614746
v 48.27045313 -0.03549156 7.54522266
v 48.26494531 -0.03723451 7.54429102
v 48.25939844 -0.03887387 7.54335352
v 48.25381250 -0.04039922 7.54240918
v 48.24817969 -0.04180015 7.54145703
v 48.24250000 -0.04306622 7.54049707
v 48.23677344 -0.04418701 7.53952930
v 48.23099219 -0.04515210 7.53855273
v 48.22516406 -0.04595107 7.53756641
v 48.21927344 -0.04657349 7.53657129
v 48.21332812 -0.04700895 7.53556641
v 48.20732031 -0.04724701 7.53455078
v 48.20125000 -0.04727726 7.53352441
v 48.19510938 -0.04708927 7.53248730
v 48.18890625 -0.04667262 7.53143750
v 48.18262500 -0.04601689 7.53037695
v 48.17597656 -0.04506299 7.52925293
v 48.16924219 -0.04382373 7.52811523
v 48.16289063 -0.04240614 7.52704102
v 48.15647656 -0.04075839 7.52595605
v 48.15000781 -0.03890910 7.52486426
v 48.14351562 -0.03688689 7.52376660
v 48.13685156 -0.03466693 7.52263965
v 48.13017969 -0.03232639 7.52151172
v 48.12518750 -0.03051034 7.52066797
v 48.11767315 -0.02770609 7.51939815
v 48.10378906 -0.02237299 7.51705176
v 48.09314319 -0.01828691 7.51525070
v 48.08473437 -0.01514745 7.51383008
v 48.07860937 -0.01294843 7.51279395
v 48.07261719 -0.01090536 7.51178125
v 48.06677344 -0.00904898 7.51079492
v 48.06110938 -0.00741000 7.50983594
v 48.05561719 -0.00601915 7.50890918
v 48.04658029 -0.00425693 7.50738045
v 48.03582813 -0.00355157 7.50556250
v 48.02743750 -0.00460544 7.50414453
v 48.02021875 -0.00751215 7.50292480
v 48.01708594 -0.00973714 7.50239551
v 48.01428906 -0.01251751 7.50192285
v 48.01185156 -0.01588400 7.50151074
v 48.00978906 -0.01986732 7.50116113
v 48.00810156 -0.02449821 7.50087695
v 48.00682031 -0.02980739 7.50066113
v 48.00596094 -0.03582558 7.50051465
v 48.00553125 -0.04258352 7.50044238
v 48.00554688 -0.05011192 7.50044531
v 48.00341406 -0.06064442 7.50781543
v 48.00089844 -0.06274994 7.51498535
v 47.99848437 -0.06475809 7.52203711
v 47.99393750 -0.06848225 7.53578027
v 47.99180469 -0.07019827 7.54247363
v 47.98978125 -0.07181692 7.54904785
v 47.98600781 -0.07476207 7.56183691
v 47.98263281 -0.07731773 7.57415039
v 47.97964063 -0.07948387 7.58598535
v 47.97703906 -0.08126051 7.59734473
v 47.97408771 -0.08310113 7.61196462
v 47.97157031 -0.08425339 7.62855762
v 48.01291406 -0.01940894 7.81523047
v 48.01289062 -0.01818066 7.82906055
v 48.01226562 -0.01759835 7.84338477
v 47.95300000 -0.06650943 8.11529297
v 47.95036719 -0.06948907 8.13188770
v 47.94805469 -0.07228640 8.14829102
v 47.94606250 -0.07490139 8.16450488
v 47.94439062 -0.07733405 8.18052832
v 47.94303906 -0.07958437 8.19636230
v 47.94200000 -0.08165237 8.21200586
v 47.94128125 -0.08353804 8.22745898
v 47.94089063 -0.08524138 8.24272168
v 47.94081250 -0.08676238 8.25779395
v 47.94105469 -0.08810106 8.27267676
v 47.94161719 -0.08925741 8.28736914
v 47.94250000 -0.09023142 8.30187109
v 47.94306250 -0.09065005 8.30905078
v 47.94370312 -0.09102311 8.31618359
v 47.94521875 -0.09163246 8.33030566
v 47.94610156 -0.09186877 8.33729492
v 47.94706250 -0.09205949 8.34423730
v 47.94921875 -0.09230418 8.35797852
v 47.95042188 -0.09235815 8.36477832
v 47.95169531 -0.09236655 8.37153027
v 47.95449219 -0.09224658 8.38489063
v 47.95601562 -0.09211823 8.39150000
v 47.95760937 -0.09194428 8.39806152
v 47.96104688 -0.09145966 8.41104297
v 47.96289062 -0.09114897 8.41746191
v 47.96678179 -0.09041019 8.43012489
v 47.97103906 -0.08945039 8.44266309
v 47.97327344 -0.08891180 8.44884375
v 47.97799219 -0.08769785 8.46106445
v 47.98046875 -0.08702250 8.46710254
v 47.98302344 -0.08630157 8.47309375
v 48.65089844 0.01349242 7.96736523
v 48.65405829 0.01388248 7.96392341
v 48.68719616 0.01955095 7.93430088
v 48.70277781 0.02252502 7.92348383
v 48.71877766 0.02583820 7.91441187
v 48.72220443 0.02668983 7.91260145
v 48.73022085 0.02835649 7.90871944
v 48.74134258 0.03084057 7.90383484
v 48.75091871 0.03281095 7.90016804
v 48.76466470 0.03565448 7.89576171
v 48.77244501 0.03713214 7.89363897
v 48.78305814 0.03901812 7.89111341
v 48.79738249 0.04122197 7.88855528
v 48.80070045 0.04146988 7.88811019
v 48.81174987 0.04286353 7.88681190
v 48.81871054 0.04316354 7.88633729
v 48.84377402 0.04363416 7.88608552
v 48.85847927 0.04279276 7.88712582
v 48.86434764 0.04211882 7.88781651
v 48.87362887 0.04105706 7.88913212
v 48.89002779 0.03871185 7.89247193
v 48.89733711 0.03737901 7.89430538
v 48.91376274 0.03417176 7.89930779
v 48.92506127 0.03164162 7.90353836
v 48.95121944 0.02570144 7.91571972
v 48.98501753 0.01785788 7.93824335
v 48.98829679 0.01718598 7.94084297
v 48.99160105 0.01658873 7.94352594
v 48.99713825 0.01539743 7.94832864
v 49.00231620 0.01431215 7.95309083
v 49.00538968 0.01353010 7.95610108
v 49.01009536 0.01260013 7.96084142
v 49.01311276 0.01196066 7.96404075
v 49.01850685 0.01107745 7.96989449
v 49.03477503 0.00801255 7.99060430
v 49.04674274 0.00608923 8.00959344
v 49.05896014 0.00434398 8.03364246
v 49.07017582 0.00301977 8.06548296
v 49.07657154 0.00244453 8.09664804
v 49.07852448 0.00235310 8.11429960
v 49.07903270 0.00235397 8.13065614
v 49.07675782 0.00269095 8.16484796
v 49.06495550 0.00509427 8.21364309
v 49.05725780 0.00675966 8.23255082
v 49.04875786 0.00848951 8.24987056
v 49.03148900 0.01209275 8.27682943
v 49.01958665 0.01445409 8.29156673
v 49.00988788 0.01631042 8.30233989
v 48.99529281 0.01900464 8.31608833
v 48.98096024 0.02156753 8.32775152
v 48.95955705 0.02477810 8.34209694
v 48.94457785 0.02678182 8.35039962
v 48.92764196 0.02862892 8.35817380
v 48.91176057 0.03014461 8.36412261
v 48.90412500 0.03075900 8.36650781
v 48.89930831 0.03105747 8.36790933
v 48.89188322 0.03142717 8.36984850
v 48.88720979 0.03145203 8.37094937
v 48.86988513 0.03197811 8.37421842
v 48.84143270 0.03123881 8.37674649
v 48.83642309 0.03093766 8.37685609
v 48.81937489 0.02935903 8.37645921
v 48.80562194 0.02785044 8.37528308
v 48.73624255 0.01369413 8.35687382
v 48.69343582 0.00238118 8.33299052
v 48.67599348 -0.00206963 8.31963597
v 48.65849055 -0.00652872 8.30347171
v 48.64420113 -0.00973159 8.28780418
v 48.61441888 -0.01423976 8.24236538
v 48.60950526 -0.01426865 8.22985147
v 48.61016065 -0.01414786 8.23088030
v 48.61281968 -0.01387063 8.23472066
v 48.61452344 -0.01367552 8.23709082
v 48.61605394 -0.01348798 8.23915654
v 48.61789063 -0.01324530 8.24155762
v 48.62020313 -0.01291956 8.24447363
v 48.62477236 -0.01221749 8.24995714
v 48.62867969 -0.01153412 8.25430371
v 48.62994531 -0.01130539 8.25566016
v 48.63250781 -0.01082566 8.25833301
v 48.63510937 -0.01031656 8.26095410
v 48.63717198 -0.00990248 8.26295701
v 48.63914063 -0.00949197 8.26481641
v 48.64120480 -0.00905441 8.26671309
v 48.64385492 -0.00847453 8.26907209
v 48.64607031 -0.00797802 8.27097559
v 48.64839852 -0.00744545 8.27292139
v 48.65032813 -0.00699468 8.27448535
v 48.65330407 -0.00628969 8.27682456
v 48.65614844 -0.00559732 8.27896484
v 48.65762500 -0.00523314 8.28004883
v 48.66059375 -0.00449256 8.28216016
v 48.66358594 -0.00373079 8.28421387
v 48.66730140 -0.00277275 8.28664896
v 48.66968750 -0.00214693 8.28814746
v 48.67278906 -0.00132746 8.29002539
v 48.67591406 -0.00049108 8.29184277
v 48.67907031 0.00036129 8.29360156
v 48.68374719 0.00163553 8.29607295
v 48.68875000 0.00301184 8.29853223
v 48.69203125 0.00392077 8.30005566
v 48.69534375 0.00483990 8.30151855
v 48.69790025 0.00555254 8.30260184
v 48.70105743 0.00643078 8.30387681
v 48.70377344 0.00718739 8.30492187
v 48.70547656 0.00766148 8.30555469
v 48.70821543 0.00842325 8.30653744
v 48.71160571 0.00936238 8.30768747
v 48.71507247 0.01032141 8.30879619
v 48.71924219 0.01146611 8.31002930
v 48.72097656 0.01194152 8.31051563
v 48.72271875 0.01241651 8.31098633
v 48.72621875 0.01336342 8.31187891
v 48.72972656 0.01430564 8.31270703
v 48.73325000 0.01524192 8.31346973
v 48.73746560 0.01634861 8.31429621
v 48.74035937 0.01709633 8.31480371
v 48.74327728 0.01784326 8.31527703
v 48.74752344 0.01891273 8.31587793
v 48.75111719 0.01980130 8.31631543
v 48.75656666 0.02111642 8.31686016
v 48.76205469 0.02239285 8.31723633
v 48.76609715 0.02330443 8.31742445
v 48.77028125 0.02421698 8.31752441
v 48.77302344 0.02479839 8.31754297
v 48.77576562 0.02536566 8.31752441
v 48.77991027 0.02619542 8.31742797
v 48.78399219 0.02697731 8.31723828
v 48.78672656 0.02748210 8.31706641
v 48.78946875 0.02796963 8.31685547
v 48.79382137 0.02871067 8.31644462
v 48.79859375 0.02946840 8.31587402
v 48.80224219 0.03001113 8.31536035
v 48.80837552 0.03085179 8.31434907
v 48.81318750 0.03143233 8.31339648
v 48.81532837 0.03167688 8.31294079
v 48.81956087 0.03211856 8.31195607
v 48.82228125 0.03237845 8.31127051
v 48.82492899 0.03261528 8.31056828
v 48.82768750 0.03284201 8.30978906
v 48.83059895 0.03306365 8.30892218
v 48.83391991 0.03329032 8.30787127
v 48.83731635 0.03349702 8.30673187
v 48.84182812 0.03372328 8.30510449
v 48.84528906 0.03386801 8.30377246
v 48.85075319 0.03403873 8.30151714
v 48.85553125 0.03413886 8.29938184
v 48.85888281 0.03417791 8.29779004
v 48.86498844 0.03419705 8.29470963
v 48.87041406 0.03413253 8.29170410
v 48.87248334 0.03409764 8.29051246
v 48.87525000 0.03403373 8.28885449
v 48.87741010 0.03397700 8.28751739
v 48.88075409 0.03386643 8.28537285
v 48.88313281 0.03377611 8.28378906
v 48.88561035 0.03367161 8.28208706
v 48.88774219 0.03357190 8.28056836
v 48.88994950 0.03346364 8.27895973
v 48.89372656 0.03325098 8.27608887
v 48.89664063 0.03307264 8.27377441
v 48.89950781 0.03288341 8.27140625
v 48.90232812 0.03268431 8.26898340
v 48.90510156 0.03247687 8.26651270
v 48.90782813 0.03226192 8.26399219
v 48.91050000 0.03204042 8.26142090
v 48.91312500 0.03181333 8.25879883
v 48.91571094 0.03158072 8.25611719
v 48.91824219 0.03134472 8.25338867
v 48.92290745 0.03089045 8.24810071
v 48.92671875 0.03050238 8.24343848
v 48.92860133 0.03030527 8.24103487
v 48.93015625 0.03014079 8.23898926
v 48.93127344 0.03002124 8.23748535
v 48.93237500 0.02990237 8.23596973
v 48.93397977 0.02972823 8.23371664
v 48.93558594 0.02955251 8.23138281
v 48.93662500 0.02943806 8.22983496
v 48.93865625 0.02921296 8.22671094
v 48.94062500 0.02899356 8.22354883
v 48.94253906 0.02878121 8.22035937
v 48.94438281 0.02857627 8.21713574
v 48.94616406 0.02837942 8.21387988
v 48.94789062 0.02819129 8.21059180
v 48.94955469 0.02801203 8.20725977
v 48.95114844 0.02784311 8.20390039
v 48.95409032 0.02754450 8.19729502
v 48.95625781 0.02734024 8.19187500
v 48.95717698 0.02725900 8.18946560
v 48.95821094 0.02717194 8.18660059
v 48.95882812 0.02712284 8.18483008
v 48.95942187 0.02707736 8.18305469
v 48.96021803 0.02702051 8.18062157
v 48.96111719 0.02696333 8.17769629
v 48.96195881 0.02691723 8.17483511
v 48.96265625 0.02688439 8.17229688
v 48.96340022 0.02685652 8.16948797
v 48.96446875 0.02683660 8.16505371
v 48.96575016 0.02684629 8.15907362
v 48.96664844 0.02689462 8.15411719
v 48.96723437 0.02695024 8.15044629
v 48.96775781 0.02702463 8.14676758
v 48.96820313 0.02711820 8.14308203
v 48.96855766 0.02722517 8.13970008
v 48.96889844 0.02736499 8.13567480
v 48.96914063 0.02751903 8.13195898
v 48.96922656 0.02760204 8.13011133
v 48.96934527 0.02774315 8.12710315
v 48.96940625 0.02786509 8.12448535
v 48.96942188 0.02814320 8.11885156
v 48.96936467 0.02830210 8.11575931
v 48.96927344 0.02843683 8.11322852
v 48.96912596 0.02860616 8.11013347
v 48.96882813 0.02885316 8.10576758
v 48.96850781 0.02907220 8.10206055
v 48.96810937 0.02929920 8.09836230
v 48.96774324 0.02948649 8.09541203
v 48.96710937 0.02977783 8.09100098
v 48.96650000 0.03002963 8.08734375
v 48.96582813 0.03029013 8.08370117
v 48.96514009 0.03054959 8.08028256
v 48.96428125 0.03083936 8.07644434
v 48.96339844 0.03112823 8.07283691
v 48.96245313 0.03142636 8.06924902
v 48.96126120 0.03178685 8.06507956
v 48.96034375 0.03205425 8.06210059
v 48.95977344 0.03221795 8.06031934
v 48.95882210 0.03248756 8.05745576
v 48.95745288 0.03286285 8.05359968
v 48.95646419 0.03312813 8.05096535
v 48.95532031 0.03343088 8.04803711
v 48.95461719 0.03361353 8.04631152
v 48.95353044 0.03389257 8.04372625
v 48.95206618 0.03426351 8.04040200
v 48.95086719 0.03456126 8.03779883
v 48.94926563 0.03495478 8.03446094
v 48.94760156 0.03535665 8.03115820
v 48.94587500 0.03576669 8.02788965
v 48.94332372 0.03636226 8.02329556
v 48.94034375 0.03704518 8.01828809
v 48.93838281 0.03748539 8.01516309
v 48.93594347 0.03802349 8.01145277
v 48.93351857 0.03854969 8.00793211
v 48.93211719 0.03884860 8.00598047
v 48.93102344 0.03908056 8.00448438
v 48.92991406 0.03931349 8.00299902
v 48.92741694 0.03983297 7.99974573
v 48.92451372 0.04042263 7.99614240
v 48.92294531 0.04073479 7.99427539
v 48.92174219 0.04097372 7.99285938
v 48.91964886 0.04138194 7.99047375
v 48.91729481 0.04183023 7.98788081
v 48.91488047 0.04228218 7.98531625
v 48.91292969 0.04264074 7.98330371
v 48.91030469 0.04311080 7.98069238
v 48.90692845 0.04369683 7.97746797
v 48.90490625 0.04403779 7.97561523
v 48.90214063 0.04449166 7.97315430
v 48.89932812 0.04493650 7.97075000
v 48.89535809 0.04553684 7.96749407
v 48.89207812 0.04600730 7.96494629
v 48.89010575 0.04627874 7.96345950
v 48.88759375 0.04661031 7.96162695
v 48.88455469 0.04699131 7.95948828
v 48.88243136 0.04724243 7.95804514
v 48.87988281 0.04753231 7.95636328
v 48.87766009 0.04776986 7.95494405
v 48.87513281 0.04802343 7.95337988
v 48.87160681 0.04835271 7.95128170
v 48.86868750 0.04859025 7.94962305
v 48.86541406 0.04883136 7.94784180
v 48.86211719 0.04904160 7.94612500
v 48.85879688 0.04921903 7.94447168
v 48.85542187 0.04936236 7.94287598
v 48.85203125 0.04946828 7.94134570
v 48.84860938 0.04953476 7.93988281
v 48.84449201 0.04956291 7.93821644
v 48.84167188 0.04954062 7.93714160
v 48.83812525 0.04947776 7.93585229
v 48.83460937 0.04936001 7.93466016
v 48.83160382 0.04922647 7.93369344
v 48.82925000 0.04909142 7.93297656
v 48.82568249 0.04885342 7.93194205
v 48.82203125 0.04855144 7.93096973
v 48.81930460 0.04829819 7.93028605
v 48.81657812 0.04801568 7.92964844
v 48.81296094 0.04760313 7.92886230
v 48.80933594 0.04714566 7.92814453
v 48.80570313 0.04664494 7.92749609
v 48.80205469 0.04610265 7.92691699
v 48.79842188 0.04552381 7.92640820
v 48.79477344 0.04490806 7.92596777
v 48.79112500 0.04425733 7.92559570
v 48.78834343 0.04374124 7.92535708
v 48.78564062 0.04321978 7.92516602
v 48.78295267 0.04268864 7.92500968
v 48.78014063 0.04211551 7.92488965
v 48.77646332 0.04134630 7.92478655
v 48.77279687 0.04055262 7.92476172
v 48.76918127 0.03974954 7.92479472
v 48.76549219 0.03891126 7.92490723
v 48.76279977 0.03828863 7.92502772
v 48.76001563 0.03763536 7.92519434
v 48.75606373 0.03669589 7.92549301
v 48.75098438 0.03546645 7.92600488
v 48.74739063 0.03458621 7.92644531
v 48.74379688 0.03370049 7.92695215
v 48.74023438 0.03281615 7.92752246
v 48.73667969 0.03193127 7.92815820
v 48.73313281 0.03104751 7.92886035
v 48.72959375 0.03016654 7.92962891
v 48.72606250 0.02928928 7.93046387
v 48.72254687 0.02841934 7.93136523
v 48.71829749 0.02737499 7.93254474
v 48.71458304 0.02647118 7.93366289
v 48.71206250 0.02586325 7.93446973
v 48.71032812 0.02544668 7.93504590
v 48.70859375 0.02503376 7.93563965
v 48.70613862 0.02445415 7.93650690
v 48.70230893 0.02355885 7.93794098
v 48.69831250 0.02264548 7.93953613
v 48.69494531 0.02188882 7.94095703
v 48.69160937 0.02115148 7.94244336
v 48.68828906 0.02043391 7.94399219
v 48.68500781 0.01973978 7.94559961
v 48.68175781 0.01906720 7.94726660
v 48.67853906 0.01841609 7.94899707
v 48.67534375 0.01778637 7.95078809
v 48.67217187 0.01717712 7.95264453
v 48.66624821 0.01607013 7.95632127
v 48.66134375 0.01521416 7.95962109
v 48.65982031 0.01495308 7.96068457
v 48.65415966 0.01401284 7.96480566
v 48.50120313 -0.00583651 8.12042480
v 48.49643637 -0.00538628 8.12112960
v 48.49301562 -0.00504532 8.12163477
v 48.48904817 -0.00463768 8.12222162
v 48.48750781 -0.00447635 8.12244824
v 48.48570347 -0.00428600 8.12271478
v 48.48335937 -0.00403600 8.12306250
v 48.48196875 -0.00388769 8.12326758
v 48.48057813 -0.00373901 8.12347266
v 48.47988281 -0.00366461 8.12357617
v 48.47953125 -0.00362742 8.12362695
v 48.47935938 -0.00360882 8.12365332
v 48.47918750 -0.00359023 8.12367871
v 48.47780469 -0.00344277 8.12388379
v 48.47641406 -0.00329611 8.12408789
v 48.47344407 -0.00298360 8.12452728
v 48.47089063 -0.00272157 8.12490430
v 48.46867939 -0.00249723 8.12523208
v 48.46539062 -0.00217244 8.12571777
v 48.46264062 -0.00190832 8.12612402
v 48.45989844 -0.00165166 8.12652832
v 48.45716406 -0.00140287 8.12693359
v 48.45572656 -0.00127520 8.12714551
v 48.45428906 -0.00115008 8.12735742
v 48.45285938 -0.00102752 8.12756934
v 48.45142969 -0.00090757 8.12778027
v 48.45000781 -0.00079026 8.12799023
v 48.44858594 -0.00067563 8.12820020
v 48.44717188 -0.00056370 8.12841016
v 48.44575781 -0.00045452 8.12861816
v 48.44435156 -0.00034812 8.12882715
v 48.44294531 -0.00024453 8.12903418
v 48.44153906 -0.00014379 8.12924121
v 48.44014844 -0.00004593 8.12944824
v 48.43875000 0.00004901 8.12965430
v 48.43735937 0.00014100 8.12985938
v 48.43597656 0.00023000 8.13006445
v 48.43459375 0.00031599 8.13026855
v 48.43183594 0.00047877 8.13067578
v 48.42910156 0.00062915 8.13108008
v 48.42637500 0.00076693 8.13148242
v 48.42366406 0.00089194 8.13188281
v 48.41828803 0.00110748 8.13267832
v 48.41298438 0.00126045 8.13346191
v 48.41815603 0.00185546 8.12839448
v 48.42284375 0.00236455 8.12380566
v 48.42912691 0.00301628 8.11764753
v 48.43478125 0.00356300 8.11211133
v 48.43678125 0.00375025 8.11015137
v 48.43878906 0.00393410 8.10818848
v 48.44079687 0.00411462 8.10622168
v 48.44280469 0.00429187 8.10425195
v 48.44482031 0.00446593 8.10227930
v 48.44678125 0.00463216 8.10035840
v 48.44874219 0.00479560 8.09843359
v 48.45071875 0.00495633 8.09650391
v 48.45380728 0.00520641 8.09347349
v 48.46261719 0.00586754 8.08484473
v 48.46461719 0.00601115 8.08288770
v 48.47105815 0.00645902 8.07657532
v 48.47669531 0.00683021 8.07105957
v 48.47600619 0.00707760 8.06967944
v 48.47484375 0.00783901 8.06733301
v 48.47422656 0.00817562 8.06609180
v 48.47360938 0.00851239 8.06485059
v 48.47299219 0.00884929 8.06361035
v 48.47237500 0.00918629 8.06237012
v 48.47178845 0.00951078 8.06117689
v 48.47114844 0.00986127 8.05988867
v 48.47053125 0.01019918 8.05864844
v 48.46991406 0.01053710 8.05740723
v 48.46975781 0.01062158 8.05709766
v 48.46960937 0.01070589 8.05678809
v 48.46930189 0.01087167 8.05617887
v 48.46807031 0.01154887 8.05369629
v 48.46685679 0.01221705 8.05124715
v 48.46619531 0.01257983 8.04991699
v 48.46560156 0.01290584 8.04872168
v 48.46498438 0.01324457 8.04748145
v 48.46251042 0.01458931 8.04250378
v 48.46082110 0.01549665 8.03909085
v 48.45811466 0.01680874 8.03365086
v 48.45379597 0.01891331 8.02494772
v 48.45075858 0.02048077 8.01883337
v 48.44762135 0.02188945 8.01250677
v 48.44641926 0.02228418 8.01009830
v 48.44575781 0.02269403 8.00875684
v 48.44387568 0.02348318 8.00496887
v 48.44087924 0.02468136 7.99893184
v 48.43894196 0.02525211 7.99503160
v 48.44628125 0.02464230 7.99601855
v 48.45126332 0.02376544 7.99862456
v 48.45491087 0.02308169 8.00052878
v 48.45623438 0.02282692 8.00122070
v 48.45693750 0.02268922 8.00159082
v 48.45694748 0.02268814 8.00159352
v 48.46392136 0.02128627 8.00523975
v 48.47199986 0.01953108 8.00946350
v 48.47575000 0.01868413 8.01141992
v 48.47671094 0.01846310 8.01192383
v 48.47784375 0.01820251 8.01251465
v 48.48206707 0.01721428 8.01472412
v 48.48936000 0.01545764 8.01853612
v 48.49628090 0.01374696 8.02215240
v 48.49863949 0.01315724 8.02338399
v 48.50594491 0.01122734 8.02719050
v 48.50659375 0.01119251 8.02754102
v 48.50760248 0.01082153 8.02805899
v 48.50903125 0.01059940 8.02881543
v 48.51188789 0.00991245 8.03030831
v 48.51605649 0.00885618 8.03248062
v 48.52058594 0.00906127 8.02807031
v 48.52621631 0.00919703 8.02254819
v 48.52908408 0.00912433 8.01970914
v 48.53257604 0.00931678 8.01632333
v 48.53667688 0.00937719 8.01230897
v 48.54247112 0.00928281 8.00659591
v 48.54428906 0.00946149 8.00484766
v 48.54962554 0.00950354 7.99962333
v 48.55616365 0.00953560 7.99321936
v 48.55815625 0.00954238 7.99127148
v 48.56379826 0.00955769 7.98574229
v 48.56915606 0.00937074 7.98047186
v 48.57607516 0.00947156 7.97370802
v 48.57977344 0.00955045 7.97009180
v 48.57864057 0.00927847 7.97682052
v 48.57749219 0.00891909 7.98360352
v 48.57611149 0.00841120 7.99177294
v 48.57469531 0.00776575 8.00013770
v 48.57422656 0.00753166 8.00292773
v 48.57375000 0.00728563 8.00572754
v 48.57232083 0.00648025 8.01421189
v 48.57187500 0.00620004 8.01685254
v 48.57142187 0.00591352 8.01953125
v 48.57096875 0.00561641 8.02221973
v 48.57050781 0.00530870 8.02491699
v 48.56959375 0.00466157 8.03033984
v 48.56913281 0.00432217 8.03306641
v 48.56867187 0.00397222 8.03580078
v 48.56820312 0.00361174 8.03854590
v 48.56774219 0.00324073 8.04129980
v 48.56491406 0.00079426 8.05802344
v 48.57841490 -0.00008036 8.06507630
v 48.58074219 -0.00016358 8.06629785
v 48.58227344 -0.00021194 8.06709668
v 48.58367188 -0.00024942 8.06782715
v 48.58475000 -0.00027366 8.06839062
v 48.58589062 -0.00029497 8.06898633
v 48.58705469 -0.00031216 8.06959668
v 48.58825000 -0.00032485 8.07022168
v 48.59011608 -0.00033523 8.07119551
v 48.59200781 -0.00033242 8.07218359
v 48.59331250 -0.00032356 8.07286719
v 48.59464844 -0.00030841 8.07356445
v 48.59557031 -0.00029439 8.07404492
v 48.59649219 -0.00027739 8.07452637
v 48.59792857 -0.00024530 8.07527781
v 48.59925781 -0.00020829 8.07597559
v 48.60317512 -0.00007050 8.07802012
v 48.61045956 0.00034668 8.08182719
v 48.61227344 0.00048024 8.08277539
v 48.61319531 0.00055246 8.08325977
v 48.61412500 0.00062777 8.08374316
v 48.61504687 0.00070616 8.08422656
v 48.61596875 0.00078765 8.08470996
v 48.61689844 0.00087224 8.08519238
v 48.61782031 0.00095995 8.08567480
v 48.61874219 0.00105080 8.08615723
v 48.62698866 0.00198946 8.09046730
v 48.63181250 0.00266417 8.09298730
v 48.63304687 0.00284669 8.09363477
v 48.63428125 0.00303313 8.09427930
v 48.63550781 0.00322333 8.09492090
v 48.63673438 0.00341714 8.09555957
v 48.64057211 0.00404966 8.09756707
v 48.64127327 0.00400468 8.09972700
v 48.63810156 0.00326383 8.10019531
v 48.63262491 0.00202213 8.10100519
v 48.62718750 0.00087218 8.10180762
v 48.62589844 0.00060726 8.10199902
v 48.62403598 0.00023135 8.10227379
v 48.62073437 -0.00041300 8.10276172
v 48.61934375 -0.00067634 8.10296777
v 48.61680605 -0.00114486 8.10334205
v 48.61379687 -0.00167425 8.10378613
v 48.60967525 -0.00236902 8.10439613
v 48.60557813 -0.00301008 8.10500195
v 48.60421875 -0.00321476 8.10520312
v 48.59874219 -0.00399195 8.10601074
v 48.59597207 -0.00435995 8.10642123
v 48.59315625 -0.00471224 8.10683789
v 48.58882913 -0.00522704 8.10747668
v 48.58347656 -0.00578541 8.10826660
v 48.58210938 -0.00591995 8.10846973
v 48.58074219 -0.00604990 8.10867188
v 48.57662500 -0.00641563 8.10928027
v 48.57438043 -0.00659889 8.10961170
v 48.57036093 -0.00689940 8.11020535
v 48.56686719 -0.00712602 8.11072266
v 48.56546875 -0.00720947 8.11092773
v 48.56407813 -0.00728837 8.11113379
v 48.55997639 -0.00749791 8.11174085
v 48.55572656 -0.00766407 8.11236816
v 48.55468062 -0.00857815 8.11856551
v 48.55339062 -0.00968679 8.12618359
v 48.55292969 -0.01008360 8.12893652
v 48.55246094 -0.01047786 8.13168750
v 48.55200000 -0.01086957 8.13443457
v 48.55153125 -0.01125874 8.13717871
v 48.55107031 -0.01164538 8.13991992
v 48.55060938 -0.01202950 8.14265723
v 48.55014844 -0.01241110 8.14539160
v 48.54968750 -0.01279019 8.14812305
v 48.54921875 -0.01316679 8.15085156
v 48.54876563 -0.01354090 8.15357715
v 48.54830469 -0.01391252 8.15629883
v 48.54783594 -0.01428950 8.15907520
v 48.54736719 -0.01466387 8.16184863
v 48.54689844 -0.01503564 8.16461816
v 48.54640433 -0.01542512 8.16753423
v 48.54549219 -0.01613533 8.17290527
v 48.54466567 -0.01677836 8.17781960
v 48.54363281 -0.01756521 8.18390625
v 48.54317187 -0.01791620 8.18664746
v 48.54214655 -0.01868907 8.19273468
v 48.54086719 -0.01963237 8.20029980
v 48.53960752 -0.01935961 8.19777005
v 48.53773437 -0.01892678 8.19399023
v 48.53559397 -0.01840963 8.18968481
v 48.53399219 -0.01799514 8.18645215
v 48.53336719 -0.01783085 8.18519922
v 48.53161097 -0.01735468 8.18166563
v 48.53103906 -0.01719206 8.18050977
v 48.53096094 -0.01717016 8.18035352
v 48.53092187 -0.01715919 8.18027539
v 48.53084718 -0.01713877 8.18012545
v 48.53025781 -0.01696945 8.17893750
v 48.52933283 -0.01670059 8.17707351
v 48.52784113 -0.01625523 8.17407673
v 48.52714063 -0.01603814 8.17265527
v 48.52536544 -0.01548165 8.16908824
v 48.52341406 -0.01483984 8.16515918
v 48.52158830 -0.01421854 8.16147797
v 48.52110156 -0.01404750 8.16049805
v 48.52102344 -0.01402053 8.16034277
v 48.52098437 -0.01400703 8.16026562
v 48.52094531 -0.01399352 8.16018750
v 48.52032812 -0.01377360 8.15893359
v 48.52015677 -0.01371561 8.15859639
v 48.51883426 -0.01323923 8.15593791
v 48.51721875 -0.01263897 8.15268164
v 48.51535405 -0.01192795 8.14891674
v 48.51351562 -0.01120284 8.14521875
v 48.51148773 -0.01038026 8.14113616
v 48.51043750 -0.00994459 8.13902051
v 48.50982031 -0.00968471 8.13777441
v 48.50814021 -0.00896806 8.13438731
v 48.50673438 -0.00835406 8.13155859
v 48.50611719 -0.00808188 8.13031836
v 48.50550000 -0.00780775 8.12907812
v 48.50346786 -0.00689032 8.12498600
v 49.33888020 -0.00859630 8.66013822
v 49.34464418 -0.00720057 8.70874729
v 49.23290587 0.00467700 8.61703353
v 49.18491406 0.01977732 8.67436035
v 49.05933493 0.03563367 8.65462070
v 48.95996885 0.03932682 8.63351198
v 49.35872890 -0.01197807 8.58239388
v 48.89236833 0.03451730 8.57250659
v 48.83485628 0.02957302 8.53350928
v 48.93788619 0.02852901 8.39718957
v 48.79728646 0.02661957 8.37423712
v 48.76205918 0.01271571 8.58489367
v 48.80489534 0.02741332 8.38514228
v 48.79842188 0.02983040 8.30826367
v 48.90041406 0.03298552 8.26582227
v 48.66814822 -0.01574713 8.59439837
v 48.65560156 -0.01927179 8.58601465
v 48.56308933 -0.03894609 8.53522280
v 48.50947656 -0.03516685 8.56155762
v 48.39549098 -0.02851938 8.48856119
v 48.23007347 -0.04365425 8.51087963
v 48.15706995 -0.06141756 8.50210965
v 48.10612622 -0.07151502 8.49939870
v 48.08723932 -0.07387794 8.49270634
v 48.04040690 -0.07729425 8.47159146
v 48.61291406 0.00065982 8.08200195
v 48.60705851 0.00012833 8.08005019
v 48.46798011 0.01049350 8.05878395
v 49.07888180 0.00246087 8.14066937
v 48.96943878 0.02800337 8.12167667
v 48.91026376 0.04418857 8.00940251
v 49.34440214 -0.01332816 7.90926382
v 49.35654270 -0.01300009 7.89760389
v 49.35213403 -0.01573340 7.73469232
v 49.10204282 -0.03872820 7.71980157
v 49.03394725 -0.02026341 7.70585905
v 48.99829277 -0.00885475 7.70339485
v 48.85176639 0.03107042 7.65664653
v 48.83025957 0.02473658 7.70599443
v 48.58842969 -0.00016978 8.06920410
v 48.59219446 0.00046440 8.06551963
v 48.57552190 -0.00005232 8.06354799
v 48.73714107 0.03302509 7.94204806
v 48.58041803 0.00910963 7.97879502
v 48.45211809 0.01437774 8.04909153
v 48.43993135 0.02025081 8.02603752
v 48.43413424 0.02367912 8.00863197
v 48.70324512 -0.00450521 7.64844998
v 48.37316726 -0.00216905 7.61584218
v 48.23211057 -0.04962640 7.56338741
v 48.09716355 -0.03540548 7.55689635
v 47.98796094 -0.07333094 7.55553809
v 47.97026563 -0.08443404 7.64256348
v 47.96972656 -0.08331482 7.65954590
v 47.97075000 -0.08063754 7.67461719
v 47.97332031 -0.07640211 7.68777734
v 47.97743750 -0.07060834 7.69902539
v 47.98007812 -0.06712701 7.70393359
v 47.98259375 -0.06377776 7.70792773
v 47.98080469 -0.06619575 7.70508594
v 47.98600781 -0.05953771 7.71292969
v 47.98455469 -0.06139902 7.71065918
v 47.98879687 -0.05593626 7.71756348
v 47.97751563 -0.07061124 7.69899219
v 47.98089844 -0.06620013 7.70502832
v 47.98154687 -0.06524014 7.70620898
v 47.98192969 -0.06475366 7.70675977
v 47.98231250 -0.06426665 7.70731055
v 47.98268750 -0.06378248 7.70786426
v 47.98307031 -0.06330069 7.70841895
v 47.98464844 -0.06140326 7.71060547
v 47.98886719 -0.05593995 7.71752441
v 47.98609375 -0.05954207 7.71287793
v 47.99843750 -0.04314584 7.73733398
v 48.00565625 -0.03293998 7.75908105
v 48.01044531 -0.02531855 7.78280176
v 48.01282031 -0.02028146 7.80849707
v 48.01277344 -0.01782859 7.83616699
v 48.01030469 -0.01795989 7.86581055
v 48.00542188 -0.02067531 7.89742871
v 47.99810937 -0.02597483 7.93102148
v 47.99354687 -0.02959362 7.94855859
v 47.99094531 -0.03161555 7.95749219
v 47.98964062 -0.03270148 7.96201465
v 47.98691406 -0.03497337 7.97113672
v 47.98303906 -0.03838949 7.98479785
v 47.97800781 -0.04273897 8.00281641
v 47.96109375 -0.05831353 8.07298828
v 47.94928125 -0.07097054 8.14011816
v 47.98567188 -0.03614636 7.97571680
v 47.94257812 -0.08070983 8.20420508
v 47.94099219 -0.08753134 8.26525098
v 47.99103906 -0.03164528 7.95751270
v 47.98973437 -0.03273167 7.96203613
v 47.99362500 -0.02961659 7.94857422
v 47.99114062 -0.03167500 7.95753320
v 47.98769531 -0.03443419 7.96887598
v 47.98982813 -0.03276187 7.96205664
v 47.98838281 -0.03385848 7.96658984
v 47.94450781 -0.09143505 8.32325488
v 47.95313281 -0.09242108 8.37821777
v 47.96687500 -0.09048955 8.43014062
v 47.97811719 -0.08778564 8.46119043
v 47.98017969 -0.06713134 7.70387793
v 47.98164844 -0.06524477 7.70614551
v 47.98240625 -0.06427133 7.70724609
v 47.98278906 -0.06378719 7.70780078
v 47.98202344 -0.06475832 7.70669531
v 47.98317187 -0.06330543 7.70835547
v 47.98849219 -0.03389225 7.96661230
v 47.98780469 -0.03446822 7.96889844
v 47.98701562 -0.03500768 7.97115918
v 47.98634375 -0.03557849 7.97343945
v 47.98712500 -0.03504198 7.97118164
v 47.98644531 -0.03561307 7.97346191
v 47.98310937 -0.03841553 7.98481348
v 47.98577344 -0.03618121 7.97573926
v 49.38158594 -0.01183148 8.71499219
v 49.39835156 -0.01259400 8.71782617
v 49.38715625 -0.01247445 8.71593848
v 49.39275000 -0.01274068 8.71688184
v 49.39835156 -0.01283948 8.71782617
v 49.38435938 -0.01229003 8.71546777
v 49.38995312 -0.01262604 8.71641016
v 49.39554688 -0.01281376 8.71735352
v 49.39555469 -0.01256832 8.71735254
v 49.39275781 -0.01249535 8.71687988
v 49.38718479 -0.01224028 8.71593850
v 48.00151563 -0.08018412 8.48171387
v 47.99607812 -0.08148933 8.48079004
v 47.99610156 -0.08155757 8.48078906
v 48.00152344 -0.08025368 8.48171484
v 47.99606250 -0.08142110 8.48079199
v 48.00150000 -0.08011456 8.48171289
v 48.00700781 -0.07915488 8.48264648
v 48.01255469 -0.07844744 8.48358496
v 48.01812500 -0.07792041 8.48452734
v 48.02370312 -0.07751965 8.48547070
v 48.02928906 -0.07720382 8.48641504
v 48.04047656 -0.07677677 8.48830762
v 48.05165625 -0.07631377 8.49019629
v 48.06283594 -0.07576630 8.49208496
v 48.07400000 -0.07505319 8.49397070
v 48.08515625 -0.07411760 8.49585547
v 48.03488281 -0.07701173 8.48736328
v 48.09628906 -0.07291917 8.49773535
v 48.10738281 -0.07142966 8.49960938
v 48.11291406 -0.07056947 8.50054297
v 48.11843750 -0.06963004 8.50147559
v 48.12392969 -0.06854776 8.50240625
v 48.14039844 -0.06524802 8.50518750
v 48.15131250 -0.06273981 8.50703516
v 48.12943750 -0.06754330 8.50333496
v 48.15676562 -0.06148397 8.50795801
v 48.16223437 -0.06027988 8.50887988
v 48.18400781 -0.05503743 8.51256250
v 48.20574219 -0.04961924 8.51623633
v 48.21660156 -0.04687874 8.51807227
v 48.22746094 -0.04414145 8.51990820
v 48.23832813 -0.04142986 8.52174512
v 48.24920313 -0.03877049 8.52358496
v 48.26010156 -0.03619460 8.52542676
v 48.27102344 -0.03373831 8.52727441
v 48.28198438 -0.03144349 8.52912695
v 48.29297656 -0.02935704 8.53098730
v 48.30401562 -0.02753601 8.53285449
v 48.31510937 -0.02604460 8.53473047
v 48.32623437 -0.02491972 8.53661328
v 48.33739844 -0.02416202 8.53850195
v 48.35975781 -0.02362114 8.54228418
v 48.37094531 -0.02374782 8.54417578
v 48.38213281 -0.02407983 8.54606641
v 48.39330469 -0.02458003 8.54795508
v 48.40447656 -0.02521746 8.54984375
v 48.41564063 -0.02596728 8.55173047
v 48.42680469 -0.02680961 8.55361719
v 48.43795312 -0.02772873 8.55550195
v 48.44910156 -0.02871154 8.55738574
v 48.00701563 -0.07922510 8.48264844
v 48.01256250 -0.07851797 8.48358789
v 48.01813281 -0.07799110 8.48453027
v 48.00703125 -0.07929531 8.48265039
v 48.02371094 -0.07759042 8.48547363
v 48.01257031 -0.07858851 8.48359082
v 48.01814063 -0.07806179 8.48453320
v 48.02929688 -0.07727463 8.48641797
v 48.15132812 -0.06280899 8.50703516
v 48.15678125 -0.06155310 8.50795801
v 48.12394531 -0.06861745 8.50240625
v 48.02929688 -0.07734543 8.48642187
v 48.03488281 -0.07708255 8.48736621
v 48.04047656 -0.07684762 8.48831055
v 48.11292969 -0.07063950 8.50054297
v 48.12395312 -0.06868714 8.50240527
v 48.12945312 -0.06761285 8.50333398
v 48.15679687 -0.06162223 8.50795801
v 48.16225000 -0.06034896 8.50887988
v 48.47138281 -0.03082902 8.56115234
v 48.49364844 -0.03310090 8.56491602
v 48.50478125 -0.03428104 8.56679687
v 48.51034375 -0.03488023 8.56773730
v 48.51590625 -0.03548396 8.56867773
v 48.52147656 -0.03600450 8.56961230
v 48.52704688 -0.03655476 8.57055371
v 48.52146875 -0.03607473 8.56961816
v 48.53262500 -0.03704137 8.57149512
v 48.52703906 -0.03662509 8.57055957
v 48.53820313 -0.03744356 8.57243848
v 48.53261719 -0.03711183 8.57150098
v 48.53819531 -0.03751416 8.57244336
v 48.54378906 -0.03774448 8.57338281
v 48.50476562 -0.03435123 8.56680273
v 48.51033594 -0.03495041 8.56774414
v 48.51589844 -0.03555414 8.56868359
v 48.52146094 -0.03614496 8.56962402
v 48.52703125 -0.03669542 8.57056445
v 48.53260937 -0.03718229 8.57150586
v 48.53819531 -0.03758475 8.57244824
v 48.54378906 -0.03781520 8.57338672
v 47.99080469 -0.08332719 8.47988379
v 48.55498437 -0.03799032 8.57527246
v 48.56057812 -0.03798725 8.57622070
v 48.57175000 -0.03734687 8.57810547
v 48.58842969 -0.03542321 8.58092285
v 48.57733594 -0.03691718 8.57904883
v 48.58289844 -0.03627299 8.57998730
v 48.60496875 -0.03250176 8.58371387
v 48.61590625 -0.03008990 8.58556152
v 48.62678906 -0.02743313 8.58740039
v 48.63762500 -0.02458827 8.58923145
v 48.64842187 -0.02160049 8.59105566
v 48.59396875 -0.03459538 8.58185645
v 48.65918750 -0.01850648 8.59287500
v 48.66992969 -0.01533690 8.59469141
v 48.69138281 -0.00887181 8.59831738
v 48.71282813 -0.00237777 8.60194238
v 48.73430469 0.00400422 8.60557324
v 48.75584375 0.01014995 8.60921484
v 48.77748438 0.01594284 8.61287305
v 48.79923437 0.02126718 8.61655078
v 48.82111719 0.02600340 8.62025098
v 48.83210938 0.02811139 8.62211035
v 48.84313281 0.03002990 8.62397559
v 48.86527344 0.03331295 8.62771973
v 48.88750781 0.03589035 8.63147949
v 48.90980469 0.03780157 8.63525000
v 48.93214063 0.03908554 8.63902832
v 48.95450781 0.03978024 8.64281152
v 48.97688281 0.03992252 8.64659570
v 48.99925781 0.03954799 8.65037988
v 49.04395313 0.03738458 8.65793848
v 49.08854687 0.03355175 8.66547852
v 49.13300000 0.02829889 8.67299414
v 48.58844531 -0.03549336 8.58092285
v 48.54938281 -0.03800114 8.57433105
v 48.55497656 -0.03806120 8.57527637
v 48.54378125 -0.03788592 8.57339160
v 48.54938281 -0.03807196 8.57433496
v 48.57175781 -0.03741763 8.57810742
v 48.55497656 -0.03813208 8.57527930
v 49.17730469 0.02187394 8.68048242
v 49.19940625 0.01830347 8.68421777
v 49.22147656 0.01454291 8.68794727
v 49.24352344 0.01063409 8.69167285
v 49.26554687 0.00662713 8.69539453
v 49.28757031 0.00258500 8.69911523
v 49.30960156 -0.00140864 8.70283691
v 49.32062500 -0.00335169 8.70470020
v 49.33166406 -0.00523295 8.70656445
v 49.34271875 -0.00702602 8.70843066
v 49.35378125 -0.00869585 8.71030078
v 49.36488281 -0.01019373 8.71217480
v 49.37600781 -0.01137843 8.71405176
v 49.38716406 -0.01228113 8.71593652
v 49.39275781 -0.01254710 8.71688086
v 49.38157812 -0.01195377 8.71499414
v 49.38716406 -0.01235195 8.71593750
v 48.56057812 -0.03805814 8.57622363
v 48.57176562 -0.03748838 8.57810938
v 48.58290625 -0.03634338 8.57998730
v 48.58845313 -0.03556352 8.58092285
v 48.59398437 -0.03466530 8.58185547
v 49.37600000 -0.01144901 8.71405273
v 49.37600000 -0.01151958 8.71405469
v 49.38157031 -0.01202447 8.71499609
v 49.39835156 -0.01259400 7.73587207
v 49.36871875 -0.01283948 8.47313184
v 49.36128906 -0.01283933 8.10360742
v 49.39835156 -0.01283948 7.73587207
v 49.39774219 -0.01283948 8.71402246
v 49.39691148 -0.01271675 8.70884508
v 49.39626021 -0.01283950 8.70475736
v 49.39532812 -0.01283948 8.69880273
v 49.39474219 -0.01283948 8.69499609
v 49.39415625 -0.01283948 8.69118848
v 49.39357812 -0.01283948 8.68737988
v 49.39300000 -0.01283948 8.68357129
v 49.39242969 -0.01283948 8.67976074
v 49.39185938 -0.01283948 8.67595117
v 49.39130469 -0.01283948 8.67213965
v 49.39074219 -0.01283948 8.66832715
v 49.39019531 -0.01283948 8.66451465
v 49.38964844 -0.01283948 8.66070215
v 49.38910156 -0.01283948 8.65688770
v 49.38856250 -0.01283948 8.65307324
v 49.38803125 -0.01283948 8.64925781
v 49.38750781 -0.01283948 8.64544141
v 49.38698437 -0.01283948 8.64162500
v 49.38646094 -0.01283948 8.63780762
v 49.38595313 -0.01283948 8.63399023
v 49.38544531 -0.01283948 8.63017188
v 49.38493750 -0.01283948 8.62635254
v 49.38443750 -0.01283948 8.62253223
v 49.38394531 -0.01283948 8.61871191
v 49.38345313 -0.01283948 8.61489062
v 49.38296875 -0.01283948 8.61106934
v 49.38099720 -0.01283871 8.59517206
v 49.37926563 -0.01283948 8.58047461
v 49.37882031 -0.01283948 8.57664746
v 49.37839063 -0.01283948 8.57282031
v 49.37795312 -0.01283948 8.56899219
v 49.37753125 -0.01283948 8.56516309
v 49.37710938 -0.01283948 8.56133398
v 49.37668750 -0.01283948 8.55750488
v 49.37627344 -0.01283948 8.55367480
v 49.37586719 -0.01283948 8.54984375
v 49.37546875 -0.01283948 8.54601270
v 49.37507031 -0.01283948 8.54218066
v 49.37467187 -0.01283948 8.53834863
v 49.37428125 -0.01283948 8.53451660
v 49.37389844 -0.01283948 8.53068262
v 49.37352344 -0.01283948 8.52684961
v 49.37314844 -0.01283948 8.52301562
v 49.37278125 -0.01283948 8.51918066
v 49.37241406 -0.01283948 8.51534570
v 49.37205469 -0.01283948 8.51150977
v 49.37169531 -0.01283948 8.50767383
v 49.37135156 -0.01283948 8.50383789
v 49.37100000 -0.01283948 8.50000098
v 49.37066406 -0.01283948 8.49616406
v 49.37032813 -0.01283948 8.49232617
v 49.36999219 -0.01283948 8.48848828
v 49.36967188 -0.01283948 8.48464941
v 49.36935156 -0.01283948 8.48081055
v 49.36903125 -0.01283948 8.47697168
v 49.36841406 -0.01283948 8.46929199
v 49.36810938 -0.01283948 8.46545117
v 49.36781250 -0.01283948 8.46161035
v 49.36752344 -0.01283948 8.45776953
v 49.36723438 -0.01283948 8.45392773
v 49.36695313 -0.01283948 8.45008594
v 49.36667188 -0.01283948 8.44624316
v 49.36639844 -0.01283948 8.44240039
v 49.36613281 -0.01283948 8.43855762
v 49.36586719 -0.01283948 8.43471484
v 49.36560937 -0.01283948 8.43087109
v 49.36535937 -0.01283948 8.42702734
v 49.36510938 -0.01283948 8.42318262
v 49.36486719 -0.01283948 8.41933789
v 49.36462500 -0.01283948 8.41549316
v 49.36439062 -0.01283948 8.41164844
v 49.36416406 -0.01283948 8.40780273
v 49.36393750 -0.01283948 8.40395703
v 49.36371875 -0.01283949 8.40011133
v 49.36350000 -0.01283949 8.39626465
v 49.36328906 -0.01283949 8.39241797
v 49.36308594 -0.01283949 8.38857129
v 49.36288281 -0.01283949 8.38472461
v 49.36268750 -0.01283949 8.38087695
v 49.36250000 -0.01283949 8.37702930
v 49.36231250 -0.01283949 8.37318164
v 49.36213281 -0.01283949 8.36933301
v 49.36195312 -0.01283949 8.36548535
v 49.36178125 -0.01283949 8.36163672
v 49.36161719 -0.01283949 8.35778809
v 49.36145312 -0.01283949 8.35393945
v 49.36129688 -0.01283949 8.35008984
v 49.36114062 -0.01283948 8.34624023
v 49.36099219 -0.01283948 8.34239160
v 49.36085156 -0.01283948 8.33854102
v 49.36071094 -0.01283948 8.33469141
v 49.36057813 -0.01283948 8.33084180
v 49.36045312 -0.01283948 8.32699121
v 49.36032813 -0.01283948 8.32314063
v 49.36021094 -0.01283948 8.31929102
v 49.36009375 -0.01283948 8.31544043
v 49.35998438 -0.01283948 8.31158887
v 49.35988281 -0.01283948 8.30773828
v 49.35978125 -0.01283948 8.30388770
v 49.35968750 -0.01283947 8.30003613
v 49.35960156 -0.01283947 8.29618457
v 49.35951563 -0.01283947 8.29233301
v 49.35943750 -0.01283947 8.28848242
v 49.35935937 -0.01283947 8.28462988
v 49.35928906 -0.01283947 8.28077832
v 49.35922656 -0.01283947 8.27692676
v 49.35916406 -0.01283946 8.27307520
v 49.35910938 -0.01283946 8.26922363
v 49.35905469 -0.01283946 8.26537109
v 49.35901562 -0.01283946 8.26151953
v 49.35896875 -0.01283945 8.25766699
v 49.35893750 -0.01283945 8.25381445
v 49.35890625 -0.01283945 8.24996289
v 49.35887500 -0.01283945 8.24611035
v 49.35880843 -0.01283976 8.22922631
v 49.35883594 -0.01283942 8.21529199
v 49.35885156 -0.01283942 8.21143945
v 49.35887500 -0.01283941 8.20758789
v 49.35889844 -0.01283941 8.20373535
v 49.35892969 -0.01283940 8.19988281
v 49.35896875 -0.01283940 8.19603125
v 49.35900781 -0.01283939 8.19217871
v 49.35905469 -0.01283939 8.18832715
v 49.35910156 -0.01283939 8.18447461
v 49.35916406 -0.01283938 8.18062305
v 49.35921875 -0.01283938 8.17677148
v 49.35945529 -0.01283896 8.16383779
v 49.35959375 -0.01283936 8.15751270
v 49.35968750 -0.01283935 8.15366211
v 49.35978125 -0.01283935 8.14981055
v 49.35987500 -0.01283935 8.14595996
v 49.35998438 -0.01283934 8.14210840
v 49.36009375 -0.01283934 8.13825781
v 49.36020312 -0.01283934 8.13440723
v 49.36032031 -0.01283934 8.13055664
v 49.36044531 -0.01283934 8.12670605
v 49.36057031 -0.01283933 8.12285645
v 49.36070313 -0.01283933 8.11900586
v 49.36084375 -0.01283933 8.11515625
v 49.36098438 -0.01283933 8.11130664
v 49.36113281 -0.01283933 8.10745703
v 49.36144531 -0.01283933 8.09975879
v 49.36160938 -0.01283933 8.09591016
v 49.36177344 -0.01283933 8.09206152
v 49.36194531 -0.01283933 8.08821289
v 49.36211719 -0.01283933 8.08436426
v 49.36230469 -0.01283933 8.08051660
v 49.36249219 -0.01283934 8.07666797
v 49.36267969 -0.01283934 8.07282129
v 49.36287500 -0.01283934 8.06897363
v 49.36307813 -0.01283934 8.06512598
v 49.36328125 -0.01283934 8.06127930
v 49.36349219 -0.01283935 8.05743262
v 49.36370313 -0.01283935 8.05358691
v 49.36392969 -0.01283935 8.04974023
v 49.36414844 -0.01283936 8.04589453
v 49.36438281 -0.01283936 8.04204980
v 49.36461719 -0.01283936 8.03820410
v 49.36485156 -0.01283937 8.03435937
v 49.36510156 -0.01283937 8.03051465
v 49.36535156 -0.01283937 8.02667090
v 49.36560156 -0.01283938 8.02282617
v 49.36585937 -0.01283938 8.01898242
v 49.36612500 -0.01283939 8.01513965
v 49.36639063 -0.01283939 8.01129687
v 49.36666406 -0.01283939 8.00745410
v 49.36694531 -0.01283940 8.00361133
v 49.36722656 -0.01283940 7.99976953
v 49.36751563 -0.01283941 7.99592773
v 49.36865710 -0.01283826 7.98112144
v 49.36999219 -0.01283944 7.96520898
v 49.37032031 -0.01283945 7.96137109
v 49.37065625 -0.01283945 7.95753320
v 49.37100000 -0.01283946 7.95369629
v 49.37134375 -0.01283946 7.94985937
v 49.37169531 -0.01283946 7.94602344
v 49.37204688 -0.01283947 7.94218750
v 49.37240625 -0.01283947 7.93835156
v 49.37277344 -0.01283947 7.93451660
v 49.37314062 -0.01283947 7.93068262
v 49.37429127 -0.01283872 7.91905110
v 49.37546094 -0.01283948 7.90768555
v 49.37586719 -0.01283948 7.90385449
v 49.37627344 -0.01283948 7.90002344
v 49.37668750 -0.01283948 7.89619336
v 49.37710156 -0.01283948 7.89236328
v 49.37753125 -0.01283948 7.88853516
v 49.37795312 -0.01283948 7.88470605
v 49.37839063 -0.01283948 7.88087793
v 49.37882031 -0.01283948 7.87705078
v 49.37926563 -0.01283947 7.87322363
v 49.38111348 -0.01283773 7.85756611
v 49.38296875 -0.01283946 7.84262891
v 49.38346094 -0.01283946 7.83880762
v 49.38394531 -0.01283946 7.83498633
v 49.38443750 -0.01283946 7.83116602
v 49.38493750 -0.01283946 7.82734570
v 49.38544531 -0.01283946 7.82352734
v 49.38595313 -0.01283946 7.81970801
v 49.38646875 -0.01283946 7.81589062
v 49.38698437 -0.01283946 7.81207324
v 49.38750781 -0.01283947 7.80825684
v 49.38803906 -0.01283947 7.80444043
v 49.38857031 -0.01283947 7.80062500
v 49.38910937 -0.01283947 7.79681055
v 49.38964844 -0.01283947 7.79299707
v 49.39019531 -0.01283947 7.78918359
v 49.39075000 -0.01283947 7.78537109
v 49.39130469 -0.01283947 7.78155859
v 49.39186719 -0.01283947 7.77774805
v 49.39242969 -0.01283948 7.77393750
v 49.39300000 -0.01283948 7.77012695
v 49.39357812 -0.01283948 7.76631836
v 49.39415625 -0.01283948 7.76250977
v 49.39474219 -0.01283948 7.75870215
v 49.39547068 -0.01275763 7.75400236
v 49.39667188 -0.01271676 7.74634801
v 49.39713281 -0.01283948 7.74347949
v 49.39774219 -0.01283948 7.73967578
v 49.39745312 -0.01259400 7.74143555
v 49.39482812 -0.01259400 7.75813672
v 49.39396875 -0.01259400 7.76370605
v 49.39312500 -0.01259400 7.76927832
v 49.39228906 -0.01259400 7.77485156
v 49.39146875 -0.01259400 7.78042578
v 49.39064844 -0.01259400 7.78600195
v 49.38984375 -0.01259400 7.79158008
v 49.38905469 -0.01259400 7.79715918
v 49.38826563 -0.01259400 7.80273926
v 49.38749219 -0.01259400 7.80832129
v 49.38673438 -0.01259400 7.81390527
v 49.38597656 -0.01259400 7.81948926
v 49.38523438 -0.01259400 7.82507617
v 49.38450000 -0.01259400 7.83066309
v 49.38378125 -0.01259400 7.83625195
v 49.38307031 -0.01259400 7.84184277
v 49.38236719 -0.01259400 7.84743359
v 49.38167188 -0.01259400 7.85302637
v 49.38099219 -0.01259400 7.85862109
v 49.38032031 -0.01259400 7.86421582
v 49.37966406 -0.01259400 7.86981250
v 49.37900781 -0.01259400 7.87541016
v 49.37836719 -0.01259400 7.88100879
v 49.37774219 -0.01259400 7.88660937
v 49.37711719 -0.01259400 7.89221094
v 49.37650781 -0.01259400 7.89781250
v 49.37591406 -0.01259400 7.90341602
v 49.37532031 -0.01259400 7.90902051
v 49.37474219 -0.01259400 7.91462598
v 49.37417969 -0.01259400 7.92023340
v 49.37361719 -0.01259400 7.92584082
v 49.37307031 -0.01259400 7.93144922
v 49.37253125 -0.01259400 7.93705957
v 49.37200781 -0.01259400 7.94266992
v 49.37149219 -0.01259400 7.94828125
v 49.37098437 -0.01259400 7.95389453
v 49.37048437 -0.01259400 7.95950781
v 49.37000000 -0.01259400 7.96512207
v 49.36952344 -0.01259400 7.97073730
v 49.36906250 -0.01259400 7.97635352
v 49.36860937 -0.01259400 7.98197070
v 49.36816406 -0.01259400 7.98758789
v 49.36772656 -0.01259400 7.99320703
v 49.36730469 -0.01259400 7.99882617
v 49.36689063 -0.01259400 8.00444629
v 49.36648437 -0.01259400 8.01006738
v 49.36609375 -0.01259400 8.01568945
v 49.36571094 -0.01259400 8.02131152
v 49.36533594 -0.01259400 8.02693457
v 49.36497656 -0.01259400 8.03255859
v 49.36462500 -0.01259400 8.03818262
v 49.36428125 -0.01259400 8.04380762
v 49.36395313 -0.01259400 8.04943359
v 49.36363281 -0.01259400 8.05505957
v 49.36332031 -0.01259400 8.06068652
v 49.36302344 -0.01259400 8.06631348
v 49.36273438 -0.01259400 8.07194141
v 49.36245313 -0.01259400 8.07757031
v 49.36218750 -0.01259400 8.08319922
v 49.36192188 -0.01259400 8.08882910
v 49.36167969 -0.01259400 8.09445898
v 49.36143750 -0.01259400 8.10008887
v 49.36121094 -0.01259400 8.10571973
v 49.36099219 -0.01259400 8.11135059
v 49.36078906 -0.01259400 8.11698242
v 49.36059375 -0.01259400 8.12261426
v 49.36040625 -0.01259400 8.12824707
v 49.36022656 -0.01259400 8.13387988
v 49.36006250 -0.01259400 8.13951270
v 49.35990625 -0.01259400 8.14514551
v 49.35976563 -0.01259400 8.15077930
v 49.35962500 -0.01259400 8.15641309
v 49.35950781 -0.01259400 8.16204687
v 49.35939063 -0.01259400 8.16768066
v 49.35928906 -0.01259400 8.17331543
v 49.35919531 -0.01259400 8.17895020
v 49.35910938 -0.01259400 8.18458496
v 49.35903906 -0.01259400 8.19021973
v 49.35897656 -0.01259400 8.19585449
v 49.35892188 -0.01259400 8.20149023
v 49.35888281 -0.01259400 8.20712500
v 49.35885156 -0.01259400 8.21276074
v 49.35882813 -0.01259400 8.21839551
v 49.35881838 -0.01259504 8.22577229
v 49.35882813 -0.01259400 8.23530176
v 49.35885156 -0.01259400 8.24093750
v 49.35888281 -0.01259400 8.24657227
v 49.35892188 -0.01259400 8.25220801
v 49.35897656 -0.01259400 8.25784277
v 49.35903906 -0.01259400 8.26347852
v 49.35910938 -0.01259400 8.26911328
v 49.35919531 -0.01259400 8.27474805
v 49.35928906 -0.01259400 8.28038281
v 49.35939063 -0.01259400 8.28601660
v 49.35950781 -0.01259400 8.29165137
v 49.35962500 -0.01259400 8.29728516
v 49.35976563 -0.01259400 8.30291895
v 49.35990625 -0.01259400 8.30855273
v 49.36006250 -0.01259400 8.31418555
v 49.36022656 -0.01259400 8.31981836
v 49.36040625 -0.01259400 8.32545117
v 49.36059375 -0.01259400 8.33108398
v 49.36078906 -0.01259400 8.33671582
v 49.36125576 -0.01259423 8.34927888
v 49.36192188 -0.01259400 8.36486914
v 49.36218750 -0.01259400 8.37049902
v 49.36245313 -0.01259400 8.37612793
v 49.36273438 -0.01259400 8.38175586
v 49.36302344 -0.01259400 8.38738379
v 49.36332031 -0.01259400 8.39301172
v 49.36363281 -0.01259400 8.39863867
v 49.36395313 -0.01259400 8.40426465
v 49.36428125 -0.01259400 8.40989062
v 49.36462500 -0.01259400 8.41551562
v 49.36497656 -0.01259400 8.42113965
v 49.36533594 -0.01259400 8.42676367
v 49.36571094 -0.01259400 8.43238672
v 49.36609375 -0.01259400 8.43800879
v 49.36648437 -0.01259400 8.44363086
v 49.36689063 -0.01259400 8.44925195
v 49.36730469 -0.01259400 8.45487207
v 49.36772656 -0.01259400 8.46049121
v 49.36816406 -0.01259400 8.46610938
v 49.36860937 -0.01259400 8.47172754
v 49.36906250 -0.01259400 8.47734473
v 49.36952344 -0.01259400 8.48296094
v 49.37000000 -0.01259400 8.48857617
v 49.37048437 -0.01259400 8.49419043
v 49.37098437 -0.01259400 8.49980371
v 49.37149219 -0.01259400 8.50541699
v 49.37200781 -0.01259400 8.51102832
v 49.37253125 -0.01259400 8.51663867
v 49.37307031 -0.01259400 8.52224902
v 49.37361719 -0.01259400 8.52785742
v 49.37417969 -0.01259400 8.53346484
v 49.37474219 -0.01259400 8.53907129
v 49.37532031 -0.01259400 8.54467773
v 49.37591406 -0.01259400 8.55028223
v 49.37650781 -0.01259400 8.55588477
v 49.37711719 -0.01259400 8.56148730
v 49.37774219 -0.01259400 8.56708887
v 49.37836719 -0.01259400 8.57268848
v 49.37900781 -0.01259400 8.57828809
v 49.37966406 -0.01259400 8.58388574
v 49.38032031 -0.01259400 8.58948242
v 49.38099219 -0.01259400 8.59507715
v 49.38167188 -0.01259400 8.60067090
v 49.38236719 -0.01259400 8.60626367
v 49.38307031 -0.01259400 8.61185547
v 49.38378125 -0.01259400 8.61744531
v 49.38450000 -0.01259400 8.62303418
v 49.38523438 -0.01259400 8.62862207
v 49.38597656 -0.01259400 8.63420801
v 49.38673438 -0.01259400 8.63979297
v 49.38749219 -0.01259400 8.64537695
v 49.38826563 -0.01259400 8.65095898
v 49.38905469 -0.01259400 8.65653906
v 49.38984375 -0.01259400 8.66211816
v 49.39064844 -0.01259400 8.66769629
v 49.39146875 -0.01259400 8.67327246
v 49.39228906 -0.01259400 8.67884668
v 49.39312500 -0.01259400 8.68441992
v 49.39396875 -0.01259400 8.68999121
v 49.39482812 -0.01259400 8.69556152
v 49.39569531 -0.01259400 8.70112988
v 49.39745312 -0.01259400 8.71226270
v 49.38107813 -0.01271674 8.59577637
v 49.36129688 -0.01271674 8.35008984
v 49.35882031 -0.01271671 8.22684863
v 49.35882031 -0.01267069 8.22684863
v 49.35943750 -0.01267067 8.16521582
v 49.36129688 -0.01267066 8.10360840
v 49.36871875 -0.01267069 7.98056641
v 49.37428125 -0.01267071 7.91918164
v 49.35943750 -0.01271668 8.16521582
v 49.36128906 -0.01271666 8.10360840
v 49.36871875 -0.01271671 7.98056543
v 49.37428125 -0.01271674 7.91918164
v 49.38107813 -0.01267070 7.85792187
v 49.38107813 -0.01271673 7.85792187
v 49.07803927 0.00252569 8.15355180
v 49.07823440 0.00234346 8.15091037
v 48.46439063 0.01356834 8.04628516
v 48.46482812 0.01333056 8.04715820
v 48.46567187 0.01286629 8.04885937
v 48.46682812 0.01219706 8.05120117
v 48.46553125 0.01294155 8.04858398
v 48.46931250 0.01085244 8.05619043
v 48.46992187 0.01051547 8.05742773
v 48.47053906 0.01017867 8.05866406
v 48.47176563 0.00948974 8.06113477
v 48.46436880 0.01359804 8.04624248
v 48.46491406 0.01328109 8.04734375
v 48.46497899 0.01310648 8.04742697
v 48.46538281 0.01302383 8.04827539
v 48.46501562 0.01322639 8.04754395
v 48.46535156 0.01279307 8.04822559
v 48.46550000 0.01270695 8.04853418
v 48.46557910 0.01275967 8.04873022
v 48.46564062 0.01263169 8.04880957
v 48.46928125 0.01064474 8.05614746
v 48.46989844 0.01030776 8.05738379
v 48.46681250 0.01202009 8.05116309
v 48.46498438 0.01298987 8.04749414
v 48.47050781 0.00997096 8.05862012
v 48.47174219 0.00931277 8.06109863
v 48.47671094 0.01846276 8.01192480
v 48.47671094 0.01846243 8.01192480
v 48.47671875 0.01846176 8.01192676
v 48.47671094 0.01846289 8.01192480
v 48.47667969 0.01822338 8.01188477
v 48.47669719 0.01832686 8.01190691
v 48.47667969 0.01822263 8.01188672
v 48.47667969 0.01822296 8.01188574
v 48.45694531 0.02268904 8.00159082
v 48.45693750 0.02268909 8.00159082
v 48.45694531 0.02268775 8.00159277
v 48.45694531 0.02268848 8.00159180
v 48.47667969 0.01822313 8.01188477
v 48.45694531 0.02268885 8.00159180
v 48.47667969 0.01822326 8.01188477
v 48.45691406 0.02244814 8.00155371
v 48.45691406 0.02244819 8.00155371
v 48.45691406 0.02244810 8.00155469
v 48.45691406 0.02244813 8.00155469
v 48.45691406 0.02244804 8.00155566
v 48.45693668 0.02244963 8.00156587
v 48.45691406 0.02244824 8.00155371
v 48.56592188 0.00158599 8.05202051
v 48.57050781 0.00518693 8.02490234
v 48.57142187 0.00585639 8.01952539
v 48.57141406 0.00579162 8.01951758
v 48.57187500 0.00617146 8.01684961
v 48.57221094 0.00640082 8.01484961
v 48.57210156 0.00632503 8.01551563
v 48.57219407 0.00626260 8.01492075
v 48.57226562 0.00643847 8.01451660
v 48.57186719 0.00607808 8.01683984
v 48.57186719 0.00598470 8.01682910
v 48.57209375 0.00610964 8.01549219
v 48.57141406 0.00572684 8.01951074
v 48.57232031 0.00635394 8.01417090
v 48.57610156 0.00827418 7.99181738
v 48.57880469 0.00919538 7.97582031
v 48.57229195 0.00631910 8.01432176
v 48.57231250 0.00646660 8.01426660
v 48.57229687 0.00645723 8.01435059
v 48.57220313 0.00617112 8.01482520
v 48.57225781 0.00620161 8.01449121
v 48.57231998 0.00647112 8.01422412
v 48.57232031 0.00647128 8.01422559
v 48.57228906 0.00621679 8.01432422
v 48.57230469 0.00622437 8.01424121
v 48.57231250 0.00622815 8.01419922
v 48.64147656 0.00408669 8.09801465
v 48.62664844 0.00183302 8.09026367
v 48.62473435 0.00146936 8.08924234
v 48.62156687 0.00134592 8.08763458
v 48.62064063 0.00112523 8.08712695
v 48.60855469 0.00009985 8.08081055
v 48.60248438 -0.00021559 8.07763770
v 48.59646094 -0.00039944 8.07448828
v 48.59495313 -0.00033822 8.07371875
v 48.59421094 -0.00034821 8.07332910
v 48.59346875 -0.00035619 8.07294434
v 48.59061719 -0.00045648 8.07143555
v 48.58529687 -0.00040569 8.06865820
v 48.58490511 -0.00028605 8.06847279
v 48.58260156 -0.00022986 8.06726660
v 48.58208594 -0.00021062 8.06699707
v 48.58466406 -0.00028046 8.06834668
v 48.57980207 -0.00013005 8.06580513
v 48.57228329 0.00019944 8.06187054
v 48.56604950 0.00069758 8.05861675
v 48.58221269 -0.00021392 8.06706522
v 48.59496094 -0.00042536 8.07370703
v 48.59382565 -0.00042059 8.07311672
v 48.58504593 -0.00030397 8.06854221
v 48.59496875 -0.00051249 8.07369531
v 48.59422656 -0.00052249 8.07330566
v 48.59348438 -0.00053048 8.07291992
v 48.58499219 -0.00051241 8.06847754
v 48.58530469 -0.00050994 8.06864258
v 48.58234668 -0.00045226 8.06709196
v 48.58395313 -0.00029017 8.06796875
v 48.58308594 -0.00025163 8.06752051
v 48.58335680 -0.00038198 8.06763740
v 48.58043750 -0.00018668 8.06612988
v 48.57990315 -0.00026000 8.06583621
v 48.58216659 -0.00029161 8.06702695
v 48.58396094 -0.00046456 8.06794336
v 48.58467969 -0.00050602 8.06831348
v 48.58310156 -0.00046013 8.06748926
v 48.58260937 -0.00045542 8.06723437
v 48.58483594 -0.00050926 8.06839551
v 48.58043750 -0.00036108 8.06610352
v 48.57979977 -0.00037260 8.06576361
v 48.58209375 -0.00044472 8.06696289
v 48.55807031 -0.00769720 8.11200391
v 48.57244531 -0.00686847 8.10988184
v 48.57582904 -0.00655619 8.10938868
v 48.57799325 -0.00629893 8.10907708
v 48.57802344 -0.00641762 8.10905859
v 48.57797656 -0.00630113 8.10908105
v 48.58900000 -0.00532198 8.10743750
v 48.57782379 -0.00631951 8.10910239
v 48.57792969 -0.00630605 8.10908691
v 48.57758389 -0.00638465 8.10913246
v 48.57767969 -0.00656031 8.10909473
v 48.57785938 -0.00654971 8.10906836
v 48.59456250 -0.00466079 8.10661719
v 48.57794531 -0.00654438 8.10905566
v 48.57801960 -0.00654680 8.10904333
v 48.60016406 -0.00392024 8.10578906
v 48.61106250 -0.00226113 8.10417969
v 48.61658594 -0.00130683 8.10336523
v 48.61926359 -0.00093906 8.10295938
v 48.62212485 -0.00014459 8.10255637
v 48.62214844 -0.00026435 8.10254395
v 48.62211719 -0.00014655 8.10255762
v 48.63253906 0.00188674 8.10100879
v 48.60014077 -0.00380317 8.10580441
v 48.59793499 -0.00419629 8.10612186
v 48.60011460 -0.00391853 8.10579834
v 48.64148437 0.00393039 8.09968848
v 48.62203906 -0.00016335 8.10256836
v 48.62195312 -0.00018252 8.10258105
v 48.62177984 -0.00032325 8.10259844
v 48.62210156 -0.00014895 8.10255957
v 48.62208594 -0.00015375 8.10256250
v 48.62213917 -0.00025430 8.10254565
v 48.60009375 -0.00405122 8.10578809
v 48.60013281 -0.00404625 8.10578125
v 48.60017473 -0.00404424 8.10577605
v 48.62214478 -0.00038151 8.10253532
v 48.62208594 -0.00039928 8.10254395
v 48.62212500 -0.00039191 8.10253711
v 48.62214844 -0.00038823 8.10253418
v 48.62215653 -0.00038674 8.10253254
v 48.54456250 -0.01693653 8.17840234
v 48.54642969 -0.01548589 8.16737402
v 48.54736719 -0.01474497 8.16183789
v 48.54783594 -0.01437061 8.15906445
v 48.54807031 -0.01418244 8.15767676
v 48.54830469 -0.01399362 8.15628809
v 48.54457031 -0.01701769 8.17839258
v 48.54642969 -0.01556702 8.16736328
v 48.54736719 -0.01482609 8.16182715
v 48.54783594 -0.01445172 8.15905371
v 48.54807031 -0.01426355 8.15766602
v 48.54830181 -0.01411936 8.15629441
v 48.54830469 -0.01407473 8.15627734
v 48.54200000 -0.01887674 8.19358008
v 48.54783594 -0.01430597 8.15907324
v 48.54736719 -0.01469681 8.16184473
v 48.54200000 -0.01895795 8.19356934
v 48.54824219 -0.01396185 8.15664551
v 48.54818750 -0.01401113 8.15699316
v 48.54807031 -0.01410957 8.15768652
v 48.54827344 -0.01393719 8.15647266
v 48.54829394 -0.01391744 8.15632899
v 48.55457812 -0.00874893 8.11916797
v 48.54829687 -0.01391869 8.15634180
v 48.54828906 -0.01392486 8.15638574
v 48.55457812 -0.00882992 8.11915625
v 48.54736719 -0.01487426 8.16182129
v 48.54783594 -0.01451635 8.15904590
v 48.54807031 -0.01433642 8.15765625
v 48.54818750 -0.01424620 8.15696191
v 48.54828906 -0.01416713 8.15635352
v 48.54828125 -0.01417844 8.15644043
v 48.54825000 -0.01420104 8.15661426
v 48.54830337 -0.01415892 8.15628741
v 48.50245313 -0.00654732 8.12295215
v 48.50857031 -0.00927923 8.13526563
v 48.51105627 -0.01020302 8.14026898
v 48.51104687 -0.01032303 8.14024707
v 48.51597656 -0.01229011 8.15017090
v 48.51097973 -0.01042055 8.14011904
v 48.50971002 -0.00988796 8.13756319
v 48.51845313 -0.01322089 8.15516113
v 48.52055310 -0.01389943 8.15940141
v 48.52092969 -0.01398852 8.16014844
v 48.52093750 -0.01411478 8.16016992
v 48.52589063 -0.01576985 8.17013379
v 48.52078906 -0.01394611 8.15987305
v 48.52838281 -0.01653970 8.17514746
v 48.53085937 -0.01714451 8.18015723
v 48.53088281 -0.01726987 8.18018164
v 48.52086719 -0.01396983 8.16003027
v 48.52090625 -0.01398168 8.16010937
v 48.53085997 -0.01723344 8.18014044
v 48.52091462 -0.01423073 8.16010835
v 48.53044099 -0.01716030 8.17928982
v 48.53585938 -0.01859435 8.19020117
v 48.53957031 -0.01947063 8.19767676
v 48.41650781 0.00104062 8.13291895
v 48.45714844 -0.00152292 8.12691211
v 48.45716982 -0.00140361 8.12693202
v 48.45714076 -0.00164329 8.12688957
v 48.45720312 -0.00140740 8.12692676
v 48.45725000 -0.00141193 8.12691992
v 48.45718750 -0.00140513 8.12692969
v 48.45733594 -0.00142099 8.12690723
v 48.45717969 -0.00164609 8.12688379
v 48.45715625 -0.00164452 8.12688672
v 48.45750781 -0.00143915 8.12688184
v 48.45730469 -0.00165546 8.12686523
v 48.45721875 -0.00164921 8.12687793
v 48.45747656 -0.00166798 8.12684082
v 48.45720044 -0.00149865 8.12691003
v 48.45784375 -0.00147556 8.12683008
v 48.45989844 -0.00169665 8.12652051
v 48.46812500 -0.00256350 8.12529004
v 48.46262500 -0.00202829 8.12610254
v 48.47364063 -0.00312585 8.12447461
v 48.47917187 -0.00371001 8.12365723
v 48.47918750 -0.00359303 8.12367871
v 48.47935938 -0.00361163 8.12365234
v 48.47927344 -0.00360233 8.12366504
v 48.48057813 -0.00376147 8.12346875
v 48.48472656 -0.00430350 8.12283594
v 48.48168984 -0.00398398 8.12328368
v 48.47988281 -0.00367584 8.12357422
v 48.45936567 -0.00166147 8.12659592
v 48.45987500 -0.00184666 8.12649414
v 48.45850781 -0.00174380 8.12669238
v 48.45782031 -0.00169313 8.12679102
v 48.47938956 -0.00375978 8.12361951
v 48.49025000 -0.00488396 8.12201953
v 48.49756250 -0.00561584 8.12094043
v 48.47972753 -0.00368332 8.12359201
v 48.47915625 -0.00382699 8.12363672
v 48.47924219 -0.00383629 8.12362305
v 48.47932813 -0.00384559 8.12361035
v 48.47950000 -0.00386137 8.12358496
v 48.48054688 -0.00395612 8.12343359
v 48.47985156 -0.00389295 8.12353516
v 49.39342188 -0.01287742 7.73503809
v 49.38855469 -0.01298923 7.73421484
v 49.38374219 -0.01317195 7.73340137
v 49.38499219 -0.01287196 7.73361328
v 49.38828906 -0.01275178 7.73417090
v 49.39161719 -0.01266476 7.73473340
v 49.39496875 -0.01261185 7.73530078
v 49.37207031 -0.01378739 7.73142871
v 49.30176563 -0.02593462 7.71954492
v 49.25928906 -0.03658783 7.71236621
v 49.21779687 -0.04465287 7.70535254
v 49.21780469 -0.04471752 7.70535449
v 49.20205469 -0.04622197 7.70269141
v 49.19675781 -0.04652085 7.70179590
v 49.17527344 -0.04666136 7.69816309
v 49.13121875 -0.04188013 7.69071387
v 49.08619531 -0.03191716 7.68310059
v 49.04077344 -0.01835253 7.67541992
v 49.01810938 -0.01065180 7.67159375
v 49.00681250 -0.00667742 7.66968750
v 49.00117969 -0.00468260 7.66873437
v 48.99554688 -0.00267827 7.66778320
v 49.20732812 -0.04580281 7.70358301
v 48.95083594 0.01287997 7.66021191
v 48.99552344 -0.00276641 7.66776758
v 49.20733594 -0.04589641 7.70358398
v 49.20206250 -0.04631573 7.70269238
v 49.00678906 -0.00676575 7.66967285
v 49.00114844 -0.00477082 7.66871973
v 49.19675781 -0.04661473 7.70179590
v 48.90660156 0.02556976 7.65273242
v 49.21781250 -0.04478217 7.70535547
v 49.20734375 -0.04599001 7.70358496
v 49.20207031 -0.04640950 7.70269238
v 49.19676562 -0.04670861 7.70179590
v 49.01808594 -0.01071325 7.67158398
v 49.01807031 -0.01077470 7.67157520
v 49.00675781 -0.00685408 7.66965820
v 49.00111719 -0.00485905 7.66870508
v 48.99549219 -0.00285456 7.66775293
v 48.88459375 0.02980692 7.64901172
v 48.86262500 0.03217077 7.64530859
v 48.85164844 0.03249769 7.64345703
v 48.84615625 0.03241220 7.64252930
v 48.84066406 0.03216552 7.64160059
v 48.81870312 0.02963094 7.63787598
v 48.85164844 0.03240483 7.64344336
v 48.86262500 0.03210644 7.64529883
v 48.84615625 0.03231937 7.64251562
v 48.84067187 0.03207279 7.64158789
v 48.86262500 0.03204211 7.64528809
v 48.85164844 0.03231198 7.64342871
v 48.84616406 0.03222654 7.64250195
v 48.84067969 0.03198005 7.64157520
v 48.77465625 0.01954482 7.63043164
v 48.73034375 0.00618408 7.62294043
v 48.68560937 -0.00605405 7.61537793
v 48.66304687 -0.01037723 7.61156152
v 48.65169531 -0.01178531 7.60965430
v 48.64032031 -0.01270551 7.60772949
v 48.61743750 -0.01287940 7.60384863
v 48.59444531 -0.01105750 7.59995996
v 48.54836719 -0.00363713 7.59216895
v 48.50253906 0.00545570 7.58442090
v 48.45742969 0.01218753 7.57679590
v 48.43528906 0.01340825 7.57305469
v 48.41348438 0.01261844 7.56939258
v 48.40810156 0.01201067 7.56848242
v 48.39209375 0.00915832 7.56577148
v 48.37103906 0.00332845 7.56220020
v 48.40273438 0.01123285 7.56757617
v 48.32922656 -0.01257529 7.55513672
v 48.28681250 -0.02985879 7.54796582
v 48.24252344 -0.04318386 7.54047656
v 48.21928906 -0.04669252 7.53654492
v 48.65170312 -0.01184911 7.60964355
v 48.64032031 -0.01276945 7.60771777
v 48.40811719 0.01191987 7.56846289
v 48.40275781 0.01114235 7.56755762
v 48.66305469 -0.01044076 7.61155176
v 48.65171094 -0.01191290 7.60963281
v 48.64032813 -0.01283339 7.60770703
v 48.41350000 0.01252743 7.56937305
v 48.19510938 -0.04720790 7.53245508
v 48.16983594 -0.04406226 7.52818066
v 48.39210937 0.00909607 7.56575977
v 48.14348437 -0.03699882 7.52372559
v 48.11686719 -0.02751611 7.51922363
v 48.09095312 -0.01758111 7.51484277
v 48.06675000 -0.00916056 7.51075098
v 48.04525000 -0.00422055 7.50711816
v 48.03583594 -0.00366888 7.50552734
v 48.02745313 -0.00465945 7.50413281
v 48.02024219 -0.00756093 7.50291895
v 48.02746875 -0.00472066 7.50411816
v 48.02028125 -0.00761621 7.50291211
v 48.01433594 -0.01255503 7.50192578
v 48.01438281 -0.01259755 7.50192871
v 48.00983594 -0.01989060 7.50117187
v 48.00558594 -0.04258521 7.50046094
v 48.00571094 -0.04258904 7.50050391
v 48.00693750 -0.02983046 7.50069434
v 48.00989844 -0.01991698 7.50118359
v 48.41350781 0.01243641 7.56935254
v 48.40812500 0.01182906 7.56844434
v 48.40277344 0.01105185 7.56754004
v 48.39212500 0.00903381 7.56574805
v 48.04525000 -0.00428208 7.50709668
v 48.03583594 -0.00373119 7.50550879
v 48.02748438 -0.00478186 7.50410449
v 48.02031250 -0.00767149 7.50290527
v 48.01442969 -0.01264007 7.50193164
v 48.00995313 -0.01994336 7.50119531
v 48.00700000 -0.02984272 7.50071191
v 48.65471875 0.01397871 7.96442773
v 48.66550000 0.01582066 7.95684473
v 48.66852344 0.01636943 7.95490625
v 48.67464844 0.01760430 7.95119727
v 48.67776562 0.01821588 7.94942871
v 48.67620313 0.01790753 7.95030566
v 48.68730469 0.02009945 7.94448438
v 48.69053906 0.02079314 7.94295410
v 48.69378906 0.02150582 7.94148340
v 48.70367969 0.02375315 7.93743848
v 48.70035937 0.02298644 7.93872656
v 48.70701562 0.02453537 7.93621191
v 48.71374219 0.02614279 7.93394629
v 48.71714062 0.02696597 7.93290527
v 48.68092969 0.01877322 7.94772363
v 48.72053906 0.02779955 7.93192676
v 48.72739062 0.02949249 7.93015820
v 48.73083594 0.03034918 7.92936719
v 48.73428906 0.03120980 7.92863965
v 48.74121875 0.03293599 7.92737109
v 48.74470313 0.03379838 7.92683105
v 48.74818750 0.03465724 7.92635449
v 48.75517969 0.03635658 7.92558887
v 48.75867969 0.03719354 7.92529980
v 48.76217969 0.03801899 7.92507422
v 48.76919531 0.03962697 7.92481055
v 48.77621094 0.04116511 7.92479688
v 48.78321875 0.04261613 7.92503418
v 48.78671875 0.04330429 7.92524707
v 48.79021094 0.04396493 7.92552246
v 48.79718750 0.04519531 7.92625879
v 48.80066406 0.04576165 7.92672168
v 48.80413281 0.04629309 7.92724609
v 48.81105469 0.04724377 7.92848242
v 48.81449219 0.04766004 7.92919336
v 48.81792969 0.04803502 7.92996680
v 48.82475781 0.04865570 7.93170020
v 48.82814844 0.04889938 7.93265918
v 48.83153125 0.04909734 7.93368066
v 48.83824219 0.04935477 7.93590918
v 48.84488281 0.04943755 7.93838281
v 48.85144531 0.04936015 7.94110254
v 48.85792188 0.04913716 7.94406641
v 48.86113281 0.04897554 7.94563867
v 48.86431250 0.04878300 7.94727148
v 48.87059375 0.04831214 7.95071777
v 48.87369531 0.04803723 7.95253125
v 48.87676562 0.04773848 7.95440332
v 48.88281250 0.04707606 7.95832227
v 48.88578906 0.04671553 7.96037012
v 48.88873437 0.04633784 7.96247559
v 48.89450781 0.04553710 7.96685645
v 48.89734375 0.04511685 7.96913184
v 48.90014062 0.04468555 7.97146289
v 48.90561719 0.04379536 7.97628809
v 48.91092187 0.04287677 7.98133105
v 48.91604687 0.04194054 7.98658008
v 48.91854687 0.04146840 7.98928320
v 48.92099219 0.04099529 7.99203516
v 48.90828906 0.04333887 7.97878320
v 48.67466406 0.01752936 7.95119922
v 48.67621875 0.01783264 7.95030859
v 48.67778125 0.01814104 7.94943164
v 48.67623437 0.01775775 7.95031152
v 48.67779687 0.01806620 7.94943555
v 48.67467969 0.01745442 7.95120215
v 48.92573437 0.04005015 7.99768555
v 48.92803125 0.03957968 8.00058301
v 48.93028125 0.03911200 8.00352637
v 48.93460938 0.03818826 8.00954785
v 48.93669531 0.03773331 8.01262500
v 48.93871875 0.03728406 8.01574512
v 48.94259375 0.03640509 8.02210547
v 48.94444531 0.03597607 8.02534668
v 48.94624219 0.03555484 8.02862500
v 48.94964063 0.03473732 8.03528906
v 48.95124219 0.03434136 8.03867480
v 48.95278906 0.03395452 8.04209375
v 48.95567969 0.03320894 8.04902441
v 48.95703125 0.03285023 8.05253613
v 48.95831250 0.03250127 8.05607617
v 48.96067188 0.03183272 8.06323340
v 48.96175000 0.03151291 8.06685059
v 48.96275781 0.03120291 8.07049023
v 48.96457031 0.03061195 8.07783203
v 48.96536719 0.03033060 8.08153418
v 48.96609375 0.03005868 8.08525195
v 48.96733594 0.02954234 8.09273535
v 48.96785156 0.02929740 8.09650000
v 48.96829688 0.02906118 8.10027539
v 48.96917969 0.02840206 8.11166113
v 48.96932812 0.02819807 8.11547070
v 48.96895312 0.02861382 8.10785645
v 48.96939844 0.02781210 8.12310352
v 48.96934375 0.02772655 8.12693066
v 48.96927515 0.02749973 8.12783402
v 48.96914784 0.02752077 8.13166442
v 48.96867969 0.02715608 8.13808398
v 48.96910156 0.02748088 8.13257324
v 48.96832031 0.02703656 8.14175879
v 48.96789844 0.02693652 8.14542578
v 48.96685156 0.02679337 8.15273926
v 48.96621875 0.02674947 8.15638379
v 48.96552344 0.02672353 8.16001562
v 48.96392187 0.02672386 8.16724219
v 48.96302344 0.02674925 8.17083594
v 48.96204687 0.02679084 8.17441211
v 48.95990625 0.02692073 8.18151172
v 48.95872656 0.02700806 8.18503320
v 48.95749219 0.02710954 8.18853320
v 48.95481250 0.02735289 8.19546289
v 48.95336719 0.02749366 8.19889258
v 48.95186719 0.02764624 8.20229492
v 48.94866406 0.02798449 8.20901465
v 48.94696094 0.02816891 8.21233203
v 48.94520312 0.02836247 8.21561621
v 48.94149219 0.02877430 8.22208594
v 48.93953906 0.02899117 8.22527051
v 48.93753125 0.02921411 8.22841797
v 48.93333594 0.02967522 8.23459863
v 48.93114062 0.02991180 8.23763086
v 48.92889844 0.03015102 8.24062109
v 48.92423437 0.03063402 8.24647461
v 48.92181250 0.03087603 8.24933691
v 48.91934375 0.03111689 8.25215137
v 48.91423437 0.03159143 8.25764063
v 48.91160156 0.03182317 8.26031445
v 48.90892187 0.03204964 8.26293652
v 48.90339844 0.03248272 8.26802637
v 48.90057031 0.03268725 8.27049414
v 48.89768750 0.03288212 8.27290625
v 48.88877344 0.03339821 8.27981055
v 48.89178906 0.03323870 8.27756445
v 48.88571875 0.03354354 8.28199707
v 48.87947656 0.03378735 8.28619336
v 48.87629688 0.03388358 8.28820215
v 48.87307812 0.03396109 8.29014941
v 48.86653125 0.03405564 8.29385645
v 48.86321094 0.03407042 8.29561621
v 48.85985156 0.03406207 8.29731152
v 48.85303906 0.03397165 8.30050684
v 48.84959375 0.03388741 8.30200586
v 48.84611719 0.03377586 8.30343848
v 48.83908594 0.03346662 8.30610156
v 48.83553906 0.03326691 8.30733203
v 48.83196875 0.03303604 8.30849316
v 48.82475781 0.03247686 8.31060840
v 48.82113281 0.03214672 8.31156250
v 48.81748437 0.03178198 8.31244629
v 48.81014844 0.03094509 8.31400391
v 48.80645312 0.03047132 8.31467676
v 48.80275781 0.02996077 8.31527930
v 48.79533594 0.02883182 8.31627051
v 48.79160938 0.02821491 8.31666016
v 48.78787500 0.02756450 8.31697754
v 48.78040625 0.02616752 8.31740039
v 48.77292188 0.02465243 8.31753711
v 48.76544531 0.02303212 8.31738867
v 48.75797656 0.02132011 8.31695605
v 48.75425000 0.02043401 8.31663281
v 48.75052344 0.01952973 8.31623828
v 48.74310938 0.01767504 8.31523730
v 48.73942187 0.01672790 8.31463184
v 48.96932031 0.02762942 8.12692578
v 48.96926204 0.02755539 8.12895725
v 48.96929687 0.02753230 8.12692090
v 48.73573437 0.01576947 8.31395410
v 48.72841406 0.01382737 8.31239063
v 48.72477344 0.01284679 8.31150391
v 48.72114844 0.01186181 8.31054785
v 48.96915156 0.02739406 8.13102201
v 48.96901841 0.02731773 8.13354977
v 48.71396094 0.00988709 8.30842773
v 48.71039844 0.00890024 8.30726465
v 48.70685156 0.00791568 8.30603223
v 48.69982813 0.00596147 8.30336523
v 48.69635156 0.00499446 8.30192969
v 48.69290625 0.00403611 8.30042676
v 48.68609375 0.00215268 8.29722168
v 48.68272656 0.00123000 8.29551953
v 48.67939844 0.00032193 8.29375098
v 48.67282813 -0.00144410 8.29001953
v 48.66639062 -0.00313583 8.28602930
v 48.66010156 -0.00474245 8.28178418
v 48.65700781 -0.00551133 8.27956738
v 48.65396094 -0.00625551 8.27728809
v 48.64798438 -0.00766582 8.27254395
v 48.64506250 -0.00833041 8.27008008
v 48.64217969 -0.00896644 8.26755664
v 48.63656250 -0.01014980 8.26233008
v 48.63382031 -0.01069590 8.25962793
v 48.63113281 -0.01121042 8.25686914
v 48.62589844 -0.01214271 8.25117871
v 48.62335937 -0.01255962 8.24824902
v 48.62087500 -0.01294288 8.24526367
v 48.61607813 -0.01360747 8.23913184
v 48.61375781 -0.01388834 8.23598535
v 48.61150000 -0.01413454 8.23278906
v 48.96905469 0.02726409 8.13256055
v 48.96909782 0.02730238 8.13171356
v 48.47206250 0.00640690 8.07555859
v 48.45267188 0.00499459 8.09454785
v 48.44874219 0.00474313 8.09842285
v 48.44873438 0.00467566 8.09841016
v 48.44678125 0.00460591 8.10035352
v 48.44579687 0.00453627 8.10131641
v 48.44676562 0.00451216 8.10033594
v 48.44530469 0.00450119 8.10179785
v 48.44872656 0.00460819 8.09839746
v 48.44675781 0.00441841 8.10031738
v 48.44577344 0.00432248 8.10127637
v 48.44529214 0.00432634 8.10176521
v 48.44483594 0.00446683 8.10226465
v 48.44480469 0.00434588 8.10225684
v 48.42878906 0.00285996 8.11795117
v 48.44488281 0.00447035 8.10221875
v 48.44493750 0.00447476 8.10215918
v 48.44506250 0.00448358 8.10203906
v 48.44528906 0.00427425 8.10175488
v 48.44485156 0.00446814 8.10224902
v 48.44489757 0.00435985 8.10216953
v 48.41746875 0.00165696 8.12903613
v 48.44503906 0.00425006 8.10199512
v 48.44491406 0.00423795 8.10211426
v 48.44485938 0.00423190 8.10217383
v 48.44482813 0.00422887 8.10220410
v 48.44481250 0.00422756 8.10221875
v 48.44479688 0.00422624 8.10223438
v 49.38667501 -0.01245426 8.69290830
v 49.38014788 -0.01251356 8.64421884
v 49.37137912 -0.01194072 8.65714895
v 49.37525781 -0.01256257 8.59489453
v 49.37378725 -0.01251081 8.60795664
v 49.36024370 -0.01253297 8.49670047
v 49.35890391 -0.01255781 8.45099802
v 49.35988856 -0.01257208 8.43454907
v 49.34550948 -0.01230217 8.40624856
v 49.35553276 -0.01254453 8.39425192
v 49.35076355 -0.01248173 8.37942670
v 49.35042269 -0.01247523 8.32729037
v 49.35228246 -0.01245083 8.23130014
v 49.34060842 -0.01203980 8.17964903
v 49.34787156 -0.01221284 8.15691652
v 49.34892058 -0.01218248 8.10760912
v 49.34934092 -0.01217385 8.07859767
v 49.35078999 -0.01220657 8.04477464
v 49.35660920 -0.01239588 7.97687627
v 49.35951310 -0.01251106 7.94539623
v 49.34972872 -0.01278120 7.92874617
v 49.37107917 -0.01272352 7.87120665
v 49.37048312 -0.01287033 7.85012234
v 49.38120210 -0.01274588 7.80541289
v 49.37188314 -0.01288010 7.83961040
v 49.39143750 -0.01250147 8.70876465
v 49.35599589 -0.01252775 8.21755491
v 49.35267184 -0.01243293 8.20588820
v 49.34500574 -0.01215588 8.17604811
v 49.35440746 -0.01246616 8.19298695
v 49.37705264 -0.01158402 8.70709071
v 49.36408153 -0.01258271 7.92140589
v 49.36536273 -0.01264677 7.90704052
v 49.35380698 -0.01229747 8.01444805
v 49.36883571 -0.01266157 7.89001803
v 49.35672640 -0.01293548 7.90254568
v 49.36498425 -0.01272886 7.89612755
v 49.35997656 -0.01303881 7.88224512
v 49.35753845 -0.01303626 7.89152913
v 49.38646777 -0.01270218 8.69423005
v 49.37915625 -0.01279610 8.62545996
v 49.37165625 -0.01281666 8.56429004
v 49.36824488 -0.01280784 8.54833628
v 49.36573252 -0.01281506 8.52196724
v 49.36353032 -0.01282371 8.48206187
v 49.36095662 -0.01282021 8.44967573
v 49.35466255 -0.01277556 8.42262576
v 49.27824698 -0.01072065 8.33418739
v 49.35273605 -0.01276486 8.37748776
v 49.35155549 -0.01274583 8.36860206
v 49.35026725 -0.01271564 8.32277518
v 49.35072068 -0.01270356 8.28143713
v 49.35008232 -0.01263211 8.22523959
v 49.34678783 -0.01239708 8.13867678
v 49.34940436 -0.01243153 8.09565781
v 49.35081486 -0.01245277 8.04963210
v 49.35409808 -0.01254828 8.02222907
v 49.35687250 -0.01269521 7.96390197
v 49.36653947 -0.01290121 7.90548527
v 49.36638622 -0.01298730 7.89037438
v 49.36893358 -0.01299622 7.87792744
v 49.37138003 -0.01320093 7.83157883
v 49.37946340 -0.01304613 7.80376654
v 49.38532276 -0.01302253 7.75484046
v 49.39010711 -0.01269918 8.71185934
v 49.35736169 -0.01279251 8.18959694
v 49.36476979 -0.01282699 7.92327748
v 49.37044321 -0.01287214 7.89665621
v 49.35827736 -0.01302259 7.91224212
v 49.35601309 -0.01315312 7.90725053
v 49.35893490 -0.01289390 7.92450672
v 49.35996421 -0.01328041 7.88267921
v 49.35755893 -0.01328251 7.89138170
v 49.35711967 -0.01321529 7.89844142
v 49.35792188 -0.01331021 7.88776855
v 49.36083314 -0.01335930 7.87128936
v 49.35811719 -0.01332435 7.88586133
v 49.35561759 -0.01323613 7.90144199
f 3932 35 42
f 45 1585 31
f 64 47 37
f 39 48 1599
f 40 79 57
f 40 1604 33
f 60 39 1599
f 50 1599 1601
f 1578 53 3932
f 1578 3932 42
f 63 1578 43
f 63 43 1579
f 63 1579 44
f 36 63 44
f 54 1584 45
f 68 54 45
f 68 45 31
f 59 31 46
f 47 59 46
f 50 60 1599
f 57 50 1601
f 55 68 31
f 55 31 59
f 69 50 57
f 61 40 51
f 54 36 1584
f 59 47 64
f 89 59 64
f 75 89 64
f 97 64 56
f 76 97 56
f 76 56 39
f 77 76 39
f 60 77 39
f 60 50 69
f 65 69 57
f 79 65 57
f 61 79 40
f 84 53 1578
f 85 84 1578
f 96 85 1578
f 93 96 1578
f 93 1578 63
f 82 93 63
f 67 71 63
f 67 63 36
f 88 68 55
f 88 55 59
f 74 88 59
f 89 74 59
f 97 75 64
f 77 60 69
f 105 77 69
f 69 65 78
f 78 65 79
f 72 71 67
f 88 86 68
f 91 69 78
f 71 82 63
f 86 54 68
f 90 89 75
f 90 75 97
f 77 97 76
f 117 105 69
f 91 78 79
f 80 91 79
f 80 79 61
f 89 88 74
f 117 69 91
f 142 111 84
f 93 142 84
f 96 93 84
f 96 84 85
f 87 103 88
f 94 87 88
f 94 88 89
f 90 114 89
f 109 90 97
f 98 91 80
f 88 103 86
f 114 94 89
f 100 97 77
f 106 98 80
f 82 138 93
f 103 87 94
f 113 103 94
f 114 113 94
f 104 109 97
f 100 104 97
f 115 100 77
f 105 115 77
f 98 121 91
f 93 123 142
f 1586 138 82
f 112 146 103
f 113 112 103
f 129 114 90
f 126 90 109
f 115 109 104
f 115 104 100
f 116 115 105
f 117 116 105
f 132 117 91
f 121 132 91
f 106 121 98
f 145 102 124
f 1303 103 146
f 114 135 113
f 120 109 115
f 142 108 111
f 138 123 93
f 125 124 1596
f 146 125 1303
f 119 112 113
f 135 119 113
f 135 114 129
f 126 129 90
f 120 126 109
f 132 116 117
f 1609 119 135
f 140 115 116
f 127 121 106
f 138 142 123
f 102 144 143
f 125 145 124
f 1609 139 119
f 130 126 120
f 131 120 115
f 140 131 115
f 132 140 116
f 121 190 132
f 127 191 121
f 142 134 108
f 238 142 138
f 145 144 102
f 147 1609 135
f 126 136 129
f 190 140 132
f 191 190 121
f 165 125 146
f 168 129 136
f 154 126 130
f 172 131 140
f 142 160 134
f 238 218 142
f 144 177 143
f 151 165 146
f 149 1609 147
f 153 136 126
f 154 156 126
f 120 154 130
f 170 172 140
f 162 170 140
f 190 162 140
f 188 145 125
f 156 153 126
f 185 191 127
f 157 185 127
f 164 177 144
f 165 188 125
f 156 136 153
f 161 154 120
f 161 120 131
f 172 161 131
f 145 164 144
f 167 165 151
f 194 156 154
f 161 194 154
f 175 172 170
f 159 160 142
f 173 159 142
f 173 142 218
f 178 164 145
f 184 170 162
f 190 184 162
f 167 179 165
f 183 136 156
f 169 183 156
f 180 238 138
f 188 178 145
f 195 172 175
f 176 185 157
f 211 213 159
f 211 159 173
f 177 187 174
f 181 188 165
f 189 182 168
f 136 189 168
f 243 169 156
f 202 194 161
f 202 161 172
f 195 175 170
f 203 195 170
f 203 170 184
f 185 240 191
f 218 211 173
f 268 138 1587
f 195 202 172
f 189 214 182
f 176 216 185
f 268 180 138
f 188 250 178
f 201 243 156
f 194 201 156
f 250 164 178
f 199 250 188
f 228 194 202
f 184 224 203
f 240 184 190
f 240 190 191
f 245 187 177
f 164 245 177
f 200 199 188
f 181 200 188
f 203 209 195
f 200 206 199
f 227 136 183
f 169 227 183
f 215 201 194
f 228 215 194
f 205 250 199
f 205 199 206
f 211 235 213
f 200 205 206
f 231 200 181
f 193 231 181
f 219 193 207
f 208 214 189
f 223 208 189
f 136 223 189
f 233 195 209
f 216 240 185
f 213 249 159
f 218 235 211
f 231 205 200
f 195 228 202
f 203 233 209
f 197 256 176
f 254 213 235
f 245 263 187
f 219 231 193
f 222 219 207
f 169 220 227
f 243 220 169
f 266 233 203
f 224 266 203
f 264 250 205
f 222 207 1619
f 229 228 195
f 239 229 195
f 250 245 164
f 242 231 219
f 227 223 136
f 232 201 215
f 232 215 228
f 233 239 195
f 226 236 222
f 232 243 201
f 239 228 229
f 262 187 263
f 220 273 227
f 243 246 220
f 266 224 184
f 240 266 184
f 256 216 176
f 251 228 239
f 328 233 266
f 260 240 216
f 180 218 238
f 222 242 219
f 273 223 227
f 273 220 246
f 328 239 233
f 256 260 216
f 265 264 205
f 258 222 236
f 247 246 243
f 232 247 243
f 268 218 180
f 263 245 250
f 231 265 205
f 285 242 222
f 258 285 222
f 281 246 247
f 276 232 228
f 251 276 228
f 251 239 328
f 253 249 213
f 253 213 254
f 272 223 273
f 281 273 246
f 259 247 232
f 321 253 254
f 279 263 250
f 264 279 250
f 280 231 242
f 259 281 247
f 276 259 232
f 267 266 240
f 267 240 260
f 235 321 254
f 265 299 264
f 299 265 231
f 299 231 280
f 285 280 242
f 270 271 1455
f 270 1455 255
f 270 255 1453
f 272 208 223
f 276 274 259
f 256 283 260
f 279 262 263
f 287 272 273
f 274 281 259
f 291 276 251
f 328 291 251
f 277 328 266
f 267 277 266
f 297 283 256
f 294 235 218
f 299 279 264
f 285 258 269
f 281 287 273
f 282 274 276
f 291 275 276
f 294 321 235
f 300 299 280
f 287 303 272
f 287 281 274
f 275 282 276
f 328 277 267
f 296 328 267
f 296 267 260
f 321 307 253
f 323 300 280
f 289 295 271
f 290 287 274
f 275 290 274
f 275 274 282
f 292 296 260
f 292 260 283
f 268 294 218
f 279 308 262
f 301 323 280
f 309 301 280
f 285 309 280
f 286 295 289
f 335 286 272
f 303 335 272
f 290 303 287
f 304 275 291
f 283 296 292
f 302 309 285
f 302 285 1470
f 319 318 295
f 319 295 286
f 326 290 275
f 328 304 291
f 305 296 283
f 297 330 283
f 362 321 294
f 311 279 299
f 309 323 301
f 335 319 286
f 339 335 303
f 326 303 290
f 313 275 304
f 313 304 328
f 314 328 296
f 321 320 307
f 268 362 294
f 345 308 279
f 345 279 311
f 311 299 300
f 312 323 309
f 312 309 302
f 335 318 319
f 348 339 303
f 326 348 303
f 340 326 275
f 327 340 275
f 313 327 275
f 314 296 305
f 314 305 283
f 330 314 283
f 362 268 322
f 1621 300 323
f 325 332 323
f 316 325 323
f 316 323 312
f 317 316 312
f 335 334 318
f 342 313 328
f 329 328 314
f 330 329 314
f 332 324 323
f 317 325 316
f 347 333 318
f 334 347 318
f 342 327 313
f 357 362 322
f 1614 311 300
f 1614 300 1621
f 332 325 317
f 338 332 317
f 336 342 328
f 336 328 329
f 336 329 330
f 1614 345 311
f 338 317 318
f 333 338 318
f 347 334 335
f 339 347 335
f 348 326 340
f 349 340 327
f 341 349 327
f 341 327 342
f 372 320 321
f 387 372 321
f 344 387 321
f 344 321 362
f 346 332 338
f 352 338 333
f 354 339 348
f 360 348 340
f 341 342 336
f 364 341 336
f 364 336 330
f 378 364 330
f 387 344 362
f 351 346 338
f 359 351 338
f 352 359 338
f 353 352 333
f 353 333 347
f 339 353 347
f 360 354 348
f 360 340 349
f 377 349 341
f 351 358 346
f 368 353 339
f 370 339 354
f 377 361 349
f 371 341 364
f 367 362 357
f 358 374 346
f 359 358 351
f 368 352 353
f 370 368 339
f 375 370 354
f 375 354 360
f 363 360 349
f 361 363 349
f 385 387 362
f 382 358 359
f 367 385 362
f 382 381 358
f 382 359 352
f 368 369 352
f 369 368 370
f 376 375 360
f 376 360 363
f 371 377 341
f 378 371 364
f 387 1120 372
f 381 393 358
f 382 352 369
f 406 370 375
f 377 384 361
f 1119 372 1120
f 392 1952 373
f 380 373 374
f 358 380 374
f 383 406 375
f 383 375 376
f 383 376 363
f 384 363 361
f 394 384 377
f 371 394 377
f 395 380 358
f 393 395 358
f 386 396 382
f 386 382 369
f 388 398 369
f 388 369 370
f 406 388 370
f 402 371 378
f 385 390 387
f 391 367 1618
f 395 373 380
f 393 381 382
f 396 393 382
f 396 386 369
f 397 396 369
f 406 383 389
f 389 383 363
f 1963 378 379
f 390 1120 387
f 404 395 393
f 417 369 398
f 398 388 406
f 418 363 384
f 394 418 384
f 371 401 394
f 1963 402 378
f 403 390 385
f 367 403 385
f 454 367 391
f 411 373 395
f 412 404 393
f 413 412 393
f 396 413 393
f 399 406 389
f 399 389 363
f 418 409 363
f 400 418 394
f 402 401 371
f 410 420 1120
f 410 1120 390
f 373 411 392
f 404 411 395
f 405 413 396
f 397 405 396
f 417 397 369
f 406 417 398
f 408 406 399
f 409 399 363
f 401 400 394
f 403 410 390
f 426 403 367
f 407 405 397
f 429 407 397
f 408 417 406
f 402 435 401
f 1966 402 1963
f 392 442 1364
f 429 413 405
f 429 405 407
f 414 418 400
f 401 414 400
f 392 455 442
f 424 392 411
f 416 404 412
f 399 417 408
f 1966 419 402
f 424 475 392
f 415 424 411
f 427 411 404
f 427 404 416
f 416 412 413
f 416 413 429
f 421 397 417
f 440 417 399
f 492 399 409
f 403 420 410
f 443 415 411
f 421 429 397
f 440 421 417
f 492 440 399
f 434 492 409
f 431 409 418
f 431 418 414
f 639 414 401
f 423 452 420
f 437 420 403
f 424 415 443
f 427 443 411
f 428 416 429
f 430 434 409
f 431 430 409
f 450 431 414
f 436 402 419
f 426 471 403
f 367 446 426
f 474 367 454
f 491 424 443
f 429 666 428
f 459 421 440
f 401 435 639
f 444 452 423
f 420 444 423
f 471 437 403
f 433 471 426
f 433 426 446
f 474 446 367
f 475 457 392
f 652 443 427
f 427 458 652
f 439 427 416
f 447 416 428
f 459 666 429
f 459 429 421
f 431 434 430
f 639 450 414
f 438 471 433
f 446 438 433
f 439 458 427
f 447 439 416
f 666 464 428
f 449 434 431
f 450 449 431
f 437 460 420
f 441 471 438
f 446 441 438
f 392 514 455
f 464 447 428
f 448 459 440
f 493 492 434
f 495 435 402
f 559 495 402
f 559 402 436
f 444 497 452
f 445 471 441
f 446 445 441
f 488 454 442
f 455 488 442
f 519 475 424
f 519 424 491
f 581 491 443
f 652 581 443
f 476 439 447
f 492 448 440
f 462 493 434
f 466 462 434
f 466 434 449
f 468 450 639
f 460 444 420
f 453 471 445
f 446 453 445
f 474 473 446
f 456 514 392
f 457 456 392
f 610 476 447
f 610 447 464
f 497 590 452
f 461 471 453
f 446 461 453
f 467 449 450
f 468 467 450
f 495 558 435
f 619 497 444
f 470 619 444
f 460 470 444
f 463 471 461
f 446 463 461
f 475 456 457
f 520 458 439
f 448 465 459
f 617 468 639
f 558 639 435
f 472 471 463
f 473 472 463
f 473 463 446
f 488 474 454
f 549 519 491
f 664 652 458
f 520 664 458
f 476 520 439
f 666 521 464
f 462 614 492
f 462 492 493
f 449 462 466
f 478 501 437
f 479 478 437
f 480 479 437
f 480 437 471
f 481 480 471
f 481 471 472
f 482 481 472
f 483 482 472
f 483 472 473
f 484 483 473
f 485 484 473
f 486 485 473
f 486 473 474
f 487 486 474
f 488 487 474
f 490 489 456
f 490 456 475
f 675 666 459
f 636 459 465
f 492 552 448
f 467 494 449
f 499 498 470
f 499 470 460
f 500 499 460
f 500 460 437
f 501 500 437
f 502 501 478
f 503 502 478
f 503 478 479
f 504 503 479
f 504 479 480
f 505 504 480
f 505 480 481
f 506 505 481
f 506 481 482
f 507 506 482
f 507 482 483
f 508 507 483
f 508 483 484
f 509 508 484
f 509 484 485
f 510 509 485
f 510 485 486
f 511 510 486
f 511 486 487
f 512 511 487
f 512 487 488
f 514 513 455
f 515 456 489
f 516 515 489
f 516 489 490
f 517 516 490
f 517 490 475
f 518 517 475
f 518 475 519
f 663 549 491
f 581 663 491
f 464 611 610
f 521 691 464
f 552 522 448
f 523 449 494
f 524 523 494
f 524 494 467
f 526 525 467
f 526 467 468
f 638 526 468
f 617 638 468
f 559 558 495
f 528 619 470
f 528 470 498
f 529 528 498
f 529 498 499
f 530 529 499
f 530 499 500
f 531 530 500
f 531 500 501
f 502 531 501
f 594 502 503
f 532 594 503
f 532 503 504
f 533 532 504
f 533 504 505
f 534 533 505
f 534 505 506
f 535 534 506
f 535 506 507
f 536 535 507
f 536 507 508
f 537 536 508
f 537 508 509
f 538 537 509
f 538 509 510
f 539 538 510
f 539 510 511
f 540 539 511
f 540 511 512
f 541 540 512
f 541 512 488
f 542 541 488
f 542 488 455
f 513 542 455
f 543 456 515
f 544 543 515
f 544 515 516
f 545 544 516
f 545 516 517
f 546 545 517
f 546 517 518
f 547 546 518
f 548 547 518
f 548 518 519
f 549 548 519
f 653 520 476
f 610 653 476
f 635 611 464
f 691 635 464
f 636 675 459
f 550 636 465
f 551 550 465
f 551 465 448
f 522 551 448
f 553 449 523
f 554 553 523
f 554 523 524
f 467 554 524
f 555 467 525
f 556 555 525
f 556 525 526
f 557 556 526
f 638 557 526
f 640 639 558
f 620 619 528
f 560 620 528
f 560 528 529
f 561 560 529
f 561 529 530
f 562 561 530
f 562 530 531
f 502 562 531
f 563 594 532
f 564 563 532
f 564 532 533
f 565 564 533
f 565 533 534
f 566 565 534
f 566 534 535
f 567 566 535
f 567 535 536
f 568 567 536
f 568 536 537
f 569 568 537
f 569 537 538
f 570 569 538
f 570 538 539
f 571 570 539
f 571 539 540
f 572 571 540
f 572 540 541
f 573 572 541
f 573 541 542
f 574 573 542
f 513 574 542
f 575 456 543
f 607 575 543
f 607 543 544
f 576 607 544
f 576 544 545
f 577 576 545
f 577 545 546
f 578 577 546
f 578 546 547
f 579 578 547
f 579 547 548
f 580 579 548
f 580 548 549
f 663 580 549
f 652 696 581
f 666 691 521
f 583 636 550
f 584 583 550
f 584 550 551
f 522 584 551
f 615 462 449
f 585 615 449
f 585 449 553
f 586 585 553
f 586 553 554
f 616 586 554
f 616 554 467
f 587 616 467
f 587 467 555
f 588 587 555
f 588 555 556
f 557 588 556
f 497 709 590
f 591 620 560
f 592 591 560
f 592 560 561
f 593 592 561
f 593 561 562
f 502 593 562
f 595 594 563
f 596 595 563
f 596 563 564
f 597 596 564
f 597 564 565
f 598 597 565
f 598 565 566
f 599 598 566
f 599 566 567
f 600 599 567
f 600 567 568
f 601 600 568
f 601 568 569
f 602 601 569
f 602 569 570
f 603 602 570
f 603 570 571
f 604 603 571
f 604 571 572
f 605 604 572
f 605 572 573
f 606 605 573
f 606 573 574
f 513 606 574
f 575 514 456
f 608 607 576
f 608 576 577
f 608 577 578
f 609 608 578
f 609 578 579
f 609 579 580
f 663 609 580
f 634 581 582
f 696 582 581
f 612 636 583
f 613 612 583
f 613 583 584
f 522 613 584
f 492 614 552
f 655 615 585
f 655 585 586
f 616 655 586
f 557 616 587
f 557 587 588
f 621 620 591
f 621 591 592
f 621 592 593
f 502 621 593
f 622 594 595
f 623 622 595
f 623 595 596
f 624 623 596
f 624 596 597
f 625 624 597
f 625 597 598
f 626 625 598
f 626 598 599
f 627 626 599
f 627 599 600
f 628 627 600
f 628 600 601
f 629 628 601
f 629 601 602
f 630 629 602
f 630 602 603
f 631 630 603
f 631 603 604
f 632 631 604
f 632 604 605
f 633 632 605
f 633 605 606
f 513 633 606
f 695 608 609
f 683 695 609
f 663 683 609
f 634 663 581
f 520 706 664
f 611 653 610
f 697 691 666
f 637 636 612
f 637 612 613
f 522 637 613
f 676 614 462
f 667 616 557
f 619 709 497
f 642 594 622
f 642 622 623
f 643 642 623
f 643 623 624
f 644 643 624
f 644 624 625
f 645 644 625
f 645 625 626
f 646 645 626
f 646 626 627
f 647 646 627
f 647 627 628
f 648 647 628
f 648 628 629
f 649 648 629
f 649 629 630
f 650 649 630
f 650 630 631
f 651 650 631
f 651 631 632
f 633 651 632
f 682 575 607
f 682 607 608
f 696 663 634
f 696 634 582
f 673 696 652
f 522 675 636
f 522 636 637
f 654 676 462
f 615 654 462
f 638 667 557
f 638 617 639
f 640 638 639
f 558 656 640
f 741 619 620
f 686 741 620
f 686 620 621
f 502 686 621
f 658 594 642
f 659 658 642
f 659 642 643
f 689 659 643
f 689 643 644
f 660 689 644
f 660 644 645
f 661 660 645
f 661 645 646
f 662 661 646
f 662 646 647
f 650 662 647
f 650 647 648
f 650 648 649
f 633 650 651
f 664 673 652
f 665 706 520
f 674 665 520
f 674 520 653
f 674 653 611
f 635 674 611
f 667 655 616
f 718 709 619
f 699 502 594
f 669 594 658
f 670 669 658
f 670 658 659
f 689 670 659
f 671 689 660
f 672 671 660
f 672 660 661
f 662 672 661
f 729 633 513
f 729 513 514
f 729 514 575
f 682 729 575
f 706 673 664
f 691 674 635
f 675 697 666
f 552 675 522
f 703 614 676
f 615 676 654
f 721 615 655
f 679 594 669
f 680 679 669
f 680 669 670
f 689 680 670
f 690 689 671
f 681 690 671
f 681 671 672
f 662 681 672
f 696 683 663
f 691 701 674
f 552 702 675
f 703 552 614
f 640 684 638
f 732 640 656
f 741 718 619
f 687 699 594
f 687 594 679
f 688 687 679
f 688 679 680
f 689 688 680
f 662 690 681
f 695 682 608
f 714 695 683
f 714 683 696
f 706 665 674
f 698 721 655
f 698 655 667
f 698 667 638
f 704 698 638
f 704 638 684
f 502 719 686
f 693 699 687
f 694 693 687
f 694 687 688
f 689 694 688
f 662 689 690
f 723 650 633
f 723 633 729
f 710 706 674
f 701 710 674
f 675 711 697
f 703 707 552
f 732 684 640
f 708 656 558
f 708 558 559
f 699 719 502
f 700 699 693
f 700 693 694
f 689 700 694
f 714 682 695
f 705 673 706
f 711 691 697
f 712 711 675
f 702 712 675
f 716 703 676
f 716 676 615
f 721 716 615
f 732 704 684
f 753 699 700
f 689 753 700
f 742 689 662
f 705 696 673
f 715 705 706
f 710 701 691
f 711 710 691
f 708 733 656
f 728 662 650
f 728 650 723
f 730 682 714
f 724 714 696
f 715 706 710
f 712 702 552
f 707 712 552
f 726 721 698
f 726 698 704
f 733 732 656
f 559 733 708
f 719 741 686
f 742 753 689
f 738 682 730
f 715 724 696
f 715 696 705
f 720 715 710
f 711 725 710
f 737 747 559
f 790 719 699
f 753 790 699
f 738 729 682
f 724 730 714
f 725 720 710
f 712 725 711
f 731 712 707
f 721 755 716
f 732 726 704
f 747 733 559
f 728 742 662
f 736 715 720
f 725 736 720
f 731 707 703
f 716 745 703
f 755 721 726
f 735 734 709
f 735 709 718
f 735 718 741
f 739 724 715
f 736 739 715
f 731 752 712
f 755 745 716
f 760 755 726
f 732 760 726
f 790 741 719
f 765 728 723
f 729 765 723
f 740 731 703
f 745 740 703
f 756 732 733
f 735 782 734
f 741 748 735
f 738 765 729
f 750 738 730
f 757 730 724
f 751 757 724
f 751 724 739
f 744 739 736
f 725 744 736
f 764 725 712
f 752 764 712
f 773 760 732
f 756 773 732
f 743 742 728
f 757 750 730
f 751 739 744
f 744 725 764
f 731 754 752
f 746 745 755
f 748 782 735
f 767 748 741
f 790 767 741
f 749 753 742
f 749 742 743
f 738 769 765
f 769 738 750
f 744 758 751
f 763 744 764
f 787 746 755
f 747 756 733
f 761 774 747
f 749 790 753
f 770 750 757
f 777 757 751
f 758 777 751
f 779 758 744
f 763 779 744
f 784 763 764
f 754 764 752
f 759 754 731
f 787 745 746
f 760 787 755
f 774 756 747
f 768 749 743
f 728 768 743
f 765 796 728
f 770 757 777
f 778 777 758
f 779 778 758
f 745 731 740
f 767 782 748
f 796 768 728
f 776 769 750
f 784 779 763
f 754 784 764
f 771 754 759
f 786 745 787
f 772 787 760
f 773 772 760
f 756 788 773
f 783 796 765
f 769 783 765
f 776 750 770
f 771 759 731
f 786 771 731
f 786 731 745
f 774 788 756
f 767 811 782
f 790 795 767
f 813 790 749
f 813 749 768
f 792 776 770
f 777 792 770
f 799 779 784
f 804 784 754
f 771 804 754
f 821 772 773
f 821 773 788
f 795 1617 767
f 797 783 769
f 776 791 769
f 793 792 777
f 778 793 777
f 799 778 779
f 780 804 771
f 1629 771 786
f 1617 811 767
f 812 795 790
f 797 796 783
f 798 797 769
f 791 798 769
f 802 776 792
f 799 793 778
f 799 784 804
f 820 787 772
f 820 772 821
f 809 788 774
f 811 1616 782
f 796 813 768
f 798 791 776
f 808 780 771
f 1629 808 771
f 1629 786 787
f 813 812 790
f 815 813 796
f 802 798 776
f 802 792 793
f 819 793 799
f 1626 839 799
f 808 804 780
f 805 1629 787
f 820 805 787
f 801 815 796
f 801 796 797
f 807 818 802
f 793 807 802
f 839 819 799
f 803 799 804
f 809 821 788
f 818 798 802
f 1626 799 803
f 1626 803 804
f 1627 1626 804
f 1627 804 808
f 815 814 813
f 816 797 798
f 817 1623 798
f 793 818 807
f 1629 1273 808
f 1630 1629 805
f 1630 805 820
f 821 1294 820
f 1632 821 809
f 35 1105 1104
f 35 1104 1103
f 35 1102 1101
f 42 1097 1096
f 1097 42 1098
f 1100 35 1101
f 1577 1094 1093
f 1577 1093 1092
f 1577 1091 1
f 1577 1 1090
f 1091 1577 1092
f 1578 1089 1088
f 1578 1088 1087
f 1578 1086 1085
f 1578 1084 1083
f 1084 1578 1085
f 1086 1578 1087
f 1089 1578 1090
f 1094 1577 1095
f 1575 1102 35
f 35 1100 1099
f 1098 42 1099
f 1577 1576 1095
f 1577 1578 1576
f 1578 1577 1090
f 1083 1082 1578
f 1081 1578 1082
f 1576 1578 42
f 1576 42 1096
f 35 1099 42
f 1575 35 1103
f 43 1081 1080
f 43 1080 1079
f 43 1078 2
f 43 2 1077
f 1078 43 1079
f 1076 1075 1579
f 1075 3 1579
f 1073 1072 1579
f 1579 1072 4
f 1579 1074 1073
f 43 1077 1076
f 1579 1071 1070
f 1579 1070 1069
f 1579 1068 1067
f 1579 1066 1065
f 1066 1579 1067
f 1068 1579 1069
f 1580 1064 1063
f 1580 1063 1062
f 1580 1061 1060
f 1580 1059 1058
f 1059 1580 1060
f 1061 1580 1062
f 1064 1579 1065
f 1071 1579 4
f 1580 1057 1056
f 1580 1056 1055
f 44 1054 1053
f 44 1053 1052
f 1054 1580 1055
f 1580 1058 1057
f 1580 44 1579
f 44 1051 2495
f 1052 1051 44
f 1054 44 1580
f 1050 44 2495
f 1580 1579 1064
f 3 1074 1579
f 1049 44 1050
f 1048 44 1049
f 1581 1048 1047
f 1581 1045 1044
f 1581 1044 1043
f 1581 1042 1041
f 1581 1041 1040
f 1581 1043 1042
f 1581 1046 1045
f 1581 1047 1046
f 1581 44 1048
f 43 1578 1081
f 53 1107 1106
f 1076 1579 43
f 44 1581 36
f 84 1107 53
f 84 111 1108
f 82 1382 2815
f 82 71 1382
f 1581 1039 1038
f 1581 1038 1037
f 1581 1036 1035
f 1581 1035 1034
f 1036 1581 1037
f 1033 1581 1034
f 1032 1581 1033
f 1581 1032 5
f 1031 1030 1582
f 1582 5 1031
f 1582 1030 1029
f 1039 1581 1040
f 1028 1027 1582
f 1027 1026 1582
f 1582 1026 1025
f 1582 1024 1023
f 1024 1582 1025
f 1022 1584 1023
f 1582 1023 1584
f 1021 1584 1022
f 1584 1021 1020
f 1020 6 1584
f 1029 1028 1582
f 5 1582 1581
f 36 1581 1584
f 1581 1582 1584
f 71 72 2821
f 36 72 67
f 72 36 1583
f 36 1391 1583
f 1584 1019 1018
f 1584 1018 1017
f 1584 1016 1015
f 1584 1015 1014
f 1016 1584 1017
f 1013 1584 1014
f 1584 1012 1011
f 1584 1010 1009
f 1010 1584 1011
f 1584 1013 1012
f 1019 1584 6
f 1009 1008 1584
f 1008 1007 1585
f 1006 1005 1585
f 1004 1003 1585
f 1585 1005 1004
f 1585 1007 1006
f 1002 1001 1585
f 1001 1000 1585
f 999 998 1585
f 997 996 1585
f 1585 998 997
f 1585 1000 999
f 1585 1003 1002
f 36 54 1391
f 1584 1585 45
f 1585 1584 1008
f 73 54 86
f 54 2826 1391
f 1389 72 1390
f 1390 72 2825
f 2821 72 1387
f 1388 1387 72
f 1389 1388 72
f 2825 72 1583
f 54 1392 2826
f 73 1393 54
f 2827 54 1393
f 54 2827 1392
f 1391 2825 1583
f 1384 71 1385
f 1386 1385 71
f 71 2820 1386
f 71 1383 1382
f 71 1384 1383
f 2820 71 2821
f 73 86 2829
f 73 2829 2828
f 2828 1393 73
f 2829 86 1725
f 2830 1725 86
f 1394 2830 86
f 1395 1394 86
f 108 3939 1109
f 111 108 1109
f 1110 3939 108
f 1110 108 134
f 82 2812 2811
f 2810 2809 82
f 2810 82 2811
f 82 2814 2813
f 82 1381 2812
f 1381 82 2813
f 1586 2807 2806
f 2808 1586 2809
f 1586 82 2809
f 1380 1586 2808
f 1586 1380 2807
f 1586 2806 1379
f 134 160 1111
f 1112 1111 159
f 138 1586 1587
f 1111 160 159
f 3941 1112 159
f 3942 3941 159
f 268 2803 1611
f 1587 2803 268
f 159 1114 1113
f 1379 1587 1586
f 2805 1587 1378
f 1378 1587 1379
f 2805 2804 1587
f 1611 2803 2802
f 2803 1587 2804
f 2814 82 2815
f 124 1317 2850
f 1315 124 2849
f 2850 1316 124
f 1316 2849 124
f 1321 102 1322
f 1320 102 1321
f 102 1323 1322
f 102 1324 1323
f 2856 1324 102
f 1317 102 1318
f 102 1320 1319
f 1317 124 102
f 1318 102 1319
f 1313 1312 124
f 1314 1313 124
f 124 1312 1311
f 1311 1310 124
f 1310 2846 124
f 2846 2845 124
f 2845 2844 124
f 124 1315 1314
f 2843 124 1309
f 124 2844 1309
f 124 2842 1308
f 124 1308 1307
f 2843 2842 124
f 1307 1306 124
f 1305 124 1306
f 2864 1333 174
f 2865 174 1334
f 2864 174 2865
f 1331 1330 177
f 177 1330 1588
f 1332 1331 174
f 174 1333 1332
f 177 174 1331
f 1590 1336 187
f 174 187 1335
f 1335 1334 174
f 2866 187 1589
f 1336 1589 187
f 1335 187 2866
f 1327 1326 143
f 1326 1325 143
f 143 1328 1327
f 2857 2856 143
f 1325 2857 143
f 143 2856 102
f 2860 1328 143
f 2860 177 2861
f 1329 2861 177
f 1588 1329 177
f 143 177 2860
f 1585 995 994
f 1585 994 993
f 1591 992 991
f 1591 991 990
f 992 1591 993
f 1591 989 7
f 1591 7 988
f 1592 8 987
f 1592 986 985
f 986 1592 987
f 8 1592 988
f 989 1591 990
f 1592 984 983
f 1592 983 9
f 46 982 10
f 46 10 981
f 982 1592 9
f 978 46 979
f 46 11 977
f 11 46 978
f 980 46 981
f 984 1592 985
f 1591 31 1585
f 996 995 1585
f 1592 46 1591
f 982 46 1592
f 1591 988 1592
f 1591 46 31
f 977 1593 46
f 976 47 12
f 1593 47 46
f 47 1593 12
f 979 46 980
f 1591 1585 993
f 47 13 14
f 37 14 15
f 37 975 974
f 37 974 973
f 975 37 15
f 971 37 972
f 37 971 16
f 1594 969 968
f 17 37 16
f 972 37 973
f 1594 967 966
f 1594 966 965
f 1595 18 964
f 1595 19 963
f 19 1595 964
f 18 1594 965
f 1595 962 961
f 56 961 960
f 56 959 958
f 56 957 20
f 957 56 958
f 959 56 960
f 962 1595 963
f 967 1594 968
f 14 37 47
f 64 37 970
f 56 64 1594
f 56 1594 18
f 1595 56 18
f 56 1595 961
f 970 1594 64
f 1594 970 969
f 17 970 37
f 47 976 13
f 1304 124 1305
f 1397 1396 86
f 86 2834 1397
f 2834 86 1398
f 1395 86 1396
f 1596 1304 2836
f 103 1398 86
f 1596 2836 2835
f 1596 1303 125
f 1304 1596 124
f 103 1399 1398
f 1399 103 1303
f 1596 2835 1303
f 146 1533 1532
f 1533 112 1597
f 146 112 1533
f 1534 1597 112
f 56 956 955
f 56 955 954
f 48 953 952
f 48 952 951
f 953 48 954
f 48 950 949
f 1598 949 948
f 1598 947 946
f 1598 945 944
f 945 1598 946
f 947 1598 948
f 950 48 951
f 1599 21 943
f 1599 943 942
f 1599 941 940
f 1599 939 22
f 939 1599 940
f 941 1599 942
f 1599 938 23
f 1599 23 937
f 1599 936 935
f 1599 934 933
f 934 1599 935
f 936 1599 937
f 938 1599 22
f 21 1598 944
f 48 39 56
f 48 949 1598
f 1599 932 931
f 1599 1598 21
f 56 954 48
f 933 932 1599
f 56 20 956
f 24 1599 931
f 1599 24 930
f 1599 930 929
f 1600 928 927
f 1600 926 925
f 926 1600 927
f 928 1599 929
f 1600 1601 1599
f 925 924 1600
f 1601 924 923
f 921 1601 922
f 923 922 1601
f 1601 1600 924
f 1599 928 1600
f 1601 921 920
f 1601 920 919
f 917 1602 918
f 1602 917 916
f 918 1602 1601
f 918 1601 919
f 1602 915 914
f 1602 914 1668
f 1603 913 912
f 913 1603 1669
f 1669 1602 1668
f 915 1602 916
f 1603 911 910
f 1603 910 909
f 1603 908 25
f 1604 907 906
f 907 1604 25
f 908 1603 909
f 1604 905 26
f 1604 26 904
f 902 1604 903
f 27 1604 901
f 901 1604 902
f 903 1604 904
f 905 1604 906
f 911 1603 912
f 1603 40 57
f 1604 1603 25
f 1603 57 1669
f 1602 57 1601
f 1604 27 28
f 1605 900 29
f 900 1605 32
f 28 32 1604
f 32 1605 33
f 30 899 1606
f 899 898 1606
f 1606 898 897
f 1606 897 33
f 29 1606 1605
f 1669 57 1602
f 1598 1599 48
f 1603 1604 40
f 1604 32 33
f 1606 33 1605
f 33 895 894
f 33 893 892
f 33 892 40
f 51 887 886
f 61 881 880
f 51 884 883
f 51 883 61
f 40 890 889
f 40 889 51
f 80 66 878
f 80 70 877
f 80 83 875
f 80 92 874
f 80 874 106
f 80 81 876
f 61 62 66
f 61 66 80
f 896 33 34
f 33 896 895
f 38 33 894
f 893 33 38
f 891 40 892
f 41 40 891
f 49 51 888
f 889 888 51
f 41 890 40
f 885 51 886
f 884 51 52
f 882 61 883
f 885 52 51
f 881 61 58
f 62 61 879
f 880 879 61
f 882 58 61
f 49 887 51
f 70 80 878
f 83 80 876
f 877 81 80
f 106 101 871
f 875 92 80
f 127 106 870
f 127 868 122
f 95 106 874
f 873 106 95
f 872 106 99
f 101 106 872
f 873 99 106
f 106 107 870
f 127 870 110
f 127 869 118
f 868 127 118
f 869 127 110
f 107 106 871
f 122 128 127
f 897 34 33
f 1509 1508 151
f 1509 151 1510
f 1519 151 1520
f 1518 151 1519
f 1521 1520 151
f 1522 1521 151
f 1518 1517 151
f 1512 151 1513
f 1511 151 1512
f 1516 151 1517
f 1514 151 1515
f 1516 1515 151
f 1513 151 1514
f 1511 1510 151
f 3064 167 151
f 3063 167 3064
f 1507 1506 1508
f 1506 151 1508
f 151 3066 3065
f 3066 151 1506
f 3065 3064 151
f 1535 112 119
f 1534 112 1535
f 1528 146 1529
f 1527 146 1528
f 1531 1530 146
f 146 1532 1531
f 1529 146 1530
f 1535 119 3711
f 3710 3711 119
f 3710 119 3105
f 1522 151 1523
f 146 1526 1525
f 151 1524 1523
f 151 146 1525
f 1527 1526 146
f 3105 119 1536
f 119 3707 1536
f 1524 151 1525
f 1607 165 179
f 1497 165 1607
f 1607 179 3047
f 1497 181 165
f 1500 179 1501
f 179 3052 1502
f 179 1502 1501
f 3052 179 3054
f 1499 179 1500
f 3050 179 1499
f 179 3050 1498
f 3048 179 1498
f 179 3048 3047
f 181 1497 193
f 193 1497 1496
f 193 1496 3043
f 207 3043 1495
f 207 1495 3041
f 3040 207 3041
f 1608 207 3040
f 207 193 3043
f 3040 1494 1608
f 3055 179 167
f 3056 3055 167
f 1493 1608 1494
f 3054 179 3055
f 3063 3061 167
f 167 3061 1505
f 1503 167 3057
f 167 1505 3059
f 167 3059 1504
f 1504 3057 167
f 1503 3056 167
f 1492 1608 1493
f 1492 207 1608
f 1492 1491 207
f 207 1491 1490
f 139 3707 119
f 3106 3707 139
f 139 1609 1537
f 3106 139 1537
f 3145 1538 1609
f 3145 1609 1539
f 152 1544 1609
f 1555 1554 1609
f 1557 149 3716
f 1609 1556 1555
f 1557 1556 149
f 1556 1609 149
f 1551 152 1552
f 1609 1554 1553
f 1552 1609 1553
f 152 1609 1552
f 1551 1550 152
f 1538 1537 1609
f 1573 1572 147
f 147 1569 1568
f 147 1400 1574
f 1400 147 129
f 147 1571 1570
f 147 1570 1569
f 1573 147 1574
f 147 1572 1571
f 127 128 133
f 127 133 137
f 137 141 127
f 1401 1400 129
f 129 147 135
f 168 1401 129
f 141 148 157
f 141 157 127
f 148 150 157
f 147 1563 1562
f 1561 149 1562
f 147 1564 1563
f 1565 147 1566
f 1564 147 1565
f 147 1567 1566
f 149 1561 1560
f 149 1559 1558
f 1559 149 1560
f 149 1558 3716
f 1567 147 1568
f 150 155 157
f 1401 168 1402
f 155 158 157
f 1402 168 1403
f 147 1562 149
f 1541 1539 1609
f 1540 1539 1541
f 1542 1609 1543
f 1542 1541 1609
f 1546 152 3747
f 1549 152 1550
f 1547 152 1548
f 1549 1548 152
f 3747 152 1547
f 1543 1609 1544
f 1415 182 1416
f 1414 182 1415
f 1544 152 1545
f 1546 1545 152
f 2957 1420 1419
f 214 2957 1419
f 2957 214 1421
f 1422 1421 214
f 214 1424 1423
f 1425 1424 214
f 214 1423 1422
f 1426 1425 214
f 182 1418 1417
f 214 1419 1418
f 214 1429 1428
f 214 1431 1430
f 1430 1429 214
f 1427 214 1428
f 1426 214 1427
f 1417 1416 182
f 214 1432 1431
f 168 1407 1406
f 168 1408 1407
f 1404 168 1405
f 168 1406 1405
f 1409 1408 168
f 1413 1412 182
f 1414 1413 182
f 182 1411 1410
f 1411 182 1412
f 168 1410 1409
f 168 182 1410
f 158 163 157
f 168 1404 1403
f 157 163 166
f 157 166 171
f 171 1798 157
f 1418 182 214
f 176 157 1798
f 176 1798 1801
f 176 1801 186
f 186 192 176
f 192 196 197
f 192 197 176
f 197 196 198
f 197 198 204
f 197 204 210
f 1433 1432 214
f 1114 159 249
f 249 1115 1114
f 1611 2800 268
f 1115 249 253
f 1116 253 307
f 2800 2799 268
f 2800 1611 3570
f 1611 2802 3570
f 322 268 2797
f 2798 268 2799
f 2797 268 2798
f 2796 322 2797
f 322 2796 1377
f 320 372 3945
f 1377 2795 322
f 357 322 2794
f 2794 322 2795
f 357 2794 2793
f 2792 357 2793
f 357 2792 2791
f 367 357 2791
f 2790 367 2791
f 2790 2789 367
f 1376 367 2789
f 187 1337 1590
f 3865 1337 187
f 187 262 1338
f 187 1338 3865
f 262 2869 1338
f 262 1612 2869
f 2869 1612 1339
f 1612 1340 1339
f 262 1613 1340
f 262 308 1613
f 308 2872 3149
f 308 1341 2872
f 308 1342 1341
f 308 3149 1613
f 262 1340 1612
f 308 1343 1342
f 308 2875 1344
f 2876 2875 345
f 2875 308 345
f 345 1345 2876
f 2877 1345 345
f 1343 308 1344
f 345 2879 2878
f 2879 345 1346
f 345 2880 1346
f 2882 2881 345
f 2882 345 1347
f 1348 1347 345
f 1348 345 1349
f 1350 1349 345
f 345 1614 1350
f 2886 1350 1614
f 2881 2880 345
f 2892 1353 1614
f 1614 1353 2891
f 1614 1351 2887
f 1352 1614 2888
f 1614 1352 1351
f 2891 2890 1614
f 2890 2889 1614
f 1614 2889 2888
f 2887 2886 1614
f 345 2878 2877
f 1117 372 1118
f 1121 452 590
f 452 3959 3956
f 1122 590 709
f 709 1124 1123
f 709 1123 1122
f 782 3949 1125
f 1119 1118 372
f 452 3958 420
f 1120 420 3958
f 590 1615 1121
f 734 1124 709
f 734 782 1125
f 1616 3951 3950
f 1127 3951 1616
f 1616 3950 782
f 1616 1129 1128
f 3952 1127 1126
f 1616 1128 1127
f 1616 1130 1129
f 1131 1130 1616
f 1616 811 823
f 811 1132 823
f 1133 1132 811
f 1131 1616 823
f 811 1134 1133
f 811 824 1134
f 811 1135 824
f 1617 1136 1135
f 1617 1135 811
f 1137 1136 1617
f 1138 1137 1617
f 795 1138 1617
f 1139 1138 795
f 795 1142 1141
f 795 1145 1144
f 812 1153 1152
f 812 1152 795
f 813 1162 1161
f 813 1161 812
f 812 1157 1156
f 795 1149 1148
f 1142 795 1143
f 1144 1143 795
f 813 1168 1167
f 795 1146 1145
f 1140 795 1141
f 1140 1139 795
f 795 1147 1146
f 795 1148 1147
f 795 1150 1149
f 795 1151 1150
f 812 1154 1153
f 812 1156 1155
f 812 1158 1157
f 812 1155 1154
f 795 1152 1151
f 812 1160 1159
f 812 1161 1160
f 813 1163 1162
f 813 1165 1164
f 813 1164 1163
f 813 1167 1166
f 813 1170 1169
f 813 1172 1171
f 813 1171 1170
f 813 1169 1168
f 813 1166 1165
f 812 1159 1158
f 1376 1375 367
f 1618 367 1375
f 1374 1618 1375
f 1618 1374 1373
f 1618 1373 2786
f 1372 1618 2786
f 391 1618 1372
f 391 2785 454
f 2784 454 2785
f 2784 2783 454
f 454 2783 1371
f 1370 1369 454
f 454 1371 1370
f 392 2767 2766
f 1362 392 2766
f 392 2769 2768
f 2767 392 2768
f 392 1362 1952
f 373 1952 1361
f 392 1363 2769
f 392 1364 2770
f 392 2770 1363
f 2771 442 2772
f 1369 2780 454
f 814 1176 1175
f 814 1175 813
f 814 1182 1181
f 815 1189 1188
f 815 1186 1185
f 815 1185 814
f 815 1194 1193
f 1368 454 2780
f 442 1368 2779
f 454 1368 442
f 2779 2778 442
f 2777 442 2778
f 801 1198 1197
f 801 1197 815
f 813 1174 1173
f 813 1175 1174
f 814 1178 1177
f 814 1179 1178
f 814 1177 1176
f 814 1181 1180
f 814 1184 1183
f 814 1185 1184
f 814 1183 1182
f 814 1180 1179
f 815 825 1187
f 815 1188 825
f 815 1190 1189
f 815 1192 1191
f 815 1191 1190
f 815 1195 1194
f 815 1197 1196
f 801 826 1198
f 815 1196 1195
f 815 1193 1192
f 815 1187 1186
f 1199 826 801
f 442 2775 1367
f 442 1367 2774
f 442 1366 2773
f 442 2773 1365
f 1366 442 2774
f 2776 442 2777
f 442 2771 1364
f 2776 2775 442
f 827 801 797
f 442 1365 2772
f 1200 801 1201
f 1201 801 1202
f 801 1205 1204
f 1203 1202 801
f 801 1204 1203
f 1206 801 1207
f 1208 801 827
f 1207 801 1208
f 801 1206 1205
f 797 1209 827
f 1209 797 1210
f 1210 797 1211
f 1212 797 1213
f 828 797 1214
f 1213 797 828
f 1211 797 1212
f 1215 797 1216
f 1216 797 1217
f 1218 797 1219
f 1217 797 1218
f 1214 797 1215
f 801 1200 1199
f 1173 1172 813
f 1361 1360 373
f 816 1219 797
f 207 3037 3036
f 1490 3037 207
f 3036 1619 207
f 3035 1619 1489
f 3036 1489 1619
f 222 1619 3654
f 3654 1619 3035
f 3654 3034 222
f 226 222 3034
f 226 3034 3033
f 1487 226 1488
f 226 3033 1488
f 269 258 1479
f 1486 236 226
f 258 236 1485
f 269 1478 285
f 1484 258 1485
f 1485 236 1486
f 1483 1482 258
f 1484 1483 258
f 255 3001 1454
f 1455 3001 255
f 1453 255 2999
f 2999 255 1454
f 258 1480 1479
f 258 1481 1480
f 1477 1476 285
f 285 1478 1477
f 1481 258 1482
f 1620 1458 295
f 1455 271 1456
f 271 295 1458
f 1456 271 1457
f 271 1458 1457
f 285 1476 1475
f 1356 1355 1621
f 1621 1357 1356
f 332 3153 324
f 1621 323 324
f 374 3153 332
f 346 374 332
f 324 1357 1621
f 374 3154 3153
f 1614 1355 2893
f 1354 1614 2893
f 2763 3154 374
f 1358 2763 374
f 1621 1355 1614
f 1471 1470 285
f 1473 1472 285
f 1471 285 1472
f 285 1474 1473
f 318 1463 1462
f 1459 1620 295
f 318 1461 1460
f 1459 295 1460
f 318 1460 295
f 318 1462 1461
f 312 302 1468
f 1470 1469 302
f 1468 302 1469
f 1467 317 312
f 318 317 1467
f 318 1465 3007
f 1463 318 1464
f 3007 1464 318
f 318 3009 1466
f 1466 1465 318
f 318 1467 3009
f 285 1475 1474
f 1610 1433 214
f 1434 1433 1610
f 1434 1610 1435
f 1436 1435 1610
f 1610 3582 1437
f 3582 1610 1438
f 1439 1438 1610
f 1436 1610 1437
f 214 208 1610
f 208 1439 1610
f 208 1440 1439
f 1622 1440 208
f 1452 270 2998
f 1452 1451 270
f 210 212 197
f 197 212 217
f 197 221 225
f 256 197 225
f 256 225 230
f 197 217 221
f 230 234 256
f 256 237 241
f 256 241 244
f 256 234 237
f 244 248 256
f 2978 1622 208
f 208 2979 2978
f 256 248 252
f 256 252 257
f 257 261 256
f 261 1885 256
f 2979 208 2980
f 1453 2998 270
f 1450 271 1451
f 271 1450 1449
f 1448 271 1449
f 1447 271 1448
f 271 1447 1446
f 1446 1445 271
f 1445 1444 271
f 208 2981 2980
f 1444 1443 289
f 289 1443 1442
f 289 1441 2985
f 1441 289 1442
f 289 271 1444
f 2984 289 2985
f 2984 286 289
f 2982 2981 208
f 2983 286 2984
f 1885 278 297
f 1885 297 256
f 278 284 297
f 284 288 297
f 2983 272 286
f 2982 208 272
f 272 2983 2982
f 297 288 293
f 297 293 298
f 297 306 310
f 330 297 310
f 330 310 315
f 330 337 867
f 330 331 337
f 330 315 331
f 297 298 306
f 343 330 867
f 378 866 350
f 343 866 330
f 865 378 350
f 330 866 378
f 271 270 1451
f 1614 1354 2892
f 374 1359 2764
f 374 2764 1358
f 374 2765 1359
f 2765 374 1360
f 1360 374 373
f 1623 1228 829
f 1623 829 798
f 818 817 798
f 818 831 817
f 829 816 798
f 818 832 1234
f 816 1221 1220
f 793 835 834
f 793 834 818
f 1624 835 793
f 819 1624 793
f 839 1625 819
f 1626 1627 840
f 1625 839 1247
f 808 1628 1627
f 1627 1259 1258
f 808 1266 1628
f 1628 1266 1265
f 1628 1263 1262
f 1628 1262 1627
f 1627 1254 1253
f 1273 843 808
f 808 1270 1269
f 1219 816 1220
f 1221 816 1222
f 1222 816 1223
f 1224 816 1225
f 1225 816 1226
f 1227 816 829
f 1228 1623 830
f 1226 816 1227
f 1223 816 1224
f 818 1235 832
f 1229 1623 1230
f 1230 1623 1231
f 819 1240 1239
f 819 1239 1624
f 1623 817 1231
f 830 1623 1229
f 831 818 1232
f 1233 818 1234
f 1232 818 1233
f 818 833 1235
f 818 1237 1236
f 818 834 1237
f 1624 1238 835
f 1624 1239 1238
f 819 836 1240
f 819 837 1241
f 819 1241 836
f 818 1236 833
f 1625 837 819
f 1243 1242 1625
f 837 1625 1242
f 1625 1244 1243
f 1244 1625 1245
f 1245 1625 1246
f 1625 1247 1246
f 1247 839 838
f 838 839 1248
f 839 1626 1249
f 1250 1626 1251
f 1249 1626 1250
f 1626 840 1251
f 840 1627 1252
f 1252 1627 1253
f 1254 1627 1255
f 1256 1627 841
f 1255 1627 1256
f 1257 1627 1258
f 1260 1627 1261
f 1261 1627 1262
f 1259 1627 1260
f 841 1627 1257
f 1628 1264 1263
f 1264 1628 1265
f 1267 808 842
f 1266 808 1267
f 1268 808 1269
f 1271 808 1272
f 1272 808 843
f 1270 808 1271
f 1273 1629 1274
f 1275 1629 844
f 1629 1276 844
f 1274 1629 1275
f 842 808 1268
f 1277 1276 1629
f 378 355 356
f 378 356 365
f 378 365 366
f 378 366 379
f 419 1966 1980
f 436 419 422
f 436 422 425
f 436 425 432
f 419 1980 422
f 436 432 451
f 559 469 477
f 559 436 469
f 436 451 469
f 677 496 527
f 677 589 618
f 677 618 641
f 677 527 589
f 677 657 668
f 677 668 678
f 559 677 685
f 559 685 692
f 737 559 692
f 737 692 713
f 677 678 685
f 677 641 657
f 737 713 717
f 737 722 727
f 737 717 722
f 762 766 774
f 774 761 762
f 761 747 727
f 747 737 727
f 677 559 477
f 677 477 496
f 378 865 355
f 1630 1285 1284
f 1281 1629 1630
f 1630 1286 1285
f 820 847 1630
f 821 1631 1294
f 820 1291 1290
f 820 1293 1292
f 1631 1296 1295
f 1631 1295 1294
f 1289 820 1290
f 820 1288 1287
f 1279 1629 1280
f 1280 1629 1281
f 1282 1630 1283
f 1283 1630 845
f 1281 1630 1282
f 846 1630 1284
f 1286 1630 847
f 845 1630 846
f 848 820 1287
f 1289 1288 820
f 820 1292 1291
f 848 847 820
f 1293 820 1294
f 1631 1297 1296
f 1632 1631 821
f 1278 1629 1279
f 1278 1277 1629
f 1297 1631 849
f 774 766 775
f 774 775 781
f 774 781 864
f 774 864 785
f 774 862 794
f 774 794 809
f 809 860 806
f 809 861 800
f 774 863 789
f 809 859 810
f 809 810 1632
f 774 785 863
f 861 809 794
f 862 774 789
f 809 806 859
f 1632 810 858
f 1632 857 856
f 857 1632 858
f 860 809 800
f 1632 1298 849
f 1298 1632 1299
f 1632 1300 1299
f 1300 1632 850
f 1632 822 855
f 854 853 1632
f 855 854 1632
f 856 822 1632
f 1632 851 850
f 1632 1301 851
f 1632 1302 1301
f 1632 852 1302
f 853 852 1632
f 1632 849 1631
f 1687 9 1719
f 1702 1687 1719
f 1702 1696 1687
f 1692 3134 1705
f 1689 1682 3138
f 1690 1682 1689
f 1686 1708 1701
f 1705 1688 1703
f 1762 1692 1705
f 1698 1684 1721
f 1720 1705 1703
f 1706 1692 1726
f 1737 1698 1746
f 1737 1689 3137
f 1714 1708 3115
f 1714 3115 1739
f 1712 1701 1708
f 1709 1697 1696
f 1709 1696 1702
f 1720 1703 1697
f 1750 1692 1762
f 1746 1698 1722
f 3137 1698 1737
f 1707 1689 1710
f 1739 3115 1711
f 1694 3120 1701
f 1719 1695 1728
f 1720 1697 1709
f 1722 1698 1721
f 3127 1694 1701
f 1726 1692 1750
f 1721 1706 1726
f 1730 1710 1689
f 1716 1695 3127
f 1728 1695 1725
f 1758 1720 1709
f 1730 1689 1737
f 1733 1739 1711
f 1715 3127 1701
f 1717 1695 1716
f 1725 1695 1717
f 1729 1726 1750
f 1755 1721 1726
f 1730 1737 1751
f 1708 1714 1740
f 1735 1719 1728
f 1770 1705 1720
f 1762 1705 1770
f 1807 1751 1737
f 1712 1708 1740
f 1724 1701 1712
f 1745 1719 1735
f 1736 1709 1702
f 1749 1779 1720
f 1742 1720 1779
f 1770 1720 1742
f 1722 1721 1755
f 1733 1711 1754
f 1749 1720 1758
f 1743 1730 1751
f 1740 1714 1739
f 1745 1702 1719
f 1736 1758 1709
f 1755 1726 1771
f 1737 1746 1766
f 1736 1702 1745
f 1771 1726 1729
f 1771 1729 1750
f 1755 1746 1722
f 1799 1733 1754
f 1770 1742 1779
f 1765 1762 1770
f 1808 1755 1771
f 1799 1739 1733
f 1745 1735 1778
f 1736 1745 1748
f 1761 1779 1749
f 1780 1750 1762
f 1780 1771 1750
f 1766 1746 1755
f 1807 1737 1766
f 1740 1739 1816
f 1777 1314 1741
f 1761 1749 1758
f 1785 1755 1808
f 1766 1755 1775
f 1751 1807 1805
f 3140 1736 1757
f 3142 1736 3140
f 1758 1736 3142
f 1761 1758 1774
f 1775 1755 1785
f 1805 1743 1751
f 1767 1752 1743
f 1824 1799 1754
f 1778 1764 1769
f 1850 1743 1805
f 1850 1767 1743
f 1824 1754 1791
f 1777 1734 1314
f 1797 1764 1734
f 3139 1760 1745
f 1803 1770 1779
f 1780 1762 1765
f 1797 1734 1777
f 1797 1769 1764
f 3139 1745 1778
f 1807 1766 1775
f 1816 1739 1799
f 3144 1774 1758
f 1787 1770 1803
f 1787 1765 1770
f 1780 1765 1793
f 1804 1771 1780
f 1830 1773 1795
f 1792 1778 1769
f 3145 1782 3142
f 3144 1758 3142
f 1837 1767 1850
f 3139 1778 1792
f 1783 3142 1782
f 3144 3142 1783
f 1809 1779 1761
f 1803 1779 1809
f 1804 1780 1793
f 1808 1771 1804
f 1813 1775 1785
f 1777 1741 1773
f 1777 1773 1796
f 1809 1761 1831
f 1835 1787 1803
f 1856 1808 1804
f 1813 1785 1812
f 1822 1850 1805
f 1796 1773 1830
f 1802 1797 3046
f 1800 1769 1797
f 1800 1797 1802
f 1810 1787 1835
f 1765 1787 1810
f 1807 1775 1813
f 1859 1791 1848
f 1834 1824 1791
f 1839 1795 1827
f 1860 1830 1795
f 1792 1769 1800
f 1842 1793 1765
f 1842 1765 1810
f 1804 1793 1819
f 1856 1804 1843
f 1863 1793 1842
f 1849 1805 1807
f 1860 1795 1817
f 1797 1777 1880
f 1819 1793 1863
f 1812 1785 1808
f 1897 1791 1859
f 3046 1797 1845
f 1828 1803 1809
f 1825 1804 1819
f 1832 1808 1856
f 1859 1848 1925
f 1834 1791 1897
f 1817 1795 1839
f 1843 1804 1825
f 1878 1812 1808
f 1816 1799 1824
f 3129 1789 1816
f 1841 1831 1806
f 1835 1803 1828
f 1878 1808 1832
f 1883 1807 1813
f 1871 1824 1834
f 1861 1777 1796
f 1845 1797 1880
f 1841 1806 1818
f 1892 1863 1842
f 1813 1812 1878
f 1822 1805 1849
f 1869 1810 1835
f 1842 1810 1869
f 1855 1819 1863
f 3129 1816 1867
f 1902 1830 1860
f 1841 1818 2969
f 1868 1828 1809
f 1843 1825 1819
f 1843 1819 1855
f 1816 1824 1871
f 1853 1835 1828
f 1892 1842 1873
f 1865 1813 1836
f 1883 1813 1865
f 1883 1849 1807
f 1853 1828 1868
f 1836 1813 1878
f 1848 1821 1847
f 1876 1830 1902
f 1796 1830 1876
f 1909 1777 1861
f 1880 1777 1909
f 1809 1831 1872
f 1877 1856 1843
f 1878 1832 1864
f 1854 1835 1853
f 1869 1835 1854
f 1814 1837 1850
f 1888 1817 1839
f 1860 1817 1888
f 1861 1796 1876
f 1864 1832 1882
f 1902 1860 1894
f 1852 1845 1880
f 1872 1831 1841
f 1891 1842 1869
f 1873 1842 1891
f 1884 1849 1883
f 1881 1809 1872
f 1868 1809 1881
f 1877 1843 1855
f 1865 1836 1878
f 3909 1848 1847
f 1925 1848 3909
f 1899 1853 1868
f 1882 1832 1856
f 1822 1849 1884
f 1871 1834 1908
f 1914 1852 1880
f 1869 1854 1853
f 1882 1856 1877
f 1883 1865 1878
f 1886 1814 1850
f 1908 1816 1871
f 1889 3141 1852
f 1889 1852 1914
f 1862 1869 1853
f 1862 1853 1899
f 1926 1855 1863
f 1897 1859 1925
f 1894 1860 1888
f 1909 1861 1876
f 1926 1863 1892
f 1878 1864 1882
f 1867 1816 1908
f 1899 1868 1881
f 1891 1869 1862
f 1850 1822 1884
f 1901 1897 1925
f 1913 1876 1902
f 1892 1873 1891
f 1903 1877 1855
f 1906 1878 1882
f 1906 1883 1878
f 1886 1874 1814
f 1909 1876 1913
f 1882 1877 1903
f 1905 1862 1899
f 1891 1862 1905
f 1924 1886 1850
f 1911 1839 1887
f 1888 1839 1911
f 1895 1889 1914
f 1922 1898 1890
f 1910 1881 1872
f 1903 1855 1926
f 1934 1897 1901
f 1908 1834 1897
f 1923 1882 1903
f 1912 1906 1882
f 1912 1882 1917
f 1924 1850 1884
f 3146 1867 1908
f 1902 1894 1888
f 1914 1880 1909
f 1915 1891 1905
f 1915 1892 1891
f 1917 1882 1923
f 1924 1883 1906
f 1924 1884 1883
f 1908 1897 1934
f 1938 1913 1902
f 3155 1898 1922
f 1957 1881 1910
f 1945 1899 1881
f 1915 1905 1899
f 1937 1888 1911
f 1918 1914 1909
f 1945 1915 1899
f 1916 1926 1892
f 1924 1906 1948
f 1925 3909 1929
f 1938 1902 1888
f 1935 1909 1913
f 1922 1890 1920
f 1916 1892 1931
f 1941 1938 1888
f 1941 1888 1937
f 1922 1920 1921
f 1945 1881 1957
f 1931 1892 1915
f 1926 1923 1903
f 1930 1909 1935
f 1955 1912 1917
f 1929 1901 1925
f 3147 3146 1908
f 3153 1918 1909
f 1919 1895 1914
f 1943 1922 1921
f 1944 1910 1922
f 1947 1955 1917
f 1955 1906 1912
f 1932 1924 1949
f 1946 3147 1908
f 1935 1913 1938
f 1939 1914 1918
f 1942 1914 1939
f 1919 1914 1942
f 1943 1944 1922
f 1959 1915 1945
f 1954 1931 1915
f 1926 1916 1931
f 1947 1917 1923
f 1948 1906 1955
f 1921 1920 1919
f 1944 1957 1910
f 1959 1945 1958
f 1959 1954 1915
f 1954 1926 1931
f 1949 1924 1948
f 1932 331 1924
f 1934 1901 1929
f 2888 1938 1941
f 1943 1921 1962
f 1947 1923 1926
f 1951 1921 1919
f 1947 1926 1954
f 1946 1908 1934
f 1961 1919 1942
f 1951 1919 1961
f 1990 1929 1928
f 1934 1929 1990
f 1967 1942 1939
f 1962 1921 1951
f 1970 1940 1946
f 1961 1942 1967
f 1957 1944 1943
f 1958 1945 1956
f 1983 1947 1954
f 1949 1948 1969
f 1973 1939 1953
f 1968 1957 1943
f 1983 1954 1971
f 1969 1948 2000
f 1963 379 1949
f 1990 1928 1950
f 1976 1946 1934
f 1956 1945 1957
f 1955 1947 1983
f 2000 1948 1955
f 1980 1963 1949
f 1988 1959 1958
f 1973 1953 1977
f 1978 1939 1973
f 1971 1954 1959
f 2000 1955 1983
f 1960 1934 1990
f 1976 1934 1960
f 1964 2786 1970
f 1962 1951 1987
f 1968 1943 1992
f 1988 1958 1965
f 1976 1960 1990
f 1978 1967 1939
f 1961 1987 1951
f 1987 1943 1962
f 1968 1956 1957
f 2003 1958 1956
f 1971 1959 1988
f 2013 1990 1950
f 2024 1943 1987
f 1992 1943 2024
f 1965 1958 2003
f 1989 1983 1971
f 2013 1950 2040
f 1972 1976 1990
f 1998 1973 1977
f 1974 1961 1967
f 1974 1987 1961
f 1975 1969 2000
f 2138 1949 1969
f 1980 1949 2138
f 1991 1978 1973
f 1991 1973 1986
f 1974 1967 1978
f 2061 1979 1988
f 2061 1988 2011
f 1981 1973 1998
f 1981 1986 1973
f 1994 1956 1968
f 1979 1971 1988
f 1989 1971 2004
f 1970 1946 2014
f 1987 1974 2010
f 1994 1968 1982
f 1988 1965 2003
f 2012 2000 1983
f 2014 1946 1976
f 2010 1974 1978
f 2016 1968 1992
f 1995 1971 1979
f 2005 1976 1972
f 2005 2014 1976
f 2010 1978 1991
f 1982 1968 2016
f 1994 2003 1956
f 2004 1971 1995
f 2184 1975 2000
f 2184 1969 1975
f 2138 1969 2184
f 2018 1980 2138
f 2027 1990 2013
f 1997 1985 1996
f 2008 1986 1981
f 2183 1987 2010
f 1983 1989 2004
f 2001 1980 2018
f 1972 1990 2027
f 1993 2022 1964
f 1997 1996 2106
f 1998 1977 2007
f 2084 1986 2008
f 2024 1987 2183
f 2017 2012 1983
f 2005 1972 2019
f 2020 1970 2014
f 2006 1970 2020
f 1964 1970 2006
f 2034 1996 2022
f 2106 1996 2053
f 2007 1997 2023
f 2010 1991 1999
f 2002 1982 2016
f 1994 1982 2002
f 2063 1979 2061
f 2184 2000 2012
f 2027 2019 1972
f 2053 1996 2034
f 2110 1991 1986
f 2110 1986 2135
f 2216 2157 1994
f 1995 1979 2063
f 2017 1983 2004
f 2008 1981 1998
f 2008 1998 2109
f 2209 1991 2110
f 2009 2010 2085
f 2174 2004 1995
f 2174 1995 2063
f 2015 1997 2106
f 2135 1986 2084
f 2057 1999 1991
f 2057 1991 2209
f 2085 2010 1999
f 2111 2010 2009
f 2060 1994 2002
f 2216 1994 2060
f 2003 1994 2157
f 2158 2004 2174
f 2175 2001 2018
f 2021 2006 2020
f 2086 2183 2010
f 2016 1992 2024
f 1988 2003 2198
f 2172 2011 1988
f 2017 2004 2158
f 1964 2006 2021
f 2023 1997 2015
f 1998 2007 2023
f 2086 2010 2111
f 2112 2016 2024
f 2025 2002 2016
f 2060 2002 2025
f 2198 2003 2157
f 2172 1988 2198
f 2184 2012 2017
f 2041 2027 2013
f 1993 1964 2021
f 2225 2106 2053
f 2154 2135 2084
f 2062 2063 2061
f 2192 2041 2013
f 2029 2005 2019
f 2029 2019 2028
f 2030 2005 2029
f 2031 2014 2005
f 2031 2005 2030
f 2020 2014 2031
f 2033 2022 1993
f 2033 1993 2032
f 2033 2034 2022
f 2036 1998 2023
f 2036 2023 2035
f 2055 1998 2036
f 2109 1998 2055
f 2024 2183 2087
f 2038 2060 2025
f 2038 2025 2037
f 2175 2018 2138
f 2177 2040 2091
f 2027 2041 2042
f 2160 2028 2019
f 2043 2029 2028
f 2043 2028 2160
f 2044 2030 2029
f 2044 2029 2043
f 2045 2031 2030
f 2045 2030 2044
f 2046 2031 2045
f 2047 2020 2031
f 2047 2031 2046
f 2048 2021 2020
f 2048 2020 2047
f 1993 2021 2048
f 2049 2032 1993
f 2050 2033 2032
f 2050 2032 2049
f 2051 2033 2050
f 2052 2034 2033
f 2052 2033 2051
f 2053 2034 2052
f 2054 2035 2023
f 2054 2036 2035
f 2055 2036 2054
f 2056 2109 2055
f 2112 2024 2155
f 2058 2037 2025
f 2059 2038 2037
f 2059 2037 2058
f 2060 2038 2059
f 2221 2061 2011
f 2221 2011 2203
f 2177 2013 2040
f 2212 2041 2192
f 2065 2042 2041
f 2065 2041 2212
f 2066 2027 2042
f 2066 2042 2065
f 2067 2019 2027
f 2067 2027 2066
f 2160 2019 2067
f 2068 2043 2160
f 2069 2044 2043
f 2069 2043 2068
f 2070 2045 2044
f 2070 2044 2069
f 2071 2046 2045
f 2071 2045 2070
f 2072 2047 2046
f 2072 2046 2071
f 2073 2048 2047
f 2073 2047 2072
f 2074 2048 2073
f 2075 1993 2048
f 2075 2048 2074
f 2076 2049 1993
f 2076 1993 2075
f 2077 2050 2049
f 2077 2049 2076
f 2078 2051 2050
f 2078 2050 2077
f 2079 2052 2051
f 2079 2051 2078
f 2080 2053 2052
f 2080 2052 2079
f 2182 2053 2080
f 2225 2053 2182
f 2023 2015 2081
f 2153 2054 2023
f 2208 2054 2153
f 2082 2055 2054
f 2082 2054 2208
f 2083 2056 2055
f 2083 2055 2082
f 2109 2056 2083
f 1999 2057 2209
f 2088 2058 2025
f 2089 2059 2058
f 2089 2058 2088
f 2156 2060 2059
f 2156 2059 2089
f 2216 2060 2156
f 2115 2061 2221
f 2062 2061 2115
f 2211 2063 2062
f 2174 2063 2211
f 2192 2013 2177
f 2118 2065 2212
f 2092 2066 2065
f 2092 2065 2118
f 2093 2067 2066
f 2093 2066 2092
f 2160 2067 2093
f 2094 2069 2068
f 2095 2070 2069
f 2095 2069 2094
f 2096 2071 2070
f 2096 2070 2095
f 2097 2072 2071
f 2097 2071 2096
f 2098 2073 2072
f 2098 2072 2097
f 2099 2074 2073
f 2099 2073 2098
f 2100 2075 2074
f 2100 2074 2099
f 2101 2076 2075
f 2101 2075 2100
f 2102 2077 2076
f 2102 2076 2101
f 2103 2078 2077
f 2103 2077 2102
f 2104 2079 2078
f 2104 2078 2103
f 2105 2080 2079
f 2105 2079 2104
f 2182 2080 2105
f 2107 2081 2015
f 2108 2023 2081
f 2108 2081 2107
f 2153 2023 2108
f 2237 2109 2083
f 2215 2085 1999
f 2215 1999 2209
f 2155 2024 2087
f 2025 2016 2112
f 2113 2088 2025
f 2114 2089 2088
f 2114 2088 2113
f 2156 2089 2114
f 2203 2011 2172
f 2116 2062 2115
f 2173 2062 2116
f 2173 2211 2062
f 2119 2092 2118
f 2120 2093 2092
f 2120 2092 2119
f 2160 2093 2120
f 2121 2094 2068
f 2122 2095 2094
f 2122 2094 2121
f 2123 2096 2095
f 2123 2095 2122
f 2124 2097 2096
f 2124 2096 2123
f 2125 2098 2097
f 2125 2097 2124
f 2126 2099 2098
f 2126 2098 2125
f 2127 2100 2099
f 2127 2099 2126
f 2128 2101 2100
f 2128 2100 2127
f 2129 2102 2101
f 2129 2101 2128
f 2130 2103 2102
f 2130 2102 2129
f 2131 2104 2103
f 2131 2103 2130
f 2132 2105 2104
f 2132 2104 2131
f 2182 2105 2132
f 2133 2015 2106
f 2133 2107 2015
f 2134 2108 2107
f 2134 2107 2133
f 2153 2108 2134
f 2008 2109 2237
f 2214 2008 2219
f 2202 2084 2008
f 2202 2008 2214
f 2222 2009 2085
f 2222 2085 2215
f 2196 2183 2086
f 2136 2113 2025
f 2136 2025 2112
f 2137 2114 2113
f 2137 2113 2136
f 2156 2114 2137
f 2116 2115 2221
f 2190 2017 2158
f 2190 2184 2017
f 2140 2120 2119
f 2140 2119 2118
f 2160 2120 2140
f 2141 2121 2068
f 2142 2122 2121
f 2142 2121 2141
f 2143 2123 2122
f 2143 2122 2142
f 2144 2124 2123
f 2144 2123 2143
f 2145 2125 2124
f 2145 2124 2144
f 2146 2126 2125
f 2146 2125 2145
f 2147 2127 2126
f 2147 2126 2146
f 2148 2128 2127
f 2148 2127 2147
f 2149 2129 2128
f 2149 2128 2148
f 2150 2130 2129
f 2150 2129 2149
f 2151 2131 2130
f 2151 2130 2150
f 2152 2132 2131
f 2152 2131 2151
f 2182 2132 2152
f 2153 2134 2133
f 2240 2154 2084
f 2240 2084 2202
f 2227 2111 2009
f 2227 2009 2222
f 2196 2086 2111
f 2197 2136 2112
f 2156 2137 2136
f 2156 2136 2197
f 2206 2184 2190
f 2249 2118 2212
f 2160 2140 2118
f 2160 2118 2249
f 2161 2142 2141
f 2161 2141 2068
f 2162 2143 2142
f 2162 2142 2161
f 2163 2144 2143
f 2163 2143 2162
f 2164 2145 2144
f 2164 2144 2163
f 2165 2146 2145
f 2165 2145 2164
f 2166 2147 2146
f 2166 2146 2165
f 2167 2148 2147
f 2167 2147 2166
f 2168 2149 2148
f 2168 2148 2167
f 2169 2150 2149
f 2169 2149 2168
f 2170 2151 2150
f 2170 2150 2169
f 2171 2152 2151
f 2171 2151 2170
f 2182 2152 2171
f 2208 2153 2133
f 2205 2154 2240
f 2135 2154 2205
f 2209 2110 2135
f 2196 2111 2227
f 2253 2183 2196
f 2220 2112 2155
f 2217 2158 2174
f 2175 2138 2233
f 2244 2160 2249
f 2178 2161 2068
f 2179 2162 2161
f 2179 2161 2178
f 2213 2163 2162
f 2213 2162 2179
f 2180 2164 2163
f 2180 2163 2213
f 2181 2165 2164
f 2181 2164 2180
f 2195 2166 2165
f 2195 2165 2181
f 2236 2167 2166
f 2236 2166 2195
f 2236 2168 2167
f 2245 2169 2168
f 2245 2168 2236
f 2245 2170 2169
f 2182 2171 2170
f 2182 2170 2245
f 2133 2106 2225
f 2226 2008 2237
f 2205 2209 2135
f 2197 2112 2220
f 2198 2157 2216
f 2172 2198 2203
f 2217 2174 2211
f 2233 2138 2184
f 2229 2068 2160
f 2229 2160 2244
f 2186 2178 2068
f 2187 2179 2178
f 2187 2178 2186
f 2213 2179 2187
f 2188 2180 2213
f 2189 2181 2180
f 2189 2180 2188
f 2195 2181 2189
f 2237 2083 2082
f 2219 2008 2226
f 2087 2183 2253
f 2220 2155 2087
f 2216 2156 2197
f 2243 2116 2221
f 2173 2116 2243
f 2231 2190 2158
f 2233 2184 2206
f 2212 2192 2177
f 2193 2186 2068
f 2194 2187 2186
f 2194 2186 2193
f 2213 2187 2194
f 2195 2189 2188
f 2195 2188 2213
f 2246 2198 2216
f 2210 2203 2198
f 2231 2158 2217
f 2207 2175 2233
f 2229 2193 2068
f 2200 2194 2193
f 2200 2193 2229
f 2213 2194 2200
f 2201 2195 2213
f 2082 2208 2133
f 2278 2237 2082
f 2223 2197 2220
f 2246 2210 2198
f 2243 2211 2173
f 2242 2200 2229
f 2213 2200 2242
f 2225 2182 2245
f 2240 2202 2214
f 2259 2227 2222
f 2220 2087 2253
f 2254 2246 2216
f 2253 2196 2260
f 2210 2221 2203
f 2257 2226 2237
f 2230 2215 2209
f 2233 2206 2232
f 2082 2133 2225
f 2230 2209 2205
f 2216 2197 2223
f 2221 2210 2228
f 2217 2211 2243
f 2238 2177 2091
f 2242 2229 2277
f 2201 2213 2242
f 2236 2195 2201
f 2260 2196 2227
f 2223 2254 2216
f 2228 2210 2246
f 2247 2231 2217
f 2206 2190 2274
f 2261 2207 2233
f 2261 2218 2207
f 2238 2091 2248
f 2212 2177 2238
f 2278 2082 2267
f 2214 2219 2226
f 2230 2205 2240
f 2235 2222 2215
f 2235 2215 2230
f 2243 2221 2265
f 2274 2190 2231
f 2258 2240 2214
f 2235 2259 2222
f 2241 2220 2253
f 2247 2217 2243
f 2257 2214 2226
f 2221 2228 2265
f 2301 2249 2212
f 2277 2229 2244
f 2239 2082 2225
f 2250 2260 2227
f 2250 2227 2259
f 2254 2223 2269
f 2274 2231 2247
f 2283 2267 2082
f 2258 2214 2257
f 2264 2220 2241
f 2232 2206 2274
f 2275 2233 2232
f 2288 2225 2245
f 2263 2239 2225
f 2278 2257 2237
f 2259 2235 2230
f 2251 2261 2233
f 2251 2233 2275
f 2272 2248 2234
f 2238 2301 2212
f 2304 2245 2236
f 2288 2263 2225
f 2264 2241 2253
f 2269 2223 2220
f 2255 2243 2265
f 2273 2238 2248
f 2236 2242 2277
f 2201 2242 2236
f 2082 2239 2263
f 2269 2220 2264
f 2265 2228 2246
f 2288 2245 2304
f 2230 2240 2258
f 2230 2252 2268
f 2268 2259 2230
f 2265 2246 2254
f 2294 2274 2247
f 2301 2238 2296
f 2301 2244 2249
f 2277 2244 2301
f 3156 2082 2263
f 2283 2082 3156
f 2252 2230 2258
f 2247 2243 2255
f 2273 2248 2272
f 2282 2238 2273
f 2287 2236 2277
f 2291 2250 2259
f 2260 2250 2291
f 2279 2269 2264
f 2280 2254 2269
f 2261 2251 2275
f 2282 2296 2238
f 2307 2258 2257
f 2268 2252 2258
f 2291 2259 2309
f 2279 2310 2269
f 2247 2255 3160
f 3156 2263 2288
f 2307 2257 2284
f 2268 2258 2290
f 2309 2264 2253
f 2280 2265 2254
f 3160 2255 2265
f 2247 3160 2293
f 2313 2232 2274
f 2270 2256 2261
f 2270 2261 2275
f 2305 2288 2304
f 2284 2257 2278
f 2290 2258 2307
f 3157 2259 2268
f 2309 2259 3157
f 2253 2260 2291
f 3158 2279 2264
f 3158 2264 2309
f 2311 2280 2269
f 3160 2265 2292
f 2312 2247 2293
f 2298 2275 2232
f 2298 2232 2313
f 2300 2272 2564
f 2278 2267 2283
f 2311 2269 2310
f 2294 2247 2312
f 2300 2273 2272
f 2307 2278 2289
f 2308 2268 2290
f 3157 2268 2308
f 2309 2253 2291
f 2292 2265 2280
f 2312 2313 2274
f 2312 2274 2294
f 2298 2270 2275
f 2296 2282 2273
f 2303 2304 2236
f 2289 2278 2283
f 2307 2284 2278
f 2285 2311 2310
f 2312 2293 3160
f 2297 2277 2301
f 2302 2236 2287
f 2303 2236 2302
f 2287 2277 2297
f 2306 3156 2288
f 2306 2288 2305
f 3156 2289 2283
f 2285 2310 2279
f 2555 2554 3922
f 2555 2553 2554
f 3114 2551 2552
f 3114 2550 2551
f 2552 2553 3114
f 3115 2548 2549
f 3115 2547 2548
f 3115 2545 2546
f 3115 2543 2544
f 2544 2545 3115
f 2546 2547 3115
f 2549 2550 3114
f 3115 2541 2542
f 3115 2540 2541
f 3116 2538 2539
f 3116 2537 2538
f 2539 2540 3115
f 3116 2535 2536
f 3116 2534 2535
f 3116 2532 2533
f 3116 2530 2531
f 2531 2532 3116
f 2533 2534 3116
f 2536 2537 3116
f 2542 2543 3115
f 2555 3115 3114
f 3114 3115 2549
f 2529 3116 2528
f 3116 2527 2528
f 2539 3115 3116
f 2530 3116 2529
f 3116 1708 1683
f 3116 3115 1708
f 3114 2553 2555
f 3116 2525 2526
f 1683 2524 2525
f 1683 2522 2523
f 1683 2521 2522
f 2523 2524 1683
f 1683 2519 2520
f 1683 2518 2519
f 3117 2516 2517
f 3117 2514 2515
f 2515 2516 3117
f 2517 2518 3117
f 2520 2521 1683
f 3117 2512 2513
f 3117 2511 2512
f 3117 2509 2510
f 3118 2507 2508
f 2508 2509 3117
f 2510 2511 3117
f 3118 2505 2506
f 3118 2504 2505
f 3118 2502 2503
f 3118 2500 2501
f 2501 2502 3118
f 2503 2504 3118
f 2506 2507 3118
f 2513 2514 3117
f 3118 2498 2499
f 3116 1683 2525
f 3119 2497 2498
f 2497 3119 2496
f 2518 1683 3117
f 3117 1683 1708
f 3117 3118 2508
f 3118 3117 1708
f 3118 3119 2498
f 3119 3118 1708
f 3119 1708 1686
f 3118 2499 2500
f 2495 2496 3119
f 2494 2495 3119
f 2493 2494 3119
f 1686 2492 2493
f 1047 2492 1686
f 1686 2489 2490
f 1686 2488 2489
f 1686 2486 2487
f 1686 2485 2486
f 1686 2487 2488
f 1686 2490 2491
f 2491 1047 1686
f 1686 2493 3119
f 3116 2526 2527
f 3897 1700 1711
f 3896 3900 1754
f 1711 3115 2555
f 1711 1700 3896
f 1754 1711 3896
f 1754 3900 1791
f 1701 1724 2816
f 1724 2814 2815
f 2814 1724 1712
f 2483 1686 2482
f 2482 1686 2481
f 2480 1686 1633
f 1633 3120 2479
f 1686 2480 2481
f 2478 3120 2477
f 2477 3120 2476
f 2475 3120 2474
f 2473 3120 2472
f 3120 2473 2474
f 3120 2475 2476
f 3120 2478 2479
f 2471 3120 2470
f 3120 2468 2469
f 3120 2467 2468
f 2469 2470 3120
f 2466 2467 3121
f 3120 3121 2467
f 2465 2466 3121
f 3121 2464 2465
f 2463 2464 3121
f 3127 3121 3120
f 3127 3120 1694
f 2472 3120 2471
f 1686 2483 2484
f 3120 1686 1701
f 2485 1686 2484
f 1633 1686 3120
f 3127 3122 2826
f 3122 3127 1715
f 1391 2826 3122
f 2821 1715 1701
f 3124 2459 2460
f 3124 2458 2459
f 2460 2461 3124
f 3123 3124 2461
f 3123 3121 3127
f 3124 3123 3127
f 3124 3127 1695
f 3124 3125 2458
f 3125 2456 2457
f 3125 2454 2455
f 2456 3125 2455
f 2457 2458 3125
f 3125 3124 1695
f 3121 3123 2462
f 3121 2462 2463
f 3125 2453 2454
f 3125 2452 2453
f 2451 3125 2450
f 2449 3125 2448
f 3125 2449 2450
f 3125 2451 2452
f 3126 2446 2447
f 2447 2448 3126
f 3126 2445 2446
f 2445 3126 2444
f 2443 3126 2442
f 3126 2443 2444
f 1695 3126 3125
f 2448 3125 3126
f 2829 1717 1716
f 2441 2442 3126
f 1387 2822 1715
f 2823 2824 1715
f 2822 2823 1715
f 1387 1715 2821
f 2825 3122 1715
f 3127 2826 1392
f 3122 2825 1391
f 3127 1392 2827
f 2824 2825 1715
f 2816 2817 1701
f 1701 2817 2818
f 2815 1382 1724
f 1382 2816 1724
f 1701 2818 2819
f 1701 2819 2820
f 2821 1701 2820
f 1716 3127 1393
f 2827 1393 3127
f 1393 2828 1716
f 2828 2829 1716
f 2829 1725 1717
f 2830 1728 1725
f 1791 2556 1848
f 2557 1848 2556
f 3903 1848 2557
f 2556 1791 3900
f 1740 1816 1379
f 1379 2806 1740
f 1712 2810 2811
f 2811 2812 1712
f 2809 2810 1712
f 1712 2813 2814
f 1712 2812 1381
f 1381 2813 1712
f 1740 2806 2807
f 2808 2809 1712
f 1380 2808 1740
f 1740 2808 1712
f 1740 2807 1380
f 1848 3904 3905
f 3905 1821 1848
f 1816 3128 1379
f 1789 3128 1816
f 1789 1378 3128
f 1789 3129 2805
f 1789 2805 1378
f 1378 1379 3128
f 2805 3129 2804
f 2802 2803 3129
f 3129 2803 2804
f 1848 3903 3904
f 2850 1317 1741
f 1741 2849 1316
f 2850 1741 1316
f 2853 2854 1773
f 2852 2853 1773
f 2854 2855 1773
f 1773 2855 2856
f 2851 2852 1773
f 1319 2851 1741
f 1318 1319 1741
f 1773 1741 2851
f 1317 1318 1741
f 1734 2848 1313
f 2848 1734 2847
f 1734 2846 2847
f 2846 1734 2845
f 1741 1314 1315
f 1734 1309 2844
f 1313 1314 1734
f 2844 2845 1734
f 2843 1309 1734
f 1741 1315 2849
f 1734 2842 2843
f 2841 2842 1734
f 2840 2841 1734
f 1734 2839 2840
f 1827 1334 1335
f 2865 1334 1827
f 2864 2865 1827
f 1795 3130 2862
f 1795 2862 2863
f 1333 1795 2863
f 1827 1795 2864
f 1795 1333 2864
f 1827 1335 2866
f 2867 1827 2866
f 1827 2867 2868
f 1328 1773 2859
f 2859 1773 2858
f 2860 1795 1328
f 1773 1328 1795
f 1773 1325 2858
f 1773 2857 1325
f 2857 1773 2856
f 1329 1795 2861
f 1795 1588 3130
f 1795 1329 1588
f 1795 2860 2861
f 2440 2441 3126
f 2439 2440 3126
f 3131 2438 1634
f 3131 1635 2438
f 2439 3126 1634
f 3131 2437 1635
f 3131 1634 3126
f 3131 2435 2436
f 2437 3131 2436
f 3131 1695 1719
f 3126 1695 3131
f 3131 2433 2434
f 3132 2432 2433
f 3132 1636 2431
f 3132 2430 1636
f 2431 2432 3132
f 3132 3131 1719
f 2435 3131 2434
f 3132 9 1637
f 2430 3132 1637
f 2429 1638 1696
f 1687 1638 9
f 3131 3132 2433
f 2831 2832 1728
f 1397 1728 2833
f 2833 1728 2832
f 3132 1719 9
f 1728 2834 1735
f 1728 1397 2834
f 2830 2831 1728
f 1687 1696 1638
f 1696 2428 1639
f 1696 2427 2428
f 2425 2426 1696
f 2424 2425 1696
f 2426 2427 1696
f 1696 1640 2423
f 1696 1641 1640
f 1643 1642 1697
f 1645 1644 1697
f 1644 1643 1697
f 1642 1641 1697
f 2423 2424 1696
f 3133 2422 1646
f 3133 2421 2422
f 2419 2420 3133
f 3133 1647 2418
f 2418 2419 3133
f 2420 2421 3133
f 3133 2417 1648
f 1703 1649 2417
f 2416 1688 2415
f 2414 1688 2413
f 1688 2414 2415
f 1688 2416 1649
f 1648 1647 3133
f 1646 1645 3133
f 2429 1696 1639
f 1645 1697 3133
f 3133 1697 1703
f 3133 1703 2417
f 1641 1696 1697
f 1649 1703 1688
f 2838 2839 1734
f 2838 1734 2837
f 2837 1734 1304
f 2836 1304 1764
f 2835 2836 1764
f 1304 1734 1764
f 1398 1399 1735
f 1735 1399 1778
f 1778 1399 1303
f 2835 1764 1303
f 1303 1764 1778
f 3095 3096 1748
f 1745 3095 1748
f 1760 3094 1745
f 3095 1745 3094
f 1736 1748 3096
f 1736 3097 3098
f 3096 3097 1736
f 3098 1757 1736
f 2834 1398 1735
f 1688 2411 2412
f 1688 2410 2411
f 1688 2408 2409
f 1688 1650 2408
f 2409 2410 1688
f 1705 1651 2407
f 1705 2406 1651
f 1705 2405 1652
f 1705 2403 2404
f 2404 2405 1705
f 1652 2406 1705
f 2407 1650 1705
f 3134 2401 2402
f 3134 1653 2401
f 3134 2399 2400
f 2400 1653 3134
f 3134 2398 1654
f 3134 1655 2398
f 3134 2396 2397
f 1692 2394 2395
f 2395 2396 3134
f 2397 1655 3134
f 3134 1654 947
f 2402 2403 3134
f 1705 1650 1688
f 3134 1692 2395
f 1705 3134 2403
f 2394 1692 2393
f 1656 2393 1692
f 2392 1656 1692
f 1692 2391 1657
f 2390 1692 1659
f 1658 2391 1692
f 2392 1692 1657
f 3135 2389 1659
f 3135 1660 2389
f 3135 2387 2388
f 3135 2386 2387
f 3135 2388 1660
f 1692 3135 1659
f 2390 1658 1692
f 1688 2412 2413
f 3135 2384 2385
f 3135 1661 2384
f 3135 1662 2383
f 1662 1706 2382
f 2383 1661 3135
f 1663 1706 2381
f 1664 1706 2380
f 1684 2379 2380
f 1684 1665 2378
f 2378 2379 1684
f 1684 2380 1706
f 1706 1663 2382
f 1684 1666 1665
f 1684 2377 1666
f 1667 1684 1668
f 3136 1669 1668
f 3136 1668 1684
f 1684 1667 2377
f 3136 2376 1670
f 3136 2375 2376
f 1698 2373 2374
f 1698 2372 1671
f 1671 2373 1698
f 2374 2375 1698
f 1670 1669 3136
f 1672 1698 2371
f 2371 1698 1673
f 1698 3137 1674
f 3137 2369 1674
f 1698 1674 2370
f 1706 1664 2381
f 1698 1672 2372
f 3137 2368 1675
f 3138 3137 1689
f 2369 3137 1675
f 1698 2370 1673
f 2367 2368 3137
f 2367 3137 3138
f 1698 2375 3136
f 2366 2367 3138
f 3138 1676 2366
f 3138 900 1677
f 2762 1679 1678
f 1678 900 2761
f 1677 1676 3138
f 3138 2761 900
f 1680 1679 2762
f 1680 2762 1681
f 2761 3138 2760
f 2762 1678 2761
f 1706 1662 3135
f 3135 2385 2386
f 2399 3134 947
f 3135 1692 1706
f 1684 1706 1721
f 3136 1684 1698
f 2760 3138 1682
f 1690 2758 2759
f 1689 2750 2751
f 1707 2744 2745
f 2747 1689 1707
f 2753 1690 1689
f 1710 1730 2741
f 1730 1718 2740
f 2736 1730 1743
f 2742 1707 1710
f 895 896 1682
f 2759 1682 1690
f 1685 2758 1690
f 2757 1685 1690
f 2759 895 1682
f 2755 2756 1690
f 1691 2755 1690
f 2753 2754 1690
f 1693 2752 1689
f 2753 1689 2752
f 1691 1690 2754
f 2757 1690 2756
f 2749 2750 1689
f 2748 1699 1689
f 2746 2747 1707
f 2748 1689 2747
f 2749 1689 1699
f 2745 1704 1707
f 2742 2743 1707
f 2744 1707 2743
f 2746 1707 1704
f 1693 1689 2751
f 1713 2741 1730
f 2740 1713 1730
f 2739 1718 1730
f 1723 2739 1730
f 1727 1730 2737
f 2738 1730 1727
f 1752 1753 2732
f 1743 1752 2733
f 1743 2733 1744
f 1730 2738 1723
f 1731 2737 1730
f 2736 1731 1730
f 2735 1732 1743
f 1743 2734 1738
f 1738 2735 1743
f 2736 1743 1732
f 1752 1747 2733
f 1752 1756 2731
f 2731 1753 1752
f 2732 1747 1752
f 1744 2734 1743
f 1756 1752 1767
f 1756 1767 1759
f 2760 1682 896
f 3094 1760 3093
f 3071 3139 3070
f 3139 3079 3080
f 3139 3078 3079
f 3139 3082 3083
f 3139 3081 3082
f 3139 3080 3081
f 3139 3072 3073
f 3139 3071 3072
f 3139 3076 3077
f 3139 3074 3075
f 3075 3076 3139
f 3139 3073 3074
f 3077 3078 3139
f 3084 3139 3083
f 3063 1792 3062
f 1792 3064 3139
f 3064 1792 3063
f 1506 3139 3067
f 3069 3070 3068
f 3068 3139 1506
f 3068 3070 3139
f 3139 3065 3066
f 3066 3067 3139
f 3065 3139 3064
f 3093 1760 3092
f 3090 1760 3089
f 3091 1760 3090
f 3099 1757 3098
f 1760 3091 3092
f 3099 3100 1757
f 3102 1757 3101
f 3103 3140 3102
f 1757 3102 3140
f 3104 3140 3103
f 3100 3101 1757
f 3140 3104 3105
f 1760 3088 3089
f 3084 3085 3139
f 3139 3085 3086
f 3139 3087 1760
f 3088 1760 3087
f 3140 3105 1536
f 3142 3140 1536
f 1536 3707 3142
f 3086 3087 3139
f 1800 1802 3047
f 3655 3661 1800
f 1800 3051 3052
f 1800 3661 3051
f 3052 3053 1800
f 1800 3049 3050
f 3050 3655 1800
f 3048 3049 1800
f 1800 3047 3048
f 1845 1852 3046
f 1852 3045 3046
f 3045 1852 3044
f 3042 3043 1852
f 1852 3043 3044
f 1852 3041 3042
f 3040 3041 1852
f 3040 1852 1494
f 1792 1800 3055
f 3039 1494 1852
f 3055 1800 3054
f 3054 1800 3053
f 1792 3060 3061
f 3062 1792 3061
f 1792 3059 3060
f 1792 3058 3059
f 1792 3057 3058
f 3057 1792 3056
f 3056 1792 3055
f 3141 3039 1852
f 3039 3141 1491
f 3038 1491 3141
f 3106 3142 3707
f 3142 3107 3143
f 3108 3143 3107
f 3106 3107 3142
f 3142 3143 3145
f 3111 3145 3143
f 3143 3110 3706
f 3143 3706 3111
f 3109 3110 3143
f 3143 3108 3109
f 3112 1782 3145
f 1783 2905 3144
f 2907 3144 2906
f 3144 2905 2906
f 1782 2900 1783
f 2910 2911 3144
f 2912 3144 2911
f 2914 2915 1774
f 3144 2912 2913
f 2914 1774 2913
f 2913 1774 3144
f 3144 2908 2909
f 2909 2910 3144
f 2908 3144 2907
f 2934 1774 2933
f 1774 2929 2930
f 1774 2935 2936
f 2936 1761 1774
f 1774 2931 2932
f 1774 2930 2931
f 2934 2935 1774
f 1774 2932 2933
f 1767 1763 1759
f 1767 1768 1763
f 1768 1767 1772
f 2937 1761 2936
f 1772 1767 1776
f 1776 1767 1837
f 1776 1837 1781
f 1774 2923 2924
f 2922 2923 1774
f 1774 2924 2925
f 2926 2927 1774
f 2925 2926 1774
f 1774 2927 2928
f 1774 2917 2918
f 1774 2916 2917
f 1774 2921 2922
f 1774 2919 2920
f 2920 2921 1774
f 1774 2918 2919
f 2916 1774 2915
f 2928 2929 1774
f 1781 1837 1784
f 2937 2938 1761
f 1831 1761 2939
f 1784 1837 1786
f 2938 2939 1761
f 2899 1782 2898
f 2896 1782 3113
f 2895 2896 3113
f 2897 2898 1782
f 2897 1782 2896
f 3112 3113 1782
f 2901 2902 1783
f 3736 2905 1783
f 2903 2904 1783
f 3736 1783 2904
f 2902 2903 1783
f 2899 2900 1782
f 2951 2952 1806
f 2952 2953 1806
f 2953 2954 1806
f 2901 1783 2900
f 2957 2955 2956
f 2957 1806 2955
f 2959 1806 2958
f 2959 2960 1806
f 2960 2961 1806
f 2958 1806 2957
f 2961 2962 1818
f 2954 2955 1806
f 1818 1806 2961
f 1818 2962 2963
f 2964 1818 2963
f 1818 2964 2965
f 1818 2966 2967
f 2966 1818 2965
f 1818 2967 2968
f 1831 2943 2944
f 1831 2944 2945
f 2941 2942 1831
f 1831 2942 2943
f 2946 1831 2945
f 2950 1806 2949
f 1806 2947 2948
f 2948 2949 1806
f 1831 2946 2947
f 1831 2947 1806
f 2940 1831 2939
f 1786 1837 1788
f 1831 2940 2941
f 1837 1790 1788
f 1837 1794 1790
f 1794 1837 1798
f 1814 1801 1798
f 1814 1798 1837
f 2969 1818 2968
f 1801 1814 186
f 186 1814 1811
f 1814 1820 1815
f 1814 1823 1820
f 1814 1815 1811
f 1823 1814 1826
f 1806 2950 2951
f 3907 1847 1821
f 3129 1867 3146
f 3129 3146 2800
f 3570 3129 2800
f 3570 2801 3129
f 3129 2801 2802
f 2799 2800 3146
f 2799 3146 2798
f 2797 2798 3146
f 2796 2797 3146
f 1929 3909 2558
f 3147 2796 3146
f 2796 3147 1377
f 1929 2558 1928
f 3147 1946 1940
f 1377 3147 2795
f 1940 2794 3147
f 2795 3147 2794
f 1940 2792 2793
f 2793 2794 1940
f 2791 2792 1940
f 2790 2791 1940
f 1970 2790 1940
f 2789 2790 1970
f 1970 1376 2789
f 1337 1827 2868
f 1338 1827 3865
f 1337 3865 1827
f 1827 1338 1839
f 1338 2869 1887
f 1839 1338 1887
f 1887 2869 3148
f 2870 1887 3148
f 1911 3149 2872
f 2870 2871 1887
f 3149 1887 2871
f 1342 1911 1341
f 1342 2873 1911
f 1911 1887 3149
f 2872 1341 1911
f 2874 1911 2873
f 2875 2876 1911
f 1911 1345 2877
f 1345 1911 2876
f 2874 2875 1911
f 1911 2877 2878
f 2878 2879 1911
f 1911 1346 1937
f 1346 1911 2879
f 2880 1937 1346
f 1937 2880 2881
f 2881 2882 1937
f 2884 1937 2883
f 1937 2884 2885
f 2885 1350 1937
f 2883 1937 2882
f 2886 1937 1350
f 2886 1941 1937
f 2888 2889 1938
f 1938 1353 1935
f 2892 1935 1353
f 1353 1938 2891
f 1351 1941 2887
f 1351 1352 1941
f 1352 2888 1941
f 2891 1938 2890
f 1938 2889 2890
f 2887 1941 2886
f 3925 2040 3914
f 2040 3925 3915
f 2040 1950 3912
f 2040 3913 3914
f 2091 2040 3915
f 3150 2091 3915
f 3150 2559 2091
f 2248 2091 2559
f 2248 2560 2234
f 2272 2234 2561
f 2562 2564 2272
f 2315 2564 3151
f 2315 2565 2564
f 3151 3752 2315
f 2564 2565 2300
f 2300 2316 2566
f 2565 2316 2300
f 2300 2317 2273
f 2300 2566 2317
f 2273 2317 2567
f 2273 2567 2568
f 2570 2296 2273
f 2568 2318 2273
f 2318 2569 2273
f 2273 2569 2570
f 2296 2570 2571
f 2572 2296 2571
f 2574 2301 2296
f 2297 2581 2582
f 2287 2297 2590
f 2287 2590 2591
f 2297 2301 2578
f 2297 2578 2579
f 2573 2574 2296
f 2574 2575 2301
f 2301 2320 2576
f 2320 2301 2575
f 2287 2597 2598
f 2301 2576 2321
f 2319 2573 2296
f 2319 2296 2572
f 2301 2321 2577
f 2301 2577 2578
f 2297 2579 2322
f 2297 2322 2580
f 2297 2582 2583
f 2297 2584 2585
f 2297 2586 2587
f 2297 2585 2586
f 2297 2583 2584
f 2297 2580 2581
f 2297 2588 2589
f 2297 2589 2590
f 2287 2591 2592
f 2287 2593 2594
f 2287 2592 2593
f 2287 2595 2596
f 2287 2596 2597
f 2287 2598 2599
f 2287 2600 2601
f 2287 2599 2600
f 2287 2594 2595
f 2297 2587 2588
f 1376 1970 3152
f 1375 1376 3152
f 3152 2788 1375
f 3152 1970 2786
f 2787 2788 3152
f 2787 3152 2786
f 1964 391 1372
f 1964 1372 2786
f 391 1964 2785
f 1964 2784 2785
f 1964 2783 2784
f 2022 2782 2783
f 2007 2766 2767
f 1362 2766 2007
f 2007 2768 2769
f 2767 2768 2007
f 2007 1952 1362
f 1952 1977 1361
f 1952 2007 1977
f 1996 1364 2771
f 2007 2769 1363
f 1985 2770 1364
f 1997 2770 1985
f 1363 1997 2007
f 1997 1363 2770
f 2781 2782 2022
f 1964 2022 2783
f 2022 1369 2781
f 2603 2287 2602
f 2607 2302 2287
f 2302 2619 2303
f 2022 1368 2780
f 1369 2022 2780
f 2779 2022 2778
f 2022 2779 1368
f 2777 2778 2022
f 2603 2604 2287
f 2287 2604 2605
f 2287 2605 2606
f 2302 2607 2608
f 2302 2608 2609
f 2287 2606 2607
f 2302 2610 2323
f 2302 2323 2611
f 2302 2612 2613
f 2302 2324 2614
f 2302 2613 2324
f 2302 2611 2612
f 2302 2609 2610
f 2302 2615 2616
f 2302 2616 2617
f 2302 2618 2619
f 2303 2620 2325
f 2303 2619 2620
f 2302 2617 2618
f 2303 2621 2622
f 2303 2622 2623
f 2303 2326 2624
f 2303 2624 2625
f 2303 2623 2326
f 2303 2325 2621
f 2302 2614 2615
f 2625 2626 2303
f 1996 1367 2775
f 1996 2774 1367
f 1996 2773 1366
f 1996 1365 2773
f 1366 2774 1996
f 1996 2776 2022
f 2772 1365 1996
f 2022 2776 2777
f 2775 2776 1996
f 1985 1364 1996
f 1996 2771 2772
f 2306 2305 2635
f 2306 2635 2636
f 2305 2304 2328
f 2305 2328 2329
f 2628 2304 2303
f 2627 2628 2303
f 2628 2629 2304
f 2630 2631 2304
f 2631 2328 2304
f 2629 2630 2304
f 2329 2632 2305
f 2632 2633 2305
f 2633 2330 2305
f 2634 2635 2305
f 2331 2306 2636
f 2634 2305 2330
f 2331 2332 2306
f 2332 2637 2306
f 2327 2627 2303
f 2327 2303 2626
f 2602 2287 2601
f 3141 3036 3037
f 3038 3141 3037
f 3035 1489 3141
f 3036 3141 1489
f 1889 3654 3141
f 3654 3035 3141
f 3654 1889 3034
f 1889 3033 3034
f 3033 1889 3032
f 1889 3030 3032
f 1895 3023 1889
f 3028 3029 1889
f 3029 3030 1889
f 3027 1889 3026
f 3028 1889 3027
f 1890 3001 3002
f 3030 3031 3032
f 3000 3001 1890
f 2998 2999 1890
f 2999 3000 1890
f 3024 1889 3023
f 1889 3024 3025
f 3023 1895 3022
f 3025 3026 1889
f 3004 1890 1458
f 3002 3003 1890
f 1457 1890 3003
f 1890 1457 1458
f 1920 1890 3004
f 3022 1895 3021
f 3021 1895 3020
f 1930 2894 1909
f 2894 3153 1909
f 1930 1356 2894
f 1356 1930 1355
f 1918 3153 1939
f 1355 1930 2893
f 2763 1358 1939
f 1939 3154 2763
f 3154 1939 3153
f 3015 3016 1895
f 3017 1895 3016
f 3019 1895 3018
f 3017 3018 1895
f 3014 3015 1895
f 3014 1895 3013
f 1919 1920 1463
f 1920 3006 1463
f 3019 3020 1895
f 1920 3004 1459
f 1920 1459 1460
f 1920 1460 3005
f 1920 3005 3006
f 1919 1463 1464
f 3012 1895 3011
f 3012 3013 1895
f 3010 1895 1919
f 3011 1895 3010
f 3009 3010 1919
f 3008 1919 3007
f 3007 1919 1464
f 1466 3009 1919
f 3008 1466 1919
f 2970 1841 2969
f 2970 2971 1841
f 2972 1841 2971
f 1841 2973 2974
f 1438 2975 1841
f 2974 1438 1841
f 2972 2973 1841
f 1841 2975 1872
f 2998 1890 2997
f 2996 2997 1890
f 2977 1872 2976
f 2975 2976 1872
f 2996 1890 2995
f 1814 1829 1826
f 1814 1833 1829
f 1874 1840 1838
f 1874 1838 1814
f 1874 1844 1840
f 1814 1838 1833
f 1844 1874 1846
f 1874 1857 1851
f 1874 1858 1857
f 1874 1851 1846
f 1858 1874 1866
f 2978 2979 1872
f 1874 1870 1866
f 1874 1875 1870
f 1875 1874 1886
f 1875 1886 1879
f 1879 1886 1885
f 2979 2980 1872
f 1872 2977 2978
f 2995 1890 1898
f 1898 2994 2995
f 2993 2994 1898
f 2992 2993 1898
f 1898 1446 2992
f 1446 1898 2991
f 1898 2990 2991
f 2980 2981 1872
f 2989 3155 2988
f 3155 2987 2988
f 3155 2985 2986
f 2986 2987 3155
f 3155 2989 2990
f 3155 2990 1898
f 2984 2985 3155
f 2984 3155 1922
f 1872 2981 1910
f 2982 1910 2981
f 2983 2984 1922
f 2983 1922 1910
f 1885 1886 278
f 278 1886 1893
f 1893 1886 1896
f 1910 2982 2983
f 1886 1900 1896
f 1924 1904 1900
f 1924 1900 1886
f 331 1907 1924
f 1932 337 331
f 1932 867 337
f 1924 1907 1904
f 867 1932 343
f 1927 343 1932
f 1932 1933 2730
f 1927 1932 2730
f 2729 1933 1932
f 1930 1935 2892
f 1930 2892 1354
f 1354 2893 1930
f 1358 2764 1939
f 1953 1939 1359
f 2764 1359 1939
f 1360 1977 1953
f 1977 1360 1361
f 2765 1953 1359
f 1360 1953 2765
f 2289 3156 2646
f 2638 3156 2306
f 2290 2307 2340
f 2308 2341 2342
f 2307 2339 2340
f 2308 2344 2345
f 2308 2345 2346
f 2308 2347 2348
f 2308 2659 3157
f 2308 2342 2343
f 2309 2351 3158
f 3157 2667 2309
f 2307 2289 2337
f 3157 2664 2665
f 2309 2671 2672
f 2308 2343 2344
f 2311 2687 2358
f 2279 3158 2676
f 2637 2638 2306
f 2639 2640 3156
f 2640 2641 3156
f 2638 2639 3156
f 2642 2643 3156
f 2643 2644 3156
f 2645 2333 3156
f 2646 2334 2289
f 2333 2646 3156
f 2644 2645 3156
f 2641 2642 3156
f 2290 2655 2656
f 2647 2289 2334
f 2308 2290 2656
f 2308 2656 2657
f 2335 2289 2647
f 2335 2648 2289
f 2648 2336 2289
f 2649 2650 2289
f 2651 2337 2289
f 2650 2651 2289
f 2336 2649 2289
f 2337 2652 2307
f 2652 2338 2307
f 2338 2653 2307
f 2653 2339 2307
f 2290 2654 2655
f 2308 2657 2658
f 2308 2658 2341
f 2290 2340 2654
f 2659 2349 3157
f 2348 2659 2308
f 2308 2346 2347
f 3157 2349 2660
f 2662 3157 2661
f 2663 3157 2662
f 2666 3157 2665
f 2664 3157 2663
f 2667 3157 2350
f 2668 2309 2667
f 2669 2670 2309
f 2670 2671 2309
f 2669 2309 2668
f 2350 3157 2666
f 2351 2309 2672
f 2285 2680 2681
f 2285 2681 2682
f 2311 2689 2690
f 2357 2311 2686
f 2285 2355 2311
f 2351 2673 3158
f 2352 2674 3158
f 2675 2676 3158
f 2674 2675 3158
f 2673 2352 3158
f 2661 3157 2660
f 2676 2353 2279
f 2353 2677 2279
f 2279 2354 2285
f 2285 2354 2678
f 2285 2679 2680
f 2285 2678 2679
f 2677 2354 2279
f 2285 2683 2684
f 2285 2684 2355
f 2685 2356 2311
f 2357 2687 2311
f 2356 2686 2311
f 2355 2685 2311
f 2311 2358 2688
f 2311 2691 2692
f 2311 2690 2691
f 2311 2688 2689
f 2285 2682 2683
f 2292 2280 2311
f 2692 2359 2311
f 1949 365 1936
f 1949 366 365
f 379 366 1949
f 1980 1966 1963
f 2001 1984 1980
f 2175 2039 2026
f 2175 2064 2039
f 2175 2117 2090
f 2175 2139 2117
f 2175 2090 2064
f 2175 2176 2159
f 2175 2185 2176
f 2175 2199 2191
f 2207 2218 2204
f 2207 2204 2199
f 2207 2199 2175
f 2175 2191 2185
f 2175 2159 2139
f 2261 2224 2218
f 2261 762 761
f 2261 766 762
f 2261 761 2224
f 2175 2026 2001
f 1949 1936 2729
f 766 2261 2256
f 1949 2729 1932
f 2703 3159 3160
f 2292 2698 2699
f 3160 2292 2699
f 3160 2699 2700
f 2312 2709 2360
f 3160 3159 2704
f 2312 3160 2707
f 2312 2707 2708
f 2693 2292 2359
f 2292 2693 2694
f 2292 2694 2695
f 2292 2696 2697
f 2292 2697 2698
f 2292 2695 2696
f 3160 2700 2701
f 3160 2702 2703
f 3160 2701 2702
f 3160 2704 2705
f 3160 2706 2707
f 3160 2705 2706
f 2312 2708 2709
f 2312 2360 2710
f 2711 2712 2312
f 2312 2710 2711
f 2270 2266 2262
f 2270 2262 2256
f 2266 2270 2728
f 2271 2728 2270
f 2270 2298 2281
f 2270 2281 2726
f 2270 2727 2271
f 2270 2276 2727
f 2298 2286 2725
f 2725 2281 2298
f 2726 2276 2270
f 2298 2295 2724
f 2298 2723 2295
f 2298 2722 2299
f 2721 2722 2298
f 2299 2723 2298
f 2724 2286 2298
f 2713 2714 2313
f 2313 2312 2712
f 2313 2712 2713
f 2313 2714 2715
f 2313 2715 2361
f 2361 2362 2313
f 2298 2718 2719
f 2720 2298 2314
f 2719 2314 2298
f 2298 2313 2362
f 2298 2362 2363
f 2721 2298 2720
f 2298 2363 2364
f 2365 2717 2298
f 2718 2298 2717
f 2298 2716 2365
f 2716 2298 2364
f 2311 2359 2292
f 2718 2717 853
f 2718 853 854
f 2719 2718 854
f 2719 854 855
f 2720 2314 822
f 2720 822 856
f 2721 2720 856
f 2721 856 857
f 2314 2719 855
f 2314 855 822
f 2299 2722 858
f 2299 858 810
f 2723 2299 810
f 2723 810 859
f 2724 2295 806
f 2724 806 860
f 2286 2724 860
f 2286 860 800
f 2295 2723 859
f 2295 859 806
f 2722 2721 857
f 2722 857 858
f 2281 2725 861
f 2281 861 794
f 2726 2281 794
f 2726 794 862
f 2727 2276 789
f 2727 789 863
f 2271 2727 863
f 2271 863 785
f 2276 2726 862
f 2276 862 789
f 2266 2728 864
f 2266 864 781
f 2262 2266 781
f 2262 781 775
f 2256 2262 775
f 2256 775 766
f 2728 2271 785
f 2728 785 864
f 2725 2286 800
f 2725 800 861
f 2224 727 722
f 722 3161 2224
f 2218 2224 3161
f 2224 761 727
f 3161 2204 2218
f 3162 2191 2199
f 3162 2185 2191
f 2199 2204 3162
f 2159 2176 3163
f 2159 3163 3164
f 3164 2139 2159
f 3165 2090 2117
f 3165 2064 2090
f 2117 2139 3164
f 2176 2185 3163
f 3165 2026 2039
f 3166 2001 2026
f 3167 1984 2001
f 3165 2039 2064
f 3162 3169 3170
f 3162 3170 3163
f 3166 2026 3165
f 3166 3165 3171
f 3164 3163 3170
f 3164 3170 3172
f 2204 3161 3162
f 3162 3161 3169
f 3173 3164 3174
f 3162 3163 2185
f 2001 3166 3168
f 1980 1984 422
f 3167 422 1984
f 2001 3168 3167
f 3168 3166 477
f 3168 477 469
f 3165 2117 3164
f 1936 365 356
f 1936 356 355
f 2730 1933 350
f 2730 350 866
f 1927 2730 866
f 1927 866 343
f 1907 331 315
f 1907 315 310
f 1904 1907 306
f 1904 306 298
f 1900 1904 298
f 1900 298 293
f 1907 310 306
f 2729 1936 355
f 2729 355 865
f 1933 2729 865
f 1933 865 350
f 2717 2365 852
f 2717 852 853
f 1893 1896 288
f 1893 288 284
f 278 1893 284
f 1879 1885 261
f 261 3175 1879
f 3175 1870 1875
f 3175 1866 1870
f 3176 1857 1858
f 3176 1851 1857
f 1858 1866 3176
f 1875 1879 3175
f 3177 1844 1846
f 3177 1840 1844
f 3177 1833 1838
f 3178 1829 1833
f 1838 1840 3177
f 3178 1823 1826
f 3178 1820 1823
f 3178 1811 1815
f 186 1811 192
f 1815 1820 3178
f 1826 1829 3178
f 1846 1851 3176
f 1794 1798 171
f 1790 1794 171
f 1790 171 166
f 1786 1788 163
f 1786 163 158
f 1784 1786 158
f 1784 158 155
f 1776 1781 150
f 1776 150 148
f 1772 1776 148
f 1772 148 141
f 1781 1784 155
f 1781 155 150
f 1788 1790 166
f 1788 166 163
f 1763 1768 137
f 1763 137 133
f 1759 1763 133
f 1759 133 128
f 2731 1756 122
f 2731 122 868
f 1753 2731 868
f 1753 868 118
f 1756 1759 128
f 1756 128 122
f 1747 2732 869
f 1747 869 110
f 2733 1747 110
f 2733 110 870
f 2734 1744 107
f 2734 107 871
f 1738 2734 871
f 1738 871 101
f 1744 2733 870
f 1744 870 107
f 2732 1753 118
f 2732 118 869
f 1768 1772 141
f 1768 141 137
f 1732 2735 872
f 1732 872 99
f 2736 1732 99
f 2736 99 873
f 2737 1731 95
f 2737 95 874
f 1727 2737 874
f 1727 874 92
f 1731 2736 873
f 1731 873 95
f 1723 2738 875
f 1723 875 83
f 2739 1723 83
f 2739 83 876
f 2740 1718 81
f 2740 81 877
f 1713 2740 877
f 1713 877 70
f 1718 2739 876
f 1718 876 81
f 2738 1727 92
f 2738 92 875
f 2741 1713 70
f 2741 70 878
f 2735 1738 101
f 2735 101 872
f 3176 3177 1846
f 3177 3178 1833
f 3177 3176 3179
f 3177 3179 3180
f 3179 3176 1866
f 3179 1866 3175
f 1896 1900 293
f 1896 293 288
f 3181 3178 3177
f 1710 2741 878
f 1710 878 66
f 2742 1710 66
f 2742 66 62
f 2744 2743 879
f 2744 879 880
f 2745 2744 880
f 2745 880 881
f 2743 2742 62
f 2743 62 879
f 1704 2745 881
f 1704 881 58
f 1811 3178 192
f 2746 1704 58
f 2746 58 882
f 2747 2746 882
f 2747 882 883
f 1699 2748 884
f 1699 884 52
f 2749 1699 52
f 2749 52 885
f 2748 2747 883
f 2748 883 884
f 2751 2750 886
f 2751 886 887
f 1693 2751 887
f 1693 887 49
f 2753 2752 888
f 2753 888 889
f 2754 2753 889
f 2754 889 890
f 2752 1693 49
f 2752 49 888
f 2750 2749 885
f 2750 885 886
f 2755 1691 41
f 2755 41 891
f 2756 2755 891
f 2756 891 892
f 1685 2757 893
f 1685 893 38
f 2758 1685 38
f 2758 38 894
f 2757 2756 892
f 2757 892 893
f 2761 2760 897
f 2761 897 898
f 1681 2762 899
f 1681 899 30
f 2762 2761 898
f 2762 898 899
f 2760 896 34
f 2760 34 897
f 2759 2758 894
f 2759 894 895
f 1691 2754 890
f 1691 890 41
f 3179 3175 244
f 451 3167 3168
f 3169 3182 678
f 3169 678 668
f 3170 3169 668
f 3172 3170 657
f 3172 657 641
f 3164 3172 3174
f 3171 3165 3173
f 3173 3174 618
f 3173 618 589
f 3171 3173 589
f 3171 589 527
f 3174 3172 641
f 3174 641 618
f 3166 3171 496
f 3164 3173 3165
f 717 713 3161
f 722 717 3161
f 713 692 3161
f 3182 692 685
f 3182 685 678
f 3161 692 3182
f 3170 668 657
f 3171 527 496
f 496 477 3166
f 451 432 3167
f 432 425 3167
f 425 422 3167
f 469 451 3168
f 261 257 3175
f 257 252 3175
f 3183 3180 3184
f 3180 225 3184
f 3183 3184 221
f 3183 221 217
f 3177 3183 3181
f 3185 3181 212
f 3185 212 210
f 3181 3183 217
f 3181 217 212
f 244 3175 248
f 3181 3185 3178
f 3175 252 248
f 3178 3185 3186
f 244 241 3179
f 241 237 3179
f 3180 3179 234
f 3180 234 230
f 237 234 3179
f 3184 225 221
f 210 204 3186
f 210 3186 3185
f 3180 230 225
f 196 3186 198
f 204 198 3186
f 192 3186 196
f 3178 3186 192
f 3183 3177 3180
f 3182 3169 3161
f 3198 1680 1681
f 1678 1679 29
f 1678 29 900
f 1679 1680 3198
f 1676 1677 28
f 1676 28 27
f 3199 2366 1676
f 3199 1676 27
f 2368 2367 901
f 2368 901 902
f 2369 1675 903
f 2369 903 904
f 1675 2368 902
f 1675 902 903
f 2370 1674 26
f 2370 26 905
f 2371 1673 906
f 2371 906 907
f 1673 2370 905
f 1673 905 906
f 1674 2369 904
f 1674 904 26
f 2367 2366 3199
f 1671 2372 908
f 1671 908 909
f 2374 2373 910
f 2374 910 911
f 2373 1671 909
f 2373 909 910
f 2376 2375 912
f 2376 912 913
f 1670 2376 913
f 1670 913 1669
f 2375 2374 911
f 2375 911 912
f 1666 2377 916
f 1666 916 917
f 1665 3200 3201
f 3200 1665 1666
f 2377 1667 915
f 2377 915 916
f 1672 2371 907
f 1672 907 25
f 2379 2378 920
f 2379 920 921
f 1664 2380 922
f 1664 922 923
f 2380 2379 921
f 2380 921 922
f 1663 2381 924
f 1663 924 925
f 1662 2382 926
f 1662 926 927
f 2382 1663 925
f 2382 925 926
f 2381 1664 923
f 2381 923 924
f 1661 2383 928
f 1661 928 929
f 2385 2384 930
f 2385 930 24
f 2384 1661 929
f 2384 929 930
f 2387 2386 931
f 2387 931 932
f 1660 2388 933
f 1660 933 934
f 2388 2387 932
f 2388 932 933
f 2386 2385 24
f 2386 24 931
f 2383 1662 927
f 2383 927 928
f 1659 2389 935
f 1659 935 936
f 1658 2390 937
f 1658 937 23
f 2390 1659 936
f 2390 936 937
f 1657 2391 938
f 1657 938 22
f 1656 2392 939
f 1656 939 940
f 2392 1657 22
f 2392 22 939
f 2391 1658 23
f 2391 23 938
f 2394 2393 941
f 2394 941 942
f 2396 2395 943
f 2396 943 21
f 2395 2394 942
f 2395 942 943
f 1655 2397 944
f 1655 944 945
f 1654 2398 946
f 1654 946 947
f 2398 1655 945
f 2398 945 946
f 2397 2396 21
f 2397 21 944
f 2393 1656 940
f 2393 940 941
f 2389 1660 934
f 2389 934 935
f 3201 2378 1665
f 2400 2399 949
f 2400 949 950
f 2401 1653 951
f 2401 951 952
f 1653 2400 950
f 1653 950 951
f 2403 2402 953
f 2403 953 954
f 2405 2404 955
f 2405 955 956
f 2404 2403 954
f 2404 954 955
f 2402 2401 952
f 2402 952 953
f 2406 1652 20
f 2406 20 957
f 2407 1651 958
f 2407 958 959
f 1651 2406 957
f 1651 957 958
f 2408 1650 960
f 2408 960 961
f 2410 2409 962
f 2410 962 963
f 2409 2408 961
f 2409 961 962
f 1650 2407 959
f 1650 959 960
f 1652 2405 956
f 1652 956 20
f 2412 2411 19
f 2412 19 964
f 2414 2413 18
f 2414 18 965
f 2413 2412 964
f 2413 964 18
f 901 2367 3199
f 1677 900 32
f 1677 32 28
f 2416 2415 966
f 2416 966 967
f 2415 2414 965
f 2415 965 966
f 29 1679 3198
f 2411 2410 963
f 2411 963 19
f 2399 947 948
f 2399 948 949
f 1649 2416 967
f 1649 967 968
f 1648 2417 969
f 1648 969 970
f 2417 1649 968
f 2417 968 969
f 2418 1647 17
f 2418 17 16
f 2419 3202 2420
f 2419 2418 16
f 2419 16 971
f 1647 1648 970
f 1647 970 17
f 2421 2420 3202
f 2421 3202 3203
f 2372 1672 25
f 2372 25 908
f 2421 3203 2422
f 1646 3204 1645
f 3204 1646 2422
f 1643 1644 14
f 1643 14 13
f 1641 1642 976
f 1641 976 12
f 1642 1643 13
f 1642 13 976
f 1644 1645 15
f 1644 15 14
f 2423 1640 1593
f 2423 1593 977
f 2425 2424 11
f 2425 11 978
f 2424 2423 977
f 2424 977 11
f 2427 2426 979
f 2427 979 980
f 1639 2428 981
f 1639 981 10
f 2428 2427 980
f 2428 980 981
f 2426 2425 978
f 2426 978 979
f 1640 1641 12
f 1640 12 1593
f 1638 2429 982
f 1638 982 9
f 1637 9 983
f 1637 983 984
f 1636 2430 985
f 1636 985 986
f 2432 2431 987
f 2432 987 8
f 2431 1636 986
f 2431 986 987
f 2430 1637 984
f 2430 984 985
f 2434 2433 988
f 2434 988 7
f 2436 2435 989
f 2436 989 990
f 2435 2434 7
f 2435 7 989
f 1635 2437 991
f 1635 991 992
f 1634 2438 993
f 1634 993 994
f 2439 1634 994
f 2439 994 995
f 2438 1635 992
f 2438 992 993
f 2437 2436 990
f 2437 990 991
f 2433 2432 8
f 2433 8 988
f 2429 1639 10
f 2429 10 982
f 2440 2439 995
f 2440 995 996
f 3198 1681 30
f 2441 2440 996
f 2441 996 997
f 2443 2442 998
f 2443 998 999
f 2442 2441 997
f 2442 997 998
f 2445 2444 1000
f 2445 1000 1001
f 2447 2446 1002
f 2447 1002 1003
f 2446 2445 1001
f 2446 1001 1002
f 2444 2443 999
f 2444 999 1000
f 2449 2448 1004
f 2449 1004 1005
f 2451 2450 1006
f 2451 1006 1007
f 2450 2449 1005
f 2450 1005 1006
f 2453 2452 1008
f 2453 1008 1009
f 2455 2454 1010
f 2455 1010 1011
f 2454 2453 1009
f 2454 1009 1010
f 2452 2451 1007
f 2452 1007 1008
f 2448 2447 1003
f 2448 1003 1004
f 2457 2456 1012
f 2457 1012 1013
f 2459 2458 1014
f 2459 1014 1015
f 2458 2457 1013
f 2458 1013 1014
f 3123 2461 1017
f 3123 1017 1018
f 2463 2462 1019
f 2463 1019 6
f 2462 3123 1018
f 2462 1018 1019
f 2461 2460 1016
f 2461 1016 1017
f 2465 2464 1020
f 2465 1020 1021
f 2467 2466 1022
f 2467 1022 1023
f 2466 2465 1021
f 2466 1021 1022
f 2469 2468 1024
f 2469 1024 1025
f 2471 2470 1026
f 2471 1026 1027
f 2470 2469 1025
f 2470 1025 1026
f 2468 2467 1023
f 2468 1023 1024
f 2464 2463 6
f 2464 6 1020
f 2456 2455 1011
f 2456 1011 1012
f 2473 2472 1028
f 2473 1028 1029
f 2475 2474 1030
f 2475 1030 1031
f 2474 2473 1029
f 2474 1029 1030
f 2477 2476 5
f 2477 5 1032
f 2479 2478 1033
f 2479 1033 1034
f 2478 2477 1032
f 2478 1032 1033
f 2476 2475 1031
f 2476 1031 5
f 2480 1633 1035
f 2480 1035 1036
f 2482 2481 1037
f 2482 1037 1038
f 2481 2480 1036
f 2481 1036 1037
f 2484 2483 1039
f 2484 1039 1040
f 2486 2485 1041
f 2486 1041 1042
f 2485 2484 1040
f 2485 1040 1041
f 2483 2482 1038
f 2483 1038 1039
f 1633 2479 1034
f 1633 1034 1035
f 2488 2487 1043
f 2488 1043 1044
f 2490 2489 1045
f 2490 1045 1046
f 2489 2488 1044
f 2489 1044 1045
f 1047 2491 1046
f 2493 2492 1048
f 2492 1047 1048
f 2491 2490 1046
f 2494 2493 1049
f 2494 1049 1050
f 2496 2495 1051
f 2495 2494 1050
f 2497 2496 1052
f 2497 1052 1053
f 2499 2498 1054
f 2499 1054 1055
f 2500 2499 1055
f 2500 1055 1056
f 2498 2497 1053
f 2498 1053 1054
f 2496 1051 1052
f 2493 1048 1049
f 2487 2486 1042
f 2487 1042 1043
f 2472 2471 1027
f 2472 1027 1028
f 2502 2501 1057
f 2502 1057 1058
f 2504 2503 1059
f 2504 1059 1060
f 2503 2502 1058
f 2503 1058 1059
f 2506 2505 1061
f 2506 1061 1062
f 2508 2507 1063
f 2508 1063 1064
f 2507 2506 1062
f 2507 1062 1063
f 2505 2504 1060
f 2505 1060 1061
f 2510 2509 1065
f 2510 1065 1066
f 2512 2511 1067
f 2512 1067 1068
f 2511 2510 1066
f 2511 1066 1067
f 2514 2513 1069
f 2514 1069 1070
f 2516 2515 1071
f 2516 1071 4
f 2515 2514 1070
f 2515 1070 1071
f 2513 2512 1068
f 2513 1068 1069
f 2509 2508 1064
f 2509 1064 1065
f 2518 2517 1072
f 2518 1072 1073
f 2520 2519 1074
f 2520 1074 3
f 2519 2518 1073
f 2519 1073 1074
f 2522 2521 1075
f 2522 1075 1076
f 2524 2523 1077
f 2524 1077 2
f 2523 2522 1076
f 2523 1076 1077
f 2521 2520 3
f 2521 3 1075
f 2526 2525 1078
f 2526 1078 1079
f 2528 2527 1080
f 2528 1080 1081
f 2527 2526 1079
f 2527 1079 1080
f 2530 2529 1082
f 2530 1082 1083
f 2532 2531 1084
f 2532 1084 1085
f 2531 2530 1083
f 2531 1083 1084
f 2529 2528 1081
f 2529 1081 1082
f 2525 2524 2
f 2525 2 1078
f 2517 2516 4
f 2517 4 1072
f 2534 2533 1086
f 2534 1086 1087
f 2536 2535 1088
f 2536 1088 1089
f 2535 2534 1087
f 2535 1087 1088
f 2538 2537 1090
f 2538 1090 1
f 2540 2539 1091
f 2540 1091 1092
f 2539 2538 1
f 2539 1 1091
f 2537 2536 1089
f 2537 1089 1090
f 2542 2541 1093
f 2542 1093 1094
f 2544 2543 1095
f 2544 1095 1576
f 2543 2542 1094
f 2543 1094 1095
f 2546 2545 1096
f 2546 1096 1097
f 2548 2547 1098
f 2548 1098 1099
f 2547 2546 1097
f 2547 1097 1098
f 2545 2544 1576
f 2545 1576 1096
f 2541 2540 1092
f 2541 1092 1093
f 2550 2549 1100
f 2550 1100 1101
f 2552 2551 1102
f 2552 1102 1575
f 2551 2550 1101
f 2551 1101 1102
f 2554 2553 1103
f 2554 1103 1104
f 3205 3922 2554
f 2553 2552 1575
f 2553 1575 1103
f 3205 3206 3197
f 3206 3195 3196
f 3196 3197 3206
f 3194 3195 3207
f 3206 3207 3195
f 3187 3193 3207
f 3194 3207 3193
f 3190 3187 3207
f 3207 3206 3192
f 3207 3192 3189
f 3922 3205 3197
f 2549 2548 1099
f 2549 1099 1100
f 2533 2532 1085
f 2533 1085 1086
f 2501 2500 1056
f 2501 1056 1057
f 2460 2459 1015
f 2460 1015 1016
f 1606 29 3198
f 27 901 3199
f 30 1606 3198
f 914 915 1667
f 1668 914 1667
f 3200 917 918
f 1666 917 3200
f 3201 3200 918
f 3201 918 919
f 920 3201 919
f 3203 3202 972
f 3203 972 973
f 2422 3203 3204
f 3204 3203 973
f 3204 973 974
f 920 2378 3201
f 3202 971 972
f 3204 975 15
f 3204 974 975
f 2419 971 3202
f 3205 1104 1105
f 3205 1105 3191
f 3188 3192 3206
f 3189 3190 3207
f 3191 3188 3206
f 2554 1104 3205
f 3191 3206 3205
f 3204 15 1645
f 3556 3187 3190
f 3556 3190 3210
f 3554 3555 3213
f 3554 3213 3214
f 3557 3553 3554
f 3555 3211 3212
f 3557 3551 3552
f 3557 3550 3551
f 3557 3548 3549
f 3557 3546 3547
f 3547 3548 3557
f 3549 3550 3557
f 3552 3553 3557
f 3557 3544 3545
f 3557 3543 3544
f 3557 3541 3542
f 3540 3541 3557
f 3542 3543 3557
f 3557 3539 3540
f 3545 3546 3557
f 3557 3537 3538
f 3557 3536 3537
f 3557 3534 3535
f 3557 3532 3533
f 3533 3534 3557
f 3535 3536 3557
f 3557 3530 3531
f 3557 3529 3530
f 3557 3527 3528
f 3557 3525 3526
f 3526 3527 3557
f 3528 3529 3557
f 3531 3532 3557
f 3557 3523 3524
f 3557 3522 3523
f 3520 3521 3558
f 3518 3519 3558
f 3520 3558 3519
f 3521 3522 3557
f 3558 3516 3517
f 3558 3515 3516
f 3558 3513 3514
f 3558 3511 3512
f 3512 3513 3558
f 3514 3515 3558
f 3518 3558 3517
f 3524 3525 3557
f 3538 3539 3557
f 3210 3211 3556
f 3212 3213 3555
f 3554 3214 3557
f 3557 3215 3216
f 3557 3216 3217
f 3557 3218 3219
f 3557 3220 3221
f 3557 3219 3220
f 3557 3217 3218
f 3557 3214 3215
f 3557 3222 3223
f 3557 3223 3224
f 3557 3225 3226
f 3557 3227 3228
f 3557 3226 3227
f 3557 3224 3225
f 3557 3229 3230
f 3557 3230 3231
f 3557 3232 3233
f 3557 3234 3235
f 3557 3233 3234
f 3557 3231 3232
f 3557 3228 3229
f 3557 3221 3222
f 3558 3509 3510
f 3558 3508 3509
f 3558 3506 3507
f 3558 3504 3505
f 3505 3506 3558
f 3507 3508 3558
f 3503 3504 3558
f 3235 3236 3557
f 3557 3259 3260
f 3558 3502 3503
f 3558 3501 3502
f 3499 3500 3558
f 3501 3558 3500
f 3558 3498 3499
f 3498 3558 3497
f 3559 3558 3306
f 3558 3510 3511
f 3558 3521 3557
f 3496 3497 3558
f 3560 3495 3496
f 3560 3493 3494
f 3560 3491 3492
f 3492 3493 3560
f 3494 3495 3560
f 3560 3489 3490
f 3560 3488 3489
f 3560 3486 3487
f 3485 3486 3560
f 3487 3488 3560
f 3490 3491 3560
f 3560 3483 3484
f 3560 3482 3483
f 3560 3480 3481
f 3561 3478 3479
f 3479 3480 3561
f 3481 3482 3560
f 3561 3476 3477
f 3561 3475 3476
f 3561 3474 3475
f 3561 3472 3473
f 3473 3474 3561
f 3477 3478 3561
f 3484 3485 3560
f 3561 3470 3471
f 3562 3469 3470
f 3468 3469 3562
f 3562 3467 3468
f 3562 3465 3466
f 3466 3467 3562
f 3562 3463 3464
f 3562 3462 3463
f 3562 3460 3461
f 3563 3458 3459
f 3459 3460 3563
f 3461 3462 3562
f 3563 3456 3457
f 3563 3455 3456
f 3563 3453 3454
f 3452 3453 3563
f 3454 3455 3563
f 3457 3458 3563
f 3464 3465 3562
f 3471 3472 3561
f 3564 3450 3451
f 3564 3448 3449
f 3449 3450 3564
f 3451 3452 3563
f 3564 3446 3447
f 3564 3445 3446
f 3564 3444 3924
f 3564 3442 3443
f 3443 3444 3564
f 3924 3445 3564
f 3447 3448 3564
f 3563 3460 3562
f 3561 3560 3559
f 3561 3559 3565
f 3562 3561 3565
f 3562 3565 3566
f 3559 3323 3565
f 3562 3566 3563
f 3566 3349 3563
f 3332 3566 3565
f 3496 3558 3560
f 3563 3564 3451
f 3564 3440 3441
f 3564 3439 3440
f 3564 3567 3438
f 3564 3438 3439
f 3563 3568 3564
f 3438 3567 3437
f 3568 3569 3567
f 3568 3567 3564
f 3441 3442 3564
f 3568 3563 3372
f 3568 3372 3373
f 3562 3470 3561
f 3561 3480 3560
f 3567 3435 3436
f 3567 3434 3435
f 3567 3432 3433
f 3567 3430 3431
f 3431 3432 3567
f 3433 3434 3567
f 3567 3428 3429
f 3567 3427 3428
f 3567 3425 3426
f 3567 3423 3424
f 3424 3425 3567
f 3426 3427 3567
f 3429 3430 3567
f 3567 3421 3422
f 3567 3420 3421
f 3419 3567 3569
f 3437 3567 3436
f 3569 3418 3419
f 3418 3569 3417
f 3420 3567 3419
f 3567 3422 3423
f 3569 3416 3417
f 3569 3415 3416
f 3208 3413 3412
f 3208 3412 3209
f 3413 3410 3411
f 3414 3415 3409
f 3409 3415 3569
f 3383 3569 3568
f 3560 3558 3559
f 3557 3236 3237
f 3557 3238 3239
f 3557 3239 3240
f 3557 3237 3238
f 3557 3241 3242
f 3557 3242 3243
f 3557 3244 3245
f 3557 3246 3247
f 3557 3245 3246
f 3557 3243 3244
f 3557 3240 3241
f 3557 3248 3249
f 3557 3249 3250
f 3557 3251 3252
f 3557 3253 3254
f 3557 3252 3253
f 3557 3250 3251
f 3557 3255 3256
f 3557 3256 3257
f 3557 3258 3259
f 3261 3262 3557
f 3261 3557 3260
f 3557 3257 3258
f 3557 3254 3255
f 3557 3247 3248
f 3264 3557 3263
f 3264 3265 3557
f 3558 3266 3267
f 3558 3268 3269
f 3268 3558 3267
f 3558 3265 3266
f 3558 3270 3271
f 3265 3558 3557
f 3558 3272 3273
f 3558 3274 3275
f 3558 3273 3274
f 3558 3271 3272
f 3558 3269 3270
f 3558 3276 3277
f 3558 3277 3278
f 3558 3279 3280
f 3558 3281 3282
f 3558 3280 3281
f 3558 3278 3279
f 3558 3283 3284
f 3558 3284 3285
f 3558 3286 3287
f 3558 3288 3289
f 3558 3287 3288
f 3558 3285 3286
f 3558 3282 3283
f 3558 3275 3276
f 3263 3557 3262
f 3558 3290 3291
f 3558 3291 3292
f 3558 3292 3293
f 3558 3293 3294
f 3558 3295 3296
f 3558 3294 3295
f 3558 3297 3298
f 3558 3298 3299
f 3558 3300 3301
f 3558 3302 3303
f 3558 3301 3302
f 3558 3299 3300
f 3558 3304 3305
f 3558 3305 3306
f 3559 3307 3308
f 3559 3309 3310
f 3559 3308 3309
f 3559 3306 3307
f 3558 3303 3304
f 3558 3296 3297
f 3559 3311 3312
f 3559 3312 3313
f 3559 3314 3315
f 3559 3316 3317
f 3559 3315 3316
f 3559 3313 3314
f 3559 3317 3318
f 3559 3318 3319
f 3559 3319 3320
f 3559 3321 3322
f 3565 3323 3324
f 3559 3322 3323
f 3559 3320 3321
f 3565 3325 3326
f 3565 3326 3327
f 3565 3327 3328
f 3565 3324 3325
f 3559 3310 3311
f 3558 3289 3290
f 3565 3328 3329
f 3565 3330 3331
f 3565 3329 3330
f 3566 3332 3333
f 3566 3333 3334
f 3566 3335 3336
f 3566 3334 3335
f 3565 3331 3332
f 3566 3337 3338
f 3566 3336 3337
f 3566 3339 3340
f 3566 3340 3341
f 3566 3342 3343
f 3566 3344 3345
f 3566 3343 3344
f 3566 3341 3342
f 3566 3338 3339
f 3566 3346 3347
f 3566 3347 3348
f 3563 3349 3350
f 3563 3351 3352
f 3563 3350 3351
f 3566 3348 3349
f 3563 3353 3354
f 3563 3354 3355
f 3563 3356 3357
f 3563 3358 3359
f 3563 3357 3358
f 3563 3355 3356
f 3563 3352 3353
f 3563 3360 3361
f 3563 3361 3362
f 3563 3363 3364
f 3563 3365 3366
f 3563 3364 3365
f 3563 3362 3363
f 3563 3367 3368
f 3563 3368 3369
f 3563 3370 3371
f 3563 3371 3372
f 3563 3369 3370
f 3563 3366 3367
f 3563 3359 3360
f 3566 3345 3346
f 3568 3374 3375
f 3568 3375 3376
f 3568 3376 3377
f 3568 3378 3379
f 3568 3380 3381
f 3568 3379 3380
f 3568 3377 3378
f 3568 3382 3383
f 3569 3383 3384
f 3569 3385 3386
f 3569 3386 3957
f 3569 3384 3385
f 3569 3957 3387
f 3568 3381 3382
f 3569 3388 3389
f 3569 3389 3390
f 3569 3391 3392
f 3569 3393 3394
f 3569 3392 3393
f 3569 3390 3391
f 3569 3395 3396
f 3569 3396 3397
f 3569 3398 3399
f 3569 3400 3401
f 3569 3399 3400
f 3569 3397 3398
f 3569 3394 3395
f 3569 3402 3403
f 3569 3403 3404
f 3569 3405 3406
f 3569 3407 3408
f 3569 3406 3407
f 3569 3404 3405
f 3413 3411 3412
f 3569 3408 3409
f 3569 3401 3402
f 3569 3387 3388
f 3568 3373 3374
f 2833 1395 1396
f 2832 1395 2833
f 2833 1396 1397
f 2831 1394 2832
f 2831 2830 1394
f 2832 1394 1395
f 2824 1389 1390
f 2824 1390 2825
f 2822 1387 1388
f 2822 1388 2823
f 2823 1388 1389
f 2823 1389 2824
f 2819 1385 1386
f 2818 1384 1385
f 2818 1385 2819
f 2817 1384 2818
f 2817 1383 1384
f 2816 1382 1383
f 2816 1383 2817
f 2819 1386 2820
f 2787 1374 2788
f 2788 1374 1375
f 2787 2786 1373
f 2787 1373 1374
f 2782 1370 1371
f 2782 1371 2783
f 2781 1369 1370
f 2781 1370 2782
f 2802 2801 3570
f 2976 1622 2977
f 2977 1622 2978
f 2975 1440 2976
f 2974 3582 1438
f 1438 1439 2975
f 2975 1439 1440
f 2976 1440 1622
f 2972 3572 3571
f 2972 3571 2973
f 3573 2971 2970
f 3574 2970 2969
f 2971 3575 2972
f 3574 2969 2968
f 3576 2968 2967
f 3576 2967 2966
f 3577 2966 2965
f 2963 3578 3577
f 2963 3577 2964
f 2962 2961 3579
f 2962 3578 2963
f 2961 2960 3579
f 2959 2958 3579
f 2957 1421 2958
f 3579 2960 2959
f 2964 3577 2965
f 3580 2973 3581
f 3581 3583 3582
f 3581 3582 3580
f 3584 3572 2972
f 3584 2972 3585
f 3571 3581 2973
f 3586 3571 3572
f 3586 3572 3587
f 3588 3589 3571
f 3588 3571 3586
f 3590 3591 3587
f 3590 3587 3572
f 3589 3583 3581
f 3589 3581 3571
f 2973 3580 2974
f 3572 3584 3592
f 3572 3592 3590
f 2972 3575 3593
f 3585 3594 3592
f 3585 3592 3584
f 2971 3595 3575
f 3596 2972 3593
f 2956 1420 2957
f 3573 2970 3574
f 3595 2971 3573
f 3593 3575 3598
f 3593 3598 3597
f 3596 3585 2972
f 3573 3600 3599
f 3573 3599 3595
f 3587 3591 3588
f 3587 3588 3586
f 2968 3576 3574
f 3576 2966 3577
f 3601 3576 3577
f 3601 3577 3602
f 3579 3578 2962
f 3574 3576 3601
f 3574 3601 3603
f 3580 3582 2974
f 3597 3604 3596
f 3597 3596 3593
f 3591 3590 3589
f 3591 3589 3588
f 1437 3582 3583
f 3592 1436 3590
f 3590 1436 1437
f 3590 1437 3589
f 1437 3583 3589
f 3596 3604 3594
f 3596 3594 3585
f 3578 3605 3602
f 3578 3602 3577
f 3603 3601 1432
f 3606 3605 3578
f 3606 3578 3579
f 2958 1421 3606
f 3602 1429 1430
f 3602 1430 3601
f 1436 3597 3598
f 3595 3599 3598
f 3595 3598 3575
f 1435 3598 3599
f 3605 1428 1429
f 3605 1429 3602
f 3573 3574 3603
f 3573 3603 3600
f 3599 3600 1435
f 1434 3600 3603
f 1427 3605 3606
f 3594 1436 3592
f 3594 3604 1436
f 3600 1434 1435
f 1435 1436 3598
f 3603 1433 1434
f 1433 3603 1432
f 1431 3601 1430
f 1432 3601 1431
f 1428 3605 1427
f 1426 3606 1425
f 1425 3606 1424
f 1427 3606 1426
f 1423 3606 1422
f 1422 3606 1421
f 1424 3606 1423
f 1436 3604 3597
f 3579 2958 3606
f 3000 1454 3001
f 2999 1454 3000
f 2998 1453 2999
f 2996 1451 1452
f 2996 1452 2997
f 2997 1452 2998
f 2995 1451 2996
f 2995 1450 1451
f 2994 3611 1449
f 3607 3608 2994
f 2994 3608 3611
f 2994 1449 1450
f 2994 1450 2995
f 2992 3610 3609
f 3611 3608 3612
f 3609 2993 2992
f 3609 3614 3613
f 3609 3613 3607
f 2990 1445 2991
f 2991 1445 1446
f 2989 1444 2990
f 2988 1443 1444
f 2988 1444 2989
f 3615 2988 2987
f 2985 1441 2986
f 2986 3616 2987
f 2990 1444 1445
f 2988 3618 3617
f 3608 3607 3613
f 3608 3613 3612
f 2988 3615 3618
f 1446 1447 2992
f 2987 3616 3619
f 3619 3615 2987
f 3616 3621 3620
f 3616 3620 3619
f 3619 3620 3622
f 3619 3622 3615
f 3618 3615 3622
f 3618 3622 3623
f 3617 3618 3623
f 3617 3623 3624
f 3607 2993 3609
f 3625 3617 3624
f 3625 2988 3617
f 3607 2994 2993
f 3611 3612 1449
f 3613 3614 1448
f 1449 3612 3613
f 2992 1447 3610
f 3610 3614 3609
f 3613 1448 1449
f 3610 1448 3614
f 1448 3610 1447
f 3625 3624 1443
f 2986 1441 3621
f 1443 3624 3623
f 3623 3622 1443
f 3620 3621 1442
f 1442 3622 3620
f 3616 2986 3621
f 3622 1442 1443
f 2988 3625 1443
f 3621 1441 1442
f 3009 1467 3010
f 3008 1465 1466
f 3007 1465 3008
f 3006 1461 1462
f 3005 1460 1461
f 3005 1461 3006
f 3006 1462 1463
f 3004 1620 1459
f 1458 1620 3004
f 3002 3001 1455
f 3002 1455 1456
f 3002 1456 3003
f 3003 1456 1457
f 3626 3031 3030
f 3626 3030 3029
f 3626 3028 3027
f 3026 3627 3027
f 3024 3627 3025
f 3627 3024 3023
f 3026 3025 3627
f 3028 3626 3029
f 3627 3023 3022
f 3628 3022 3021
f 3628 3627 3022
f 1485 1486 3626
f 3629 3627 3628
f 3627 3626 3027
f 3630 3628 3021
f 3631 3632 3020
f 3630 3020 3632
f 3633 3632 3631
f 3634 3631 3020
f 3635 3629 3628
f 3635 3628 3630
f 3021 3020 3630
f 3630 3632 3633
f 3630 3633 3635
f 3635 3633 3637
f 3635 3637 3636
f 3629 3635 3636
f 3629 3636 3638
f 3629 3638 3627
f 3626 1487 3031
f 3639 3019 3018
f 3018 3017 3640
f 3640 3016 3015
f 3640 3015 3014
f 3640 3014 3641
f 3016 3640 3017
f 3641 3013 3012
f 3641 3012 3642
f 3648 3644 3643
f 3020 3643 3644
f 3020 3644 3634
f 3648 3634 3644
f 3645 3637 3633
f 3633 3648 3646
f 3633 3646 3645
f 3648 3633 3631
f 3648 3631 3634
f 3639 3648 3647
f 3648 3649 3647
f 3020 3647 3649
f 3648 3643 3649
f 3010 3642 3011
f 3639 3018 3640
f 3639 3647 3019
f 3020 3649 3643
f 3647 3020 3019
f 3638 3636 1477
f 3636 3637 1476
f 3626 1486 226
f 1476 3637 3645
f 3648 3650 3646
f 3648 3652 3651
f 3646 3650 1476
f 3650 3651 1476
f 3648 3653 3652
f 1476 3645 3646
f 1487 3626 226
f 3626 1484 1485
f 3626 1483 1484
f 1482 3627 1481
f 1481 3627 1480
f 1483 3627 1482
f 1480 3627 1479
f 1479 3627 269
f 3627 3638 1478
f 3636 1476 1477
f 3638 1477 1478
f 269 3627 1478
f 3626 3627 1483
f 3652 1476 3651
f 3648 3651 3650
f 3648 3639 3640
f 1476 3652 3653
f 1475 3653 3648
f 3642 1468 1469
f 3642 1469 3641
f 3648 3640 1474
f 1473 1474 3640
f 3648 1474 1475
f 1472 3640 1471
f 1471 3641 1470
f 1475 1476 3653
f 3640 1472 1473
f 3641 1471 3640
f 3641 3014 3013
f 1468 3642 312
f 3642 3012 3011
f 3642 1467 312
f 3641 1469 1470
f 3010 1467 3642
f 3044 1496 3045
f 3045 1496 1497
f 3045 1497 3046
f 3043 1496 3044
f 3041 1495 3042
f 3042 1495 3043
f 3039 1492 1493
f 3039 1491 1492
f 3038 1490 1491
f 3039 1493 1494
f 3037 1490 3038
f 3032 1488 3033
f 3031 1487 1488
f 3031 1488 3032
f 3066 1506 3067
f 3061 3063 3062
f 3059 1505 3060
f 3057 1504 3058
f 3058 1504 3059
f 3060 1505 3061
f 3068 1506 1507
f 3068 1507 3069
f 3056 1503 3057
f 3052 3054 3053
f 3661 1501 1502
f 3661 1502 3051
f 3051 1502 3052
f 3049 1498 3050
f 3661 3658 3657
f 3656 3659 3658
f 3656 3658 3661
f 1499 3655 3050
f 3656 3661 3655
f 3660 3661 3657
f 3048 1498 3049
f 1802 1607 3047
f 3046 1497 1802
f 1802 1497 1607
f 1501 3660 3657
f 3657 3658 1501
f 3658 3659 1500
f 3656 3655 3659
f 3655 1499 3659
f 1501 3661 3660
f 3659 1499 1500
f 3658 1500 1501
f 3671 3670 3662
f 3671 3662 3663
f 3672 3671 3663
f 3672 3663 3664
f 3673 3672 3664
f 3673 3664 3665
f 3674 3673 3665
f 3674 3665 3666
f 3667 3674 3666
f 3675 3668 3669
f 3677 3676 3670
f 3677 3670 3671
f 3678 3677 3671
f 3678 3671 3672
f 3679 3678 3672
f 3679 3672 3673
f 3680 3679 3673
f 3680 3673 3674
f 3667 3680 3674
f 3681 3668 3675
f 3682 3095 3094
f 3662 3093 3092
f 3093 3682 3094
f 3662 3091 3090
f 3662 3090 3089
f 3663 3088 3087
f 3663 3087 3086
f 3088 3662 3089
f 3091 3662 3092
f 3683 3086 3085
f 3682 3093 3662
f 3663 3662 3088
f 3684 3683 3085
f 3685 3682 3662
f 3685 3662 3670
f 3670 3676 3686
f 3670 3686 3685
f 3663 3086 3683
f 3685 3095 3682
f 3664 3663 3683
f 3687 3684 3084
f 3684 3085 3084
f 3667 3666 3687
f 3667 3687 3688
f 3084 3688 3687
f 3666 3665 3684
f 3666 3684 3687
f 3689 3688 3084
f 3665 3664 3683
f 3665 3683 3684
f 3688 3689 3668
f 3688 3668 3667
f 3685 1533 3095
f 3690 3083 3082
f 3669 3082 3081
f 3669 3080 3079
f 3669 3078 3077
f 3078 3669 3079
f 3080 3669 3081
f 3075 3691 3076
f 3074 3691 3075
f 3691 3073 3072
f 3071 3691 3072
f 3074 3073 3691
f 3076 3669 3077
f 3668 3693 3692
f 3084 3692 3693
f 3084 3693 3694
f 3668 3694 3693
f 3689 3694 3668
f 3689 3084 3694
f 3668 3692 3690
f 3691 3071 3070
f 3082 3669 3690
f 3070 3069 3691
f 3669 3076 3691
f 1514 1515 3681
f 3690 3669 3668
f 3695 3691 3069
f 3692 3083 3690
f 3692 3084 3083
f 3676 1530 1531
f 3676 1531 3686
f 1524 3677 3696
f 3678 3696 3677
f 3677 1525 1526
f 3677 1526 3676
f 3697 3696 3678
f 3697 3678 3679
f 3697 1523 3696
f 1533 3685 3686
f 3698 3697 3679
f 3698 3679 3680
f 3699 3698 3680
f 3699 3680 3667
f 3697 3698 1522
f 3700 3701 3668
f 3699 3702 1522
f 1522 3698 3699
f 3667 3702 3699
f 3668 3703 3700
f 3686 1532 1533
f 3686 1531 1532
f 3676 1529 1530
f 3676 1527 1528
f 3676 1526 1527
f 3677 1524 1525
f 3697 1522 1523
f 3696 1523 1524
f 3676 1528 1529
f 3701 1522 3702
f 3667 3668 3701
f 3667 3701 3702
f 3700 1522 3701
f 3703 3668 3704
f 3681 3704 3668
f 3700 3703 1522
f 3705 1511 1512
f 1507 3705 3695
f 3681 3675 3695
f 3681 3695 3705
f 1517 3681 1516
f 3705 1513 1514
f 3703 3704 1521
f 3681 1520 3704
f 1521 3704 1520
f 1519 1520 3681
f 1522 3703 1521
f 3681 1518 1519
f 3681 1517 1518
f 3675 3669 3691
f 3675 3691 3695
f 3705 1512 1513
f 1516 3681 1515
f 1514 3681 3705
f 3705 1509 1510
f 3705 1510 1511
f 3705 1507 1508
f 3705 1508 1509
f 3069 1507 3695
f 3112 1539 3113
f 3145 1539 3112
f 1537 3110 3109
f 1537 3109 3108
f 3106 1537 3107
f 1537 3108 3107
f 3110 1537 3706
f 3111 1538 3145
f 3111 3706 1537
f 3113 1539 1540
f 3113 1540 2895
f 3104 3710 3105
f 3104 3103 3711
f 3708 3102 3101
f 3708 3101 3100
f 3102 3709 3103
f 3099 3098 3711
f 3098 1535 3711
f 3708 3099 3711
f 3708 3711 3709
f 3708 3100 3099
f 3103 3709 3711
f 3708 3709 3102
f 3097 1535 3098
f 3097 1534 1535
f 3096 1534 3097
f 3095 1533 1597
f 3095 1597 3096
f 3096 1597 1534
f 3111 1537 1538
f 3710 3104 3711
f 3712 2936 2935
f 3712 2935 2934
f 3712 2933 2932
f 3712 2931 2930
f 3712 2930 2929
f 2931 3712 2932
f 2933 3712 2934
f 2927 3713 2928
f 2925 3713 2926
f 2924 3713 2925
f 2927 2926 3713
f 2922 3713 2923
f 2920 3713 2921
f 2919 3713 2920
f 2922 2921 3713
f 2924 2923 3713
f 2929 2928 3713
f 2917 3713 2918
f 3713 2916 2915
f 3714 2915 2914
f 2916 3713 2917
f 3714 3713 2915
f 2918 3713 2919
f 3713 3714 3715
f 3713 3715 3739
f 3739 3716 3713
f 3717 3718 3739
f 1573 1574 3712
f 2914 3715 3714
f 3713 3712 2929
f 3719 3715 2914
f 2913 3719 2914
f 3719 3717 3739
f 3739 3715 3719
f 3720 3718 2913
f 2913 3718 3717
f 2913 3717 3719
f 3718 3720 3739
f 3721 3722 3739
f 3720 3723 3739
f 3724 3725 3739
f 3726 3724 3739
f 3725 3721 3739
f 3723 3727 3739
f 3739 3722 3716
f 3723 3720 2913
f 3712 1400 2936
f 3728 2913 2912
f 2911 2910 3729
f 3730 2912 2911
f 2909 2908 3731
f 2908 2907 3731
f 2906 3732 2907
f 3729 2910 2909
f 3733 2906 2905
f 3734 3736 2904
f 3735 2904 2903
f 3748 2902 2901
f 2901 2900 3737
f 2902 3748 2903
f 2906 3733 3732
f 3727 2913 3738
f 3734 3733 3736
f 3735 2903 3748
f 3734 2904 3735
f 2913 3728 3738
f 3739 3727 3738
f 3740 3739 3738
f 3740 3738 3728
f 3740 3741 3739
f 3741 3742 3739
f 2912 3730 3728
f 3733 3735 3748
f 2899 2898 3743
f 2898 2897 3743
f 2897 2896 3744
f 2900 2899 3737
f 3744 2896 2895
f 3748 2901 3737
f 3728 3730 3740
f 3733 2905 3736
f 3727 3723 2913
f 3742 3726 3739
f 3712 1572 1573
f 1571 1572 3712
f 1569 1570 3712
f 3712 1568 1569
f 1570 1571 3712
f 1557 3716 3722
f 3741 3740 1556
f 3729 1554 1555
f 3729 1555 3730
f 3730 1555 3740
f 2911 3729 3730
f 3742 3741 1556
f 3721 3725 1556
f 3725 3724 1556
f 3726 3742 1556
f 3726 1556 3724
f 3722 3721 1556
f 1568 3713 1567
f 1400 3712 1574
f 1567 3713 1566
f 3713 1564 1565
f 1564 3713 1563
f 1566 3713 1565
f 1562 3713 1561
f 1560 3713 1559
f 3713 1558 1559
f 1561 3713 1560
f 1562 1563 3713
f 3713 1568 3712
f 3740 1555 1556
f 3722 1556 1557
f 3716 1558 3713
f 2907 3732 3731
f 1549 3732 3745
f 3733 3734 3735
f 3746 3745 3732
f 3746 3732 3733
f 3733 3747 3746
f 3732 1550 1551
f 3732 1551 3731
f 3745 3746 1547
f 3746 3747 1547
f 3731 1552 1553
f 3731 1553 3729
f 1553 1554 3729
f 3743 1543 1544
f 3743 1544 3737
f 2899 3743 3737
f 3733 3748 3747
f 3744 1541 1542
f 3744 1542 3743
f 1546 3748 3737
f 2897 3744 3743
f 3731 1551 1552
f 3732 1549 1550
f 3745 1547 1548
f 3745 1548 1549
f 3737 1544 1545
f 3737 1545 1546
f 3743 1542 1543
f 3744 1540 1541
f 3748 1546 3747
f 2895 1540 3744
f 2909 3731 3729
f 3756 3755 3208
f 3756 3753 3754
f 3754 3755 3756
f 3752 3753 3756
f 3756 2315 3752
f 3756 2565 2315
f 2566 2316 3757
f 3757 2567 2317
f 3757 2568 2567
f 2566 3757 2317
f 2316 2565 3756
f 3757 2318 2568
f 3758 2570 2569
f 2569 2318 3758
f 3758 2572 2571
f 3758 2319 2572
f 2571 2570 3758
f 3759 2574 2573
f 3759 2320 2575
f 3759 2576 2320
f 2575 2574 3759
f 2573 2319 3760
f 2577 2321 3761
f 2577 3761 3762
f 3762 2579 2578
f 2578 2577 3762
f 3763 2580 2322
f 3763 2582 2581
f 3763 2583 2582
f 2581 2580 3763
f 2322 2579 3763
f 3764 2585 2584
f 3764 2587 2586
f 3764 2588 2587
f 2586 2585 3764
f 3764 2590 2589
f 3765 2592 2591
f 3765 2593 2592
f 2591 2590 3764
f 2589 2588 3764
f 2584 2583 3764
f 3765 2595 2594
f 3765 2597 2596
f 2596 2595 3765
f 3765 2599 2598
f 3766 2601 2600
f 3766 2602 2601
f 2600 2599 3766
f 2598 2597 3765
f 3766 2604 2603
f 3767 2606 2605
f 3767 2607 2606
f 2605 2604 3766
f 3768 2609 2608
f 2323 2610 3768
f 2323 3768 3769
f 2611 2323 3769
f 2611 3769 3770
f 2610 2609 3768
f 2608 2607 3767
f 2603 2602 3766
f 2594 2593 3765
f 2321 2576 3771
f 2321 3771 3761
f 2612 3770 2613
f 2324 3772 2614
f 3773 2324 2613
f 3761 3771 3774
f 3761 3774 3775
f 3765 3766 2599
f 3769 3768 3776
f 3769 3776 3777
f 3762 3761 3775
f 3762 3775 3778
f 3762 3763 2579
f 3772 2615 2614
f 2615 3772 2616
f 2617 3772 2618
f 2618 3772 2619
f 3772 2617 2616
f 2620 3772 2325
f 2622 2621 3779
f 2623 2622 3779
f 2325 3779 2621
f 3772 2620 2619
f 2612 2611 3770
f 2319 3758 3760
f 1131 3756 1130
f 3759 2573 3760
f 3759 3771 2576
f 3758 3757 1137
f 3758 1137 1138
f 3758 2318 3757
f 3759 3760 3774
f 3759 3774 3771
f 3760 3780 3781
f 3760 3781 3774
f 3778 3775 3782
f 3778 3782 3783
f 3783 3763 3778
f 3778 3763 3762
f 3775 3774 3781
f 3775 3781 3782
f 3760 3758 1140
f 3760 1140 1141
f 3763 3764 2583
f 2608 3767 3768
f 3765 3764 1162
f 3765 1162 1163
f 3776 3768 3767
f 3776 3767 3784
f 3766 3767 2605
f 3766 3784 3767
f 3766 3765 1170
f 3766 1170 1171
f 3764 3765 2591
f 3784 3785 3786
f 3784 3786 3776
f 3777 3773 3770
f 3777 3770 3769
f 3773 3777 3787
f 3773 3787 3788
f 3772 3773 1184
f 3772 1184 1185
f 3773 3772 2324
f 3777 3776 3786
f 3777 3786 3787
f 3784 3766 3785
f 3770 3773 2613
f 3764 3763 1153
f 3764 1153 1154
f 3757 2316 3756
f 3779 2325 3772
f 3779 2624 2326
f 3789 2626 2625
f 2625 2624 3779
f 3789 2627 2327
f 3790 2629 2628
f 3790 2630 2629
f 2628 2627 3789
f 2327 2626 3789
f 2328 2631 3791
f 2328 3791 3792
f 3792 2632 2329
f 3793 2633 2632
f 2329 2328 3792
f 3794 2634 2330
f 2330 2633 3794
f 2631 2630 3790
f 2628 3789 3790
f 3789 3779 1196
f 3789 1196 1197
f 3792 3791 3795
f 3792 3795 3796
f 3790 3791 2631
f 3795 3791 3790
f 3795 3790 3797
f 3793 2632 3792
f 3797 3790 3789
f 3789 2625 3779
f 3797 3798 3799
f 3797 3799 3795
f 3792 3796 3793
f 3793 3796 3800
f 3793 3800 3801
f 3801 3794 3793
f 3793 3794 2633
f 3796 3795 3799
f 3796 3799 3800
f 3797 3789 3798
f 2634 3794 2635
f 3802 2636 2635
f 2331 2636 3802
f 3802 2332 2331
f 2332 3802 3803
f 3802 2635 3794
f 3802 3794 1212
f 3802 1212 1213
f 3779 2326 2623
f 3779 3772 1190
f 3779 1190 1191
f 3756 3208 3209
f 3803 2638 2637
f 3803 2640 2639
f 3804 2641 2640
f 2639 2638 3803
f 3804 2643 2642
f 3804 2645 2644
f 3804 2333 2645
f 2644 2643 3804
f 3805 2334 2646
f 3806 2335 2647
f 3806 2648 2335
f 2647 2334 3805
f 2646 2333 3805
f 2642 2641 3804
f 3807 2649 2336
f 2650 3808 2651
f 2650 2649 3807
f 2337 3808 2652
f 2338 3809 2653
f 2653 3809 2339
f 3808 2338 2652
f 3808 2337 2651
f 2340 3809 2654
f 2655 3809 2656
f 2656 3810 2657
f 3809 2655 2654
f 2658 3810 2341
f 2342 3810 2343
f 3810 2342 2341
f 3810 2658 2657
f 3809 2340 2339
f 2336 2648 3807
f 2344 3810 2345
f 3811 2346 2345
f 2346 3811 2347
f 2347 3811 2348
f 2659 3812 2349
f 2660 3812 2661
f 2661 3812 2662
f 2349 3812 2660
f 2663 3813 2664
f 2665 3813 2666
f 2666 3813 2350
f 3813 2665 2664
f 3812 2663 2662
f 3812 2659 2348
f 3814 2667 2350
f 3815 2669 2668
f 3816 2670 2669
f 2668 2667 3814
f 2668 3814 3817
f 3816 2672 2671
f 3818 2351 2672
f 2671 2670 3816
f 2351 3818 2673
f 2352 3819 2674
f 2674 3819 2675
f 3818 2352 2673
f 3819 2676 2675
f 3814 2350 3813
f 3810 2344 2343
f 2353 3820 2677
f 2354 3820 2678
f 3820 2354 2677
f 2679 3820 2680
f 2681 3820 2682
f 2682 3820 2683
f 3820 2681 2680
f 3820 2679 2678
f 2684 3821 2355
f 2685 3821 2356
f 2356 3821 2686
f 3821 2685 2355
f 2358 2687 3822
f 2689 2688 3822
f 2690 2689 3823
f 2358 3822 2688
f 3821 2357 2686
f 3821 2684 2683
f 3806 3807 2648
f 3806 3805 3824
f 3806 3824 3825
f 3816 2669 3815
f 3815 3817 3826
f 3815 3826 3827
f 3807 3808 2650
f 3815 2668 3817
f 3804 3824 3805
f 3804 3803 1221
f 3804 1221 1222
f 3807 3806 3825
f 3807 3825 3828
f 3825 3824 3829
f 3825 3829 3830
f 3824 3804 3829
f 3804 3805 2333
f 3804 2640 3803
f 3817 3814 3831
f 3817 3831 3826
f 2692 2691 3823
f 2693 2359 3832
f 2694 2693 3832
f 2692 3823 2359
f 3832 2695 2694
f 3815 3827 3833
f 3815 3833 3816
f 2696 2695 3832
f 2697 2696 3834
f 2357 3822 2687
f 2691 2690 3823
f 2353 2676 3819
f 2672 3816 3818
f 2647 3805 3806
f 2698 3834 2699
f 2700 3835 2701
f 3834 2700 2699
f 2702 3835 2703
f 2703 3836 3159
f 3835 2702 2701
f 2704 3837 2705
f 2705 3837 2706
f 3836 2704 3159
f 2707 3837 2708
f 3838 2709 2708
f 3838 2708 3837
f 3837 2707 2706
f 2710 2360 3839
f 2710 3839 3840
f 3841 2712 2711
f 3842 2713 2712
f 2711 2710 3840
f 2711 3840 3841
f 2360 2709 3838
f 2360 3838 3839
f 3839 3838 3843
f 3839 3843 3844
f 3841 3840 3845
f 3841 3845 3846
f 3842 3841 3846
f 3842 3846 3847
f 2712 3841 3842
f 3840 3839 3844
f 3840 3844 3845
f 2714 2713 3842
f 3848 2715 2714
f 3848 2362 2361
f 3849 2363 2362
f 2361 2715 3848
f 2364 2363 3849
f 3848 3849 2362
f 2365 2716 3849
f 2364 3849 2716
f 3849 3850 852
f 3849 852 2365
f 3851 3849 3848
f 3848 2714 3842
f 3848 3842 3847
f 3848 3847 3852
f 2697 3834 2698
f 3803 2637 2332
f 3803 3802 1218
f 3803 1218 1219
f 3749 3750 3756
f 3751 1126 3756
f 3750 3751 3756
f 1127 1128 3756
f 1128 1129 3756
f 1126 1127 3756
f 3756 1131 823
f 3780 1145 3781
f 1132 3757 823
f 1133 3757 1132
f 1130 3756 1129
f 3757 3756 823
f 1134 824 3757
f 824 1135 3757
f 1133 1134 3757
f 3209 3749 3756
f 1135 1136 3757
f 1136 1137 3757
f 1139 1140 3758
f 1138 1139 3758
f 3780 1141 1142
f 3780 1143 1144
f 3780 1144 1145
f 3780 1142 1143
f 3760 1141 3780
f 1145 1146 3782
f 1145 3782 3781
f 3763 3783 1149
f 3783 3782 1146
f 3783 1146 1147
f 1177 3786 3785
f 3764 1159 1160
f 3783 1148 1149
f 1149 1150 3763
f 3783 1147 1148
f 3787 3786 1179
f 3787 1179 1180
f 1215 1216 3802
f 3830 3853 3828
f 3830 3828 3825
f 3853 3830 1231
f 3853 1231 817
f 3853 3808 3828
f 3830 3829 1229
f 3830 1229 1230
f 1189 1190 3772
f 3788 3787 1180
f 3788 1180 1181
f 3800 3799 1204
f 3801 3800 1204
f 3801 1204 1205
f 3788 1183 3773
f 3799 3798 1203
f 3801 1207 3794
f 3763 1150 1151
f 1151 1152 3763
f 1154 1155 3764
f 1152 1153 3763
f 1157 3764 1156
f 1159 3764 1158
f 1161 3764 1160
f 1158 3764 1157
f 1155 1156 3764
f 1164 1165 3765
f 1165 1166 3765
f 1163 1164 3765
f 1167 1168 3765
f 1169 1170 3765
f 1168 1169 3765
f 1166 1167 3765
f 1161 1162 3764
f 3766 1171 1172
f 1172 1173 3766
f 3766 1174 3785
f 3785 1175 1176
f 3785 1176 1177
f 3785 1174 1175
f 1173 1174 3766
f 3786 1178 1179
f 3788 1181 1182
f 1183 1184 3773
f 1185 1186 3772
f 1186 1187 3772
f 3788 1182 1183
f 3786 1177 1178
f 825 1188 3772
f 1188 1189 3772
f 1192 1193 3779
f 1194 1195 3779
f 1195 1196 3779
f 1193 1194 3779
f 1191 1192 3779
f 1197 1198 3789
f 826 1199 3789
f 1199 1200 3789
f 1198 826 3789
f 3798 1200 1201
f 3798 1202 1203
f 3799 1203 1204
f 3798 1201 1202
f 3789 1200 3798
f 1187 825 3772
f 3801 1205 1206
f 1207 1208 3794
f 3801 1206 1207
f 827 1209 3794
f 1210 1211 3794
f 1211 1212 3794
f 1209 1210 3794
f 1208 827 3794
f 1213 828 3802
f 1214 1215 3802
f 1216 1217 3802
f 828 1214 3802
f 1217 1218 3802
f 1220 1221 3803
f 1219 1220 3803
f 1223 1224 3804
f 1225 1226 3804
f 1226 1227 3804
f 1224 1225 3804
f 1222 1223 3804
f 3804 829 3829
f 3829 1228 830
f 3829 830 1229
f 3829 829 1228
f 3830 1230 1231
f 3853 817 831
f 1227 829 3804
f 831 3808 3853
f 1233 3808 1232
f 831 1232 3808
f 1233 1234 3808
f 3809 3808 1234
f 3809 1234 832
f 2338 3808 3809
f 832 1235 3809
f 2345 3810 3811
f 3811 3810 834
f 3811 834 835
f 3812 3811 1242
f 3812 1242 1243
f 2348 3811 3812
f 3810 3809 1235
f 3810 1235 833
f 3810 1236 1237
f 3810 833 1236
f 2656 3809 3810
f 3810 1237 834
f 3811 835 1238
f 3811 1239 1240
f 3811 1240 836
f 3811 1238 1239
f 3811 1241 837
f 3812 1243 1244
f 3811 837 1242
f 3812 1245 1246
f 3812 1247 838
f 3813 3812 838
f 3812 1246 1247
f 3812 1244 1245
f 3811 836 1241
f 1248 3813 838
f 3814 3813 3831
f 3854 3831 3813
f 3827 3826 3855
f 3827 3855 3856
f 3826 3831 3854
f 3826 3854 3855
f 3816 3833 3818
f 3857 3818 3833
f 2353 3819 3820
f 3820 3819 1265
f 3820 1265 1266
f 3821 3820 842
f 3821 842 1268
f 2683 3820 3821
f 3819 3818 1260
f 3819 1260 1261
f 2352 3818 3819
f 3857 3833 3827
f 3857 3827 3856
f 2689 3822 3823
f 3832 3823 1277
f 3832 1277 1278
f 2696 3832 3834
f 3835 3834 846
f 3835 846 1284
f 3836 3835 1286
f 3836 1286 847
f 2700 3834 3835
f 3834 3832 1280
f 3834 1280 1281
f 2359 3823 3832
f 2704 3836 3837
f 1292 3858 3837
f 3844 3843 3858
f 3844 3858 3859
f 3845 3844 3859
f 3845 3859 3860
f 3843 3837 3858
f 3838 3837 3843
f 3837 3836 1288
f 3837 1288 1289
f 2703 3835 3836
f 3822 3821 843
f 3822 843 1273
f 2357 3821 3822
f 3855 3854 1251
f 3855 1251 840
f 3857 3856 1252
f 3859 3858 1294
f 3859 1294 1295
f 1250 3854 3813
f 840 3856 3855
f 1251 3854 1250
f 3823 3822 1274
f 3823 1274 1275
f 1250 3813 1249
f 1249 3813 839
f 3860 3859 1295
f 3860 1295 1296
f 3847 3846 3861
f 3847 3861 3862
f 3846 3845 3860
f 3846 3860 3861
f 3852 3847 3862
f 3852 3862 3863
f 3851 3852 3863
f 3851 3863 3864
f 3848 3852 3851
f 3862 3861 1297
f 3862 1297 849
f 3864 3863 1300
f 3864 1300 850
f 3850 3864 851
f 3850 851 1301
f 3851 3864 3850
f 3863 3862 1298
f 3863 1298 1299
f 3861 3860 1296
f 3861 1296 1297
f 3818 3857 1255
f 839 3813 1248
f 2663 3812 3813
f 3856 840 1252
f 3857 1253 1254
f 3857 1252 1253
f 3818 1255 1256
f 3818 841 1257
f 3818 1257 1258
f 3818 1256 841
f 3857 1254 1255
f 3818 1259 1260
f 3819 1261 1262
f 3819 1262 1263
f 3819 1264 1265
f 3819 1263 1264
f 3818 1258 1259
f 3820 1267 842
f 3820 1266 1267
f 3821 1269 1270
f 3821 1271 1272
f 3821 1272 843
f 3821 1270 1271
f 3822 1273 1274
f 3821 1268 1269
f 3823 844 1276
f 3823 1276 1277
f 3832 1279 1280
f 3834 1281 1282
f 3834 1282 1283
f 3832 1278 1279
f 3834 845 846
f 3835 1284 1285
f 3835 1285 1286
f 3836 847 848
f 3836 848 1287
f 3834 1283 845
f 3837 1290 1291
f 3837 1291 1292
f 3837 1289 1290
f 3858 1293 1294
f 3858 1292 1293
f 3863 1299 1300
f 3862 849 1298
f 3864 850 851
f 3850 1301 1302
f 3850 1302 852
f 3836 1287 1288
f 3823 1275 844
f 3851 3850 3849
f 3807 3828 3808
f 2894 324 3153
f 2894 1357 324
f 1356 1357 2894
f 2885 1349 1350
f 2884 1348 1349
f 2883 1347 1348
f 2883 1348 2884
f 2882 1347 2883
f 2884 1349 2885
f 2874 1343 1344
f 2874 1344 2875
f 2873 1342 1343
f 2871 2870 1613
f 2871 1613 3149
f 3148 1340 2870
f 3148 1339 1340
f 2869 1339 3148
f 2868 1336 1590
f 2867 1336 2868
f 2867 1589 1336
f 2873 1343 2874
f 2867 2866 1589
f 2863 1332 1333
f 2863 1331 1332
f 2862 1330 1331
f 3130 1330 2862
f 2862 1331 2863
f 3130 1588 1330
f 2859 1327 1328
f 2858 1326 2859
f 2858 1325 1326
f 2859 1326 1327
f 2854 1324 2855
f 2854 1323 1324
f 2853 1322 1323
f 2852 1322 2853
f 2853 1323 2854
f 2851 1321 2852
f 2851 1320 1321
f 2851 1319 1320
f 2852 1321 1322
f 2855 1324 2856
f 2848 1312 1313
f 2848 1311 1312
f 2847 1310 1311
f 2846 1310 2847
f 2847 1311 2848
f 2841 1308 2842
f 2840 1308 2841
f 2839 1307 2840
f 2838 1305 1306
f 2838 1306 2839
f 2840 1307 1308
f 2837 1304 1305
f 2837 1305 2838
f 1590 1337 2868
f 1613 2870 1340
f 1306 1307 2839
f 3866 2956 2955
f 3866 2955 2954
f 3866 2953 2952
f 2951 3867 2952
f 2949 3867 2950
f 2951 2950 3867
f 2953 3866 2954
f 3867 2949 2948
f 3868 2948 2947
f 3868 3867 2948
f 1417 1418 3866
f 3869 3867 3868
f 3867 3866 2952
f 3870 3868 2947
f 3871 3872 2946
f 3870 2946 3872
f 3873 3872 3871
f 3874 3871 2946
f 3875 3869 3868
f 3875 3868 3870
f 2947 2946 3870
f 3870 3872 3873
f 3870 3873 3875
f 3875 3873 3877
f 3875 3877 3876
f 3869 3875 3876
f 3869 3876 3878
f 3869 3878 3867
f 3866 1420 2956
f 3887 2945 2944
f 2944 2943 3879
f 3879 2942 2941
f 3879 2941 2940
f 3879 2940 3880
f 2942 3879 2943
f 3880 2939 2938
f 3881 3883 3882
f 2946 2945 3882
f 3883 2946 3882
f 3881 3884 3883
f 3881 3873 3871
f 3881 3871 3874
f 3885 3877 3873
f 3881 3874 3884
f 3883 3884 2946
f 3888 2938 2937
f 3886 3887 3881
f 3886 3881 3882
f 2936 3888 2937
f 3887 2944 3879
f 2945 3887 3886
f 3882 2945 3886
f 3884 3874 2946
f 3878 3876 1410
f 3876 3877 1409
f 3873 3881 3889
f 3873 3889 3885
f 1409 3877 3885
f 3881 3890 3889
f 3891 3890 3881
f 3881 3892 3891
f 3889 3890 1409
f 3890 3891 1409
f 3887 3893 3892
f 3887 3892 3881
f 1409 3885 3889
f 3879 3894 3893
f 3879 3893 3887
f 1420 3866 1419
f 1419 3866 1418
f 3866 1416 1417
f 1415 3867 1414
f 1414 3867 1413
f 1416 3867 1415
f 1412 1413 3867
f 3867 3878 1411
f 3876 1409 1410
f 3878 1410 1411
f 1412 3867 1411
f 3866 3867 1416
f 3892 1409 3891
f 1408 3892 3893
f 1408 3893 3894
f 1407 3894 3879
f 3888 3880 2938
f 1408 3894 1407
f 1406 1407 3879
f 3880 1402 1403
f 1405 3879 1404
f 1404 3880 1403
f 1408 1409 3892
f 1406 3879 1405
f 1404 3879 3880
f 3880 2940 2939
f 3888 1402 3880
f 3888 1401 1402
f 3888 1400 1401
f 2936 1400 3888
f 3897 2555 3895
f 3896 3899 3898
f 3900 3896 3898
f 3900 3901 2556
f 3903 2556 3902
f 1821 3906 3919
f 3907 1821 3919
f 3909 3908 3920
f 3193 3187 3556
f 3917 3556 3211
f 3895 3555 3554
f 3895 3554 3553
f 3917 3211 3555
f 3895 3552 3551
f 3895 3551 3550
f 3897 3549 3548
f 3897 3548 3547
f 3897 3895 3550
f 3897 3550 3549
f 3895 3553 3552
f 3897 3546 3545
f 3897 3545 3544
f 3897 3543 3542
f 3897 3542 3541
f 3897 3544 3543
f 3896 3897 3540
f 3897 3541 3540
f 3897 3547 3546
f 3896 3540 3539
f 3896 3539 3538
f 3896 3537 3536
f 3896 3536 3535
f 3896 3538 3537
f 3899 3534 3533
f 3899 3533 3532
f 3899 3531 3530
f 3530 3529 3899
f 3899 3532 3531
f 3899 3535 3534
f 3898 3528 3527
f 3898 3527 3526
f 3898 3525 3524
f 3898 3524 3523
f 3898 3526 3525
f 3900 3522 3521
f 3900 3521 3520
f 3900 3519 3518
f 3901 3517 3516
f 3900 3518 3517
f 3900 3520 3519
f 3900 3523 3522
f 3898 3529 3528
f 3917 3194 3193
f 3901 3516 3515
f 3917 3196 3195
f 3556 3917 3193
f 3895 3917 3555
f 3195 3194 3917
f 3514 3901 3515
f 3513 3901 3514
f 3511 2556 3512
f 3510 2556 3511
f 3512 3901 3513
f 3509 2556 3510
f 1711 2555 3897
f 3535 3899 3896
f 3900 3898 3523
f 3901 3900 3517
f 3512 2556 3901
f 3899 3529 3898
f 2556 3509 3508
f 2556 3508 3507
f 2556 3507 3506
f 3902 3505 3504
f 3902 3504 3503
f 3902 3506 3505
f 2556 3506 3902
f 3502 3903 3503
f 3903 3902 3503
f 3501 3500 3903
f 3903 3500 3499
f 3498 3497 3904
f 3498 3904 3903
f 3903 3499 3498
f 3502 3501 3903
f 3496 3904 3497
f 3495 3904 3496
f 3494 3493 3904
f 3492 3904 3493
f 3495 3494 3904
f 3491 3490 3905
f 3490 3489 3905
f 3487 3918 3488
f 3918 3487 3486
f 3488 3905 3489
f 3491 3905 3492
f 3918 3486 3485
f 3485 3484 3918
f 3484 3483 3918
f 3919 3483 3482
f 3481 3919 3482
f 3481 3480 3919
f 3480 3479 3919
f 3919 3478 3477
f 3479 3478 3919
f 3476 3475 3920
f 3473 3921 3474
f 3471 3920 3472
f 3472 3920 3473
f 3475 3474 3921
f 3477 3476 3920
f 3470 3469 3920
f 3468 3920 3469
f 3471 3470 3920
f 3468 2558 3920
f 3905 3904 3492
f 3483 3919 3918
f 3918 3905 3488
f 3919 3906 3918
f 3477 3920 3919
f 3920 3908 3919
f 3921 3920 3475
f 3473 3920 3921
f 3468 3910 2558
f 3917 3922 3197
f 3196 3917 3197
f 2555 3922 3917
f 2555 3917 3895
f 1700 3897 3896
f 3906 1821 3918
f 3908 1847 3919
f 3919 1847 3907
f 3903 2557 2556
f 3908 3909 1847
f 1821 3905 3918
f 2558 3909 3920
f 3468 3911 3910
f 3466 3911 3467
f 3465 3911 3466
f 3463 3911 3464
f 3462 3911 3463
f 3464 3911 3465
f 3467 3911 3468
f 3460 3911 3461
f 3459 3911 3460
f 3458 3457 1928
f 3459 3458 1928
f 3459 1928 3911
f 3457 3456 1928
f 3911 3462 3461
f 3456 3455 1928
f 3455 3454 1928
f 3453 3452 3912
f 3454 3453 1928
f 3452 3451 3913
f 3451 3450 3913
f 3448 3913 3449
f 3923 3448 3447
f 3449 3913 3450
f 3446 3445 3923
f 3445 3924 3923
f 3444 3443 3923
f 3443 3442 3915
f 3447 3446 3923
f 3913 3448 3923
f 3915 3923 3443
f 3923 3924 3444
f 3453 3912 1928
f 3452 3913 3912
f 3923 3915 3925
f 3914 3913 3923
f 3442 3441 3926
f 3440 3439 3926
f 3438 3437 3927
f 3439 3438 3927
f 3437 3436 3927
f 3441 3440 3926
f 3927 3926 3439
f 3436 3435 3927
f 3442 3926 3915
f 3927 3435 3434
f 3433 3432 3927
f 3431 3916 3432
f 3434 3433 3927
f 3430 3429 3916
f 3428 3916 3429
f 3427 3426 3916
f 3424 3916 3425
f 3426 3425 3916
f 3427 3916 3428
f 3430 3916 3431
f 3423 3422 2563
f 3422 3421 2563
f 3420 3419 2564
f 2563 3421 3420
f 3419 3418 2564
f 2563 3424 3423
f 3417 2564 3418
f 3416 2564 3417
f 3414 2564 3415
f 3413 2564 3410
f 3410 2564 3414
f 3415 2564 3416
f 3208 3755 3413
f 2559 3915 3926
f 3432 3916 3927
f 3413 3755 3754
f 2563 3916 3424
f 2564 2563 3420
f 2564 3754 3753
f 2564 3413 3754
f 1928 2558 3910
f 1928 3912 1950
f 3912 3913 2040
f 3914 3923 3925
f 3910 3911 1928
f 2559 3150 3915
f 3926 3929 2559
f 3927 2248 3928
f 3927 3928 3929
f 3927 3929 3926
f 3916 2561 3927
f 3927 2561 2560
f 3752 2564 3753
f 2564 3916 2563
f 2560 2248 3927
f 2561 2234 2560
f 2248 2559 3929
f 2248 3929 3928
f 3151 2564 3752
f 2272 2561 3916
f 2272 3916 2562
f 2564 2562 3916
f 3188 3932 3930
f 3933 3931 3932
f 1107 3935 3934
f 1107 3934 3933
f 3937 3936 3935
f 1107 3937 3935
f 1108 3937 1107
f 1108 3938 3937
f 1108 1109 3938
f 1113 3942 159
f 1116 3943 1115
f 1116 1115 253
f 3189 3210 3190
f 3953 3211 3210
f 3953 3213 3212
f 3953 3212 3211
f 3930 3215 3214
f 3930 3216 3215
f 3930 3218 3217
f 3930 3220 3219
f 3930 3219 3218
f 3930 3217 3216
f 3930 3214 3213
f 3932 3222 3221
f 3932 3223 3222
f 3932 3225 3224
f 3932 3227 3226
f 3932 3226 3225
f 3932 3224 3223
f 3931 3228 3227
f 3931 3227 3932
f 3931 3230 3229
f 3931 3232 3231
f 3931 3234 3233
f 3931 3233 3232
f 3931 3231 3230
f 3220 3930 3932
f 3931 3236 3235
f 3236 3931 3933
f 3933 3237 3236
f 3933 3240 3239
f 3933 3239 3238
f 3933 3242 3241
f 3933 3243 3242
f 3244 3933 3245
f 3934 3247 3246
f 3934 3245 3933
f 3933 3244 3243
f 3934 3249 3248
f 3934 3250 3249
f 3934 3252 3251
f 3935 3253 3252
f 3935 3252 3934
f 3934 3251 3250
f 3934 3248 3247
f 3933 3241 3240
f 3931 3235 3234
f 3935 3256 3255
f 3935 3257 3256
f 3935 3259 3258
f 3936 3260 3259
f 3935 3258 3257
f 3936 3262 3261
f 3936 3263 3262
f 3936 3265 3264
f 3936 3267 3266
f 3936 3266 3265
f 3936 3264 3263
f 3936 3261 3260
f 3953 3210 3189
f 3192 3953 3189
f 3930 3213 3953
f 3932 3221 3220
f 3931 3229 3228
f 3930 3953 3188
f 3245 3934 3246
f 3237 3933 3238
f 3267 3937 3268
f 3253 3935 3254
f 3935 3936 3259
f 3937 3269 3268
f 3937 3267 3936
f 3935 3255 3254
f 3937 3271 3270
f 3937 3272 3271
f 3937 3274 3273
f 3938 3276 3275
f 3937 3275 3274
f 3937 3273 3272
f 3938 3278 3277
f 3938 3279 3278
f 3938 3281 3280
f 3938 3283 3282
f 3938 3282 3281
f 3938 3280 3279
f 3938 3277 3276
f 3284 3283 1109
f 3285 3284 1109
f 3938 3275 3937
f 1109 3283 3938
f 1109 3286 3285
f 1109 3288 3287
f 3288 1109 3289
f 3290 3289 1109
f 1109 3291 3290
f 3939 3292 3291
f 3939 3291 1109
f 3286 1109 3287
f 3269 3937 3270
f 3939 3293 3292
f 3940 3295 3294
f 1110 3297 3296
f 3940 3296 3295
f 3940 3294 3293
f 1110 3299 3298
f 1110 3300 3299
f 1110 3302 3301
f 1110 3304 3303
f 1110 3303 3302
f 1110 3301 3300
f 1110 3306 3305
f 1110 3307 3306
f 134 3309 3308
f 1111 3311 3310
f 1111 3310 3309
f 134 3308 3307
f 1110 3305 3304
f 1110 3298 3297
f 1111 3313 3312
f 1112 3314 3313
f 1112 3316 3315
f 1112 3317 3316
f 1112 3315 3314
f 1112 3318 3317
f 3319 3318 3942
f 3942 3320 3319
f 3942 3322 3321
f 3323 3954 3324
f 3322 3954 3323
f 3942 3321 3320
f 3325 3954 3326
f 3954 3327 3326
f 3327 3954 3328
f 3324 3954 3325
f 3318 3941 3942
f 1111 3312 3311
f 3940 3293 3939
f 3940 1110 3296
f 134 1111 3309
f 134 3307 1110
f 3318 1112 3941
f 1112 3313 1111
f 3954 3322 3942
f 3328 3955 3943
f 3329 3943 3330
f 3331 3943 3332
f 3330 3943 3331
f 3328 3943 3329
f 3332 3943 3333
f 3954 1114 1115
f 3954 3942 1114
f 3955 3954 1115
f 3954 3955 3328
f 307 3334 3333
f 307 3333 3943
f 3188 3953 3192
f 1105 35 3191
f 3188 3191 35
f 3932 1106 3933
f 1107 84 1108
f 1108 111 1109
f 3932 3188 35
f 1107 3933 1106
f 1106 3932 53
f 1114 3942 1113
f 3943 3955 1115
f 1110 3940 3939
f 307 3943 1116
f 307 3336 3335
f 3944 3338 3337
f 3945 3340 3339
f 3944 3339 3338
f 3944 3337 3336
f 3945 3342 3341
f 3945 3343 3342
f 3945 3345 3344
f 3945 3347 3346
f 3945 3346 3345
f 3945 3344 3343
f 3945 3349 3348
f 3945 3350 3349
f 1117 3352 3351
f 1117 3354 3353
f 1117 3353 3352
f 1117 3351 3350
f 3945 3348 3347
f 3945 3341 3340
f 1117 3356 3355
f 3946 3357 3356
f 3946 3359 3358
f 3946 3360 3359
f 3946 3358 3357
f 3946 3362 3361
f 3946 3363 3362
f 3946 3365 3364
f 1119 3367 3366
f 3946 3366 3365
f 3946 3364 3363
f 3946 3361 3360
f 1119 3369 3368
f 1119 3370 3369
f 1119 3372 3371
f 3947 3374 3373
f 3947 3373 3372
f 1119 3371 3370
f 3375 3947 3376
f 3376 3947 3377
f 3947 3375 3374
f 1119 3368 3367
f 1117 3355 3354
f 307 3944 3336
f 3946 3356 1117
f 3945 1117 3350
f 3944 3945 3339
f 3946 1119 3366
f 3372 1119 3947
f 3377 3947 3956
f 3334 307 3335
f 3948 3380 3379
f 3948 3379 3378
f 3382 3381 3948
f 3383 3382 3960
f 3385 3384 3960
f 3386 3385 3960
f 3384 3383 3960
f 3381 3380 3948
f 3378 3377 3948
f 3387 3957 3950
f 3387 3950 3388
f 3389 3388 3950
f 3390 3389 3950
f 3392 3391 3950
f 3393 3392 3950
f 3391 3390 3950
f 3395 3394 3950
f 3396 3395 3950
f 3398 3397 3951
f 3400 3399 3951
f 3399 3398 3951
f 3397 3396 3951
f 3394 3393 3950
f 3402 3401 3951
f 3403 3402 3951
f 3405 3404 3951
f 3407 3406 3952
f 3406 3405 3951
f 3404 3403 3951
f 3409 3408 3952
f 3414 3409 3952
f 3410 3414 3952
f 3412 3411 3749
f 3411 3410 3952
f 3408 3407 3952
f 3401 3400 3951
f 3209 3412 3749
f 3377 3956 3959
f 3382 3948 3960
f 3959 3948 3377
f 3960 3957 3386
f 3960 3949 3957
f 3957 3949 3950
f 3952 3406 3951
f 3749 3952 3750
f 3950 3951 3396
f 3411 3952 3749
f 3952 3751 3750
f 1118 3946 1117
f 1119 1120 3947
f 3945 372 1117
f 3944 307 320
f 3944 320 3945
f 452 3956 3947
f 452 3947 3958
f 1121 3948 452
f 1119 3946 1118
f 3947 1120 3958
f 3948 3959 452
f 1615 3961 3960
f 1615 3960 3948
f 3962 3963 3960
f 3962 3960 3961
f 3949 3960 1125
f 3950 3949 782
f 3948 1121 1615
f 3963 1124 3960
f 3960 1124 734
f 1125 3960 734
f 1122 3961 590
f 1122 3962 3961
f 1123 3962 1122
f 1123 1124 3963
f 3962 1123 3963
f 3961 1615 590
f 3751 3952 1126
f 3951 1127 3952
f 4000 3996 5807
f 4003 5820 5821
f 4040 4006 4007
f 4022 4012 4000
f 4002 4022 4001
f 4002 4001 5810
f 5812 4031 4002
f 5812 4002 3997
f 5814 5812 5813
f 4013 5814 4003
f 4013 4003 5821
f 4014 4013 5821
f 4015 4014 4004
f 4015 4004 4005
f 4016 4015 4005
f 4017 5823 4018
f 4010 4018 4006
f 4040 4010 4006
f 4026 4040 4007
f 4026 4007 5827
f 4019 4026 5827
f 4019 5827 4008
f 4034 4016 4005
f 4023 4034 4005
f 4042 5085 4012
f 4029 4014 4015
f 4024 4017 4018
f 4010 4024 4018
f 4026 4025 4040
f 4036 4026 4019
f 4052 4013 4014
f 4046 4042 4012
f 4046 4012 4022
f 4058 4046 4022
f 4002 4058 4022
f 4028 4031 5812
f 4028 5812 5814
f 4038 5814 4013
f 4029 4052 4014
f 4029 4015 4016
f 4047 4029 4016
f 4063 4034 4023
f 4063 4023 4017
f 4043 4040 4025
f 4035 4044 4026
f 4036 4035 4026
f 4032 4031 4028
f 4038 4033 5814
f 4052 4038 4013
f 4047 4016 4034
f 4040 4024 4010
f 7088 4002 4031
f 4054 4052 4029
f 4047 4054 4029
f 4063 4047 4034
f 4048 4017 4024
f 4039 4048 4024
f 4039 4024 4040
f 4043 4064 4040
f 4043 4025 4026
f 4044 4043 4026
f 4044 4035 4036
f 4096 4044 4036
f 4053 4052 4054
f 4062 4047 4063
f 4048 4039 4040
f 4064 4048 4040
f 4096 4036 4049
f 4087 4051 4042
f 4048 4063 4017
f 4055 4100 4064
f 4055 4064 4043
f 4056 4055 4043
f 4056 4043 4044
f 4096 4056 4044
f 4052 4068 4038
f 4078 4088 4048
f 4064 4078 4048
f 4087 4042 4046
f 4053 4068 4052
f 4054 4075 4053
f 4076 4061 4054
f 4076 4054 4047
f 4062 4076 4047
f 4077 4062 4063
f 4105 4077 4063
f 4088 4085 4048
f 4095 4055 4056
f 4069 4096 4049
f 4068 4053 4075
f 4077 4076 4062
f 4089 4096 4069
f 4071 4046 4058
f 4061 4075 4054
f 4085 4105 4063
f 4085 4063 4048
f 4100 4078 4064
f 4102 4091 4066
f 4073 4068 4075
f 4087 8966 4051
f 4067 4080 4072
f 4099 4061 4076
f 4077 4099 4076
f 4122 4100 4055
f 4122 4055 4095
f 4096 4095 4056
f 5815 4046 4071
f 4084 4094 4077
f 4084 4077 4105
f 4087 4112 8966
f 4115 4102 4080
f 4067 4115 4080
f 4092 4067 4073
f 4093 4103 4073
f 4099 4083 4061
f 4105 4094 4084
f 4096 4123 4095
f 4107 4096 4089
f 5815 4087 4046
f 4113 4091 4102
f 4103 4092 4073
f 8966 4111 5087
f 4113 4082 4091
f 4092 4115 4067
f 4104 4083 4099
f 4136 4094 4105
f 4106 4105 4085
f 4088 4106 4085
f 4078 4119 4088
f 4107 4123 4096
f 4116 4092 4103
f 4127 4103 4093
f 5830 4104 4099
f 4100 4119 4078
f 4139 4100 4122
f 4111 4126 5087
f 4109 4111 8966
f 4112 4109 8966
f 4114 4113 4102
f 4114 4102 4115
f 4127 4116 4103
f 4174 4136 4105
f 4174 4105 4106
f 4174 4106 4088
f 4118 4174 4088
f 4137 4139 4122
f 4123 4122 4095
f 4121 4098 4082
f 4116 4130 4092
f 4119 4118 4088
f 4112 4126 4111
f 4112 4111 4109
f 4113 4121 4082
f 4092 4114 4115
f 4127 4131 4116
f 4128 4136 4174
f 4100 4141 4119
f 4146 4137 4122
f 4182 4122 4123
f 4124 4132 4089
f 5831 4087 5815
f 4131 4130 4116
f 4141 4118 4119
f 4139 4141 4100
f 4154 5089 4126
f 4112 4154 4126
f 4155 4113 4114
f 4130 4114 4092
f 4136 4135 4094
f 4182 4146 4122
f 4107 4182 4123
f 4195 4107 4089
f 4195 4089 4132
f 4131 4144 4130
f 4152 4174 4118
f 4175 4118 4141
f 4087 4160 4112
f 4155 4148 4113
f 4156 4155 4114
f 4130 4156 4114
f 4175 4152 4118
f 4146 4139 4137
f 4195 4182 4107
f 4163 4128 4174
f 4158 4139 4146
f 4169 4154 4112
f 4169 4112 4160
f 4113 5817 4121
f 4170 4175 4141
f 4139 4170 4141
f 4144 4149 4130
f 4135 4165 4145
f 4163 4166 4128
f 4158 4170 4139
f 4154 4197 5089
f 4156 4162 4155
f 4151 4156 4130
f 4151 4130 4149
f 4128 4190 4136
f 4182 4194 4146
f 4184 4087 5831
f 4155 4161 4148
f 4199 4174 4152
f 4225 4197 4154
f 4148 5817 4113
f 4162 4161 4155
f 4178 4151 4157
f 4158 4212 4170
f 4193 4158 4146
f 4194 4193 4146
f 4156 4233 4162
f 4178 4185 4151
f 4199 4152 4175
f 4087 4203 4160
f 4148 4177 5817
f 4161 4177 4148
f 4185 4156 4151
f 4135 4173 4165
f 4193 4227 4158
f 4215 4132 4167
f 4208 4128 4166
f 4163 4208 4166
f 4181 4173 4135
f 4190 4135 4136
f 4191 4208 4163
f 4200 4199 4175
f 4200 4175 4170
f 4213 4212 4158
f 4227 4213 4158
f 4195 4132 4215
f 4180 4225 4154
f 4186 4191 4163
f 4174 4186 4163
f 4246 4203 4087
f 4184 4246 4087
f 4188 4205 4156
f 4188 4156 4185
f 4178 4189 4185
f 4208 4190 4128
f 4192 4186 4174
f 4199 4192 4174
f 4244 4194 4182
f 4223 4244 4182
f 4195 4223 4182
f 5831 4246 4184
f 4198 4161 4162
f 4233 4198 4162
f 4188 4185 4189
f 4201 4215 4167
f 4160 4180 4154
f 4160 4154 4169
f 4212 4200 4170
f 4244 4193 4194
f 4214 4195 4215
f 4203 4246 4160
f 4206 4189 4178
f 4192 4191 4186
f 4211 4199 4200
f 4209 4215 4201
f 4180 4272 4225
f 4160 4245 4180
f 4177 4204 5817
f 4233 4156 4205
f 4189 4220 4188
f 4181 4135 4190
f 4230 4208 4191
f 4211 4192 4199
f 4217 4211 4200
f 4217 4200 4212
f 4243 4227 4193
f 4233 4161 4198
f 4221 4189 4206
f 4192 4230 4191
f 4231 4217 4212
f 4213 4231 4212
f 4218 4214 4215
f 4209 4218 4215
f 4246 4245 4160
f 4161 4239 4177
f 4220 4205 4188
f 4222 4181 4190
f 4208 4222 4190
f 4230 4235 4208
f 4231 4211 4217
f 4244 4243 4193
f 4237 4223 4195
f 4214 4237 4195
f 4241 4197 4225
f 4239 4204 4177
f 4226 4220 4189
f 4248 4230 4192
f 4237 4214 4218
f 4209 4237 4218
f 4245 4272 4180
f 4220 4233 4205
f 4226 4189 4221
f 4229 4222 4208
f 4235 4229 4208
f 4211 4248 4192
f 4243 4213 4227
f 4237 4244 4223
f 4239 4161 4233
f 4229 4234 4222
f 4234 4229 4235
f 4248 4235 4230
f 4213 4236 4231
f 4272 4241 4225
f 4242 4233 4220
f 4274 4220 4226
f 4249 4248 4211
f 4249 4211 4231
f 4237 4254 4244
f 4209 4276 4237
f 4241 4270 4197
f 4239 4277 4204
f 4221 4274 4226
f 4236 4249 4231
f 4252 4239 4233
f 4242 4252 4233
f 4274 4242 4220
f 4234 4257 4222
f 4279 4234 4235
f 4264 4213 4243
f 4264 4243 4244
f 4254 4264 4244
f 4268 4276 4209
f 4261 4272 4245
f 4253 5635 4247
f 4248 4279 4235
f 4258 4248 4249
f 4259 4236 4213
f 4290 4259 4213
f 4290 4213 4264
f 4271 4270 4241
f 4272 4271 4241
f 4246 4261 4245
f 4277 4251 4204
f 4267 4279 4248
f 4258 4267 4248
f 4258 4249 4236
f 4291 4261 4246
f 4247 4262 4253
f 4234 4266 4257
f 4259 4258 4236
f 4295 4290 4264
f 4276 4254 4237
f 4272 4291 4271
f 4272 4261 4291
f 4277 4239 4252
f 4283 4252 4242
f 4283 4242 4274
f 4256 4247 4263
f 4266 4234 4279
f 4287 4267 4258
f 4287 4258 4259
f 4295 4264 4254
f 4276 4295 4254
f 4297 4277 4252
f 4294 4283 4274
f 4247 4286 4262
f 4266 4247 4256
f 4290 4287 4259
f 4329 4291 4246
f 4283 4297 4252
f 4278 4285 4262
f 4278 4262 4286
f 4286 4247 4266
f 4313 4266 4279
f 4280 4279 4267
f 4287 4280 4267
f 4300 4295 4276
f 4327 4300 4276
f 4327 4276 4268
f 4281 4327 4268
f 4329 4246 4273
f 4284 7490 4285
f 4320 4313 4279
f 4320 4279 4280
f 4288 4287 4290
f 4291 4302 4271
f 4292 4251 4277
f 4293 4277 4297
f 4299 4278 4286
f 4313 4299 4286
f 4313 4286 4266
f 4289 4280 4287
f 4293 4292 4277
f 4285 4298 4284
f 4288 4289 4287
f 4332 4288 4290
f 4321 4290 4295
f 4302 4323 4271
f 4302 4291 4329
f 4304 4292 4293
f 4305 4317 4297
f 4283 4305 4297
f 4298 4285 4278
f 4299 4298 4278
f 4307 4320 4280
f 4289 4307 4280
f 4332 4289 4288
f 4321 4332 4290
f 4308 4321 4295
f 4308 4295 4300
f 4325 4293 4297
f 4317 4325 4297
f 4312 4294 4298
f 4306 4312 4298
f 4318 4298 4299
f 4313 4318 4299
f 4308 4300 4327
f 4341 4323 4302
f 4316 4304 4293
f 4305 4310 4317
f 4318 4306 4298
f 4314 4313 4320
f 4326 4320 4307
f 4326 4307 4289
f 4339 4326 4289
f 4332 4339 4289
f 4324 4316 4293
f 4324 4293 4325
f 4337 4349 4312
f 4337 4312 4306
f 4319 4314 4318
f 4319 4318 4313
f 4314 4319 4313
f 4337 4306 4318
f 4314 4337 4318
f 4331 4314 4320
f 4331 4320 4326
f 4308 4332 4321
f 4335 4341 4302
f 4351 4336 4312
f 4349 4351 4312
f 4330 4349 4337
f 4344 4337 4314
f 4333 4367 4308
f 4333 4308 4327
f 4347 4360 4341
f 4335 4347 4341
f 4347 4302 4329
f 4358 4330 4337
f 4344 4358 4337
f 4338 4344 4314
f 4388 4338 4314
f 4314 4352 4388
f 4353 4314 4331
f 4345 4331 4326
f 4345 4326 4339
f 4355 4339 4332
f 4355 4332 4308
f 4347 4335 4302
f 4348 4347 4329
f 4342 4348 4329
f 4358 4349 4330
f 4353 4352 4314
f 4354 4345 4339
f 4354 4339 4355
f 4331 4361 4353
f 4380 4355 4308
f 4367 4380 4308
f 4369 4348 4342
f 5840 4369 4342
f 4351 4343 4336
f 4376 4351 4349
f 4338 4358 4344
f 4361 4331 4345
f 4354 4361 4345
f 4360 4357 4341
f 4365 4349 4358
f 4366 4365 4358
f 4371 4352 4353
f 4361 4371 4353
f 4362 4380 4354
f 4362 4354 4355
f 4380 4362 4355
f 4404 4357 4360
f 4369 4347 4348
f 4384 4376 4349
f 4365 4384 4349
f 4338 4366 4358
f 4379 4361 4354
f 4379 4354 4380
f 4364 4360 4347
f 4399 4347 4369
f 4343 4400 7044
f 4383 4343 4351
f 4383 4351 4376
f 4366 4385 4365
f 4367 4425 4380
f 4399 4364 4347
f 4370 4375 7059
f 4385 4366 4338
f 4388 4385 4338
f 4377 4388 4352
f 4396 4377 4352
f 4371 4396 4352
f 4372 4371 4361
f 4391 4404 4360
f 4364 4391 4360
f 4387 4369 5840
f 4392 4370 7055
f 4382 4400 4343
f 4405 4382 4343
f 4405 4343 4383
f 4384 4365 4385
f 4378 4396 4371
f 4378 4371 4372
f 4378 4372 4361
f 4378 4361 4379
f 4380 4373 4379
f 4422 4425 4367
f 4387 4399 4369
f 4418 4387 5840
f 4418 5840 4375
f 4418 4375 4370
f 4418 4370 4392
f 4384 4383 4376
f 4388 4406 4385
f 4388 4377 4396
f 4409 4442 4379
f 4409 4379 4373
f 4413 4399 4387
f 4392 4431 4418
f 4415 4405 4383
f 4395 4385 4406
f 4389 4378 4379
f 4442 4389 4379
f 4409 4373 4380
f 4397 4409 4380
f 4402 4397 4380
f 4425 4402 4380
f 4418 4413 4387
f 4394 4415 4383
f 4384 4394 4383
f 4396 4406 4388
f 4391 4426 4404
f 4433 4438 4382
f 4405 4433 4382
f 4424 4394 4384
f 4401 4424 4384
f 4401 4384 4385
f 4395 4401 4385
f 4420 4416 4396
f 4420 4396 4378
f 4407 4420 4378
f 4407 4378 4389
f 4442 4408 4389
f 4413 4411 4399
f 4489 4431 4392
f 4438 4400 4382
f 4421 4442 4409
f 4402 4409 4397
f 4426 4391 4364
f 4414 4489 4392
f 4438 4414 4400
f 4395 4424 4401
f 4407 4435 4420
f 4418 4427 4413
f 4439 4433 4405
f 4439 4405 4415
f 4424 4419 4415
f 4424 4415 4394
f 4434 4424 4395
f 4434 4395 4406
f 4440 4434 4406
f 4456 4440 4406
f 4407 4389 4408
f 4449 4421 4409
f 4402 4449 4409
f 4461 4364 4399
f 4408 4435 4407
f 4608 4425 4422
f 4417 4411 4413
f 4427 4417 4413
f 4428 4427 4418
f 4419 4439 4415
f 4416 4406 4396
f 4425 4444 4402
f 4364 4423 4426
f 4451 4461 4399
f 4451 4399 4411
f 4417 4451 4411
f 4438 4447 4414
f 4455 4419 4424
f 4457 4416 4420
f 4435 4457 4420
f 4443 4442 4421
f 4425 4429 4444
f 4434 4455 4424
f 4456 4406 4416
f 4584 4429 4425
f 4608 4584 4425
f 4446 4426 4423
f 4364 4446 4423
f 4432 4489 4414
f 4662 4438 4433
f 4441 4416 4457
f 4526 4443 4421
f 4449 4526 4421
f 4459 4449 4402
f 4444 4459 4402
f 4528 4586 4426
f 4674 4528 4426
f 4437 4451 4417
f 4427 4437 4417
f 4469 4427 4428
f 4418 4469 4428
f 4439 4662 4433
f 4448 4456 4416
f 4441 4448 4416
f 4408 4628 4435
f 4458 4526 4449
f 4584 4607 4429
f 4473 4674 4426
f 4446 4473 4426
f 4469 4452 4427
f 4431 4453 4418
f 4447 4432 4414
f 4517 4493 4438
f 4662 4517 4438
f 4602 4439 4419
f 4440 4455 4434
f 4435 4555 4457
f 4442 4471 4408
f 4459 4444 4429
f 4607 4459 4429
f 4454 4432 4447
f 4578 4602 4419
f 4455 4578 4419
f 4456 4494 4440
f 4553 4456 4448
f 4628 4604 4435
f 4471 4628 4408
f 4443 4471 4442
f 4461 4446 4364
f 4462 4461 4451
f 4463 4462 4451
f 4464 4463 4451
f 4465 4464 4451
f 4465 4451 4437
f 4466 4465 4437
f 4467 4466 4437
f 4467 4437 4427
f 4468 4467 4427
f 4468 4427 4452
f 4469 4468 4452
f 4470 4469 4418
f 4470 4418 4453
f 4602 4519 4439
f 4549 4578 4455
f 4603 4549 4455
f 4603 4455 4440
f 4523 4441 4457
f 4581 4523 4457
f 4555 4581 4457
f 4604 4555 4435
f 4475 4474 4473
f 4475 4473 4446
f 4476 4475 4446
f 4476 4446 4461
f 4500 4461 4462
f 4477 4500 4462
f 4477 4462 4463
f 4478 4477 4463
f 4478 4463 4464
f 4479 4478 4464
f 4479 4464 4465
f 4480 4479 4465
f 4480 4465 4466
f 4481 4480 4466
f 4481 4466 4467
f 4482 4481 4467
f 4482 4467 4468
f 4483 4482 4468
f 4484 4483 4468
f 4484 4468 4469
f 4485 4484 4469
f 4485 4469 4470
f 4486 4485 4470
f 4487 4486 4470
f 4487 4470 4453
f 4488 4487 4453
f 4488 4453 4431
f 4489 4488 4431
f 4491 4490 4454
f 4491 4454 4447
f 4492 4491 4447
f 4492 4447 4438
f 4493 4492 4438
f 4519 4662 4439
f 4494 4603 4440
f 4629 4628 4471
f 4526 4471 4443
f 4587 4674 4473
f 4496 4587 4473
f 4496 4473 4474
f 4497 4496 4474
f 4497 4474 4475
f 4498 4497 4475
f 4498 4475 4476
f 4499 4498 4476
f 4499 4476 4461
f 4500 4499 4461
f 4562 4500 4477
f 4501 4562 4477
f 4501 4477 4478
f 4502 4501 4478
f 4502 4478 4479
f 4503 4502 4479
f 4503 4479 4480
f 4504 4503 4480
f 4504 4480 4481
f 4505 4504 4481
f 4505 4481 4482
f 4506 4505 4482
f 4506 4482 4483
f 4507 4506 4483
f 4507 4483 4484
f 4508 4507 4484
f 4508 4484 4485
f 4509 4508 4485
f 4509 4485 4486
f 4510 4509 4486
f 4510 4486 4487
f 4511 4510 4487
f 4511 4487 4488
f 4512 4454 4490
f 4513 4512 4490
f 4513 4490 4491
f 4514 4513 4491
f 4514 4491 4492
f 4515 4514 4492
f 4515 4492 4493
f 4516 4515 4493
f 4517 4516 4493
f 4601 4518 4517
f 4662 4601 4517
f 4521 4520 4494
f 4521 4494 4456
f 4441 4522 4448
f 4524 4629 4471
f 4525 4524 4471
f 4525 4471 4526
f 4588 4587 4496
f 4529 4588 4496
f 4529 4496 4497
f 4530 4529 4497
f 4530 4497 4498
f 4531 4530 4498
f 4531 4498 4499
f 4500 4531 4499
f 4532 4562 4501
f 4533 4532 4501
f 4533 4501 4502
f 4534 4533 4502
f 4534 4502 4503
f 4535 4534 4503
f 4535 4503 4504
f 4536 4535 4504
f 4536 4504 4505
f 4537 4536 4505
f 4537 4505 4506
f 4538 4537 4506
f 4538 4506 4507
f 4539 4538 4507
f 4539 4507 4508
f 4540 4539 4508
f 4540 4508 4509
f 4541 4540 4509
f 4541 4509 4510
f 4542 4541 4510
f 4542 4510 4511
f 4543 4542 4511
f 4543 4511 4488
f 4645 4543 4488
f 4645 4488 4489
f 4432 4645 4489
f 4544 4512 4513
f 4544 4513 4514
f 4545 4544 4514
f 4545 4514 4515
f 4546 4545 4515
f 4546 4515 4516
f 4547 4546 4516
f 4547 4516 4517
f 4548 4547 4517
f 4518 4548 4517
f 4627 4549 4603
f 4550 4494 4520
f 4551 4550 4520
f 4551 4520 4521
f 4552 4551 4521
f 4552 4521 4456
f 4553 4552 4456
f 4522 4553 4448
f 4554 4522 4441
f 4523 4554 4441
f 4556 4629 4524
f 4557 4556 4524
f 4557 4524 4525
f 4526 4557 4525
f 4559 4588 4529
f 4560 4559 4529
f 4560 4529 4530
f 4561 4560 4530
f 4561 4530 4531
f 4500 4561 4531
f 4563 4562 4532
f 4564 4563 4532
f 4564 4532 4533
f 4565 4564 4533
f 4565 4533 4534
f 4566 4565 4534
f 4566 4534 4535
f 4567 4566 4535
f 4567 4535 4536
f 4568 4567 4536
f 4568 4536 4537
f 4569 4568 4537
f 4569 4537 4538
f 4570 4569 4538
f 4570 4538 4539
f 4571 4570 4539
f 4571 4539 4540
f 4572 4571 4540
f 4572 4540 4541
f 4573 4572 4541
f 4573 4541 4542
f 4574 4573 4542
f 4574 4542 4543
f 4645 4574 4543
f 4512 4432 4454
f 4575 4512 4544
f 4575 4544 4545
f 4575 4545 4546
f 4576 4575 4546
f 4576 4546 4547
f 4577 4576 4547
f 4577 4547 4548
f 4518 4577 4548
f 4579 4494 4550
f 4580 4579 4550
f 4580 4550 4551
f 4552 4580 4551
f 4523 4522 4554
f 4582 4629 4556
f 4583 4582 4556
f 4583 4556 4557
f 4526 4583 4557
f 4589 4588 4559
f 4589 4559 4560
f 4589 4560 4561
f 4500 4589 4561
f 4590 4562 4563
f 4591 4590 4563
f 4591 4563 4564
f 4592 4591 4564
f 4592 4564 4565
f 4593 4592 4565
f 4593 4565 4566
f 4594 4593 4566
f 4594 4566 4567
f 4595 4594 4567
f 4595 4567 4568
f 4596 4595 4568
f 4596 4568 4569
f 4597 4596 4569
f 4597 4569 4570
f 4598 4597 4570
f 4598 4570 4571
f 4599 4598 4571
f 4599 4571 4572
f 4600 4599 4572
f 4600 4572 4573
f 4574 4600 4573
f 4518 4576 4577
f 4494 4579 4603
f 4552 4579 4580
f 4605 4629 4582
f 4606 4605 4582
f 4606 4582 4583
f 4619 4606 4583
f 4619 4583 4526
f 4630 4458 4449
f 4608 4607 4584
f 4528 4621 4586
f 4674 4587 4588
f 4611 4562 4590
f 4611 4590 4591
f 4612 4611 4591
f 4612 4591 4592
f 4613 4612 4592
f 4613 4592 4593
f 4614 4613 4593
f 4614 4593 4594
f 4615 4614 4594
f 4615 4594 4595
f 4616 4615 4595
f 4616 4595 4596
f 4617 4616 4596
f 4617 4596 4597
f 4598 4617 4597
f 4618 4598 4599
f 4618 4599 4600
f 4574 4618 4600
f 4636 4603 4579
f 4637 4552 4553
f 4664 4581 4555
f 4604 4664 4555
f 4628 4700 4604
f 4619 4629 4605
f 4619 4605 4606
f 4630 4619 4526
f 4630 4526 4458
f 4459 4630 4449
f 4654 4459 4607
f 4609 4638 4608
f 4621 4528 4674
f 4656 4674 4588
f 4666 4656 4588
f 4666 4588 4589
f 4500 4666 4589
f 4622 4562 4611
f 4623 4622 4611
f 4623 4611 4612
f 4659 4623 4612
f 4659 4612 4613
f 4624 4659 4613
f 4624 4613 4614
f 4625 4624 4614
f 4625 4614 4615
f 4626 4625 4615
f 4626 4615 4616
f 4598 4626 4616
f 4598 4616 4617
f 4601 4576 4518
f 4662 4519 4602
f 4578 4662 4602
f 4651 4578 4549
f 4627 4651 4549
f 4636 4627 4603
f 4522 4687 4553
f 4523 4687 4522
f 4629 4701 4628
f 4630 4652 4619
f 4638 4607 4608
f 4640 4666 4500
f 4640 4500 4562
f 4632 4562 4622
f 4633 4632 4622
f 4633 4622 4623
f 4659 4633 4623
f 4634 4659 4624
f 4635 4634 4624
f 4635 4624 4625
f 4626 4635 4625
f 4645 4432 4512
f 4682 4645 4512
f 4713 4682 4512
f 4636 4651 4627
f 4637 4636 4579
f 4637 4579 4552
f 4700 4628 4701
f 4619 4701 4629
f 4654 4630 4459
f 4641 4562 4632
f 4642 4641 4632
f 4642 4632 4633
f 4659 4642 4633
f 4643 4659 4634
f 4644 4643 4634
f 4644 4634 4635
f 4626 4644 4635
f 4705 4576 4601
f 4578 4669 4662
f 4688 4687 4523
f 4688 4523 4581
f 4664 4688 4581
f 4700 4664 4604
f 4701 4619 4652
f 4653 4630 4654
f 4607 4672 4654
f 4672 4607 4638
f 4667 4640 4562
f 4647 4667 4562
f 4647 4562 4641
f 4648 4647 4641
f 4648 4641 4642
f 4659 4648 4642
f 4649 4659 4643
f 4650 4649 4643
f 4650 4643 4644
f 4626 4650 4644
f 4713 4512 4575
f 4713 4575 4576
f 4705 4713 4576
f 4661 4705 4601
f 4662 4661 4601
f 4663 4669 4578
f 4651 4663 4578
f 4653 4652 4630
f 4691 4621 4674
f 4656 4666 4674
f 4657 4667 4647
f 4658 4657 4647
f 4658 4647 4648
f 4659 4658 4648
f 4660 4659 4649
f 4660 4649 4650
f 4626 4660 4650
f 4618 4626 4598
f 4668 4618 4574
f 4645 4668 4574
f 4693 4663 4651
f 4670 4693 4651
f 4670 4651 4636
f 4677 4670 4636
f 4637 4677 4636
f 4677 4637 4553
f 4687 4677 4553
f 4671 4652 4653
f 4678 4671 4653
f 4609 4672 4638
f 4680 4667 4657
f 4680 4657 4658
f 4659 4680 4658
f 4626 4659 4660
f 4682 4681 4645
f 4661 4662 4669
f 4678 4701 4652
f 4678 4652 4671
f 4672 4702 4654
f 4686 4659 4626
f 4675 4704 4618
f 4675 4618 4668
f 4645 4675 4668
f 4693 4669 4663
f 4683 4693 4670
f 4676 4683 4670
f 4677 4676 4670
f 4688 4694 4687
f 4701 4728 4700
f 4702 4653 4654
f 4609 4690 4672
f 4725 4691 4674
f 4725 4674 4666
f 4681 4675 4645
f 4664 4689 4688
f 4686 4680 4659
f 4696 4626 4618
f 4704 4696 4618
f 4681 4704 4675
f 4697 4661 4669
f 4702 4678 4653
f 4713 4681 4682
f 4692 4705 4661
f 4692 4661 4697
f 4698 4697 4669
f 4698 4669 4693
f 4699 4676 4677
f 4699 4677 4687
f 4695 4672 4690
f 4691 4760 4621
f 4708 4725 4666
f 4640 4708 4666
f 4680 4740 4667
f 4696 4686 4626
f 4713 4704 4681
f 4706 4698 4693
f 4706 4693 4683
f 4706 4683 4676
f 4699 4706 4676
f 4689 4694 4688
f 4710 4689 4664
f 4700 4710 4664
f 4732 4701 4678
f 4732 4678 4702
f 4717 4702 4672
f 4751 4717 4672
f 4718 4751 4672
f 4718 4672 4695
f 4708 4640 4667
f 4740 4708 4667
f 4712 4740 4680
f 4712 4680 4686
f 4722 4704 4713
f 4705 4734 4713
f 4697 4709 4692
f 4706 4720 4698
f 4723 4699 4687
f 4723 4687 4694
f 4710 4694 4689
f 4716 4710 4700
f 4716 4700 4728
f 4732 4728 4701
f 4696 4712 4686
f 4698 4709 4697
f 4715 4720 4706
f 4699 4715 4706
f 4710 4723 4694
f 4731 4710 4716
f 4714 4705 4692
f 4714 4692 4709
f 4714 4709 4698
f 4726 4699 4723
f 4717 4732 4702
f 4704 4753 4696
f 4722 4754 4704
f 4722 4713 4734
f 4743 4698 4720
f 4750 4732 4717
f 4760 4691 4725
f 4754 4753 4704
f 4742 4734 4705
f 4742 4705 4714
f 4743 4720 4715
f 4726 4715 4699
f 4737 4726 4723
f 4727 4723 4710
f 4731 4727 4710
f 4750 4717 4751
f 4740 4712 4696
f 4753 4740 4696
f 4736 4714 4698
f 4743 4736 4698
f 4747 4743 4715
f 4726 4747 4715
f 4730 4737 4723
f 4727 4730 4723
f 4749 4731 4716
f 4768 4716 4728
f 4796 4760 4725
f 4708 4796 4725
f 4734 4754 4722
f 4742 4735 4734
f 4755 4742 4714
f 4736 4755 4714
f 4737 4747 4726
f 4768 4749 4716
f 4768 4728 4732
f 4738 4732 4750
f 4744 4770 4743
f 4747 4744 4743
f 4749 4727 4731
f 4786 4768 4732
f 4738 4786 4732
f 4797 4708 4740
f 4741 4754 4734
f 4743 4756 4736
f 4766 4747 4737
f 4748 4730 4727
f 4745 4748 4727
f 4749 4745 4727
f 4786 4738 4750
f 4789 5106 4760
f 4741 4734 4735
f 4756 4755 4736
f 4756 4743 4770
f 4747 4770 4744
f 4758 4737 4730
f 4748 4758 4730
f 4772 4786 4750
f 4781 4797 4740
f 4764 4781 4740
f 4753 4764 4740
f 4782 4753 4754
f 4761 4754 4741
f 4755 4777 4742
f 4757 4770 4747
f 4757 4747 4766
f 4766 4737 4758
f 4758 4748 4745
f 4771 4758 4745
f 4771 4745 4749
f 4773 4772 4750
f 4751 4773 4750
f 4761 4741 4735
f 4769 4777 4755
f 4762 4755 4756
f 5844 4762 4756
f 4765 4756 4770
f 4796 4789 4760
f 4783 4782 4754
f 4783 4754 4761
f 4783 4761 4735
f 4742 4783 4735
f 5844 4769 4755
f 5844 4755 4762
f 5844 4756 4765
f 4803 4770 4757
f 4803 4757 4766
f 4771 4785 4758
f 4767 4771 4749
f 4773 4751 4763
f 4782 4764 4753
f 4776 4783 4742
f 4777 4776 4742
f 4778 5844 4765
f 4802 4778 4765
f 4770 4802 4765
f 4779 4803 4766
f 4779 4766 4758
f 4785 4779 4758
f 4775 4782 4783
f 4777 4769 5844
f 4802 4770 4803
f 4767 4785 4771
f 4805 4767 4749
f 4793 4805 4749
f 4793 4749 4768
f 4793 4768 4786
f 4794 4786 4772
f 4787 4794 4772
f 4773 4787 4772
f 4784 4790 5844
f 4784 5844 4778
f 4802 4784 4778
f 4785 4803 4779
f 4764 4797 4781
f 4800 4775 4783
f 4776 4800 4783
f 5844 4801 4777
f 4791 4803 4785
f 4804 4791 4785
f 4792 4804 4785
f 4792 4785 4767
f 4792 4767 4805
f 4794 4806 4786
f 4773 4794 4787
f 5118 4796 4708
f 4799 4798 4764
f 4799 4764 4782
f 4801 4776 4777
f 4802 4790 4784
f 4804 4803 4791
f 5845 4804 4792
f 4806 4793 4786
f 5848 4794 4773
f 3996 5082 5081
f 3996 5081 5080
f 5807 5079 5078
f 5807 5074 5073
f 5074 5807 5075
f 5077 5807 5078
f 5809 5072 5071
f 5809 5071 5070
f 5809 5069 3964
f 5809 3964 5068
f 5069 5809 5070
f 4022 5067 5066
f 4022 5066 5065
f 4022 5064 5063
f 5064 4022 5065
f 5067 4022 5068
f 5072 5809 5808
f 5806 5079 5807
f 5807 5077 5076
f 5075 5807 5076
f 3996 5806 5807
f 5809 4022 5808
f 4022 5809 5068
f 5063 5062 4022
f 5061 4022 5062
f 5808 4022 4000
f 5808 4000 5807
f 5808 5807 5073
f 5806 3996 5080
f 4001 5061 5060
f 4001 5060 5059
f 4001 5058 3965
f 4001 3965 5057
f 5058 4001 5059
f 5056 5055 5810
f 5055 3966 5810
f 5053 5052 5810
f 5810 5052 3967
f 5810 5054 5053
f 4001 5057 5056
f 5810 5051 5050
f 5810 5050 5049
f 5810 5048 5047
f 5810 5046 5045
f 5046 5810 5047
f 5048 5810 5049
f 5811 5044 5043
f 5811 5043 5042
f 5811 5041 5040
f 5811 5039 5038
f 5039 5811 5040
f 5041 5811 5042
f 5044 5810 5045
f 5051 5810 3967
f 5811 5037 5036
f 5811 5036 5035
f 3997 5034 5033
f 5034 5811 5035
f 5811 5038 5037
f 5811 4002 5810
f 3997 5033 5032
f 5034 3997 5811
f 5031 3997 5032
f 5811 3997 4002
f 5811 5810 5044
f 3966 5054 5810
f 5030 3997 5031
f 5029 3997 5030
f 3997 5028 5027
f 5812 5026 5025
f 5812 3997 5026
f 5028 3997 5029
f 5812 5024 5023
f 5812 5023 5022
f 5812 5021 5020
f 5812 5020 5019
f 5812 5022 5021
f 5812 5025 5024
f 3997 5027 5026
f 4001 4022 5061
f 4042 4051 5086
f 4000 5083 3996
f 5083 4000 4012
f 5056 5810 4001
f 4042 5086 5085
f 4002 7087 4058
f 4002 7088 7087
f 7088 4031 7089
f 5812 5018 5017
f 5812 5017 5016
f 5813 5015 5014
f 5813 5014 5013
f 5015 5813 5016
f 5012 5813 5013
f 5812 5016 5813
f 5011 5813 5012
f 5813 5011 3968
f 5010 5009 5813
f 5813 3968 5010
f 5813 5009 5008
f 5018 5812 5019
f 5007 5006 5813
f 5006 5005 5813
f 5813 5005 5004
f 5813 5003 5002
f 5003 5813 5004
f 5001 4003 5002
f 5813 5002 4003
f 5000 4003 5001
f 4003 5000 4999
f 4999 3969 4003
f 5008 5007 5813
f 5813 4003 5814
f 4031 4032 5884
f 4032 4028 5569
f 4028 5814 5569
f 4003 4998 4997
f 4003 4997 4996
f 4003 4995 4994
f 4003 4994 4993
f 4995 4003 4996
f 4992 4003 4993
f 4003 4991 4990
f 4003 4989 4988
f 4989 4003 4990
f 4003 4992 4991
f 4998 4003 3969
f 4988 4987 4003
f 4987 4986 5820
f 4985 4984 5820
f 4983 4982 5820
f 5820 4984 4983
f 5820 4986 4985
f 4981 4980 5820
f 4979 4978 5820
f 4977 4976 5820
f 5820 4978 4977
f 5820 4980 4979
f 5820 4982 4981
f 5569 5814 7639
f 5814 4033 5570
f 5820 4003 4987
f 5570 7639 5814
f 5567 4032 5568
f 5568 4032 7097
f 5884 4032 5566
f 5567 5566 4032
f 7097 4032 5569
f 5561 4031 5562
f 7093 5562 4031
f 4031 5560 7089
f 5560 4031 5561
f 5884 5565 4031
f 7093 4031 5563
f 5564 5563 4031
f 5565 5564 4031
f 5570 4033 7099
f 4033 4038 5571
f 4033 5571 7099
f 5571 4038 7100
f 4038 5572 7100
f 7102 5573 4038
f 5573 5572 4038
f 8966 8968 8967
f 8966 5087 8968
f 7081 5815 4071
f 7084 4058 5557
f 7083 4058 7084
f 4058 5559 5558
f 4058 5558 5557
f 7081 7080 5815
f 4071 4058 7083
f 7081 4071 7082
f 7082 4071 7083
f 7086 5559 4058
f 5831 5815 4143
f 5090 8971 5089
f 5831 4143 4172
f 4172 7077 5831
f 5089 5091 5090
f 4143 5815 7078
f 5815 7080 7079
f 7078 5815 7079
f 5831 7077 8319
f 7086 4058 7087
f 5342 5816 4080
f 5340 5816 5341
f 5342 5341 5816
f 5339 5816 5340
f 5331 4080 5332
f 5332 4080 5333
f 5330 5329 4080
f 5331 5330 4080
f 4080 5334 5333
f 5816 5338 5337
f 5339 5338 5816
f 5336 5816 5337
f 4080 5336 5335
f 4080 5816 5336
f 5335 5334 4080
f 5350 4066 5351
f 5351 4066 5352
f 5348 4102 5349
f 5349 4066 5350
f 4066 5353 5352
f 5357 5356 4066
f 4066 5355 5354
f 5355 4066 5356
f 5353 4066 5354
f 4066 5349 4102
f 5344 4102 5345
f 5345 4102 5346
f 5344 5343 4102
f 4102 5348 5347
f 5343 4080 4102
f 5346 4102 5347
f 4080 5343 5342
f 5321 5320 4080
f 5322 5321 4080
f 4080 5320 5319
f 5323 5322 4080
f 5326 4080 5327
f 4080 5324 5323
f 5325 5324 4080
f 5325 4080 5326
f 5327 4080 5328
f 4080 5318 5317
f 4080 5319 5318
f 5317 5316 4080
f 5315 4080 5316
f 5315 5314 4072
f 5314 5313 4072
f 5313 5312 4072
f 4072 5312 5311
f 4080 5329 5328
f 5309 4072 5310
f 5308 4072 5309
f 4072 5311 5310
f 4072 4080 5315
f 4072 5307 5306
f 5307 4072 5308
f 5303 4072 5304
f 4072 5303 5302
f 4072 5302 5301
f 5300 4059 5301
f 5305 5304 4072
f 5295 4059 5296
f 5300 5299 4059
f 5298 4059 5299
f 5297 4059 5298
f 5297 5296 4059
f 5292 4072 4059
f 4072 5301 4059
f 4072 5306 5305
f 5357 4091 5358
f 4121 5396 5395
f 5396 4134 5397
f 4121 5395 5394
f 5398 5397 4134
f 5401 5400 4134
f 4134 5400 5399
f 5398 4134 5399
f 5388 4098 5389
f 5390 5389 4098
f 5386 5385 4098
f 4098 5387 5386
f 5387 4098 5388
f 4098 5391 5390
f 5392 5391 4121
f 5393 5392 4121
f 4134 5396 4121
f 4121 5394 5393
f 4098 4121 5391
f 4134 5402 5401
f 5404 5403 4134
f 5407 5406 4121
f 5409 5817 5410
f 5411 5818 5817
f 5405 5404 4121
f 4134 4121 5404
f 5403 5402 4134
f 5408 5817 5409
f 5408 5407 5817
f 5817 5407 4121
f 5406 5405 4121
f 5818 5410 5817
f 5368 5367 4082
f 5369 5368 4082
f 5366 5365 4091
f 5367 5366 4082
f 4082 5366 4091
f 4082 5370 5369
f 5374 5373 4082
f 5375 5374 4082
f 4082 5372 5371
f 5373 5372 4082
f 5370 4082 5371
f 4082 5376 5375
f 5360 4091 5361
f 5360 5359 4091
f 4091 5362 5361
f 5365 5364 4091
f 4091 5357 4066
f 4091 5364 5363
f 5363 5362 4091
f 5359 5358 4091
f 4098 5383 5382
f 5380 4098 5381
f 4098 5382 5381
f 5384 5383 4098
f 5385 5384 4098
f 5379 5378 4082
f 5376 4082 5377
f 5378 5377 4082
f 4082 4098 5379
f 5379 4098 5380
f 5817 5819 5411
f 5820 4975 4974
f 5820 4973 4972
f 4973 5820 4974
f 5821 4972 3970
f 5821 3970 4971
f 5821 3971 4970
f 5821 4969 4968
f 4969 5821 4970
f 3971 5821 4971
f 5821 4967 4966
f 5821 4966 3972
f 4004 4965 3973
f 4004 3973 4964
f 4965 5821 3972
f 4004 4963 4962
f 4961 4004 4962
f 4004 3974 4960
f 4005 4959 3975
f 4959 4005 4960
f 3974 4004 4961
f 4963 4004 4964
f 4967 5821 4968
f 4976 4975 5820
f 5820 4972 5821
f 5821 4004 4014
f 4965 4004 5821
f 4960 4005 4004
f 4958 4005 3975
f 4005 3976 3977
f 4005 3977 3978
f 4005 4957 4956
f 4005 4956 4955
f 4957 4005 3978
f 4953 4005 4954
f 4005 4953 3979
f 5822 3980 4952
f 5822 4951 4950
f 4951 5822 4952
f 3980 4005 3979
f 4954 4005 4955
f 5822 4949 4948
f 5822 4948 4947
f 5823 3981 4946
f 5823 3982 4945
f 3982 5823 4946
f 3981 5822 4947
f 5823 4944 4943
f 5823 4943 4942
f 5823 4941 4940
f 5823 4939 3983
f 4939 5823 4940
f 4941 5823 4942
f 4944 5823 4945
f 4949 5822 4950
f 4005 5822 4023
f 5823 4017 5822
f 5823 5822 3981
f 5822 4017 4023
f 3980 5822 4005
f 4005 4958 3976
f 5293 4059 5294
f 4059 5293 5292
f 5294 4059 5295
f 4038 4068 7103
f 7103 4068 5574
f 7102 4038 7103
f 5290 4067 5291
f 4067 5290 5289
f 5287 4067 5288
f 5289 5288 4067
f 4067 5286 5285
f 5284 4067 5285
f 4067 5287 5286
f 5291 4072 5292
f 5282 5281 4067
f 4067 5283 5282
f 5280 4067 5281
f 5284 5283 4067
f 4067 5280 5279
f 4067 5824 4073
f 5291 4067 4072
f 4068 7104 5574
f 5278 5277 4067
f 4067 5277 5276
f 5279 5278 4067
f 5275 5824 5276
f 5274 5824 5275
f 5824 4067 5276
f 7105 5824 5274
f 4073 4075 5744
f 5824 7105 4073
f 4073 5744 5743
f 4074 4075 4061
f 4074 4061 5745
f 5744 4074 5745
f 4075 4074 5744
f 4061 5747 5746
f 5746 5745 4061
f 4073 7104 4068
f 5823 4938 4937
f 5823 4937 4936
f 4018 4935 4934
f 4018 4934 4933
f 4935 4018 4936
f 4018 4932 4931
f 4018 4931 4930
f 4018 4929 4928
f 4018 4927 4926
f 4927 4018 4928
f 4929 4018 4930
f 4932 4018 4933
f 4018 3984 4925
f 4018 4925 4924
f 4018 4923 4922
f 4018 4921 3985
f 4921 4018 4922
f 4923 4018 4924
f 4006 4920 3986
f 4006 3986 4919
f 4006 4918 4917
f 4918 4006 4919
f 4920 4018 3985
f 3984 4018 4926
f 4006 4915 4914
f 5823 4936 4018
f 4006 4917 5825
f 4916 4915 4006
f 5825 4916 4006
f 4018 4920 4006
f 5823 3983 4938
f 3987 4006 4914
f 5826 3987 4913
f 5826 4912 4911
f 5826 4910 4909
f 4910 5826 4911
f 4912 5826 4913
f 5826 4007 4006
f 4909 4908 5826
f 4007 4908 4907
f 4905 4007 4906
f 4907 4906 4007
f 4007 5826 4908
f 5826 4006 3987
f 4007 4905 4904
f 4007 4904 4903
f 4901 4007 4902
f 4007 4901 4900
f 4902 4007 4903
f 4007 4899 4898
f 5827 4898 4897
f 5827 4896 3988
f 5827 4895 4894
f 4895 5827 3988
f 4896 5827 4897
f 4899 4007 4900
f 4008 4893 4892
f 4008 4891 3989
f 4008 4890 4889
f 4890 4008 3989
f 4891 4008 4892
f 4008 4888 3990
f 4008 3990 4887
f 4885 4008 4886
f 4883 4008 4884
f 4884 4008 4885
f 4886 4008 4887
f 4888 4008 4889
f 4894 5828 5827
f 4898 5827 4007
f 4008 5828 4893
f 4008 3998 4019
f 4008 3991 3992
f 3995 3992 4882
f 3995 4881 3993
f 3995 4880 3994
f 4880 3995 3993
f 4881 3995 4882
f 3992 3995 4008
f 3994 4879 3995
f 3995 3998 4008
f 3991 4008 4883
f 4008 5827 5828
f 3995 4878 4877
f 3995 4877 3998
f 4019 4872 4871
f 4036 4866 4865
f 4019 4869 4868
f 4019 4868 4036
f 3998 4875 4874
f 3998 4874 4019
f 4036 4027 4862
f 4036 4030 4861
f 4049 4041 4859
f 4049 4045 4858
f 4036 4037 4860
f 4036 4860 4049
f 4036 4021 4863
f 3995 4879 4878
f 4876 3998 4877
f 3999 3998 4876
f 4009 4019 4873
f 4874 4873 4019
f 3999 4875 3998
f 4870 4019 4871
f 4869 4019 4011
f 4867 4036 4868
f 4870 4011 4019
f 4866 4036 4020
f 4021 4036 4864
f 4027 4036 4863
f 4865 4864 4036
f 4867 4020 4036
f 4009 4872 4019
f 4030 4036 4862
f 4041 4049 4860
f 4861 4037 4036
f 4069 4855 4065
f 4859 4045 4049
f 4069 4854 4070
f 4089 4069 4852
f 4050 4049 4858
f 4857 4049 4050
f 4856 4049 4057
f 4069 4060 4855
f 4060 4069 4856
f 4857 4057 4049
f 4069 4065 4854
f 4069 4853 4079
f 4089 4852 4081
f 4852 4069 4079
f 4853 4069 4070
f 4081 4086 4089
f 4069 4049 4856
f 4127 4093 5731
f 5724 5723 4127
f 5724 4127 5725
f 5734 4093 5735
f 5733 4093 5734
f 8511 5735 4093
f 5736 8511 4093
f 5733 5732 4093
f 5727 4127 5728
f 5726 4127 5727
f 5731 4093 5732
f 5729 4127 5730
f 5731 5730 4127
f 5728 4127 5729
f 5726 5725 4127
f 5715 8451 4127
f 5716 5715 4127
f 5716 4127 5717
f 5713 4131 5714
f 8451 5714 4131
f 4127 8451 4131
f 5722 5721 5723
f 5721 4127 5723
f 5718 5717 4127
f 4127 5719 5718
f 5720 4127 5721
f 4127 5720 5719
f 5748 5747 4061
f 5748 4061 4083
f 5741 4093 4073
f 5742 5741 4073
f 5749 5748 4083
f 4073 5743 5742
f 5750 5749 4083
f 5751 5750 4083
f 5752 5751 4083
f 5753 5752 4083
f 5755 5754 4083
f 4083 5754 5753
f 5736 4093 5737
f 4093 5740 5739
f 4093 5738 5737
f 5741 5740 4093
f 8531 5756 4083
f 5755 4083 5756
f 5757 8531 4104
f 5738 4093 5739
f 5699 4149 4144
f 5700 4144 5701
f 5699 4144 5700
f 8477 4144 5704
f 4144 5705 8455
f 4144 8455 5704
f 5702 5701 4144
f 4144 5703 5702
f 5703 4144 8477
f 5698 4151 4149
f 5694 4157 5695
f 4157 5698 5697
f 4157 5696 5695
f 5696 4157 5697
f 5694 4178 4157
f 4151 5698 4157
f 4178 5694 5693
f 8395 4178 5693
f 5692 4178 8395
f 5829 4178 5692
f 5707 4144 4131
f 5709 5708 4131
f 5707 4131 5708
f 8472 5709 4131
f 5707 5706 4144
f 5705 4144 5706
f 4131 5713 5712
f 4131 5712 5711
f 4131 5710 8472
f 5710 4131 5711
f 5691 5829 5692
f 5690 5829 5691
f 5829 5689 5688
f 5829 5688 5687
f 5690 5689 5829
f 5686 5829 5687
f 4178 5829 5842
f 5685 5829 5686
f 5685 5842 5829
f 5685 5684 5842
f 5842 5684 5683
f 5683 5682 5842
f 5758 5757 4104
f 5759 5758 4104
f 5759 4104 5760
f 5761 4104 8517
f 5760 4104 5761
f 8517 4104 8518
f 5830 4117 4104
f 5763 5762 4104
f 4117 5777 5776
f 4117 5769 4104
f 5782 5781 5830
f 5784 5830 5785
f 5830 5783 5782
f 5784 5783 5830
f 5778 4117 5779
f 5830 5781 5780
f 5779 5830 5780
f 4117 5830 5779
f 5778 5777 4117
f 5763 4104 5764
f 5762 8518 4104
f 5804 5803 5830
f 5830 5800 5799
f 5830 5575 5805
f 5575 5830 4094
f 5830 5802 5801
f 5830 5801 5800
f 5804 5830 5805
f 5830 5803 5802
f 4089 4086 4090
f 4089 4090 4097
f 4097 4101 4089
f 5576 5575 4094
f 4094 4099 4077
f 4094 5830 4099
f 4135 5576 4094
f 4101 4108 4089
f 4108 4110 4089
f 5830 5794 5793
f 5792 5830 5793
f 5830 5795 5794
f 5796 5830 5797
f 5795 5830 5796
f 5830 5798 5797
f 5830 5788 5787
f 5830 5787 5786
f 5830 5792 5791
f 5830 5790 5789
f 5790 5830 5791
f 5830 5789 5788
f 5786 5785 5830
f 5798 5830 5799
f 4110 4120 4124
f 4110 4124 4089
f 5576 4135 5577
f 4120 4125 4124
f 5577 4135 5578
f 4083 4104 8531
f 5766 5764 4104
f 5765 5764 5766
f 5767 4104 5768
f 5767 5766 4104
f 5771 4117 5772
f 5770 4117 5771
f 5775 4117 5776
f 5773 4117 5774
f 5775 5774 4117
f 5772 4117 5773
f 5768 4104 5769
f 5590 4145 5591
f 5589 4145 5590
f 5769 4117 5770
f 7429 5595 5594
f 4165 7429 5594
f 7429 4165 5596
f 5597 5596 4165
f 4165 5599 5598
f 5600 5599 4165
f 4165 5598 5597
f 5601 5600 4165
f 4145 5593 5592
f 4165 5594 5593
f 4165 5604 5603
f 4165 5606 5605
f 5605 5604 4165
f 5602 4165 5603
f 5601 4165 5602
f 5592 5591 4145
f 4173 5607 5606
f 4135 5582 5581
f 4135 5583 5582
f 5579 4135 5580
f 4135 5581 5580
f 5584 5583 4135
f 5588 5587 4145
f 5589 5588 4145
f 4145 5586 5585
f 5586 4145 5587
f 4135 5585 5584
f 4135 4145 5585
f 4125 4129 4132
f 4125 4132 4124
f 4135 5579 5578
f 4132 4129 4133
f 4132 4133 4138
f 4138 4140 4132
f 5593 4145 4165
f 4132 4140 4142
f 4167 4132 4142
f 4167 4142 4147
f 5606 4165 4173
f 4167 4150 4153
f 4167 4147 4150
f 4153 4159 4167
f 4159 4164 4167
f 4167 4164 4168
f 4201 4167 4168
f 4201 4168 4171
f 4201 4171 4176
f 5608 5607 4173
f 5091 5089 4197
f 4197 5092 5091
f 5092 4197 5093
f 5093 4197 4270
f 5831 4273 4246
f 4273 5831 7075
f 7657 5831 5556
f 5556 5831 8320
f 5831 8319 8320
f 7075 5831 7076
f 7076 5831 7657
f 4273 7075 7074
f 4273 5555 7073
f 5555 4273 7074
f 5095 8973 4271
f 4273 7073 4303
f 4323 5095 4271
f 4303 4329 4273
f 7073 7072 4303
f 7071 4329 4303
f 7071 4303 7072
f 7071 7070 4329
f 5554 4342 7070
f 7070 4342 4329
f 5554 7068 4342
f 7067 4342 7068
f 7066 4342 7067
f 5413 5412 5819
f 5413 5819 5414
f 5416 5415 5819
f 5819 5415 5414
f 5416 5819 5417
f 5418 5832 5833
f 5833 5420 5419
f 5418 5833 5419
f 5819 5832 5417
f 5420 5833 5421
f 5817 4204 5819
f 4204 5832 5819
f 5833 5834 5421
f 4204 5834 5833
f 4204 5833 5832
f 5423 5422 5835
f 4204 5836 5835
f 5423 5835 5836
f 4204 4251 5837
f 4204 5837 5836
f 5837 5424 5836
f 5834 5835 5422
f 5426 5425 5837
f 4251 5427 5837
f 5428 5427 4251
f 5426 5837 5427
f 5424 5837 5425
f 5428 4251 5429
f 5430 4251 5431
f 4251 5430 5429
f 5431 4251 5432
f 4251 5434 5433
f 4251 5433 5432
f 5434 4251 5435
f 4251 5438 5437
f 5436 4251 5437
f 4251 5436 5435
f 4204 5835 5834
f 5439 4251 5440
f 5438 4251 5439
f 5441 4251 5442
f 4251 5441 5440
f 4251 5443 5442
f 4251 5444 5443
f 5445 4292 5446
f 5445 5444 4292
f 5446 4292 5447
f 5448 4292 5449
f 5451 5450 4292
f 4292 5450 5449
f 4292 5448 5447
f 5451 4292 5452
f 5444 4251 4292
f 5453 4292 4304
f 4292 5453 5452
f 5455 5454 4304
f 4304 5457 5456
f 5456 5455 4304
f 5454 5453 4304
f 5457 4304 5458
f 4304 5459 5458
f 5460 5459 4304
f 5463 5462 4304
f 4304 5464 5463
f 4304 5462 5461
f 5460 4304 5461
f 5464 4304 5465
f 5466 5465 4304
f 5467 5466 4304
f 4304 4316 5469
f 4304 5468 5467
f 5468 4304 5469
f 4316 4324 5478
f 4316 5471 5470
f 5470 5469 4316
f 5471 4316 5472
f 5473 4316 5474
f 5474 4316 5475
f 4316 5476 5475
f 5477 5476 4316
f 4316 5478 5477
f 4324 5480 5479
f 5478 4324 5479
f 5481 5480 4324
f 5483 5482 4324
f 5481 4324 5482
f 5484 5483 4324
f 4324 5838 5486
f 5485 5484 4324
f 5485 4324 5486
f 5838 5488 5487
f 5489 5838 5490
f 5489 5488 5838
f 5486 5838 5487
f 5473 5472 4316
f 5509 5508 4325
f 5510 5509 4325
f 5838 4324 5499
f 5508 5507 4325
f 4324 4325 5502
f 5513 4317 5514
f 5514 4317 5515
f 5517 4317 5518
f 4317 5517 5516
f 4317 5516 5515
f 5518 4317 5519
f 4325 5511 5510
f 5511 4325 5512
f 5513 4325 4317
f 5513 5512 4325
f 5838 5493 5492
f 5493 5838 5494
f 5495 5494 5838
f 5495 5838 5496
f 5838 5499 5498
f 5498 5497 5838
f 5497 5496 5838
f 4324 5500 5499
f 4325 5505 5504
f 5505 4325 5506
f 5506 4325 5507
f 4324 5502 5501
f 5502 4325 5503
f 5503 4325 5504
f 4324 5501 5500
f 5491 5838 5492
f 5491 5490 5838
f 5819 5412 5411
f 4404 5097 8976
f 8996 4426 4586
f 4760 5103 5102
f 8980 4760 5104
f 8996 4586 4621
f 8994 4760 5102
f 4621 5101 5100
f 4760 4685 4621
f 4621 5100 5099
f 5098 8996 4621
f 4621 5099 5098
f 4685 5101 4621
f 5106 5104 4760
f 5103 4760 8980
f 5105 8980 5106
f 5106 5109 5108
f 5106 5839 5107
f 5106 5108 5839
f 5106 5110 5109
f 5111 5110 5106
f 5106 4789 4808
f 4789 5112 4808
f 5113 5112 4789
f 5111 5106 4808
f 4789 5114 5113
f 4789 4809 5114
f 4796 5115 4789
f 4789 5115 4809
f 4796 5116 5115
f 5117 5116 4796
f 5118 5117 4796
f 5119 5118 4708
f 4708 5122 5121
f 4708 5125 5124
f 4797 5133 5132
f 4764 5142 5141
f 4764 5141 4797
f 4797 5137 5136
f 4797 5129 5128
f 4797 5128 4708
f 5122 4708 5123
f 5124 5123 4708
f 4764 5148 5147
f 4708 5126 5125
f 5120 4708 5121
f 5120 5119 4708
f 4708 5127 5126
f 4708 5128 5127
f 4797 5130 5129
f 4797 5131 5130
f 4797 5134 5133
f 4797 5136 5135
f 4797 5138 5137
f 4797 5135 5134
f 4797 5132 5131
f 4797 5140 5139
f 4797 5141 5140
f 4764 5143 5142
f 4764 5145 5144
f 4764 5144 5143
f 4764 5147 5146
f 4764 5150 5149
f 4764 5152 5151
f 4764 5151 5150
f 4764 5149 5148
f 4764 5146 5145
f 4797 5139 5138
f 4342 7066 5553
f 5840 5553 5552
f 5552 7062 5840
f 5840 4342 5553
f 5551 5840 7061
f 7062 7061 5840
f 7060 5840 5551
f 4375 5840 7060
f 4375 7060 7059
f 4370 7059 7058
f 7058 7057 4370
f 4400 7045 7044
f 7046 4400 4414
f 4414 7047 7046
f 7045 4400 7046
f 7043 7042 4343
f 4343 7044 7043
f 7051 5545 4414
f 5546 7051 4392
f 7051 4414 4392
f 4414 7049 7048
f 7047 4414 7048
f 5545 7049 4414
f 7057 5550 4370
f 5550 5549 4370
f 4798 5156 5155
f 4798 5155 4764
f 4798 5162 5161
f 4799 5169 5168
f 4799 5166 5165
f 4799 5165 4798
f 4782 5174 5173
f 4782 5173 4799
f 7055 4370 5548
f 5549 5548 4370
f 4782 5178 5177
f 4764 5154 5153
f 4764 5155 5154
f 4798 5158 5157
f 4798 5159 5158
f 4798 5157 5156
f 4798 5161 5160
f 4798 5164 5163
f 4798 5165 5164
f 4798 5163 5162
f 4798 5160 5159
f 4799 4810 5167
f 4799 5168 4810
f 4799 5170 5169
f 4799 5172 5171
f 4799 5171 5170
f 4782 5175 5174
f 4782 5177 5176
f 4782 4811 5178
f 4782 5176 5175
f 4799 5173 5172
f 4799 5167 5166
f 5179 4811 4782
f 4392 7054 7053
f 4392 7052 5547
f 7052 4392 7053
f 7054 4392 7055
f 5547 5546 4392
f 5192 4775 4800
f 4775 5841 4782
f 5180 4782 5181
f 5181 4782 5182
f 5841 5184 4782
f 5183 5182 4782
f 4782 5184 5183
f 5185 4775 5186
f 5187 4775 4812
f 5186 4775 5187
f 4775 5188 4812
f 5188 4775 5189
f 5189 4775 5190
f 5191 4775 5192
f 4813 4800 5193
f 5192 4800 4813
f 5190 4775 5191
f 5194 4800 5195
f 5195 4800 5196
f 5197 4800 5198
f 5196 4800 5197
f 5193 4800 5194
f 5185 5841 4775
f 4782 5180 5179
f 5153 5152 4764
f 4776 5198 4800
f 5842 5682 5681
f 5842 5681 5680
f 5842 5679 5678
f 5842 5678 5677
f 5679 5842 5680
f 5677 5676 5842
f 5842 4206 4178
f 5675 4206 5676
f 5673 4206 5674
f 5675 5674 4206
f 4206 5673 5672
f 5672 5671 4206
f 5671 5670 4206
f 5669 4206 5670
f 8435 4206 5669
f 8435 7670 4206
f 5676 4206 5842
f 4221 7670 8411
f 4221 4206 7670
f 4221 8411 5668
f 5667 4221 5668
f 4221 5658 4274
f 5664 4221 5665
f 5665 4221 5666
f 5663 5662 4221
f 5664 5663 4221
f 4253 7478 5638
f 5639 7478 4253
f 5666 4221 5667
f 7475 5636 4253
f 4253 5637 7475
f 5637 4253 5638
f 5635 4253 7473
f 7473 4253 5636
f 5659 5658 4221
f 4221 5660 5659
f 4221 5661 5660
f 5657 5656 4274
f 4274 5658 5657
f 5661 4221 5662
f 5639 4253 5640
f 4262 5641 7481
f 4253 4262 7481
f 4253 7481 5640
f 4274 5656 5655
f 5540 4283 5541
f 4283 5542 5541
f 5539 5538 4283
f 4283 5540 5539
f 5537 4305 5538
f 5538 4305 4283
f 5543 5542 4283
f 5654 4265 4274
f 4294 5543 4283
f 4294 7037 5543
f 7037 4294 4311
f 4312 4311 4294
f 5532 5531 4305
f 5530 4305 5531
f 5533 5532 4305
f 4305 5534 5533
f 4305 5535 5534
f 5528 5527 4310
f 5529 5528 4310
f 5529 4305 5530
f 4310 4305 5529
f 4305 5537 5536
f 5536 5535 4305
f 5544 4311 4312
f 4265 5651 5650
f 5652 5651 4265
f 5654 5653 4265
f 5652 4265 5653
f 4274 5655 5654
f 4274 4265 5650
f 4275 5645 4285
f 4285 5645 4262
f 7484 5642 4262
f 5642 5641 4262
f 5643 7484 4262
f 4262 5644 5643
f 4262 5645 5644
f 5647 4274 5648
f 5650 5649 4274
f 5648 4274 5649
f 4298 4294 5646
f 5647 5646 4294
f 7491 4298 5646
f 4274 5647 4294
f 4285 7490 4275
f 4298 7491 4284
f 5609 5608 4173
f 5609 4173 5610
f 5611 5610 4173
f 5611 4173 5843
f 4181 5843 4173
f 5612 5843 4207
f 5843 4181 4207
f 4207 5613 5612
f 4207 7449 5613
f 5633 5632 4247
f 5634 5633 4247
f 4176 4179 4201
f 4201 4179 4183
f 4201 4187 4196
f 4201 4196 4202
f 4201 4183 4187
f 4207 4181 4222
f 4202 4210 4209
f 4202 4209 4201
f 4209 4216 4219
f 4209 4219 4224
f 4209 4210 4216
f 4224 4228 4209
f 7450 4207 5614
f 5615 5614 4222
f 5614 4207 4222
f 4209 4228 4232
f 4209 4232 4238
f 4222 5616 7453
f 4222 7453 5615
f 4238 4240 4209
f 4240 4250 4209
f 4207 7450 7449
f 5635 5634 4247
f 5631 4247 5632
f 4247 5631 5630
f 5629 4247 5630
f 5628 4247 5629
f 4247 5628 5627
f 5627 5626 4247
f 5625 5624 4263
f 4263 5624 5623
f 4263 5622 5621
f 5622 4263 5623
f 4263 5626 5625
f 4263 4247 5626
f 4263 5621 5620
f 4256 5620 5619
f 5620 4256 4263
f 4222 4257 5616
f 5617 4257 7457
f 5617 5616 4257
f 5618 4256 5619
f 4250 4255 4268
f 4250 4268 4209
f 4255 4260 4268
f 4257 5618 7457
f 4256 5618 4257
f 4256 4257 4266
f 4268 4260 4269
f 4327 4281 4282
f 4327 4282 4296
f 4327 4301 4851
f 4327 4296 4301
f 4281 4268 4269
f 4309 4327 4851
f 4327 4850 4315
f 4309 4850 4327
f 4849 4327 4315
f 5522 5521 4310
f 5523 5522 4310
f 5525 5524 4310
f 5523 4310 5524
f 4310 5521 5520
f 5525 4310 5526
f 5526 4310 5527
f 4312 7039 7038
f 7038 5544 4312
f 7039 4312 4336
f 4310 5520 5519
f 4336 7040 7039
f 4343 7041 7040
f 7041 4343 7042
f 7040 4336 4343
f 4776 5207 4814
f 4801 4817 5211
f 5844 5215 4801
f 4801 5215 5214
f 4776 5200 5199
f 5217 5844 4790
f 4790 4821 4820
f 4802 4824 5226
f 4826 4802 4803
f 4803 5237 5236
f 4804 5243 5242
f 4804 5241 5240
f 4804 5240 4803
f 4802 5232 5231
f 5846 5845 4792
f 5846 4828 5845
f 5845 5246 5245
f 5243 4804 5845
f 5198 4776 5199
f 5200 4776 5201
f 5201 4776 5202
f 5203 4776 5204
f 5204 4776 5205
f 5206 4776 4814
f 5207 4776 4815
f 5205 4776 5206
f 5202 4776 5203
f 5844 5216 5215
f 5208 4776 5209
f 5209 4776 5210
f 4776 4816 5210
f 4816 4801 5211
f 4815 4776 5208
f 4817 4801 5212
f 5213 4801 5214
f 5212 4801 5213
f 5844 4818 5216
f 4790 4819 5217
f 4790 4820 4819
f 4790 5218 4821
f 4790 4822 5219
f 4790 5219 5218
f 5844 5217 4818
f 5221 5220 4790
f 4822 4790 5220
f 4802 5222 5221
f 5222 4802 5223
f 5223 4802 5224
f 4802 5225 5224
f 5225 4802 4823
f 4823 4802 5226
f 4824 4802 5227
f 5228 4802 5229
f 5227 4802 5228
f 4802 4825 5229
f 4825 4802 5230
f 5230 4802 5231
f 5232 4802 5233
f 5234 4802 4826
f 5233 4802 5234
f 5235 4803 5236
f 5238 4803 5239
f 5239 4803 5240
f 5237 4803 5238
f 4826 4803 5235
f 5241 4804 5242
f 5243 5845 4827
f 5244 5845 5245
f 5247 5845 5248
f 5248 5845 4828
f 5246 5845 5247
f 5846 4792 5249
f 5250 4792 4829
f 4805 5251 4829
f 4805 4829 4792
f 5249 4792 5250
f 4827 5845 5244
f 4790 4802 5221
f 4801 4816 4776
f 5252 5251 4805
f 4333 4327 4322
f 4333 4322 4328
f 4333 4328 4334
f 4333 4340 4346
f 4367 4333 4346
f 4367 4346 4350
f 4333 4334 4340
f 4367 4356 4359
f 4367 4359 4363
f 4367 4368 4374
f 4422 4381 4386
f 4422 4367 4374
f 4422 4374 4381
f 4367 4363 4368
f 4367 4350 4356
f 4422 4390 4393
f 4422 4393 4398
f 4422 4403 4410
f 4422 4410 4412
f 4422 4398 4403
f 4608 4422 4412
f 4608 4412 4430
f 4608 4436 4445
f 4608 4450 4460
f 4608 4445 4450
f 4608 4430 4436
f 4422 4386 4390
f 4609 4472 4495
f 4609 4495 4527
f 4609 4558 4585
f 4609 4585 4610
f 4609 4527 4558
f 4609 4620 4631
f 4609 4631 4639
f 4609 4646 4655
f 4609 4665 4673
f 4609 4655 4665
f 4609 4639 4646
f 4609 4610 4620
f 4690 4609 4679
f 4690 4679 4684
f 4690 4684 4695
f 4718 4707 4711
f 4718 4695 4703
f 4718 4703 4707
f 4751 4719 4721
f 4751 4721 4724
f 4751 4729 4733
f 4739 4746 4751
f 4751 4733 4739
f 4751 4724 4729
f 4751 4718 4711
f 4751 4711 4719
f 4609 4673 4679
f 4609 4608 4460
f 4609 4460 4472
f 4327 4849 4322
f 4793 5260 5259
f 4793 5261 4832
f 4833 4793 4806
f 4805 4793 4831
f 4794 5847 4806
f 4806 5265 5264
f 4806 5267 5266
f 4806 5270 5269
f 4806 5269 5268
f 4806 5262 4833
f 5254 4805 5255
f 5255 4805 5256
f 5257 4805 5258
f 5258 4805 4830
f 5256 4805 5257
f 4831 4793 5259
f 5260 4793 4832
f 5261 4793 4833
f 4830 4805 4831
f 4806 5264 5263
f 5263 5262 4806
f 4806 5266 5265
f 5267 4806 5268
f 4806 5847 5270
f 5253 4805 5254
f 5253 5252 4805
f 4751 4746 4752
f 4751 4752 4759
f 4751 4759 4848
f 4751 4848 4763
f 4773 4847 4774
f 4773 4845 4788
f 4773 4846 4780
f 4763 4847 4773
f 4773 4844 4795
f 4773 4795 5848
f 4763 4848 4847
f 4846 4773 4774
f 4773 4788 4844
f 5848 4795 4843
f 5848 4842 4841
f 4842 5848 4843
f 4845 4773 4780
f 4794 5848 5271
f 5848 4834 5271
f 4834 5848 4835
f 5848 4807 4840
f 4839 4838 5848
f 4840 4839 5848
f 4841 4807 5848
f 5848 4836 4835
f 5848 5272 4836
f 5848 5273 5272
f 5848 4837 5273
f 4838 4837 5848
f 5519 4317 4310
f 5887 5854 7637
f 5898 5867 5854
f 5889 7648 5858
f 5889 5861 7648
f 5953 5870 5861
f 5866 7631 5865
f 5899 5875 5867
f 5871 5859 5905
f 5894 5865 7629
f 5896 5866 5865
f 7631 5879 5863
f 5879 5874 5863
f 5880 5857 5874
f 5887 7637 5885
f 7631 5866 5896
f 7637 7636 5880
f 5898 5854 5887
f 5899 5867 5898
f 5876 5855 5870
f 5905 5859 5911
f 5879 7631 5907
f 5882 5885 7637
f 5888 5858 5875
f 5900 5858 5888
f 5889 5858 5903
f 5953 5861 5889
f 5876 5870 5953
f 5894 7629 5873
f 5894 5896 5865
f 5897 7631 5896
f 5897 5907 7631
f 5908 5874 5879
f 7638 5880 5874
f 5884 7637 5880
f 7641 7637 5881
f 5882 7637 7641
f 5573 5898 5887
f 5573 5887 5892
f 5888 5875 5899
f 5946 5858 5900
f 5881 7637 5884
f 5903 5858 5946
f 5926 5953 5889
f 5904 5890 5876
f 5910 5859 5890
f 5948 5911 5859
f 5905 5868 5871
f 5894 5873 5878
f 7638 5874 5908
f 5932 5899 5909
f 5929 5888 5899
f 5948 5859 5910
f 5941 5896 5894
f 5929 5899 5932
f 5900 5888 5929
f 5903 5926 5889
f 5917 5897 5896
f 5908 5879 5907
f 5941 5894 5937
f 5908 5907 5897
f 5921 5909 5899
f 5987 5890 5904
f 5954 5910 5890
f 5917 5896 5941
f 5899 5898 5574
f 5954 5890 5987
f 5992 5905 5911
f 5931 5894 5878
f 6001 5900 5929
f 5947 5904 5876
f 5941 5897 5917
f 5918 5908 5897
f 5925 5932 5909
f 5925 5909 5921
f 5946 5900 6001
f 5976 5926 5903
f 5947 5876 5953
f 5954 5948 5910
f 5992 5911 5948
f 5965 5901 5905
f 5960 5937 5894
f 5918 5897 5941
f 5921 5899 5924
f 5976 5903 5952
f 5973 5953 5926
f 5965 5905 5992
f 5965 5915 5901
f 5931 5878 6003
f 5960 5894 5931
f 5950 5919 5943
f 5950 5923 5919
f 5961 7105 5920
f 4073 7105 5961
f 5934 5932 5925
f 5952 5903 5946
f 5987 5904 5947
f 5921 5924 4073
f 5934 5925 5928
f 5935 5932 5934
f 5962 6001 5929
f 5973 5926 5991
f 5990 5942 5913
f 5961 5920 5923
f 5944 4073 5961
f 5944 5921 4073
f 5962 5929 5932
f 5948 5954 5977
f 5995 5918 5941
f 5943 5914 5942
f 5961 5923 5950
f 5998 5992 5948
f 5994 5941 5937
f 5990 5913 5989
f 5969 5944 5961
f 5935 5934 5938
f 5939 5932 5935
f 5987 5947 5981
f 5932 5939 5945
f 5980 5991 5926
f 5981 5947 5986
f 5967 5941 5994
f 5995 5941 5967
f 5956 5918 5995
f 5943 5942 5990
f 5952 5946 6001
f 5980 5926 5976
f 5986 5947 5953
f 6027 5954 5987
f 6068 5937 5960
f 5994 5937 6068
f 5979 5950 5943
f 5957 5935 5951
f 5986 5953 5973
f 5977 5954 6027
f 5998 5948 5977
f 6049 5960 5931
f 6004 5964 5996
f 5984 5943 5983
f 5969 5961 5968
f 6008 5976 5952
f 6006 5958 5965
f 5983 5943 5990
f 5971 5961 5950
f 6024 5952 6001
f 6024 6001 6050
f 5989 5964 6004
f 5979 5943 5984
f 5975 5961 5971
f 6001 5962 5972
f 6021 5987 5981
f 6006 5965 5992
f 6013 5931 6003
f 5997 6027 5987
f 6068 5960 6049
f 5995 5967 6029
f 5968 5961 5975
f 5985 5976 6008
f 5986 5973 5991
f 5985 5980 5976
f 6020 5981 5986
f 5998 5977 6027
f 5950 5979 6000
f 6001 5972 6023
f 5991 5980 5985
f 6021 5981 6020
f 6003 5978 6040
f 6013 6049 5931
f 6041 6000 5979
f 6000 5971 5950
f 6058 5952 6024
f 6045 6013 6003
f 6029 5967 5994
f 6046 5983 5990
f 5979 5984 6017
f 6010 6008 5952
f 6020 5986 6011
f 5997 5987 6021
f 6019 5984 5983
f 6017 5984 6019
f 6031 6001 6023
f 6010 5952 6058
f 6004 5996 6015
f 6036 5989 6004
f 6016 5990 5989
f 5979 6017 6041
f 6026 6050 6001
f 6032 5985 6008
f 6027 5997 6078
f 6033 6006 5992
f 6061 5994 6068
f 6014 5995 6053
f 6057 6036 6004
f 6016 5989 6036
f 6026 6001 6031
f 5997 6021 6043
f 6087 6003 6040
f 6045 6003 6087
f 6046 5990 6016
f 6084 6024 6050
f 5991 5985 6032
f 6011 5986 5991
f 5983 6046 6030
f 6023 6005 7673
f 6085 5998 6027
f 6049 6013 6072
f 6062 6029 5994
f 6062 5994 6061
f 6053 5995 6029
f 6075 6004 6015
f 6030 6019 5983
f 6047 6020 6011
f 6017 6019 6030
f 6032 6011 5991
f 6043 6021 6020
f 6075 6015 6074
f 6077 6017 6030
f 6042 6000 6041
f 6058 6024 6084
f 6032 6008 6010
f 7674 6023 7673
f 6031 6023 7674
f 6032 6010 6058
f 6047 6011 6032
f 6078 5997 6043
f 6111 5992 5998
f 6057 6004 6075
f 6047 6032 6055
f 6111 5998 6085
f 6051 6033 5992
f 6072 6013 6067
f 6077 6041 6017
f 6050 6026 6031
f 6059 6032 6058
f 6085 6027 6078
f 6051 5992 6111
f 6053 6029 6062
f 6098 6084 6050
f 6120 6043 6020
f 6087 6040 6066
f 6076 6057 6075
f 6089 6041 6077
f 6084 6059 6058
f 6099 6032 6059
f 6120 6020 6110
f 6091 6078 6043
f 6013 6045 6087
f 6030 6046 6016
f 6042 6041 6089
f 7669 6037 6054
f 6055 6032 6099
f 6110 6020 6047
f 6096 6016 6036
f 6054 6037 6042
f 6091 6043 6120
f 6068 6049 6072
f 6105 6061 6068
f 6080 6030 6016
f 6080 6016 6096
f 6097 6031 7674
f 6117 6050 6031
f 6053 6062 6073
f 6106 6075 6074
f 6101 6036 6057
f 6101 6057 6076
f 6094 6030 6080
f 6054 6042 6089
f 6117 6031 6097
f 6109 6050 6117
f 6109 6098 6050
f 6070 6047 6055
f 6113 6072 6067
f 6105 6068 6072
f 6062 6061 6105
f 6073 6062 6129
f 6114 6036 6101
f 6096 6036 6114
f 6110 6047 6070
f 6163 6105 6072
f 6101 6076 6075
f 6088 6107 6077
f 6088 6077 6030
f 6124 6102 6054
f 6081 6054 6102
f 6081 6069 6054
f 6099 6070 6055
f 6163 6072 6113
f 6101 6075 6106
f 6115 6077 6107
f 6124 6054 6089
f 6118 6084 6098
f 6085 6078 6091
f 6067 6013 6140
f 6094 6080 6096
f 6108 6089 6077
f 6108 6077 6115
f 6137 6063 6144
f 6137 6082 6063
f 6099 6059 6084
f 6085 6091 6120
f 6111 6085 6146
f 6087 6066 6093
f 6152 6013 6087
f 6140 6013 6152
f 6129 6062 6105
f 6053 6073 6129
f 6107 6088 6030
f 6107 6030 6142
f 6123 6089 6108
f 6083 6082 6137
f 6097 6090 6116
f 6110 6070 6103
f 6132 6120 6110
f 6158 6030 6094
f 6103 6070 6099
f 6145 6132 6110
f 6146 6085 6120
f 6127 6087 6093
f 6175 6129 6105
f 6122 6053 6129
f 6130 6101 6106
f 6142 6030 6158
f 6125 6102 6124
f 6125 6124 6149
f 6116 6083 6137
f 6117 6097 6116
f 6118 6098 6109
f 6131 6099 6084
f 6103 6099 6131
f 6127 6093 6781
f 6152 6087 6127
f 6128 6105 6163
f 6114 6101 6156
f 6094 6096 6114
f 6176 6116 6137
f 6084 6118 6170
f 6178 6110 6103
f 6145 6110 6119
f 6175 6105 6128
f 7659 6130 6106
f 6156 6101 6130
f 6115 6107 6142
f 6123 6108 6115
f 6118 6109 6159
f 6119 6110 6178
f 6134 6163 6113
f 6134 6113 6067
f 7659 6106 6136
f 6158 6094 6141
f 6165 6143 4284
f 6196 6117 6116
f 6109 6117 6196
f 6178 6103 6131
f 6174 6067 6140
f 6134 6067 6174
f 6135 6122 6129
f 6141 6094 6114
f 6148 6142 6158
f 7367 6089 6123
f 6149 6124 6089
f 6169 6176 6137
f 6159 6170 6118
f 6150 6131 6084
f 6150 6084 6160
f 6146 6120 6132
f 6166 6138 6111
f 6180 6174 6140
f 6135 6129 6153
f 6123 6115 6142
f 6188 6149 6089
f 6196 6116 6176
f 6150 6161 6131
f 6178 6131 6161
f 6145 6119 6178
f 6146 6132 6145
f 6166 6111 6146
f 6163 6134 6174
f 6153 6129 6175
f 6157 6141 6114
f 6181 6137 6144
f 6169 6137 6181
f 6160 6084 6170
f 6184 6146 6145
f 6152 6127 6202
f 6157 6114 6156
f 6158 6141 6157
f 7671 6148 6158
f 6149 6165 4284
f 6165 6144 6143
f 6181 6144 6165
f 6182 6109 6196
f 6192 6178 6161
f 6186 6140 6152
f 6175 6128 6163
f 6164 6157 6156
f 6159 6109 6182
f 6173 6152 6202
f 6186 6152 6173
f 6186 6180 6140
f 6194 6175 6163
f 6208 6153 6175
f 6189 6165 6149
f 6235 6159 6182
f 6161 6150 6160
f 6178 6184 6145
f 6212 6166 6146
f 6194 6174 6180
f 6188 6200 6149
f 6191 6160 6170
f 6171 6161 6160
f 6183 6184 6178
f 6212 6146 6184
f 6198 6180 6186
f 6194 6163 6174
f 6199 6208 6175
f 6208 6155 6153
f 6190 6170 6159
f 6177 6191 6170
f 6171 6160 6191
f 6219 6173 6202
f 6203 6186 6173
f 6247 6188 6195
f 6200 6189 6149
f 6181 6165 6189
f 6189 6169 6181
f 6196 6176 6216
f 6182 6196 6234
f 6177 6170 6190
f 6161 6171 6191
f 6183 6178 6225
f 6198 6194 6180
f 6199 6175 6194
f 6195 6168 6187
f 6214 6247 6195
f 6176 6169 6189
f 6264 6235 6182
f 6190 6159 6235
f 6191 6177 6190
f 6211 6161 6191
f 6192 6161 6211
f 6225 6178 6192
f 6184 6183 6225
f 6246 6199 6194
f 6233 6200 6188
f 6258 6216 6176
f 6217 6191 6190
f 6205 6212 6184
f 6243 6203 6173
f 6243 6173 6219
f 6228 6246 6194
f 6204 6195 6187
f 6204 6187 6168
f 6214 6195 6204
f 6247 6233 6188
f 6258 6176 6189
f 6225 6192 6288
f 6202 6784 6785
f 6228 6194 6198
f 6246 6208 6199
f 6222 6204 6168
f 6233 6189 6200
f 6258 6189 6215
f 6234 6196 6216
f 6224 6235 6264
f 6217 6190 6235
f 6260 6202 6785
f 6207 6219 6202
f 6244 6186 6203
f 6220 6198 6186
f 6238 6168 6210
f 6222 6168 6238
f 6215 6189 6233
f 6223 6264 6182
f 6288 6192 6211
f 6205 6184 6225
f 6242 6207 6202
f 6242 6202 6260
f 6244 6203 6243
f 6230 6208 6246
f 6253 6209 6208
f 6214 6204 6222
f 6232 6214 6282
f 6239 6182 6234
f 6239 6223 6182
f 6278 6217 6235
f 6212 6205 6250
f 6219 6207 6242
f 6245 6228 6198
f 6230 6253 6208
f 6282 6214 6222
f 6283 6247 6214
f 6239 6234 6216
f 6271 6191 6217
f 6271 6211 6191
f 6240 6288 6211
f 6293 6219 6242
f 6227 6243 6219
f 6275 6220 6186
f 6245 6198 6220
f 6229 6246 6228
f 6269 6230 6246
f 6296 7053 6237
f 6262 6221 6261
f 6303 6282 6222
f 6283 6214 6232
f 6239 6216 6258
f 6271 6217 6278
f 6249 6225 6288
f 6336 6227 6219
f 6336 6219 6293
f 6252 6244 6243
f 6275 6186 6244
f 6245 6220 6275
f 6254 6231 6253
f 6210 6221 6262
f 6256 6238 6210
f 6248 6233 6247
f 6284 6258 6215
f 6264 6223 6239
f 6310 6224 6264
f 6310 6235 6224
f 6285 6278 6235
f 6240 6211 6324
f 6243 6227 6336
f 6273 6229 6228
f 6273 6228 6245
f 6270 6303 6222
f 6215 6233 6248
f 6284 6215 6257
f 6285 6235 6310
f 6324 6211 6271
f 6250 6205 6225
f 6293 6242 6260
f 6267 6243 6336
f 6268 6245 6275
f 6273 6269 6246
f 6255 6237 6254
f 6280 6261 6296
f 6320 6256 6210
f 6270 6222 6238
f 6348 6239 6258
f 6264 6239 6277
f 6274 6250 6225
f 6274 6225 6249
f 6266 6293 6260
f 6252 6243 6267
f 6275 6244 6252
f 6273 6246 6229
f 6253 6230 6269
f 6296 6237 6255
f 6280 6296 6314
f 6281 6262 6261
f 6270 6238 6256
f 6257 6248 6247
f 6215 6248 6257
f 6287 6263 6258
f 6327 6250 6274
f 6276 6245 6268
f 6257 6247 6283
f 6287 6258 6284
f 6348 6258 6263
f 6288 6240 6324
f 6289 6250 6327
f 6279 6275 6252
f 6276 6273 6245
f 6281 6210 6262
f 6320 6210 6281
f 6332 6324 6271
f 6294 6336 6293
f 6279 6252 6267
f 6255 6254 6253
f 6368 6283 6232
f 6339 6277 6239
f 6339 6239 6300
f 6293 6266 6292
f 6295 6275 6279
f 6298 6273 6276
f 6299 6253 6269
f 6296 6255 6307
f 6322 6287 6284
f 6348 6263 6287
f 6309 6264 6277
f 6309 6310 6264
f 6278 6285 6371
f 6301 6271 6278
f 6327 6274 6249
f 6292 6266 6260
f 6268 6275 6295
f 6337 6273 6298
f 6299 6269 6273
f 6255 6253 6299
f 6281 6261 6280
f 6331 6232 6282
f 6368 6232 6331
f 6308 6283 6368
f 6284 6257 6356
f 6300 6239 6348
f 6386 6285 6310
f 6332 6271 6301
f 6311 6249 6288
f 6318 6327 6249
f 6318 6249 6286
f 6302 6294 6293
f 6337 6299 6273
f 6375 6307 6255
f 6354 6270 6256
f 6357 6285 6386
f 6340 6371 6285
f 6340 6285 6357
f 6304 6324 6332
f 6302 6293 6345
f 6375 6255 6329
f 6315 6280 6314
f 6281 6280 6315
f 6330 6320 6281
f 6346 6283 6308
f 6346 6257 6283
f 6321 6257 6346
f 6348 6287 6316
f 6362 6278 6371
f 6286 6249 6311
f 6345 6293 6292
f 6336 6294 6302
f 6268 6295 6359
f 6306 6255 6299
f 6329 6255 6306
f 6313 6314 6296
f 6410 6256 6320
f 6354 6256 6383
f 6360 6303 6270
f 6316 6287 6322
f 6309 6277 6385
f 6341 6301 6278
f 6341 6278 6362
f 6311 6288 6324
f 6401 6279 6267
f 6352 6295 6279
f 6352 6279 6401
f 6338 6296 6307
f 6330 6281 6315
f 6356 6257 6321
f 6384 6300 6348
f 6339 6300 6384
f 6332 6301 6341
f 6359 6276 6268
f 6365 6337 6298
f 6367 6338 6307
f 6313 6296 6338
f 6383 6256 6410
f 6282 6303 6360
f 6355 6308 6368
f 6397 6322 6284
f 6370 6277 6339
f 6436 6385 6277
f 6333 6304 6332
f 6260 7660 6291
f 6379 6336 6302
f 6359 6295 6364
f 6298 6276 6359
f 6366 6299 6337
f 6366 6337 6381
f 6367 6307 6375
f 6353 6315 6314
f 6406 6331 6282
f 6346 6308 6355
f 6323 6310 6309
f 6386 6310 6323
f 6324 6304 6333
f 6325 6286 6311
f 6325 6311 6317
f 6318 6286 6325
f 6349 6289 6327
f 6399 6289 6349
f 6351 6292 6260
f 6364 6295 6352
f 6306 6299 6366
f 6353 6314 6313
f 6321 6346 6361
f 6348 6316 6369
f 6326 6318 6325
f 6327 6318 6326
f 6351 6260 6291
f 6345 6292 6351
f 6315 6353 6403
f 6395 6320 6330
f 6376 6270 6354
f 6360 6270 6376
f 6356 6321 6390
f 6316 6322 6397
f 6436 6277 6370
f 6372 6333 6332
f 6372 6311 6324
f 6343 6325 6317
f 6326 6325 6343
f 6334 6327 6326
f 6349 6327 6334
f 6408 6267 6336
f 6393 6364 6352
f 6402 6298 6359
f 6365 6298 6402
f 6329 6306 6366
f 6375 6329 6409
f 6415 6330 6315
f 6410 6320 6395
f 6405 6282 6360
f 6405 6406 6282
f 6368 6331 6406
f 6347 6284 6356
f 6397 6284 6347
f 6388 6341 6362
f 6342 6332 6341
f 6324 6333 6372
f 6374 6345 6351
f 6302 6345 6378
f 6408 6336 6379
f 6401 6267 6380
f 6381 6337 6365
f 6367 6375 6382
f 6313 6338 6367
f 6415 6315 6403
f 6369 6316 6397
f 6370 6339 6384
f 6323 6309 6385
f 6387 6340 6357
f 6371 6340 6387
f 6398 6342 6341
f 6398 6341 6388
f 6332 6342 6398
f 6378 6345 6374
f 6389 6329 6366
f 6394 6353 6313
f 6395 6330 6415
f 6361 6346 6355
f 6384 6348 6369
f 6463 6372 6332
f 6463 6332 6398
f 6399 6349 6334
f 6380 6267 6408
f 6441 6402 6359
f 6403 6353 6394
f 6376 6354 6404
f 6427 6405 6360
f 6390 6361 6355
f 6390 6321 6361
f 6397 6347 6356
f 6397 6356 6390
f 6393 6352 6401
f 6409 6329 6389
f 6404 6354 6383
f 6407 6370 6384
f 6422 6370 6407
f 6387 6357 6386
f 6388 6362 6371
f 6343 6317 6311
f 6391 6399 6334
f 6359 6364 6440
f 6416 6395 6415
f 6416 6415 6442
f 6396 6404 6383
f 6355 6368 6406
f 6436 6370 6422
f 6428 6386 6323
f 6449 6326 6343
f 6334 6326 6449
f 6374 6351 6445
f 6400 6378 6374
f 6400 6302 6378
f 6400 6379 6302
f 6364 6393 6419
f 6441 6359 6426
f 6431 6381 6365
f 6431 6366 6381
f 6389 6366 6431
f 6382 6375 6409
f 6394 6313 6367
f 6394 6367 6432
f 6448 6410 6395
f 6360 6376 6404
f 6417 6390 6355
f 6423 6388 6371
f 6311 6372 6463
f 6343 6311 6418
f 6408 6379 6400
f 6401 6380 6408
f 6440 6364 6419
f 6426 6359 6440
f 6432 6367 6382
f 6421 6403 6394
f 6427 6360 6404
f 6434 6355 6406
f 6407 6384 6369
f 6428 6385 6436
f 6428 6323 6385
f 6387 6386 6428
f 6475 6371 6387
f 6398 6388 6423
f 6429 6311 6463
f 6418 6311 6429
f 6445 6351 6291
f 6452 6393 6401
f 6455 6365 6402
f 6396 6383 6410
f 6397 6390 6411
f 6414 6400 6374
f 6414 6408 6400
f 6419 6393 6452
f 6468 6389 6431
f 6409 6389 6468
f 6447 6382 6409
f 6432 6382 6447
f 6448 6395 6416
f 6404 6396 6457
f 6417 6355 6434
f 6411 6390 6417
f 6443 6407 6369
f 6412 6436 6422
f 6423 6371 6475
f 6462 6398 6423
f 6438 6399 6391
f 6452 6401 6408
f 6455 6402 6441
f 6476 6394 6432
f 6421 6394 6476
f 6471 6406 6405
f 6434 6406 6471
f 6460 6397 6411
f 6443 6422 6407
f 6475 6387 6428
f 6425 6452 6408
f 6415 6403 6421
f 6433 6396 6410
f 6433 6410 6448
f 6427 6404 6457
f 6477 6405 6427
f 6471 6405 6477
f 6460 6411 6417
f 6460 6369 6397
f 6443 6369 6460
f 6461 6475 6428
f 6478 6398 6462
f 6463 6398 6478
f 6438 6391 6334
f 6465 6445 6291
f 6374 6445 6466
f 6481 6408 6414
f 6431 6365 6455
f 6442 6415 6456
f 6448 6416 6442
f 6457 6396 6433
f 6494 6477 6427
f 6460 6417 6469
f 6422 6443 6435
f 6473 6412 6422
f 6436 6412 6473
f 6474 6461 6428
f 6474 6428 6437
f 6343 6418 6429
f 6465 6291 6788
f 6467 6425 6408
f 6467 6408 6481
f 6439 6419 6452
f 6440 6419 6439
f 6420 6426 6440
f 6454 6441 6426
f 6469 6417 6472
f 6473 6422 6444
f 6462 6423 6475
f 6487 6414 6374
f 6487 6374 6466
f 6452 6425 6467
f 6453 6420 6440
f 6454 6426 6420
f 6447 6409 6468
f 6456 6421 6476
f 6456 6415 6421
f 6433 6448 6491
f 6494 6427 6483
f 6472 6417 6434
f 6444 6422 6435
f 6437 6436 6473
f 6437 6428 6436
f 6449 6343 6429
f 6481 6414 6513
f 6489 6455 6441
f 6526 6468 6431
f 6526 6431 6455
f 6476 6432 6447
f 6483 6427 6457
f 6472 6434 6471
f 6444 6435 6443
f 6464 6429 6463
f 6446 6452 6467
f 6509 6440 6439
f 6489 6441 6454
f 6490 6442 6456
f 6448 6442 6490
f 6484 6472 6471
f 6459 6460 6469
f 6521 6460 6459
f 6495 6443 6460
f 6444 6443 6495
f 6478 6462 6475
f 6466 6445 6465
f 6488 6446 6467
f 6452 6446 6488
f 6453 6440 6509
f 6505 6420 6453
f 6506 6447 6468
f 6506 6476 6447
f 6490 6491 6448
f 6458 6477 6494
f 6464 6449 6429
f 6536 6334 6449
f 6496 6438 6334
f 6496 6334 6536
f 6513 6414 6487
f 6482 6439 6452
f 6482 6452 6488
f 6499 6489 6454
f 6526 6455 6489
f 6501 6468 6526
f 6506 6468 6501
f 6514 6456 6476
f 6511 6469 6472
f 6495 6460 6521
f 6473 6444 6495
f 6517 6437 6473
f 6479 6464 6463
f 6479 6463 6478
f 6536 6449 6464
f 6504 6465 6451
f 6509 6439 6482
f 6454 6420 6505
f 6543 6476 6506
f 6502 6490 6456
f 6492 6433 6491
f 6492 6457 6433
f 6510 6483 6457
f 6521 6459 6469
f 6517 6474 6437
f 6466 6465 6504
f 6488 6467 6481
f 6499 6454 6524
f 6526 6489 6500
f 6543 6506 6549
f 6492 6510 6457
f 6516 6471 6477
f 6516 6484 6471
f 6511 6472 6484
f 6503 6517 6473
f 6522 6461 6474
f 6522 6474 6517
f 6522 6475 6461
f 6485 6478 6475
f 6485 6475 6522
f 6524 6505 6453
f 6524 6453 6498
f 6514 6476 6543
f 6493 6494 6483
f 6516 6477 6458
f 6520 6521 6469
f 6507 6478 6485
f 6507 6479 6478
f 6538 6504 6451
f 6539 6487 6466
f 6539 6466 6504
f 6509 6482 6488
f 6500 6489 6499
f 6500 6499 6542
f 6502 6456 6514
f 6550 6492 6491
f 6493 6483 6510
f 6516 6458 6494
f 6511 6484 6516
f 6520 6469 6511
f 6534 6495 6521
f 6534 6473 6495
f 6507 6485 6522
f 6464 6479 6507
f 6451 6789 6518
f 6488 6481 6513
f 6509 6488 6531
f 6498 6453 6509
f 6491 6490 6502
f 6510 6492 6550
f 6515 6494 6493
f 6551 6473 6534
f 6551 6503 6473
f 6523 6507 6522
f 6438 6496 6536
f 6524 6498 6509
f 6524 6454 6505
f 6542 6499 6525
f 6526 6500 6532
f 6527 6502 6514
f 6515 6493 6510
f 6554 6538 6451
f 6554 6451 6518
f 6539 6504 6538
f 6540 6487 6539
f 6519 6513 6487
f 6519 6487 6540
f 6547 6524 6509
f 6525 6499 6524
f 6548 6501 6526
f 6548 6526 6558
f 7667 6506 6501
f 6491 6502 6527
f 6561 6550 6491
f 6544 6515 6510
f 6545 6494 6515
f 6545 6516 6494
f 6533 6511 6516
f 6568 6517 6503
f 6571 6523 6522
f 6571 6522 6535
f 6552 6464 6507
f 6531 6488 6513
f 7663 6547 6509
f 7663 6509 6531
f 7667 6501 6548
f 6549 6506 7667
f 6543 6549 6559
f 6560 6514 6543
f 6560 6527 6514
f 6561 6491 6527
f 6545 6566 6516
f 6533 6520 6511
f 6528 6551 6534
f 6552 6507 6523
f 6541 6531 6513
f 6557 6500 6542
f 6570 6517 6568
f 6570 6522 6517
f 6570 6535 6522
f 6572 6464 6552
f 6536 6464 6572
f 6555 6539 6538
f 6556 6540 6539
f 6513 6519 6540
f 6530 6531 6541
f 7664 6524 6547
f 7665 6525 6524
f 6544 6510 6550
f 6565 6545 6515
f 6533 6516 6566
f 6567 6521 6520
f 6552 6523 6571
f 6554 6518 6791
f 7663 6531 6530
f 7664 6547 7663
f 7665 6524 7664
f 6542 6525 7665
f 6557 6532 6500
f 6558 6526 6532
f 6562 6550 6561
f 6544 6565 6515
f 6534 6521 6567
f 6556 6539 6555
f 6558 6532 6557
f 6564 6544 6563
f 7677 6520 6533
f 6567 6528 6534
f 7679 6571 6535
f 6554 6791 6793
f 6555 6538 6554
f 6530 6541 7663
f 7665 6557 6542
f 7676 6560 6543
f 7676 6543 6559
f 6561 6527 6560
f 6563 6544 6550
f 6566 6545 6565
f 7677 6533 6566
f 7677 6567 6520
f 6541 6513 6540
f 6541 6540 6556
f 7666 6548 6558
f 7666 7667 6548
f 6563 6550 6562
f 6567 6551 6528
f 7678 6551 6567
f 6503 6551 7678
f 6569 6570 6568
f 6535 6570 6569
f 6573 6536 6572
f 8949 6771 6772
f 7629 6768 6769
f 7629 6764 6765
f 7629 6762 6763
f 6763 6764 7629
f 6765 6766 7629
f 6767 6768 7629
f 5865 6760 6761
f 5865 6758 6759
f 6759 6760 5865
f 7631 6755 6756
f 7631 6753 6754
f 6754 6755 7631
f 6756 6757 7631
f 6757 6758 5865
f 6761 6762 7629
f 6771 8949 6770
f 6769 6770 7629
f 7630 7629 6766
f 7630 6767 7629
f 6770 8949 7629
f 7629 5865 6761
f 7631 6751 6752
f 7631 6749 6750
f 6750 6751 7631
f 5865 7631 6757
f 6752 6753 7631
f 7632 6748 6749
f 5863 7632 6749
f 5863 6749 7631
f 5863 6745 6746
f 5863 6744 6745
f 6746 6747 5863
f 6743 6744 5863
f 5863 6740 6741
f 7633 6738 6739
f 7633 6737 6738
f 6741 6742 5863
f 5874 7633 6739
f 5874 6739 5863
f 5857 7633 5874
f 7633 5857 6737
f 5863 6739 6740
f 6743 5863 6742
f 5863 6747 7632
f 5857 6736 6737
f 5857 6735 6736
f 5857 6733 6734
f 6732 6733 5857
f 6734 6735 5857
f 5857 7634 6732
f 7634 6730 6731
f 6731 6732 7634
f 5857 5880 7634
f 7632 6747 6748
f 6775 8924 5878
f 8949 6773 7629
f 7629 6773 7635
f 5873 7635 6774
f 7635 5873 7629
f 5878 5873 6775
f 7634 6729 6730
f 7634 6727 6728
f 7634 6726 6727
f 6728 6729 7634
f 7634 6725 6726
f 7634 6724 6725
f 6722 7636 6721
f 7636 6719 6720
f 6718 7636 6717
f 7636 6718 6719
f 6720 6721 7636
f 7636 6715 6716
f 6716 6717 7636
f 7636 6714 6715
f 6713 7637 6712
f 6723 7636 6722
f 7634 5880 7636
f 7634 7636 6724
f 6724 7636 6723
f 5884 5880 7638
f 7636 7637 6714
f 7637 6713 6714
f 6711 6712 7637
f 6710 7637 6709
f 6709 7637 6708
f 6707 7637 6706
f 6706 7637 6705
f 7637 6707 6708
f 7640 6703 6704
f 7640 6702 6703
f 6705 7640 6704
f 7637 6710 6711
f 7640 6700 6701
f 6700 7640 6699
f 7640 6697 6698
f 6696 6697 7640
f 7640 6695 6696
f 6698 6699 7640
f 7640 6701 6702
f 6705 7637 7640
f 5570 5882 7641
f 7640 7637 5854
f 5885 5882 5570
f 7095 7096 5881
f 7096 5568 5881
f 5566 7095 5881
f 5566 5881 5884
f 7639 7641 7098
f 5568 7097 5881
f 7641 7097 5569
f 5881 7097 7641
f 5569 7098 7641
f 7091 7092 7638
f 7638 7090 7091
f 7089 7090 7638
f 7094 5565 5884
f 7638 7092 7093
f 5563 7094 7638
f 7638 7093 5563
f 7094 5884 7638
f 7639 5570 7641
f 5887 5885 7099
f 5570 7099 5885
f 5571 5887 7099
f 5892 5887 7100
f 7100 5887 5571
f 5878 8927 6776
f 5878 6776 8929
f 5878 8929 6003
f 7081 5918 7080
f 5908 5557 7085
f 7084 5557 5908
f 7086 7638 5559
f 7638 5558 5559
f 7085 5558 5908
f 5558 7638 5908
f 5908 7081 7082
f 5918 7081 5908
f 5908 7083 7084
f 7082 7083 5908
f 6777 6778 6003
f 5978 6003 6779
f 5978 8931 6040
f 4172 5956 5995
f 4172 5995 6014
f 5956 7080 5918
f 7079 7080 5956
f 7078 7079 5956
f 4172 6014 7077
f 6014 8319 7077
f 7078 5956 4143
f 5956 4172 4143
f 7088 7638 7087
f 7086 7087 7638
f 7638 7088 7089
f 7167 7642 7166
f 7168 7642 7167
f 7168 7169 7642
f 5942 7177 7178
f 5942 7176 7177
f 7181 5913 5942
f 7181 7182 5913
f 5942 7179 7180
f 7180 7181 5942
f 7178 7179 5942
f 7171 7172 5942
f 7642 7169 7170
f 7170 7171 7642
f 7171 5942 7642
f 5942 7174 7175
f 7176 5942 7175
f 7173 7174 5942
f 5942 5914 7642
f 7173 5942 7172
f 5914 7166 7642
f 7155 5943 7154
f 5943 7155 7156
f 7153 7154 5943
f 7158 7159 5914
f 7159 7160 5914
f 7156 7157 5943
f 7158 5943 7157
f 7160 7161 5914
f 7150 7151 5919
f 7150 5919 7149
f 7149 5919 7148
f 5919 7147 7148
f 7151 7152 5919
f 7146 7147 5919
f 7145 7146 5919
f 7153 5943 7152
f 7145 5919 7144
f 7144 5919 7143
f 5914 7161 7162
f 7165 5914 7164
f 7166 5914 7165
f 5919 7152 5943
f 7162 7163 5914
f 7164 5914 7163
f 5914 5943 7158
f 7143 5919 7142
f 7141 5919 7140
f 7139 7140 5919
f 5919 7138 7139
f 5919 7141 7142
f 5919 7136 7137
f 7138 5919 7137
f 7135 7136 5919
f 7134 7135 5919
f 5913 7182 7183
f 7222 5996 7221
f 5996 7222 7223
f 7226 5996 7225
f 7223 7224 5996
f 7225 5996 7224
f 7215 5964 7214
f 7216 5964 7215
f 7212 5964 7211
f 5964 7212 7213
f 7213 7214 5964
f 5964 7216 7217
f 7219 5964 7218
f 7220 5996 7219
f 5964 7217 7218
f 5996 5964 7219
f 7220 7221 5996
f 7227 5996 7226
f 7232 7233 5996
f 7232 5996 7231
f 7231 5996 7230
f 7230 5996 7229
f 7234 7235 6015
f 7235 7236 6015
f 7234 6015 7233
f 6015 7236 7237
f 7237 7238 6015
f 7228 5996 7227
f 7229 5996 7228
f 6015 5996 7233
f 5913 7189 7190
f 5913 7190 7191
f 7188 7189 5913
f 7195 5913 7194
f 7196 5913 7195
f 7193 5913 7192
f 7194 5913 7193
f 5913 7191 7192
f 7184 5913 7183
f 7184 7185 5913
f 7188 5913 7187
f 7187 5913 7186
f 7185 7186 5913
f 7205 7206 5964
f 5989 7204 7205
f 5964 7206 7207
f 7210 5964 7209
f 5964 7208 7209
f 7207 7208 5964
f 7210 7211 5964
f 7199 7643 7198
f 7199 5913 7643
f 7196 7643 5913
f 7198 7643 7197
f 7643 7196 7197
f 7199 7200 5913
f 7203 5913 7202
f 7204 5989 7203
f 7200 7201 5913
f 5913 7201 7202
f 5989 5913 7203
f 5989 7205 5964
f 7640 6694 6695
f 7640 6693 6694
f 5854 6691 6692
f 5854 6690 6691
f 6692 6693 5854
f 6689 6690 5854
f 7644 6688 5854
f 6689 5854 6688
f 7644 5854 5867
f 7640 5854 6693
f 6686 7645 6685
f 6684 5867 6683
f 7645 6684 6685
f 7645 6686 6687
f 5867 6681 6682
f 6682 6683 5867
f 5867 6680 6681
f 6680 5867 6679
f 6677 6678 5867
f 5867 6678 6679
f 7645 6687 7644
f 5892 5572 7101
f 5573 5892 7101
f 7645 5867 6684
f 7644 5867 7645
f 5892 7100 5572
f 7646 6675 6676
f 7646 6674 6675
f 7646 6672 6673
f 7646 6671 6672
f 6673 6674 7646
f 7646 6669 6670
f 7646 5849 6669
f 5875 6667 6668
f 5875 6665 6666
f 6666 6667 5875
f 6668 5849 5875
f 6670 6671 7646
f 5875 6663 6664
f 5875 6662 6663
f 7647 6660 6661
f 7647 5850 6659
f 6659 6660 7647
f 6661 6662 5875
f 5858 6657 6658
f 5858 6656 6657
f 5858 6654 6655
f 6655 6656 5858
f 6658 5850 5858
f 6664 6665 5875
f 7646 5875 5849
f 5875 7647 6661
f 5875 7646 5867
f 5858 6653 6654
f 6652 6653 5858
f 5858 5850 7647
f 7647 5875 5858
f 5867 7646 6676
f 5867 6676 6677
f 5898 5573 7102
f 7134 5919 7133
f 7133 5919 7132
f 7132 5919 7131
f 7130 7131 5923
f 7130 5923 7129
f 7103 5898 7102
f 5923 7127 7128
f 7129 5923 7128
f 5923 7126 7127
f 5923 7125 7126
f 5923 7124 7125
f 7123 7124 5923
f 7122 7123 5923
f 7121 7122 5923
f 5923 7120 7121
f 5574 5898 7103
f 7119 5923 7118
f 7116 7117 5923
f 5923 7119 7120
f 7117 7118 5923
f 5920 7112 5923
f 5919 5923 7131
f 7115 5923 7114
f 7113 7114 5923
f 5923 7112 7113
f 7104 5899 5574
f 7116 5923 7115
f 7109 7110 5920
f 7111 5920 7110
f 5899 7104 5924
f 7108 7109 5920
f 5920 7107 7108
f 5920 7105 7106
f 5920 7111 7112
f 7106 7107 5920
f 4073 5924 7104
f 6651 5858 6650
f 6650 5858 6649
f 6648 5858 6647
f 6647 7648 6646
f 5858 6648 6649
f 6645 7648 6644
f 7648 6642 6643
f 6643 6644 7648
f 7648 6645 6646
f 5861 6638 6639
f 5861 6637 6638
f 5861 6635 6636
f 5861 6633 6634
f 6634 6635 5861
f 6636 6637 5861
f 5870 6631 6632
f 5855 6630 6631
f 5855 6628 6629
f 5855 6626 6627
f 6627 6628 5855
f 6629 6630 5855
f 6632 6633 5870
f 6639 6640 5861
f 5855 6625 5851
f 6623 6624 5855
f 6625 5855 6624
f 5851 6626 5855
f 6641 7648 5861
f 5870 6633 5861
f 6631 5870 5855
f 6641 5861 6640
f 6641 6642 7648
f 5855 6621 6622
f 7649 6620 6621
f 7649 6618 6619
f 7649 6616 6617
f 6617 6618 7649
f 6619 6620 7649
f 7649 5855 5876
f 7649 6614 6615
f 6613 6614 7649
f 6615 6616 7649
f 5855 7649 6621
f 5855 6622 6623
f 5858 6651 6652
f 5890 6611 6612
f 6610 6611 5890
f 7650 6608 6609
f 7650 6607 6608
f 7650 6605 6606
f 5859 6603 6604
f 6604 6605 7650
f 6606 6607 7650
f 6609 6610 7650
f 5859 6601 6602
f 5859 6600 6601
f 7652 6597 6598
f 6599 6600 5859
f 6596 7652 6595
f 6595 7652 6594
f 6593 7653 6592
f 6591 7653 6590
f 7653 6591 6592
f 7652 6593 6594
f 6596 6597 7652
f 6602 6603 5859
f 7650 5859 6604
f 7653 6587 6588
f 7651 6599 5859
f 6610 5890 7650
f 5859 7650 5890
f 6590 7653 6589
f 7651 5859 7652
f 7652 6598 7651
f 5890 7649 5876
f 5890 6612 7649
f 6588 6589 7653
f 6586 7653 6585
f 6585 5856 6584
f 6583 5856 6582
f 5856 6581 6582
f 5856 6583 6584
f 5856 6579 6580
f 6581 5856 6580
f 5856 5852 6578
f 5852 5856 7035
f 5856 7034 7035
f 5856 6578 6579
f 6587 7653 6586
f 7649 6612 6613
f 5858 7648 6647
f 7652 5859 7653
f 6585 7653 5856
f 7653 5859 5871
f 5856 7653 5871
f 7652 7653 6593
f 7029 5856 5871
f 7032 5856 7031
f 5871 7022 7023
f 7020 5871 5868
f 7014 5868 5905
f 5868 7017 7018
f 7034 5856 7033
f 5853 7033 5856
f 7030 7031 5856
f 5853 5856 7032
f 7029 7030 5856
f 5860 7028 5871
f 7026 7027 5871
f 5860 5871 7027
f 7029 5871 7028
f 5862 7025 5871
f 7024 5862 5871
f 7021 5864 5871
f 7022 5871 5864
f 7024 5871 7023
f 7019 7020 5868
f 5869 7019 5868
f 5872 7016 5868
f 7017 5868 7016
f 5869 5868 7018
f 7021 5871 7020
f 7026 5871 7025
f 5877 7015 5868
f 7014 5877 5868
f 7013 5883 5905
f 7012 5886 5905
f 7013 5905 5886
f 7014 5905 5883
f 5891 7012 5905
f 5901 7011 5905
f 5915 7008 5901
f 7015 5872 5868
f 5905 7011 5891
f 5901 5893 7011
f 5901 5895 7010
f 5901 5902 7009
f 7009 5895 5901
f 7010 5893 5901
f 5915 5906 7008
f 5915 7007 5906
f 5915 7006 5912
f 5915 7005 5916
f 5916 7006 5915
f 5912 7007 5915
f 7008 5902 5901
f 7005 5915 5965
f 5921 5944 7592
f 5969 7571 7572
f 7581 5944 5969
f 5969 7572 7573
f 5944 7581 7582
f 5969 7580 7581
f 5944 7585 7586
f 5944 7583 7584
f 7584 7585 5944
f 5944 7582 7583
f 5969 7574 7575
f 5969 7573 7574
f 5969 7578 7579
f 5969 7576 7577
f 7577 7578 5969
f 5969 7575 7576
f 7579 7580 5969
f 7586 7587 5944
f 7564 5969 7563
f 5968 8440 5969
f 7564 7565 5969
f 7561 5968 7560
f 7562 5968 7561
f 7563 5969 8440
f 5968 7562 8440
f 7571 7569 7570
f 7571 5969 7569
f 5969 7566 7567
f 7568 7569 5969
f 5969 7567 7568
f 7566 5969 7565
f 5921 7592 7593
f 7593 7594 5925
f 5944 7591 7592
f 5944 7590 7591
f 5925 7594 7595
f 7595 7596 5925
f 5925 7596 7597
f 7597 5928 5925
f 7599 5928 7598
f 5928 7599 7600
f 5928 7597 7598
f 7600 7601 5928
f 7593 5925 5921
f 7603 7604 5928
f 7605 5934 7604
f 7603 5928 7602
f 5944 7587 7588
f 5934 7605 7606
f 5944 7588 7589
f 5934 7606 7607
f 5934 7608 7609
f 7609 7610 5934
f 5938 7611 7612
f 5938 7612 7613
f 7610 7611 5938
f 7607 7608 5934
f 5928 7601 7602
f 7589 7590 5944
f 7613 7614 5938
f 7543 5971 6000
f 6000 7542 4149
f 7544 7545 5971
f 7543 7544 5971
f 4149 7543 6000
f 7548 8456 5971
f 7549 5971 8456
f 5971 7551 5975
f 7550 7551 5971
f 7550 5971 7549
f 5971 7545 7546
f 7547 7548 5971
f 5971 7546 7547
f 7541 6042 7540
f 6042 7541 7542
f 6042 7542 6000
f 6042 7538 7539
f 6042 7536 7537
f 7538 6042 7537
f 7539 7540 6042
f 7536 6042 8396
f 8396 6042 6037
f 6037 7535 8396
f 7554 5975 7553
f 7555 5975 7554
f 7555 8460 5968
f 5975 7555 5968
f 7552 5975 7551
f 7553 5975 7552
f 7560 5968 7559
f 7556 5968 8460
f 7557 5968 7556
f 7558 5968 7557
f 5968 7558 7559
f 7534 7535 6037
f 7533 7534 6037
f 6037 7531 7532
f 7654 7529 7530
f 7530 7531 6037
f 7532 7533 6037
f 7655 7527 7654
f 7529 7654 7528
f 7654 7527 7528
f 7655 7654 6037
f 6037 7654 7530
f 7525 7669 7524
f 7669 7525 7526
f 7655 7669 7526
f 7655 6037 7669
f 5934 5928 7604
f 7614 7615 5938
f 5938 5934 7610
f 5938 7615 7616
f 7617 5938 7616
f 7618 5938 7617
f 7618 7619 5935
f 7620 5935 7619
f 7621 5935 7620
f 5951 5935 7621
f 5935 5938 7618
f 5951 7621 8514
f 5939 5935 7387
f 7623 5951 7622
f 7624 5951 7623
f 7625 5951 7624
f 7626 5951 7625
f 5951 7371 5957
f 7382 5957 7381
f 5951 7627 7628
f 7627 5951 7626
f 7383 5935 5957
f 7382 7383 5957
f 7388 7389 5939
f 7387 7388 5939
f 7392 7393 5939
f 7390 7391 5939
f 7392 5939 7391
f 7389 7390 5939
f 7385 7386 5935
f 7384 7385 5935
f 7383 7384 5935
f 7387 5935 7386
f 8514 7622 5951
f 7393 7394 5939
f 7407 7408 5945
f 5962 5932 5945
f 5945 7409 7410
f 5945 7408 7409
f 5962 5945 7411
f 7411 5945 7410
f 5962 7411 7412
f 7403 5945 5939
f 5965 5930 5927
f 5930 5965 5933
f 7004 5922 5965
f 5927 7004 5965
f 5965 5940 5936
f 5958 5949 5940
f 5958 5940 5965
f 5965 5936 5933
f 5949 5958 5955
f 7005 5965 5922
f 5939 7402 7403
f 5939 7401 7402
f 5945 7406 7407
f 5945 7404 7405
f 7405 7406 5945
f 5945 7403 7404
f 5939 7395 7396
f 5939 7399 7400
f 5939 7397 7398
f 7398 7399 5939
f 5939 7396 7397
f 7400 7401 5939
f 5955 5958 5959
f 7412 7413 5962
f 5959 5958 6006
f 5959 6006 5963
f 7413 7414 5962
f 7395 5939 7394
f 5957 7371 7372
f 7369 5951 7628
f 5957 7372 7373
f 7368 7369 7628
f 7371 5951 7370
f 5951 7369 7370
f 7376 7377 5957
f 7375 7376 5957
f 7380 7381 5957
f 7378 7379 5957
f 7380 5957 7379
f 7377 7378 5957
f 7373 7374 5957
f 7425 7426 6023
f 7427 6005 7426
f 7375 5957 7374
f 7429 7427 7428
f 7429 6005 7427
f 7430 6005 7429
f 7431 7432 6005
f 7433 6005 7432
f 7656 7434 7435
f 7433 7434 6005
f 6005 7430 7431
f 7436 7656 7435
f 7436 7437 7656
f 7656 7673 6005
f 6005 7434 7656
f 7656 7437 7438
f 7656 7439 7440
f 7656 7440 7441
f 7656 7441 7442
f 7438 7439 7656
f 6005 6023 7426
f 7420 5972 7419
f 7420 6023 5972
f 5972 7417 7418
f 7419 5972 7418
f 7416 7417 5972
f 6023 7420 7421
f 7421 7422 6023
f 7423 6023 7422
f 7423 7424 6023
f 7415 5972 7414
f 7416 5972 7415
f 5963 6006 5966
f 5972 5962 7414
f 6006 5970 5966
f 6006 5974 5970
f 6023 7424 7425
f 5974 6006 5982
f 6006 5988 5982
f 6006 5993 5988
f 5993 6006 5999
f 6006 6007 6002
f 6033 6009 6007
f 6033 6007 6006
f 6006 6002 5999
f 6009 6033 6012
f 7657 6014 6053
f 6066 6780 6093
f 5556 8319 6014
f 5556 6014 7657
f 6053 7076 7657
f 7075 7076 6053
f 6053 7074 7075
f 6122 5555 6053
f 5555 7074 6053
f 7073 5555 6122
f 6127 6781 8935
f 7073 6122 7072
f 6122 6135 7072
f 6783 8936 6202
f 8936 6127 6782
f 6202 6127 6783
f 6784 6202 8952
f 6135 7071 7072
f 7071 6153 7070
f 6153 7071 6135
f 6153 6155 7070
f 7070 6155 5554
f 7069 6155 6208
f 5554 6155 7069
f 7068 7069 6208
f 7067 7068 6208
f 7066 7067 6208
f 7066 6208 7065
f 7063 7064 6208
f 7065 6208 7064
f 7239 6015 7238
f 7240 6015 7239
f 6015 7240 7241
f 7242 6074 7241
f 6074 7243 7658
f 7242 7243 6074
f 6015 7241 6074
f 6074 7658 7244
f 7246 7247 6074
f 6074 7245 7246
f 7244 7245 6074
f 7249 6074 7248
f 7250 6074 7249
f 7250 7251 6074
f 6074 7247 7248
f 7252 6106 7251
f 6106 6074 7251
f 7254 6106 7253
f 7255 6106 7254
f 6106 7255 7256
f 7257 6106 7256
f 6106 7252 7253
f 6106 7258 7259
f 7260 7261 6106
f 7260 6106 7259
f 7261 7262 6106
f 7262 7263 6106
f 6106 7264 7265
f 6106 7263 7264
f 7265 7266 6106
f 7267 6106 7266
f 6106 7267 7268
f 7269 6136 7268
f 7269 7270 6136
f 7270 7271 6136
f 7272 6136 7271
f 6106 7268 6136
f 7258 6106 7257
f 6136 7274 7275
f 6136 7273 7274
f 7272 7273 6136
f 7277 6136 7276
f 7278 6136 7277
f 7279 6136 7278
f 7275 7276 6136
f 7281 6136 7280
f 6136 7281 7659
f 7282 7659 7281
f 7279 7280 6136
f 7659 7283 7284
f 7659 7284 7285
f 7659 7285 7286
f 7282 7283 7659
f 7287 7659 7286
f 7289 7659 7288
f 7287 7288 7659
f 7290 7659 7289
f 7291 6130 7290
f 7293 6130 7292
f 7291 7292 6130
f 6130 7293 7294
f 7659 7290 6130
f 7295 6130 7294
f 6130 7295 7296
f 6130 7297 7298
f 6130 7298 7299
f 6156 6130 7299
f 7299 7300 6156
f 7297 6130 7296
f 7301 7302 6156
f 6156 7302 7303
f 7303 7304 6156
f 7063 6208 7062
f 7061 6208 5551
f 6208 7061 7062
f 7305 6156 7304
f 7307 6156 7306
f 7305 7306 6156
f 7308 6156 7307
f 6156 7311 6164
f 6156 7308 7309
f 7309 7310 6156
f 6164 7311 7312
f 7313 6164 7312
f 7310 7311 6156
f 7314 6164 7313
f 6156 7300 7301
f 7331 6157 7330
f 7324 6157 6164
f 6157 7331 7332
f 7333 6157 7332
f 7334 6157 7333
f 7337 7338 6158
f 6158 7339 7340
f 6158 7338 7339
f 7340 7341 6158
f 6157 7334 7335
f 6157 7335 6158
f 7337 6158 7336
f 7335 7336 6158
f 6164 7314 7315
f 6164 7316 7317
f 7317 7318 6164
f 7319 6164 7318
f 7320 7321 6164
f 7321 7322 6164
f 6157 7324 7325
f 7324 6164 7323
f 7323 6164 7322
f 6164 7319 7320
f 6157 7325 7326
f 6157 7327 7328
f 7330 6157 7329
f 7329 6157 7328
f 6157 7326 7327
f 7044 6168 7043
f 7315 7316 6164
f 6786 6260 8939
f 7661 6788 6291
f 8939 6260 8938
f 7661 6291 7660
f 7660 6260 6786
f 6451 6465 6788
f 6518 8943 6791
f 7662 6554 6793
f 6555 6802 6803
f 6555 6554 6801
f 7662 6793 6794
f 7662 6796 6554
f 7662 6794 6795
f 6554 6796 6797
f 7662 6795 6796
f 6798 6554 6797
f 6798 6799 6554
f 6799 6800 6554
f 6800 6801 6554
f 6801 6802 6555
f 6556 6555 6805
f 6556 6805 6806
f 6556 6807 6808
f 6556 6811 6812
f 6541 6556 6813
f 6541 6813 6814
f 6556 6810 6811
f 6804 6805 6555
f 6541 6817 6818
f 6556 6806 6807
f 6541 6815 6816
f 6803 6804 6555
f 7663 6541 6822
f 6556 6808 6809
f 6556 6809 6810
f 6556 6812 6813
f 6541 6816 6817
f 6541 6818 6819
f 6541 6820 6821
f 6541 6819 6820
f 6541 6814 6815
f 7663 6822 6823
f 7663 6823 6824
f 7663 6825 6826
f 7663 6827 6828
f 7663 6826 6827
f 7663 6824 6825
f 7663 6829 6830
f 7663 6830 6831
f 7663 6832 6833
f 7663 6834 6835
f 7663 6833 6834
f 7663 6831 6832
f 7663 6828 6829
f 6541 6821 6822
f 6835 6836 7663
f 6209 5551 6208
f 5551 6209 7060
f 7060 6209 6253
f 7060 6231 7059
f 6231 7058 7059
f 7060 6253 6231
f 7058 6231 6254
f 7057 7058 6254
f 7057 6254 7056
f 6237 5548 7056
f 5548 6237 7055
f 6261 6221 7048
f 7047 7048 6221
f 7049 6261 7048
f 7049 7050 6261
f 7046 6210 7045
f 7044 7045 6210
f 6210 7047 6221
f 7047 6210 7046
f 6296 7052 7053
f 7055 6237 7054
f 5546 6261 7051
f 7051 6261 7050
f 6261 5547 7052
f 6261 5546 5547
f 7056 6254 6237
f 7664 6842 6843
f 7665 7664 6846
f 6557 6850 6558
f 6850 6557 7665
f 7664 6836 6837
f 7664 6837 6838
f 7664 6838 6839
f 7664 6840 6841
f 7664 6839 6840
f 7664 6843 6844
f 7664 6844 6845
f 7665 6846 6847
f 7664 6845 6846
f 7664 6841 6842
f 7665 6848 6849
f 7665 6849 6850
f 6558 6850 6851
f 6558 6851 6852
f 6558 6853 6854
f 6558 6852 6853
f 7665 6847 6848
f 7052 6296 6261
f 7054 6237 7053
f 6558 6855 6856
f 7666 6859 6860
f 6549 7667 6559
f 7666 6863 6864
f 6870 6559 7667
f 7667 7666 6867
f 6858 7666 6558
f 6856 6857 6558
f 6858 6859 7666
f 6860 6861 7666
f 6857 6858 6558
f 6862 6863 7666
f 6865 6866 7666
f 6867 6868 7667
f 6866 6867 7666
f 6864 6865 7666
f 6861 6862 7666
f 6869 6870 7667
f 6870 6871 6559
f 6559 6874 6875
f 6872 6873 6559
f 6559 6871 6872
f 6869 7667 6868
f 6559 6873 6874
f 6559 6876 6877
f 6878 6879 6559
f 6877 6878 6559
f 6559 6875 6876
f 6854 6855 6558
f 7663 6836 7664
f 6210 6168 7044
f 7669 7523 7524
f 7669 7522 7523
f 7669 7520 7521
f 7520 7669 7519
f 7518 7519 7669
f 7521 7522 7669
f 7668 7518 7669
f 7517 7518 7668
f 7668 7516 7517
f 7668 7514 7515
f 7515 7516 7668
f 7668 7669 7514
f 7512 7513 7669
f 7513 7514 7669
f 7511 7512 7669
f 8410 7511 7669
f 8410 7669 7510
f 7669 7670 7510
f 8411 7669 6038
f 7670 7669 8411
f 6054 6038 7669
f 6038 8412 8411
f 6069 7504 6054
f 6102 7500 6081
f 7508 6038 6054
f 7507 6054 7506
f 7508 6054 7507
f 7478 6063 7477
f 7478 7479 6063
f 6038 7509 8412
f 5637 6063 7476
f 7475 6063 7474
f 6063 7475 7476
f 6063 5637 7477
f 7473 6063 7472
f 6063 7473 7474
f 7502 6081 7501
f 7503 6081 7502
f 6069 6081 7503
f 6054 7504 7505
f 6081 7500 7501
f 6144 7483 7484
f 7505 7506 6054
f 6144 7482 7483
f 6063 6064 7472
f 6063 7480 6144
f 7480 6063 7479
f 6144 7481 7482
f 7481 6144 7480
f 6144 7484 7485
f 7499 7500 6102
f 6063 7471 6064
f 7364 7365 6123
f 6142 7361 6123
f 7361 7362 6123
f 6123 7363 7364
f 7362 7363 6123
f 7358 6142 6148
f 6188 7037 4311
f 7366 7367 6123
f 7366 6123 7365
f 6148 7351 7352
f 7357 7358 6148
f 7357 6148 7356
f 6148 7355 7356
f 6142 7358 7359
f 6148 7353 7354
f 7355 6148 7354
f 7352 7353 6148
f 6142 7360 7361
f 7360 6142 7359
f 6188 4311 5544
f 6195 6188 5544
f 6195 5544 7038
f 6102 7495 7496
f 7498 6102 7497
f 7496 7497 6102
f 7499 6102 7498
f 6125 7672 6102
f 6102 7672 7495
f 6143 6144 7486
f 7486 6144 7485
f 7487 6143 7486
f 6143 7488 7489
f 6143 7487 7488
f 7672 7492 7493
f 7672 6125 7492
f 7495 7672 7494
f 6188 7036 7037
f 6188 6089 7036
f 6149 7492 6125
f 7493 7494 7672
f 7490 4284 6143
f 7489 7490 6143
f 4284 7491 6149
f 6149 7491 7492
f 6089 7367 7036
f 7444 7673 7443
f 7656 7443 7673
f 7445 7673 7444
f 7446 7673 7445
f 7443 7656 7442
f 8330 7673 7446
f 7447 7673 8330
f 7673 7448 7674
f 7448 7673 7447
f 7448 5613 7674
f 7674 5613 7449
f 7470 7471 6082
f 7470 6082 7469
f 6033 6018 6012
f 6033 6025 6022
f 6033 6028 6025
f 6033 6022 6018
f 6033 6034 6028
f 6034 6033 6035
f 6051 6044 6039
f 6051 6039 6033
f 6051 6048 6044
f 6033 6039 6035
f 6048 6051 6052
f 7450 7451 7674
f 7452 7675 7451
f 7675 7674 7451
f 7675 6097 7674
f 6052 6051 6056
f 6056 6051 6060
f 7454 7675 7453
f 6060 6051 6065
f 6065 6051 6071
f 7453 7675 7452
f 7450 7674 7449
f 5631 7469 6082
f 6082 7468 5631
f 7467 7468 6082
f 7466 7467 6082
f 6082 7465 7466
f 7471 6063 6082
f 6083 7464 7465
f 7454 7455 7675
f 6083 7463 7464
f 7463 6083 7462
f 7462 6083 7461
f 6083 7460 7461
f 6083 7465 6082
f 5620 7459 6083
f 6083 7458 5620
f 6116 5619 7458
f 6083 6116 7458
f 6083 7459 7460
f 7456 7675 7455
f 5618 5619 6116
f 7457 6090 7456
f 5618 6116 6090
f 6090 6097 7675
f 6071 6051 6079
f 6079 6051 6086
f 6086 6051 6111
f 6086 6111 6092
f 7456 6090 7675
f 6090 7457 5618
f 6111 6095 6092
f 6138 6104 6100
f 6138 6100 6111
f 6111 6100 6095
f 6138 6121 6112
f 6138 6126 6121
f 6138 6139 6133
f 6138 6166 6147
f 6138 6147 7003
f 6138 6133 6126
f 6138 6112 6104
f 6138 7003 6139
f 6166 7002 6147
f 6166 7001 6151
f 6151 7002 6166
f 7348 7671 7347
f 7346 7347 7671
f 7348 7349 7671
f 7350 7671 7349
f 7671 6158 7342
f 7343 7671 7342
f 7345 7346 7671
f 7671 7344 7345
f 7671 7343 7344
f 7350 7351 6148
f 7039 6195 7038
f 7039 6168 6195
f 7671 7350 6148
f 6168 7042 7043
f 7041 6168 7040
f 7039 7040 6168
f 7042 6168 7041
f 6562 6561 6560
f 6562 6560 6886
f 7677 6921 6922
f 7677 6927 6928
f 7677 6923 6924
f 7677 6566 6565
f 6565 6544 6564
f 6897 6563 6562
f 7677 6925 6926
f 6565 6917 6918
f 6565 6921 7677
f 6562 6892 6893
f 7677 6934 6567
f 6567 6937 6938
f 6886 6560 7676
f 6881 6559 6880
f 6559 6882 7676
f 6559 6881 6882
f 7676 6883 6884
f 7676 6882 6883
f 6887 6562 6886
f 6563 6905 6906
f 6563 6565 6564
f 6894 6895 6562
f 6562 6887 6888
f 6565 6563 6908
f 6562 6888 6889
f 6885 6886 7676
f 6885 7676 6884
f 6562 6889 6575
f 6575 6890 6562
f 6891 6892 6562
f 6893 6894 6562
f 6890 6891 6562
f 6896 6897 6562
f 6897 6898 6563
f 6563 6900 6901
f 6563 6899 6900
f 6898 6899 6563
f 6895 6896 6562
f 6563 6902 6903
f 6563 6903 6904
f 6563 6907 6908
f 6563 6906 6907
f 6563 6904 6905
f 6908 6909 6565
f 6909 6910 6565
f 6563 6901 6902
f 6576 6565 6910
f 6576 6911 6565
f 6911 6912 6565
f 6913 6914 6565
f 6915 6916 6565
f 6914 6915 6565
f 6912 6913 6565
f 6565 6916 6917
f 6919 6565 6918
f 6920 6565 6919
f 6567 6942 6943
f 7678 6945 6946
f 6920 6921 6565
f 7678 6567 6944
f 6923 7677 6922
f 6927 7677 6926
f 6925 7677 6924
f 6928 6929 7677
f 6930 6931 7677
f 6932 6933 7677
f 6931 6932 7677
f 6929 6930 7677
f 6935 6936 6567
f 6934 6935 6567
f 6933 6934 7677
f 6938 6939 6567
f 6567 6941 6942
f 6567 6940 6941
f 6939 6940 6567
f 6567 6943 6944
f 6944 6945 7678
f 7678 6946 6947
f 7678 6948 6949
f 7678 6947 6948
f 6936 6937 6567
f 7678 6568 6503
f 6879 6880 6559
f 6166 6162 6154
f 6166 6167 6162
f 6166 6179 6172
f 6212 6185 6179
f 6212 6179 6166
f 6166 6172 6167
f 6212 6197 6193
f 6212 6201 6197
f 6212 6213 6206
f 6250 6226 6218
f 6250 6218 6213
f 6250 6213 6212
f 6212 6206 6201
f 6212 6193 6185
f 6250 6241 6236
f 6250 6251 6241
f 6289 6265 6259
f 6289 6259 6250
f 6289 6272 6265
f 6250 6259 6251
f 6289 6290 6272
f 6399 6312 6305
f 6399 6305 6289
f 6289 6305 6297
f 6289 6297 6290
f 6250 6236 6226
f 6399 6328 6319
f 6399 6335 6328
f 6399 6350 6344
f 6399 6358 6350
f 6399 6344 6335
f 6399 6373 6363
f 6399 6377 6373
f 6399 6392 6377
f 6438 6413 6399
f 6399 6413 6392
f 6399 6363 6358
f 6438 6424 6413
f 6438 6450 6430
f 6438 6430 6424
f 6438 6486 6480
f 6438 6508 6497
f 6438 6497 6486
f 6438 6480 6470
f 6438 6470 6450
f 6399 6319 6312
f 6536 6508 6438
f 6166 6154 7001
f 6568 6957 6569
f 6951 6568 7678
f 6569 6963 6535
f 7679 6970 6571
f 6951 6952 6568
f 6952 6953 6568
f 6954 6955 6568
f 6956 6957 6568
f 6955 6956 6568
f 6953 6954 6568
f 6958 6959 6569
f 6959 6960 6569
f 6961 6962 6569
f 6963 6964 6535
f 6962 6963 6569
f 6960 6961 6569
f 6957 6958 6569
f 6535 6964 6965
f 6966 6535 6965
f 6535 6966 6967
f 7679 6967 6968
f 6968 6969 7679
f 6970 6971 6571
f 6972 6973 6571
f 6971 6972 6571
f 6969 6970 7679
f 7679 6535 6967
f 6950 6951 7678
f 6950 7678 6949
f 6974 6571 6973
f 7000 6508 6536
f 6536 6512 7000
f 6536 6999 6512
f 6536 6573 6546
f 6536 6546 6996
f 6536 6529 6998
f 6536 6537 6997
f 6997 6529 6536
f 6998 6999 6536
f 6573 6995 6546
f 6573 6994 6553
f 6993 6573 6992
f 6993 6994 6573
f 6553 6995 6573
f 6996 6537 6536
f 6975 6976 6571
f 6572 6552 6978
f 6572 6978 6979
f 6552 6571 6977
f 6552 6977 6978
f 6572 6981 6982
f 6571 6976 6977
f 6572 6980 6981
f 6572 6982 6983
f 6572 6979 6980
f 6573 6572 6983
f 6991 6574 6573
f 6989 6990 6573
f 6991 6573 6990
f 6992 6573 6574
f 6985 6986 6573
f 6986 6987 6573
f 6989 6573 6988
f 6988 6573 6987
f 6989 6988 6577
f 6984 6985 6573
f 6573 6983 6984
f 6975 6571 6974
f 6158 7341 7342
f 6990 6989 4838
f 6990 4838 4839
f 4839 7680 6990
f 7680 6574 6991
f 7680 6992 6574
f 6991 6990 7680
f 7680 6994 6993
f 7680 6553 6994
f 7680 6546 6995
f 7680 6537 6996
f 6996 6546 7680
f 6995 6553 7680
f 6993 6992 7680
f 7680 6529 6997
f 7680 6998 6529
f 6999 6998 7680
f 7681 6512 6999
f 7681 7000 6512
f 7682 6486 6497
f 6497 6508 7681
f 6508 7000 7681
f 6997 6537 7680
f 7683 6470 6480
f 7683 6450 6470
f 7684 6430 6450
f 7684 6424 6430
f 6413 6424 7685
f 7686 6377 6392
f 7687 6363 6373
f 7687 6350 6358
f 6358 6363 7687
f 6373 6377 7686
f 6373 7686 7688
f 7687 6335 6344
f 7687 6328 6335
f 7687 6312 6319
f 7689 6297 6305
f 6305 6312 7690
f 6319 6328 7687
f 6344 6350 7687
f 6392 6413 7685
f 6480 6486 7682
f 7689 6290 6297
f 7687 7690 6312
f 6290 7691 6272
f 7681 7682 6497
f 4847 7680 4774
f 7682 7681 4746
f 7682 4746 4739
f 7682 7683 6480
f 7681 6999 7680
f 7689 6305 7690
f 6272 7691 6265
f 6259 7691 6251
f 7691 6259 6265
f 7683 7684 6450
f 7684 7685 6424
f 7684 7683 4719
f 7684 4719 4711
f 7692 7685 7684
f 7685 7686 6392
f 6373 7688 7687
f 7692 7688 7686
f 7693 7694 7688
f 7687 7688 7694
f 7686 7685 7692
f 7687 7695 7696
f 7693 7697 7696
f 7696 7695 7693
f 7687 7696 7697
f 7687 7698 7690
f 7699 7690 7698
f 6290 7689 7691
f 7700 7691 7689
f 7700 7689 7701
f 7689 7690 7699
f 7689 7699 7701
f 7698 7697 7699
f 7687 7697 7698
f 7695 7694 7693
f 7687 7694 7695
f 7683 7682 4733
f 7683 4733 4729
f 7702 6251 7691
f 7702 6236 6241
f 7702 6226 6236
f 7702 6213 6218
f 7703 6206 6213
f 6218 6226 7702
f 7703 6197 6201
f 7703 6193 6197
f 7704 6179 6185
f 7704 6167 6172
f 6172 6179 7704
f 6185 6193 7704
f 6201 6206 7703
f 7705 6154 6162
f 7705 7001 6154
f 7703 7704 6193
f 7703 7702 4381
f 7703 4381 4374
f 6167 7705 6162
f 7705 7704 4340
f 7705 4340 4334
f 7704 7703 4359
f 7704 4359 4356
f 7704 7705 6167
f 7703 6213 7702
f 6151 7001 7705
f 7706 7002 6151
f 7706 6147 7002
f 6139 7003 7706
f 6147 7706 7003
f 6139 7707 6133
f 7707 6139 7706
f 7706 6151 7705
f 7706 7705 4849
f 7706 4849 4315
f 7702 6241 6251
f 7702 7691 4403
f 7702 4403 4398
f 6989 6577 4837
f 6989 4837 4838
f 7707 6121 6126
f 7707 6112 6121
f 7708 6100 6104
f 7708 6095 6100
f 6104 6112 7708
f 7709 6086 6092
f 7709 6079 6086
f 7709 6065 6071
f 7710 6056 6060
f 6060 6065 7709
f 6071 6079 7709
f 6092 6095 7708
f 7711 6048 6052
f 7711 6044 6048
f 7711 6035 6039
f 7712 6034 6035
f 6039 6044 7711
f 7712 6025 6028
f 7713 6022 6025
f 7713 6012 6018
f 7713 6007 6009
f 6009 6012 7713
f 6018 6022 7713
f 6028 6034 7712
f 6052 6056 7710
f 6002 7714 5999
f 5999 7714 5993
f 5988 7715 5982
f 7714 5988 5993
f 5982 7715 5974
f 5974 7715 5970
f 7715 5963 5966
f 5959 7716 5955
f 7715 7716 5959
f 7715 5959 5963
f 7715 5966 5970
f 5949 7716 5940
f 5940 7716 5936
f 5933 7716 5930
f 7716 7717 7004
f 7716 7004 5927
f 5927 5930 7716
f 7716 5933 5936
f 5922 7717 7005
f 7005 7717 5916
f 7006 7717 5912
f 7717 5906 7007
f 7717 7007 5912
f 7717 7006 5916
f 7717 5922 7004
f 7716 5949 5955
f 7718 6002 6007
f 7008 7719 5902
f 5902 7719 7009
f 5895 7719 7010
f 7010 7719 5893
f 7719 5895 7009
f 7719 5891 7011
f 7720 5891 7719
f 5886 7720 7013
f 5883 7720 7014
f 7720 5883 7013
f 7720 5886 7012
f 7719 7011 5893
f 7712 7711 7721
f 7712 7721 7722
f 7707 7708 6112
f 7709 6092 7708
f 6025 7712 7713
f 7709 7710 6060
f 7709 7708 4260
f 7709 4260 4255
f 7721 7711 6052
f 7721 6052 7710
f 7710 7723 7724
f 7710 7724 7721
f 7710 7709 7723
f 7708 7707 4282
f 7708 4282 4281
f 5877 7720 7015
f 7720 5872 7015
f 7713 7712 7725
f 7726 7727 7722
f 5872 7720 7728
f 7014 7720 5877
f 7017 7016 7728
f 7722 7727 7712
f 5906 7717 7719
f 7722 7721 7724
f 7722 7724 7726
f 7711 7712 6035
f 6007 7713 7718
f 7017 7728 7018
f 7018 7728 5869
f 7019 7728 7020
f 7020 7728 7021
f 7728 7019 5869
f 7729 5864 7728
f 7022 7729 7023
f 7024 7729 5862
f 7025 7729 7026
f 7729 7025 5862
f 7729 7024 7023
f 5864 7021 7728
f 7729 5860 7027
f 7730 5860 7729
f 7029 7730 7030
f 7730 7029 7028
f 7031 7730 7032
f 7032 7731 5853
f 7033 7731 7034
f 7035 7731 5852
f 7731 7035 7034
f 7731 7033 5853
f 7730 7031 7030
f 7729 7027 7026
f 7712 7727 7725
f 7707 6126 6133
f 7707 7706 4851
f 7707 4851 4301
f 4839 4840 7680
f 4807 4841 7680
f 4841 4842 7680
f 4840 4807 7680
f 4843 4795 7680
f 4795 4844 7680
f 4788 4845 7680
f 4780 4846 7680
f 4845 4780 7680
f 4844 4788 7680
f 4842 4843 7680
f 7681 7680 4847
f 4847 4848 7681
f 4759 4752 7681
f 4752 4746 7681
f 4739 4733 7682
f 4729 4724 7683
f 4848 4759 7681
f 4846 4774 7680
f 7693 7692 7732
f 7692 4655 7732
f 4631 7733 7693
f 7734 7735 7693
f 7693 7732 4639
f 7693 4639 4631
f 4719 7683 4721
f 7736 7733 4620
f 7736 4620 4610
f 7683 4724 4721
f 7733 7736 7693
f 7701 7699 4460
f 7701 4460 4450
f 4430 7700 7701
f 7697 7693 7735
f 7734 7736 4610
f 7734 4610 4585
f 7699 7735 7737
f 7737 7735 4558
f 7737 4558 4527
f 7735 7734 4585
f 7735 4585 4558
f 7697 7735 7699
f 7734 7693 7736
f 7737 4472 7699
f 4403 7691 7700
f 4711 4707 7684
f 4707 4703 7684
f 7684 4703 7692
f 7692 4695 4684
f 7692 4703 4695
f 7692 4679 4673
f 7692 4673 4665
f 7732 4655 4646
f 7732 4646 4639
f 7692 4665 4655
f 7692 4684 4679
f 4631 4620 7733
f 7737 4527 4495
f 7699 4472 4460
f 7701 4445 4436
f 7700 4430 4412
f 7701 4436 4430
f 7701 4450 4445
f 7737 4495 4472
f 7700 4410 4403
f 4398 4393 7702
f 7700 4412 4410
f 4390 4386 7702
f 4386 4381 7702
f 4374 4368 7703
f 4363 4359 7703
f 4368 4363 7703
f 4393 4390 7702
f 4356 4350 7704
f 4350 4346 7704
f 7705 4334 4328
f 4346 4340 7704
f 7705 4322 4849
f 7706 4850 4309
f 7706 4309 4851
f 7706 4315 4850
f 7705 4328 4322
f 7708 4281 4269
f 7707 4296 4282
f 7709 4255 4250
f 7709 4250 4240
f 4238 7723 4240
f 7723 7709 4240
f 7708 4269 4260
f 7707 4301 4296
f 4232 7723 4238
f 7723 4224 7724
f 7725 7727 7726
f 7738 7726 4196
f 7726 7724 4210
f 7726 4210 4202
f 7739 7738 4187
f 7739 4187 4183
f 7739 7725 7726
f 4228 7723 4232
f 7738 7739 7726
f 7713 7740 7741
f 7741 7740 7742
f 7741 7742 7743
f 7741 7744 7718
f 7713 7741 7718
f 7739 7742 7740
f 7739 7740 7725
f 7742 7739 4183
f 7742 4183 4179
f 7743 7744 7741
f 7745 7743 4176
f 7745 4176 4171
f 7743 7742 4179
f 7743 4179 4176
f 7743 7745 7744
f 7723 4228 4224
f 7713 7725 7740
f 7724 4224 4219
f 7724 4219 4216
f 7726 4202 4196
f 7724 4216 4210
f 7745 4168 4164
f 7745 4171 4168
f 7738 4196 4187
f 4164 7744 7745
f 5988 7714 7715
f 7744 7715 7714
f 7716 7715 4125
f 7716 4125 4120
f 7715 4129 4125
f 4153 7744 4159
f 4164 4159 7744
f 4147 7715 7744
f 7744 7714 7718
f 7717 7716 4086
f 7717 4086 4081
f 7717 4855 4060
f 7717 4060 7719
f 7720 7719 4859
f 7720 4859 4041
f 7728 4869 4011
f 7728 4011 7729
f 7032 7730 7731
f 7731 7730 4878
f 7731 4878 4879
f 7730 7729 4875
f 7730 4875 3999
f 7728 7720 4863
f 7728 4863 4021
f 7744 4153 4150
f 7744 4150 4147
f 7715 4147 4142
f 7715 4140 4138
f 7715 4133 4129
f 7715 4138 4133
f 7715 4142 4140
f 7716 4120 4110
f 7716 4108 4101
f 7716 4097 4090
f 7716 4101 4097
f 7716 4110 4108
f 4090 4086 7716
f 6002 7718 7714
f 4081 4852 7717
f 7717 4079 4853
f 7717 4853 4070
f 7717 4852 4079
f 7717 4854 4065
f 7717 4065 4855
f 7719 7008 5906
f 7719 4057 4857
f 7719 4856 4057
f 4060 4856 7719
f 7717 4070 4854
f 7719 4050 4858
f 7719 4858 4045
f 4041 4860 7720
f 7720 4860 4037
f 7720 7012 5891
f 7719 4045 4859
f 7720 4861 4030
f 7720 4030 4862
f 7720 4027 4863
f 7728 7016 5872
f 4021 4864 7728
f 7720 4862 4027
f 7720 4037 4861
f 7719 4857 4050
f 7728 4865 4866
f 7728 4866 4020
f 7728 4867 4868
f 7728 4868 4869
f 7728 4020 4867
f 7729 7022 5864
f 7729 4870 4871
f 7729 4872 4009
f 7729 4873 4874
f 7729 4009 4873
f 7729 4871 4872
f 4011 4870 7729
f 3999 4876 7730
f 7730 7028 5860
f 7730 4876 4877
f 7731 4879 3994
f 7730 4877 4878
f 7729 4874 4875
f 7728 4864 4865
f 5852 7731 3994
f 7688 7692 7693
f 7757 7758 7759
f 7757 7759 7760
f 7761 6578 5852
f 6580 6579 7761
f 6580 7761 7762
f 6581 6580 7762
f 6581 7762 7763
f 6579 6578 7761
f 7758 7757 7762
f 7758 7762 7761
f 6583 6582 7764
f 6583 7764 7765
f 6585 6584 7766
f 6585 7766 7767
f 7767 6586 6585
f 6584 6583 7765
f 6584 7765 7766
f 6582 6581 7763
f 6582 7763 7764
f 7768 6588 6587
f 7769 6590 6589
f 7770 6591 6590
f 6589 6588 7769
f 7771 6593 6592
f 7772 6595 6594
f 7772 6596 6595
f 6594 6593 7771
f 6592 6591 7770
f 6587 6586 7773
f 6587 7773 7768
f 7774 6598 6597
f 6599 7651 7775
f 6599 7775 7776
f 6600 6599 7776
f 6600 7776 7777
f 7651 6598 7775
f 7778 6602 6601
f 7779 6604 6603
f 7780 6605 6604
f 6603 6602 7781
f 6601 6600 7778
f 7782 6607 6606
f 7783 6609 6608
f 7784 6610 6609
f 6608 6607 7783
f 7784 6611 6610
f 7785 6613 6612
f 6612 6611 7785
f 6606 6605 7780
f 6606 7780 7782
f 6597 6596 7774
f 7786 6615 6614
f 7787 6617 6616
f 7788 6618 6617
f 6616 6615 7787
f 7789 6620 6619
f 7790 6622 6621
f 7790 6623 6622
f 6621 6620 7789
f 6619 6618 7788
f 7791 6625 6624
f 7792 6626 5851
f 7793 6627 6626
f 5851 6625 7792
f 7794 6629 6628
f 7794 6630 6629
f 7795 6632 6631
f 7796 6633 6632
f 6631 6630 7795
f 6628 6627 7793
f 6624 6623 7791
f 7797 6635 6634
f 7797 6637 6636
f 7798 6638 6637
f 6636 6635 7797
f 7798 6640 6639
f 7799 6642 6641
f 7800 6643 6642
f 6641 6640 7799
f 6639 6638 7798
f 7801 6645 6644
f 7802 6647 6646
f 7802 6648 6647
f 6646 6645 7801
f 6650 6649 7803
f 6650 7803 7804
f 6651 6650 7804
f 6651 7804 7805
f 7806 6653 6652
f 6652 6651 7805
f 6649 6648 7803
f 6644 6643 7800
f 6634 6633 7796
f 6614 6613 7786
f 7764 7763 7807
f 7764 7807 7808
f 7765 7764 7808
f 7765 7808 7809
f 7763 7762 7757
f 7763 7757 7807
f 7807 7757 7760
f 7807 7760 7810
f 7766 7765 7809
f 7766 7809 7811
f 7809 7808 7812
f 7809 7812 7813
f 7808 7807 7810
f 7808 7810 7812
f 7758 7761 5852
f 7772 6594 7771
f 7767 7766 7811
f 7767 7811 7814
f 6604 7779 7780
f 7782 7780 7815
f 7782 7815 7816
f 7783 6607 7782
f 7783 7782 7816
f 7781 6602 7778
f 7781 7778 7817
f 7767 7814 7773
f 7773 7814 7818
f 7773 7818 7819
f 7768 7769 6588
f 7820 7769 7768
f 7770 7769 4888
f 7770 4888 4889
f 7769 7770 6590
f 7768 7773 7819
f 7768 7819 7820
f 7814 7811 7818
f 6592 7770 7771
f 7811 7809 7813
f 6586 7767 7773
f 7772 7774 6596
f 7772 7771 4891
f 7772 4891 4892
f 7775 7774 4894
f 7775 4894 4895
f 7821 7776 7775
f 7774 7772 4893
f 7774 4893 5828
f 7774 7775 6598
f 7778 7777 7817
f 7822 7817 7777
f 7781 7779 6603
f 7823 7779 7781
f 7815 7779 4900
f 7815 4900 4901
f 7780 7779 7815
f 7781 7817 7822
f 7781 7822 7823
f 7777 7776 7821
f 6600 7777 7778
f 7783 7816 7824
f 7783 7824 7825
f 7784 7785 6611
f 7785 7784 4908
f 7785 4908 4909
f 7786 7785 4912
f 7786 4912 4913
f 7785 7786 6613
f 7784 7783 4905
f 7784 4905 4906
f 7783 7784 6609
f 7787 7788 6617
f 7788 7787 4914
f 7788 4914 4915
f 7789 7788 4916
f 7789 4916 5825
f 7788 7789 6619
f 7790 7791 6623
f 7791 7790 4919
f 7791 4919 3986
f 7792 7791 4920
f 7792 4920 3985
f 7791 7792 6625
f 7790 7789 4917
f 7790 4917 4918
f 7789 7790 6621
f 7787 7786 4913
f 7787 4913 3987
f 7786 7787 6615
f 7816 7815 7824
f 7771 7770 4889
f 7771 4889 4890
f 7792 7793 6626
f 6656 6655 7826
f 6657 6656 7827
f 7827 6658 6657
f 7794 7793 4922
f 7794 4922 4923
f 5850 6658 7827
f 6659 5850 7828
f 6654 7826 6655
f 7795 6630 7794
f 6628 7793 7794
f 6661 6660 7829
f 6661 7829 7830
f 7831 6662 6661
f 6663 6662 7831
f 6663 7831 7832
f 6661 7830 7833
f 6661 7833 7831
f 6664 6663 7832
f 6664 7832 7834
f 7832 7831 7833
f 7832 7833 7835
f 7834 7836 6665
f 7834 6665 6664
f 7836 7834 7837
f 7836 7837 7838
f 6666 6665 7836
f 6666 7836 7839
f 7834 7832 7835
f 7834 7835 7837
f 6660 6659 7828
f 6660 7828 7829
f 6632 7795 7796
f 7796 7797 6634
f 7796 7795 4926
f 7796 4926 4927
f 7798 7799 6640
f 7798 7797 4930
f 7798 4930 4931
f 7799 7798 4933
f 7799 4933 4934
f 7799 7800 6642
f 7797 7796 4928
f 7797 4928 4929
f 7797 7798 6637
f 7801 7802 6646
f 7801 7800 4938
f 7801 4938 3983
f 7803 7802 4940
f 7803 4940 4941
f 7804 7803 4942
f 7804 4942 4943
f 7802 7801 3983
f 7802 3983 4939
f 7802 7803 6648
f 7800 7799 4935
f 7800 4935 4936
f 7800 7801 6644
f 6653 7806 6654
f 7806 7805 4945
f 7806 4945 3982
f 6656 7826 7827
f 7827 7826 4949
f 7827 4949 4950
f 7840 7828 7827
f 5850 7827 7828
f 7826 7806 4946
f 7826 4946 3981
f 6654 7806 7826
f 7830 7829 7841
f 7830 7841 7842
f 7833 7830 7842
f 7833 7842 7843
f 7837 7835 7844
f 7837 7844 7845
f 7838 7837 7845
f 7838 7845 7846
f 7835 7833 7843
f 7835 7843 7844
f 7829 7828 7840
f 7829 7840 7841
f 7805 7804 4943
f 7805 4943 4944
f 7805 7806 6652
f 7795 7794 4925
f 7795 4925 3984
f 7838 7847 7839
f 7838 7839 7836
f 7793 7792 4921
f 7793 4921 4922
f 7758 5852 7848
f 7839 6667 6666
f 7849 5849 6668
f 5849 7850 6669
f 6668 6667 7849
f 7851 6671 6670
f 7852 6673 6672
f 7852 6674 6673
f 6672 6671 7853
f 6672 7853 7854
f 6670 6669 7851
f 6675 7855 6676
f 6677 7856 6678
f 6678 7856 6679
f 7855 6677 6676
f 6680 7857 6681
f 6682 7858 6683
f 6683 7859 6684
f 7858 6682 6681
f 7857 6680 6679
f 7860 6675 6674
f 6685 7861 6686
f 6687 7862 7644
f 7861 6687 6686
f 6688 7863 6689
f 6690 7863 6691
f 7863 6690 6689
f 7862 6688 7644
f 6692 7864 6693
f 6694 7864 6695
f 6695 7865 6696
f 7864 6694 6693
f 6696 7865 6697
f 7866 6698 6697
f 7864 6692 6691
f 7859 6685 6684
f 6699 7867 6700
f 6701 7867 6702
f 6702 7867 6703
f 7867 6701 6700
f 6704 7868 6705
f 6705 7869 6706
f 7868 6704 6703
f 6707 7869 6708
f 6709 7870 6710
f 6710 7871 6711
f 7870 6709 6708
f 6712 7871 6713
f 6713 7872 6714
f 6714 7872 6715
f 6715 7873 6716
f 7871 6712 6711
f 7869 6707 6706
f 6717 7873 6718
f 6719 7874 6720
f 6720 7874 6721
f 7873 6719 6718
f 6722 7874 6723
f 7875 6724 6723
f 7874 6722 6721
f 6725 7876 6726
f 6727 7876 6728
f 6728 7876 6729
f 7876 6727 6726
f 6731 7878 6732
f 7877 6731 6730
f 7877 6730 6729
f 7875 6725 6724
f 7873 6717 6716
f 7866 6699 6698
f 6733 7878 6734
f 7878 7879 6736
f 7878 6736 6735
f 6735 6734 7878
f 7879 7880 6738
f 7879 6738 6737
f 6739 6738 7880
f 6739 7880 6740
f 7880 7881 6742
f 7880 6742 6741
f 7880 6741 6740
f 6672 7854 7882
f 6672 7882 7852
f 7883 7849 7839
f 7860 6674 7852
f 7860 7852 7882
f 7850 7851 6669
f 7883 7884 7849
f 7883 7847 7885
f 7883 7885 7886
f 7853 6671 7851
f 7853 7851 7887
f 7850 5849 7849
f 7850 7849 7884
f 6732 7878 6733
f 7884 7883 7886
f 7884 7886 7888
f 7847 7883 7839
f 7881 7889 6744
f 7881 6744 6743
f 7889 6745 6744
f 6749 6748 7890
f 6747 7889 6748
f 6746 7889 6747
f 7849 6667 7839
f 6750 7891 6751
f 6751 7891 6752
f 6752 7892 6753
f 6754 7892 6755
f 6756 7893 6757
f 7892 6756 6755
f 7892 6754 6753
f 6757 7893 6758
f 7894 6759 6758
f 6760 7895 6761
f 6762 7896 6763
f 6763 7896 6764
f 7895 6762 6761
f 7894 6760 6759
f 6765 7897 6766
f 7630 7898 6767
f 6767 7899 6768
f 7898 7630 6766
f 6769 7900 6770
f 7900 7901 6771
f 7901 6772 6771
f 7900 6771 6770
f 7899 6769 6768
f 7901 7746 6772
f 7756 7746 7902
f 7902 7903 7755
f 7902 7755 7756
f 7901 7902 7746
f 7901 7904 7902
f 7747 7754 7903
f 7755 7903 7754
f 7750 7747 7903
f 7905 7903 7902
f 6764 7897 6765
f 6749 7890 6750
f 7847 7838 7846
f 7847 7846 7885
f 7759 7848 4880
f 7759 4880 3993
f 7810 7760 4881
f 7810 4881 4882
f 7812 7810 4882
f 7812 4882 3992
f 7760 7759 3993
f 7760 3993 4881
f 7848 3994 4880
f 3994 7848 5852
f 4883 7818 7813
f 4887 7769 7820
f 7820 7819 4885
f 7820 4885 4886
f 7821 7822 7777
f 7819 7818 4884
f 7819 4884 4885
f 3991 4883 7813
f 7823 7822 4897
f 7823 4897 4898
f 7821 4896 7822
f 7818 4883 4884
f 7779 7823 4899
f 7813 7812 3992
f 7813 3992 3991
f 7813 7818 7811
f 7820 4886 4887
f 4887 3990 7769
f 4890 3989 7771
f 3989 4891 7771
f 3990 4888 7769
f 7775 4895 7821
f 5828 4894 7774
f 7821 3988 4896
f 7822 4896 4897
f 7823 4898 4899
f 4899 4900 7779
f 7821 4895 3988
f 4892 4893 7772
f 7783 7825 4905
f 7825 7824 4902
f 7825 4902 4903
f 7887 7850 7906
f 7887 7906 7907
f 7851 7850 7887
f 4926 7795 3984
f 7842 7841 4953
f 7842 4953 4954
f 7844 7843 4955
f 7844 4955 4956
f 7845 7844 4956
f 7845 4956 4957
f 7843 7842 4954
f 7843 4954 4955
f 7841 7840 3979
f 7841 3979 4953
f 7907 7853 7887
f 7853 7908 7854
f 7860 7882 7909
f 7860 7909 7910
f 7860 7910 7855
f 6675 7860 7855
f 7882 7854 7908
f 7882 7908 7909
f 6679 7856 7857
f 7857 7856 3972
f 7857 3972 4966
f 7858 7857 4967
f 7858 4967 4968
f 6681 7857 7858
f 6685 7859 7861
f 7861 7859 3971
f 7861 3971 4971
f 7862 7861 3970
f 7862 3970 4972
f 6687 7861 7862
f 7859 7858 4969
f 7859 4969 4970
f 6683 7858 7859
f 7856 7855 4965
f 7856 4965 3972
f 6677 7855 7856
f 4904 4905 7825
f 4903 4904 7825
f 4908 7784 4907
f 4910 7785 4909
f 4911 7785 4910
f 4907 7784 4906
f 7885 7846 3978
f 7885 3978 3977
f 7850 7884 7888
f 7850 7888 7906
f 7888 7886 3976
f 7888 3976 4958
f 7906 7888 4958
f 7906 4958 3975
f 7886 7885 3977
f 7886 3977 3976
f 7907 7906 4959
f 7907 4959 4960
f 7846 7845 4957
f 7846 4957 3978
f 3974 7908 7907
f 7909 7908 4961
f 7909 4961 4962
f 7910 7909 4962
f 7910 4962 4963
f 7853 7907 7908
f 4911 4912 7785
f 4901 4902 7824
f 7824 7815 4901
f 4964 7855 7910
f 7848 7759 7758
f 3987 4914 7787
f 4918 4919 7790
f 5825 4917 7789
f 4915 4916 7788
f 3986 4920 7791
f 3985 4921 7792
f 4923 4924 7794
f 4924 4925 7794
f 4931 4932 7798
f 4929 4930 7797
f 4936 4937 7800
f 4934 4935 7799
f 4932 4933 7798
f 4940 7802 4939
f 3982 4946 7806
f 4944 4945 7805
f 4941 4942 7803
f 4937 4938 7800
f 4927 4928 7796
f 3981 4947 7826
f 4948 4949 7826
f 4947 4948 7826
f 4951 4952 7827
f 7827 3980 7840
f 7840 3980 3979
f 4952 3980 7827
f 4950 4951 7827
f 7906 3975 4959
f 7907 4960 3974
f 7908 3974 4961
f 7855 4964 3973
f 7855 3973 4965
f 7910 4963 4964
f 7859 4970 3971
f 7858 4968 4969
f 7861 4971 3970
f 7862 4972 4973
f 7857 4966 4967
f 7863 7862 4973
f 4975 7863 4974
f 4973 4974 7863
f 7864 7863 4976
f 7864 4976 4977
f 4975 4976 7863
f 6691 7863 7864
f 7864 4978 4979
f 7864 4979 4980
f 7864 4977 4978
f 7865 7864 4980
f 7865 4980 4981
f 6697 7865 7866
f 7866 7865 4982
f 7866 4982 4983
f 6703 7867 7868
f 7868 7867 4991
f 7868 4991 4992
f 7869 7868 4995
f 7869 4995 4996
f 6705 7868 7869
f 7867 7866 4986
f 7867 4986 4987
f 6699 7866 7867
f 4981 4982 7865
f 7871 7870 4999
f 7871 4999 5000
f 7870 7869 4997
f 7870 4997 4998
f 6710 7870 7871
f 6708 7869 7870
f 6695 7864 7865
f 7866 4983 4984
f 7866 4985 4986
f 7866 4984 4985
f 7867 4988 4989
f 7867 4990 4991
f 7867 4989 4990
f 7867 4987 4988
f 7868 4993 4994
f 7869 4996 4997
f 7868 4994 4995
f 7870 4998 3969
f 7870 3969 4999
f 7871 5000 5001
f 7871 5001 5002
f 7868 4992 4993
f 7872 7871 5002
f 6715 7872 7873
f 7873 7872 5005
f 7873 5005 5006
f 6723 7874 7875
f 7875 7874 5012
f 7875 5012 5013
f 7876 7875 5015
f 7876 5015 5016
f 6725 7875 7876
f 7874 7873 5009
f 7874 5009 5010
f 6719 7873 7874
f 6731 7877 7878
f 7878 7877 5023
f 7878 5023 5024
f 7879 5034 5035
f 7880 5037 5038
f 5046 7881 5045
f 5042 5043 7880
f 7879 5030 5031
f 7878 5028 5029
f 7877 7876 5020
f 7877 5020 5021
f 6729 7876 7877
f 6748 7889 7890
f 7890 7889 5055
f 7890 5055 5056
f 6752 7891 7892
f 7893 7892 5064
f 7893 5064 5065
f 7894 7893 5067
f 7894 5067 5068
f 6756 7892 7893
f 7892 7891 5060
f 7892 5060 5061
f 6750 7890 7891
f 6760 7894 7895
f 7896 7895 5072
f 7896 5072 5808
f 7897 7896 5073
f 7897 5073 5074
f 6762 7895 7896
f 6766 7897 7898
f 7899 7898 5077
f 7899 5077 5078
f 7900 7899 5079
f 7900 5079 5806
f 6767 7898 7899
f 7898 7897 5075
f 7898 5075 5076
f 6764 7896 7897
f 7895 7894 5070
f 7895 5070 5071
f 6758 7893 7894
f 7889 5052 5053
f 5050 5051 7881
f 5004 5005 7872
f 5006 5007 7873
f 5007 5008 7873
f 3968 5011 7874
f 5011 5012 7874
f 5010 3968 7874
f 5008 5009 7873
f 7901 7900 7911
f 7912 7911 7900
f 7913 7905 7904
f 7904 7911 7912
f 7904 7912 7913
f 7902 7904 7905
f 7912 7900 5080
f 7901 7911 7904
f 5015 7875 5014
f 7913 7912 5082
f 7913 5082 5083
f 7891 7890 3965
f 7891 3965 5058
f 5017 7876 5016
f 5014 7875 5013
f 7748 7905 7913
f 5003 5004 7872
f 5003 7872 5002
f 6769 7899 7900
f 6713 7871 7872
f 7876 5017 5018
f 7876 5019 5020
f 7876 5018 5019
f 7877 5022 5023
f 7878 5024 5025
f 7878 5025 5026
f 7877 5021 5022
f 7878 5027 5028
f 7879 7878 5029
f 7879 5029 5030
f 7879 6737 6736
f 7879 5032 5033
f 7879 5033 5034
f 7879 5035 5036
f 7879 5031 5032
f 7878 5026 5027
f 5036 7880 7879
f 7880 5038 5039
f 7880 5039 5040
f 7880 5041 5042
f 5044 5045 7881
f 7881 7880 5043
f 7881 5043 5044
f 7880 5040 5041
f 7881 5046 5047
f 7881 5048 5049
f 7881 5049 5050
f 7881 5047 5048
f 7889 3967 5052
f 7889 7881 5051
f 7889 5051 3967
f 7889 5053 5054
f 7889 5054 3966
f 7889 6746 6745
f 7881 6743 6742
f 5036 5037 7880
f 7890 5057 3965
f 7890 5056 5057
f 7891 5059 5060
f 7892 5061 5062
f 7892 5062 5063
f 7891 5058 5059
f 7893 5065 5066
f 7894 5068 3964
f 7894 5069 5070
f 7894 3964 5069
f 7893 5066 5067
f 7892 5063 5064
f 7896 5808 5073
f 7899 5078 5079
f 7898 5076 5077
f 7897 5074 5075
f 7900 5806 5080
f 7912 5081 5082
f 7912 5080 5081
f 7913 7751 7748
f 7905 7748 7752
f 7905 7749 7753
f 7905 7753 7750
f 7905 7752 7749
f 7913 5083 7751
f 7895 5071 5072
f 7889 3966 5055
f 7903 7905 7750
f 6688 7862 7863
f 8304 7747 7750
f 8304 7750 7918
f 8302 8303 7921
f 8302 7921 7922
f 8305 8301 8302
f 8303 7919 7920
f 8305 8299 8300
f 8305 8298 8299
f 8305 8296 8297
f 8305 8294 8295
f 8295 8296 8305
f 8297 8298 8305
f 8300 8301 8305
f 8305 8292 8293
f 8305 8291 8292
f 8305 8289 8290
f 8305 8287 8288
f 8288 8289 8305
f 8290 8291 8305
f 8305 8285 8286
f 8305 8284 8285
f 8305 8282 8283
f 8305 8280 8281
f 8281 8282 8305
f 8283 8284 8305
f 8286 8287 8305
f 8293 8294 8305
f 8305 8278 8279
f 8305 8277 8278
f 8305 8275 8276
f 8305 8273 8274
f 8274 8275 8305
f 8276 8277 8305
f 8305 8271 8272
f 8305 8270 8271
f 8305 8268 8269
f 8305 8266 8267
f 8267 8268 8305
f 8269 8270 8305
f 8272 8273 8305
f 8305 8264 8265
f 8305 8263 8264
f 8261 8262 8306
f 8259 8260 8306
f 8261 8306 8260
f 8262 8263 8305
f 8306 8257 8258
f 8306 8256 8257
f 8306 8254 8255
f 8306 8252 8253
f 8253 8254 8306
f 8255 8256 8306
f 8259 8306 8258
f 8265 8266 8305
f 8279 8280 8305
f 7918 7919 8304
f 7920 7921 8303
f 8302 7922 8305
f 8305 7923 7924
f 8305 7924 7925
f 8305 7926 7927
f 8305 7928 7929
f 8305 7927 7928
f 8305 7925 7926
f 8305 7922 7923
f 8305 7930 7931
f 8305 7931 7932
f 8305 7933 7934
f 8305 7935 7936
f 8305 7934 7935
f 8305 7932 7933
f 8305 7937 7938
f 8305 7938 7939
f 8305 7940 7941
f 8305 7942 7943
f 8305 7941 7942
f 8305 7939 7940
f 8305 7936 7937
f 8305 7929 7930
f 8306 8250 8251
f 8306 8249 8250
f 8306 8247 8248
f 8306 8245 8246
f 8246 8247 8306
f 8248 8249 8306
f 8306 8243 8244
f 8306 8242 8243
f 8306 8241 8242
f 8244 8245 8306
f 7969 8305 7968
f 7943 7944 8305
f 7944 7945 8305
f 8241 8306 8240
f 8021 8307 8306
f 8306 8239 8240
f 8306 8238 8239
f 8306 8236 8237
f 8306 8234 8235
f 8235 8236 8306
f 8237 8238 8306
f 8234 8306 8233
f 8306 8251 8252
f 8306 8262 8305
f 8308 8232 8233
f 8308 8231 8232
f 8308 8229 8230
f 8308 8227 8228
f 8228 8229 8308
f 8230 8231 8308
f 8308 8225 8226
f 8308 8224 8225
f 8308 8222 8223
f 8308 8221 8222
f 8223 8224 8308
f 8226 8227 8308
f 8308 8219 8220
f 8308 8218 8219
f 8309 8216 8217
f 8309 8214 8215
f 8215 8216 8309
f 8217 8218 8308
f 8309 8212 8213
f 8309 8211 8212
f 8309 8209 8210
f 8309 8207 8208
f 8208 8209 8309
f 8210 8211 8309
f 8213 8214 8309
f 8220 8221 8308
f 8310 8205 8206
f 8310 8204 8205
f 8310 8202 8203
f 8310 8200 8201
f 8201 8202 8310
f 8203 8204 8310
f 8310 8198 8199
f 8310 8197 8198
f 8310 8195 8196
f 8310 8193 8194
f 8194 8195 8310
f 8196 8197 8310
f 8199 8200 8310
f 8310 8191 8192
f 8310 8190 8191
f 8311 8188 8189
f 8311 8186 8187
f 8187 8188 8311
f 8189 8190 8311
f 8311 8184 8185
f 8311 8183 8184
f 8311 8181 8182
f 8311 8179 8180
f 8180 8181 8311
f 8182 8183 8311
f 8185 8186 8311
f 8192 8193 8310
f 8206 8207 8309
f 8311 8177 8178
f 8311 8176 8177
f 8311 8174 8175
f 8312 8172 8173
f 8173 8174 8311
f 8175 8176 8311
f 8312 8170 8171
f 8312 8169 8170
f 8312 8167 8168
f 8312 8165 8166
f 8166 8167 8312
f 8168 8169 8312
f 8171 8172 8312
f 8311 8190 8310
f 8309 8308 8307
f 8309 8307 8313
f 8310 8309 8313
f 8310 8313 8314
f 8311 8178 8179
f 8307 8039 8313
f 8314 8315 8311
f 8314 8311 8310
f 8314 8313 8052
f 8314 8052 8053
f 8308 8233 8306
f 8311 8312 8173
f 8312 8163 8164
f 8312 8162 8163
f 8315 8316 8312
f 8315 8312 8311
f 8161 8162 8317
f 8316 8318 8317
f 8316 8317 8312
f 8317 8162 8312
f 8093 8316 8315
f 8164 8165 8312
f 8075 8315 8314
f 8310 8206 8309
f 8309 8217 8308
f 8317 8159 8160
f 8317 8158 8159
f 8317 8156 8157
f 8317 8154 8155
f 8155 8156 8317
f 8157 8158 8317
f 8317 8152 8153
f 8317 8151 8152
f 8317 8149 8150
f 8317 8147 8148
f 8148 8149 8317
f 8150 8151 8317
f 8153 8154 8317
f 8317 8145 8146
f 8317 8144 8145
f 8143 8317 8318
f 8161 8317 8160
f 8318 8142 8143
f 8142 8318 8141
f 8144 8317 8143
f 8317 8146 8147
f 8318 8140 8141
f 8318 8139 8140
f 7914 8138 8137
f 7914 8137 7917
f 8138 8135 8136
f 8134 8139 8133
f 8133 8139 8318
f 8105 8318 8316
f 8308 8306 8307
f 8305 7946 7947
f 8305 7948 7949
f 8305 7947 7948
f 8305 7945 7946
f 8305 7950 7951
f 8305 7951 7952
f 8305 7953 7954
f 8305 7955 7956
f 8305 7954 7955
f 8305 7952 7953
f 8305 7949 7950
f 8305 7957 7958
f 8305 7958 7959
f 8305 7960 7961
f 8305 7962 7963
f 8305 7961 7962
f 8305 7959 7960
f 8305 7964 7965
f 8305 7965 7966
f 8305 7967 7968
f 7970 7971 8305
f 7970 8305 7969
f 8305 7966 7967
f 8305 7963 7964
f 8305 7956 7957
f 7973 8305 7972
f 7973 7915 8305
f 8306 7974 7975
f 8306 7976 7977
f 7976 8306 7975
f 8306 7915 7974
f 8306 7978 7979
f 7915 8306 8305
f 8306 7980 7981
f 8306 7982 7983
f 8306 7981 7982
f 8306 7979 7980
f 8306 7977 7978
f 8306 7984 7985
f 8306 7985 7986
f 8306 7987 7988
f 8306 7989 7990
f 8306 7988 7989
f 8306 7986 7987
f 8306 7991 7992
f 8306 7992 7993
f 8306 7994 7995
f 8306 7996 7997
f 8306 7995 7996
f 8306 7993 7994
f 8306 7990 7991
f 8306 7983 7984
f 7972 8305 7971
f 8306 7998 7999
f 8306 7999 8000
f 8306 8001 8002
f 8306 8003 8004
f 8306 8002 8003
f 8306 8000 8001
f 8306 8005 8006
f 8306 8006 8007
f 8306 8008 8009
f 8306 8010 8011
f 8306 8009 8010
f 8306 8007 8008
f 8306 8004 8005
f 8306 8012 8013
f 8306 8013 8014
f 8306 8015 8016
f 8306 8017 8018
f 8306 8016 8017
f 8306 8014 8015
f 8306 8019 8020
f 8306 8020 8021
f 8307 8022 8023
f 8307 8024 8025
f 8307 8023 8024
f 8307 8021 8022
f 8306 8018 8019
f 8306 8011 8012
f 8307 8026 8027
f 8307 8027 8028
f 8307 8029 8030
f 8307 8031 8032
f 8307 8030 8031
f 8307 8028 8029
f 8307 8032 8033
f 8307 8034 8035
f 8307 8035 8036
f 8307 8037 8038
f 8313 8039 8040
f 8307 8038 8039
f 8307 8036 8037
f 8313 8041 8042
f 8313 8042 8043
f 8313 8044 8045
f 8313 8043 8044
f 8313 8040 8041
f 8307 8033 8034
f 8307 8025 8026
f 8306 7997 7998
f 8313 8045 8046
f 8313 8046 8047
f 8313 8048 8049
f 8313 8050 8051
f 8313 8049 8050
f 8313 8047 8048
f 8314 8053 8054
f 8314 8055 8056
f 8314 8057 8058
f 8314 8056 8057
f 8314 8054 8055
f 8313 8051 8052
f 8314 8059 7916
f 8314 7916 8060
f 8314 8061 8062
f 8314 8063 8064
f 8314 8062 8063
f 8314 8060 8061
f 8314 8065 8066
f 8314 8066 8067
f 8314 8068 8069
f 8314 8070 8071
f 8314 8069 8070
f 8314 8067 8068
f 8314 8064 8065
f 8314 8058 8059
f 8314 8072 8073
f 8314 8073 8074
f 8315 8075 8076
f 8315 8077 8078
f 8315 8076 8077
f 8314 8074 8075
f 8315 8079 8080
f 8315 8080 8081
f 8315 8082 8083
f 8315 8084 8085
f 8315 8083 8084
f 8315 8081 8082
f 8315 8078 8079
f 8315 8086 8087
f 8315 8087 8088
f 8315 8088 8089
f 8315 8090 8091
f 8315 8092 8093
f 8315 8091 8092
f 8315 8089 8090
f 8315 8085 8086
f 8314 8071 8072
f 8316 8094 8095
f 8316 8095 8096
f 8316 8097 8098
f 8316 8098 8099
f 8316 8096 8097
f 8316 8100 8101
f 8316 8102 8103
f 8316 8101 8102
f 8316 8099 8100
f 8316 8104 8105
f 8318 8105 8106
f 8318 8107 8108
f 8318 8109 8110
f 8318 8108 8109
f 8318 8106 8107
f 8318 8110 8111
f 8316 8103 8104
f 8318 8112 8113
f 8318 8113 8114
f 8318 8115 8116
f 8318 8117 8118
f 8318 8116 8117
f 8318 8114 8115
f 8318 8119 8120
f 8318 8120 8121
f 8318 8122 8123
f 8318 8124 8125
f 8318 8123 8124
f 8318 8121 8122
f 8318 8118 8119
f 8318 8126 8127
f 8318 8127 8128
f 8318 8129 8130
f 8318 8131 8132
f 8318 8130 8131
f 8318 8128 8129
f 8138 8136 8137
f 8318 8132 8133
f 8318 8125 8126
f 8318 8111 8112
f 8316 8093 8094
f 7101 5572 5573
f 7098 5569 7639
f 7095 5566 7096
f 7096 5566 5567
f 7096 5567 5568
f 7094 5564 5565
f 7094 5563 5564
f 7092 5562 7093
f 7091 5561 5562
f 7091 5562 7092
f 7090 5560 5561
f 7090 5561 7091
f 7089 5560 7090
f 7085 5557 5558
f 7069 7068 5554
f 7065 5553 7066
f 7064 5552 5553
f 7063 7062 5552
f 7063 5552 7064
f 7064 5553 7065
f 7056 5548 5549
f 7056 5549 7057
f 7057 5549 5550
f 7050 7049 5545
f 7050 5545 7051
f 7036 5543 7037
f 8320 8319 5556
f 7455 5616 5617
f 7455 5617 7456
f 7456 5617 7457
f 7453 5616 7454
f 7452 5615 7453
f 7454 5616 7455
f 7451 5615 7452
f 7451 5614 5615
f 7450 5614 7451
f 7448 5612 5613
f 7447 5843 5612
f 7447 5612 7448
f 8330 5843 7447
f 7446 8322 8321
f 7446 8321 8330
f 8323 7445 7444
f 8324 7444 7443
f 7445 8325 7446
f 8324 7443 7442
f 8326 7442 7441
f 8326 7441 7440
f 8327 7440 7439
f 7437 8328 8327
f 7437 8327 7438
f 7436 7435 8329
f 7436 8328 7437
f 7434 7433 8329
f 7433 7432 8329
f 7431 7430 8329
f 7429 5596 7430
f 8329 7432 7431
f 8329 7435 7434
f 7438 8327 7439
f 8331 8322 7446
f 8331 7446 8332
f 5843 8321 8322
f 5843 8330 8321
f 8322 8331 8332
f 8322 8332 5843
f 7446 8325 8333
f 7445 8337 8325
f 8334 7446 8333
f 7428 5595 7429
f 8323 7444 8324
f 8337 7445 8323
f 8333 8325 8336
f 8333 8336 8335
f 8334 8332 7446
f 8323 8338 8337
f 7442 8326 8324
f 8326 7440 8327
f 8339 8326 8327
f 8339 8327 8340
f 8329 8328 7436
f 8324 8326 8339
f 8324 8339 8341
f 8335 8342 8334
f 8335 8334 8333
f 8332 5611 5843
f 8334 8342 8332
f 8328 8343 8340
f 8328 8340 8327
f 8341 8339 5607
f 8344 8343 8328
f 8344 8328 8329
f 7430 5596 8344
f 8340 5604 5605
f 8340 5605 8339
f 5611 8335 8336
f 8337 8336 8325
f 5610 8336 8337
f 8343 5603 5604
f 8343 5604 8340
f 8323 8324 8341
f 8323 8341 8338
f 8337 8338 5610
f 5609 8338 8341
f 5602 8343 8344
f 8332 8342 5611
f 8338 5609 5610
f 5610 5611 8336
f 8341 5608 5609
f 5608 8341 5607
f 5606 8339 5605
f 5607 8339 5606
f 5603 8343 5602
f 5601 8344 5600
f 5600 8344 5599
f 5602 8344 5601
f 5598 8344 5597
f 5597 8344 5596
f 5599 8344 5598
f 5611 8342 8335
f 8329 7430 8344
f 7477 5638 7478
f 5637 5638 7477
f 7475 5637 7476
f 7473 5636 7474
f 7472 5635 7473
f 7474 5636 7475
f 7471 5634 5635
f 7470 5634 7471
f 7470 5633 5634
f 7469 5632 5633
f 7469 5633 7470
f 7472 6064 5635
f 5631 5632 7469
f 7468 8350 5630
f 8345 8346 7468
f 7468 8346 8347
f 7468 5630 5631
f 7466 8349 8348
f 8350 8347 8351
f 7468 8347 8350
f 8347 8346 8352
f 8347 8352 8351
f 8348 7467 7466
f 7465 5627 5628
f 7465 5628 7466
f 7464 5626 7465
f 7465 5626 5627
f 7464 5625 5626
f 7463 5624 5625
f 7463 5625 7464
f 8353 7463 7462
f 7460 5621 5622
f 7460 5622 7461
f 7461 8354 7462
f 7459 5621 7460
f 7463 8356 8355
f 8346 8345 8357
f 8346 8357 8352
f 7463 8358 8356
f 8348 8359 8357
f 8348 8357 8345
f 8354 8361 8360
f 8354 8360 8353
f 8354 8353 7462
f 8356 8358 8363
f 8356 8363 8362
f 8358 8353 8360
f 8358 8360 8363
f 8353 8358 7463
f 8355 8356 8362
f 8355 8362 8364
f 8345 7467 8348
f 7463 8355 8364
f 7463 8364 8365
f 8354 7461 8366
f 7459 5620 5621
f 5619 5620 7458
f 8345 7468 7467
f 8351 8352 5630
f 8359 5629 8357
f 5630 8352 8357
f 7466 5628 8349
f 5630 8350 8351
f 7471 5635 6064
f 8349 8359 8348
f 5630 8357 5629
f 5628 5629 8349
f 8359 8349 5629
f 8365 8364 5624
f 8362 5624 8364
f 5624 8362 8363
f 8363 8360 5624
f 8366 8361 8354
f 8361 8366 5623
f 5623 8360 8361
f 8366 7461 5622
f 8360 5623 5624
f 7463 8365 5624
f 8366 5622 5623
f 7491 5646 7492
f 7489 4275 7490
f 7488 5645 4275
f 7488 4275 7489
f 7487 5644 5645
f 7486 5643 5644
f 7486 5644 7487
f 7487 5645 7488
f 7485 7484 5643
f 7485 5643 7486
f 7483 5641 5642
f 7483 5642 7484
f 7482 5641 7483
f 7481 5641 7482
f 7480 5640 7481
f 7478 5639 7479
f 7479 5639 5640
f 7479 5640 7480
f 8367 7509 6038
f 8367 7508 7507
f 7506 8368 7507
f 7504 8368 7505
f 8368 7504 6069
f 7506 7505 8368
f 7508 8367 6038
f 8368 7503 7502
f 8369 7502 7501
f 8369 8368 7502
f 8368 6069 7503
f 5665 5666 8367
f 8370 8368 8369
f 8368 8367 7507
f 8371 8369 7501
f 8372 8373 7500
f 8371 7500 8373
f 8374 8373 8372
f 8375 8372 7500
f 8376 8370 8369
f 8376 8369 8371
f 7501 7500 8371
f 8371 8373 8374
f 8371 8374 8376
f 8376 8374 8378
f 8376 8378 8377
f 8370 8376 8377
f 8370 8377 8379
f 8370 8379 8368
f 8367 5667 7509
f 8380 7498 7497
f 8380 7497 7496
f 8380 7496 8381
f 7498 8380 7499
f 8381 7495 7494
f 8381 7494 8382
f 8383 8385 8384
f 7500 8384 8385
f 7500 8385 8375
f 8383 8375 8385
f 8386 8378 8374
f 8374 8383 8387
f 8374 8387 8386
f 8383 8374 8372
f 8383 8372 8375
f 7499 5655 8388
f 7500 8388 8389
f 8388 8383 8384
f 8388 8384 8389
f 7492 8382 7493
f 7500 8389 8384
f 8388 7500 7499
f 8379 8377 5657
f 8377 8378 5656
f 5656 8378 8386
f 8383 8390 8387
f 8383 8388 8392
f 8383 8392 8391
f 8387 8390 5656
f 8390 8391 5656
f 8388 5655 8392
f 5656 8386 8387
f 5667 8367 5666
f 8367 5664 5665
f 8367 5663 5664
f 5662 8368 5661
f 5661 8368 5660
f 5663 8368 5662
f 5660 8368 5659
f 8368 8379 5658
f 8377 5656 5657
f 8379 5657 5658
f 5659 8368 5658
f 8367 8368 5663
f 8392 5656 8391
f 8383 8391 8390
f 5655 7499 8380
f 5656 8392 5655
f 8382 5648 5649
f 8382 5649 8381
f 5654 5655 8380
f 5651 8381 5650
f 5653 8380 5652
f 5652 8381 5651
f 8380 5653 5654
f 8381 5652 8380
f 8381 7496 7495
f 5648 8382 5647
f 8382 7494 7493
f 8382 5646 5647
f 8381 5649 5650
f 7492 5646 8382
f 8393 4149 7542
f 8393 7542 7541
f 8393 7540 7539
f 7538 8394 7539
f 7536 8394 7537
f 7538 7537 8394
f 7540 8393 7541
f 7536 8395 8394
f 8397 8396 7535
f 8397 7535 7534
f 8397 7533 7532
f 7530 8398 7531
f 7531 8397 7532
f 7533 8397 7534
f 7528 8398 7529
f 7527 8398 7528
f 7655 8398 7527
f 8396 8395 7536
f 8395 5693 8394
f 8398 7530 7529
f 7531 8398 8397
f 5691 5692 8397
f 8397 5692 8396
f 8394 8393 7539
f 5684 7526 8399
f 8399 7526 7525
f 8400 7525 7524
f 8399 7525 8400
f 7655 7526 5684
f 7655 5685 8398
f 7522 7521 8401
f 7520 8403 8402
f 7520 8402 7521
f 7519 7518 8404
f 7518 7517 8404
f 8403 7520 7519
f 7516 7515 8405
f 7515 7514 8406
f 7513 7512 8407
f 8408 7512 7511
f 7512 8413 8407
f 7514 7513 8409
f 7517 7516 8405
f 8401 7523 7522
f 8402 8415 8414
f 8402 8414 8401
f 7523 8401 8400
f 8403 8415 8402
f 8406 7514 8409
f 8405 8404 7517
f 7515 8406 8416
f 8415 8403 7519
f 8401 8414 8400
f 8401 7521 8402
f 8415 8418 8417
f 8415 8417 8414
f 8415 8419 8418
f 7515 8416 8405
f 8405 5674 5675
f 8405 5675 8404
f 8420 8421 8405
f 8420 8405 8416
f 8404 5677 8415
f 8415 7519 8404
f 8414 8417 8400
f 8422 8407 8413
f 8409 7513 8423
f 8407 8424 7513
f 8422 8425 8424
f 8422 8424 8407
f 8426 7511 8410
f 8410 7510 8427
f 8427 8426 8410
f 7511 8426 8408
f 8408 8426 8427
f 8408 8427 8428
f 7512 8408 8413
f 8425 8423 8424
f 8423 7513 8424
f 8413 8428 8422
f 8408 8428 8413
f 8400 7524 7523
f 8409 8423 8425
f 8409 8425 8406
f 5683 5684 8399
f 5696 5697 8393
f 5697 5698 8393
f 8394 5694 5695
f 8394 5693 5694
f 8394 5695 5696
f 8394 5696 8393
f 8418 5679 8417
f 5678 8418 8419
f 5692 8395 8396
f 5677 8419 8415
f 5689 5690 8397
f 5690 5691 8397
f 8398 5688 5689
f 8398 5687 5688
f 8398 5686 5687
f 8398 5689 8397
f 8398 5685 5686
f 5685 7655 5684
f 5683 8400 5682
f 5682 8400 5681
f 8400 5683 8399
f 8417 5680 5681
f 8417 5679 5680
f 8419 5677 5678
f 5677 8404 5676
f 8418 5678 5679
f 8400 8417 5681
f 8404 5675 5676
f 8429 8430 8406
f 8429 8406 8425
f 8425 8431 8429
f 8432 8431 8425
f 8432 8425 8422
f 8406 8430 8433
f 5673 8421 8420
f 5671 8429 8431
f 8427 8435 8434
f 8434 8436 8428
f 8434 8428 8427
f 8406 8433 8420
f 8406 8420 8416
f 7510 8435 8427
f 7670 8435 7510
f 8412 5668 8411
f 5671 8431 8432
f 5670 8432 8422
f 8430 8429 5671
f 8422 8428 8436
f 5669 8436 8434
f 5670 8422 8436
f 8435 5669 8434
f 5672 8433 8430
f 8421 5673 8405
f 5673 8420 5672
f 8430 5671 5672
f 8436 5669 5670
f 8432 5670 5671
f 8420 8433 5672
f 8405 5673 5674
f 5668 8412 5667
f 7509 5667 8412
f 4149 8393 5698
f 8437 7570 7569
f 8437 7568 7567
f 7566 8438 7567
f 7566 7565 8438
f 7568 8437 7569
f 8439 7564 7563
f 8441 7562 7561
f 7562 8441 8440
f 8440 8442 7563
f 7559 8443 7560
f 7560 8441 7561
f 7564 8438 7565
f 8446 8439 7563
f 7564 8439 8438
f 8444 7563 8445
f 8446 7563 8444
f 7563 8442 8445
f 8439 5716 5717
f 8439 5717 8438
f 8446 8444 8447
f 8444 8448 8447
f 8445 8442 8451
f 8445 8451 8444
f 8449 7558 7557
f 7557 7556 8461
f 8443 7559 7558
f 8443 7558 8449
f 8440 8451 8442
f 8450 8448 8444
f 8444 8451 8450
f 8443 8441 7560
f 7557 8461 8449
f 8461 5711 8449
f 8449 5711 5712
f 8449 5712 8443
f 8440 8441 8451
f 8462 8461 7556
f 7567 8438 8437
f 8437 5722 7570
f 8452 7555 7554
f 8453 8452 7554
f 7555 8452 8460
f 7553 7552 8453
f 7554 7553 8453
f 8455 7550 8466
f 8466 7550 7549
f 8457 7548 7547
f 8456 8458 7549
f 8457 7547 7546
f 8457 7546 8459
f 7545 8459 7546
f 8455 7551 7550
f 7556 8460 8462
f 7552 7551 8454
f 8459 7545 7544
f 8459 7544 8463
f 7548 8457 8456
f 8473 8465 8464
f 8466 7549 8465
f 8473 8468 8467
f 8469 8473 8467
f 8469 8467 8458
f 8473 8464 8468
f 8464 7549 8468
f 8467 8468 7549
f 8456 8469 8458
f 8473 8466 8465
f 8465 7549 8464
f 8458 8467 7549
f 8463 7543 4149
f 8446 8447 5715
f 8443 5713 5714
f 8443 5714 8441
f 8448 5715 8447
f 8450 5715 8448
f 8437 5720 5721
f 5718 5719 8438
f 5720 8438 5719
f 5715 8450 8451
f 8461 8462 5710
f 8471 8470 8462
f 8462 8472 8471
f 5710 8462 8470
f 8472 8460 8452
f 8470 8471 5710
f 8472 8462 8460
f 5710 8471 8472
f 5717 5718 8438
f 5721 5722 8437
f 8438 5720 8437
f 8446 5715 5716
f 8441 5714 8451
f 8439 8446 5716
f 5713 8443 5712
f 8461 5710 5711
f 5708 5709 8452
f 8454 5705 5706
f 8454 5706 8453
f 8454 8453 7552
f 7551 8455 8454
f 8452 8453 5708
f 8455 5705 8454
f 8473 5704 8466
f 8453 5707 5708
f 8475 8474 8473
f 8473 8476 8475
f 8456 8457 8469
f 8477 8476 8473
f 8477 8473 8469
f 8473 8474 5704
f 8474 8475 5704
f 8469 8457 8477
f 5704 8476 8477
f 8457 5703 8477
f 5704 8475 8476
f 5700 5701 8459
f 8453 5706 5707
f 8466 5704 8455
f 5702 8459 5701
f 8459 5702 8457
f 5700 8463 5699
f 8463 5700 8459
f 8463 4149 5699
f 8463 7544 7543
f 8457 5702 5703
f 8452 5709 8472
f 8485 8484 8478
f 8485 8478 8479
f 8486 8485 8479
f 8486 8479 8480
f 8487 8486 8480
f 8487 8480 8481
f 8488 8487 8481
f 8488 8481 8482
f 8489 8488 8482
f 8490 8489 8499
f 8490 8499 8483
f 8491 7593 7592
f 8478 7591 7590
f 7591 8491 7592
f 8479 7588 7587
f 8479 7587 7586
f 7588 8478 7589
f 7589 8478 7590
f 8492 7585 7584
f 8493 7586 7585
f 7585 8492 8493
f 8478 7588 8479
f 8478 8484 8494
f 8478 8494 8491
f 8493 8480 8479
f 8479 7586 8493
f 8478 8491 7591
f 8493 8492 8481
f 8493 8481 8480
f 8489 8496 8495
f 7584 8495 8496
f 8497 7584 8496
f 8489 8482 8497
f 8489 8497 8496
f 8492 8497 8482
f 8492 8482 8481
f 8497 8492 7584
f 8498 8495 7584
f 8491 8494 7593
f 8499 7583 7582
f 8483 7582 7581
f 8483 7580 7579
f 8483 7578 7577
f 7578 8483 7579
f 7580 8483 7581
f 7575 8500 7576
f 7574 8500 7575
f 8500 7573 7572
f 7571 8500 7572
f 7574 7573 8500
f 7576 8483 7577
f 8501 8502 7584
f 8498 7584 8502
f 8489 8498 8502
f 8489 8502 8501
f 8489 8501 8499
f 8495 8498 8489
f 8500 7571 7570
f 8483 7576 8500
f 5732 8490 5731
f 8499 7582 8483
f 8503 8500 7570
f 8501 7583 8499
f 8501 7584 7583
f 8484 5741 5742
f 8484 5742 8494
f 5738 8485 8504
f 8485 5739 5740
f 8485 5740 8484
f 8486 8487 8505
f 8486 8505 8504
f 8504 8485 8486
f 8505 5737 8504
f 5744 8494 5743
f 5744 7593 8494
f 8487 8488 8506
f 8487 8506 8505
f 8507 8506 8488
f 8507 8488 8489
f 5736 8505 8506
f 8508 8509 8489
f 8489 8510 8507
f 8507 5736 8506
f 8494 5742 5743
f 8484 5740 5741
f 8485 5738 5739
f 8505 5736 5737
f 8504 5737 5738
f 8510 5736 8507
f 8489 8509 8510
f 8509 5736 8510
f 5736 8508 8511
f 8508 5736 8509
f 8489 8511 8508
f 5727 8503 5726
f 5731 8490 5730
f 8490 5735 8489
f 8511 8489 5735
f 5735 8490 5734
f 8490 5733 5734
f 8490 5732 5733
f 8503 5728 5729
f 8503 5729 5730
f 8503 5730 8490
f 8503 5727 5728
f 8490 8483 8500
f 8490 8500 8503
f 8503 5724 5725
f 8503 5725 5726
f 8503 5722 5723
f 8503 5723 5724
f 7570 5722 8503
f 8512 7368 7628
f 8512 7628 7627
f 7626 8513 7627
f 7624 8513 7625
f 7626 7625 8513
f 8518 7624 7623
f 8517 7623 7622
f 8515 7621 7620
f 7620 7619 8516
f 8518 7623 8517
f 8517 7622 8514
f 8514 7621 8515
f 7624 8518 8513
f 7627 8513 8512
f 7618 7617 8519
f 7618 8516 7619
f 8515 8517 8514
f 5761 8517 8515
f 8520 7616 7615
f 8531 5757 7617
f 8531 7617 7616
f 7620 8516 8515
f 8512 5765 7368
f 8521 7614 7613
f 8521 7613 7612
f 7611 7610 8522
f 7611 8521 7612
f 7609 7608 8523
f 8522 7610 7609
f 8522 7609 8523
f 7607 7606 8525
f 8525 7606 7605
f 8526 7603 7602
f 8526 7601 7600
f 8527 7600 7599
f 7601 8526 7602
f 7604 8532 7605
f 8523 7608 7607
f 8528 8531 8524
f 7615 8529 8528
f 7603 8530 7604
f 8521 8531 8529
f 8526 8530 7603
f 7600 8527 8526
f 8529 8531 8528
f 8529 7614 8521
f 7615 8524 8520
f 7604 8530 8532
f 7611 8522 8521
f 8524 7615 8528
f 8527 7599 7598
f 8533 8527 7598
f 7598 7597 8533
f 8533 7596 7595
f 8534 8533 7595
f 7594 7593 8534
f 8529 7615 7614
f 7618 8519 8516
f 8512 5763 5764
f 8513 5762 5763
f 8513 5763 8512
f 7617 5757 8519
f 7616 8520 8531
f 8520 8524 8531
f 8521 8522 8531
f 5764 5765 8512
f 8513 8518 5762
f 5760 8516 5759
f 8515 5760 5761
f 5759 8516 5758
f 8519 5757 5758
f 8516 8519 5758
f 8516 5760 8515
f 7607 8525 8523
f 8525 5753 5754
f 8525 5754 8523
f 8532 5751 5752
f 7605 8532 8525
f 5756 8531 8522
f 5755 5756 8523
f 8523 5756 8522
f 8532 5752 8525
f 5750 8532 8530
f 5750 8530 8527
f 5747 5748 8533
f 8534 5745 5746
f 8534 5746 8533
f 8527 8530 8526
f 5755 8523 5754
f 8525 5752 5753
f 8532 5750 5751
f 5749 8533 5748
f 8533 5749 8527
f 8533 7597 7596
f 8534 7595 7594
f 8534 5744 5745
f 8533 5746 5747
f 8527 5749 5750
f 7593 5744 8534
f 8535 7411 7410
f 8535 7410 7409
f 8535 7408 7407
f 8535 7406 7405
f 8535 7405 7404
f 7406 8535 7407
f 7408 8535 7409
f 7402 8536 7403
f 7400 8536 7401
f 7399 8536 7400
f 7402 7401 8536
f 7397 8536 7398
f 7395 8536 7396
f 7394 8536 7395
f 7397 7396 8536
f 7399 7398 8536
f 7404 7403 8536
f 7392 8536 7393
f 8536 7391 7390
f 8537 7390 7389
f 7391 8536 7392
f 8537 8536 7390
f 7393 8536 7394
f 8537 8538 8536
f 8539 8540 8549
f 5804 5805 8535
f 8536 8535 7404
f 8541 8537 7389
f 7388 8541 7389
f 8541 8539 8549
f 8541 8549 8537
f 8542 8540 7388
f 7388 8540 8539
f 7388 8539 8541
f 8540 8542 8549
f 8543 8544 8537
f 8543 8537 8549
f 8542 8545 8549
f 8546 8547 8549
f 8548 8546 8549
f 8547 8543 8549
f 8545 8550 8549
f 8537 8544 8538
f 8545 8542 7388
f 8535 5575 7411
f 8551 7388 7387
f 7386 7385 8552
f 8553 7387 7386
f 7384 7383 8554
f 7383 7382 8554
f 7381 8555 7382
f 8552 7385 7384
f 8556 7381 7380
f 8557 7379 7378
f 8570 7378 7377
f 7379 8557 8558
f 7379 8558 7380
f 8559 7376 7375
f 7374 7373 8560
f 7374 8561 7375
f 7376 8562 7377
f 7381 8556 8555
f 8567 8555 8556
f 8567 8556 8558
f 8550 7388 8563
f 8557 8567 8558
f 8570 7377 8562
f 8557 7378 8570
f 7388 8551 8563
f 8549 8550 8563
f 8564 8565 8549
f 8564 8549 8563
f 8565 8566 8549
f 7387 8553 8551
f 7372 7371 8568
f 7371 7370 8568
f 7370 7369 8569
f 7373 7372 8560
f 8569 7369 7368
f 8561 7374 8560
f 8559 8561 8570
f 8561 8559 7375
f 7376 8559 8562
f 8551 8553 8563
f 8556 7380 8558
f 8550 8545 7388
f 8566 8548 8549
f 8535 5803 5804
f 8564 8563 8553
f 5802 5803 8535
f 5800 5801 8535
f 5799 5800 8535
f 5801 5802 8535
f 5784 8538 8544
f 8565 8564 5783
f 8552 5781 5782
f 8552 5782 8553
f 8553 5782 8564
f 7386 8552 8553
f 8566 8565 5783
f 8543 8547 5783
f 8547 8546 5783
f 8548 8566 5783
f 8548 5783 8546
f 8544 8543 5783
f 5798 5799 8536
f 5575 8535 5805
f 5798 8536 5797
f 8536 5795 5796
f 5795 8536 5794
f 5797 8536 5796
f 5793 8536 5792
f 5791 8536 5790
f 5790 8536 5789
f 5792 8536 5791
f 5794 8536 5793
f 5788 8536 5787
f 5787 8536 5786
f 8536 5785 5786
f 8535 8536 5799
f 8538 5784 5785
f 8564 5782 5783
f 8544 5783 5784
f 5785 8536 8538
f 5789 8536 5788
f 7382 8555 8554
f 5775 8555 8571
f 8567 8557 8570
f 8572 8571 8555
f 8572 8555 8567
f 8567 8573 8572
f 8555 5777 5778
f 8555 5778 8554
f 8571 8572 5773
f 8572 8573 5773
f 8574 8573 8567
f 8554 5779 5780
f 8554 5780 8552
f 5780 5781 8552
f 8570 8562 8559
f 8575 8576 8570
f 8568 5768 5769
f 8568 5769 8560
f 7372 8568 8560
f 8561 8575 8570
f 8576 8575 5772
f 8569 5766 5767
f 8569 5767 8568
f 5770 8561 8560
f 5771 8575 8561
f 8574 8576 5772
f 8576 8574 8567
f 8576 8567 8570
f 7370 8569 8568
f 5772 8573 8574
f 8554 5778 5779
f 8555 5775 5776
f 8571 5773 5774
f 8573 5772 5773
f 8571 5774 5775
f 8555 5776 5777
f 8561 5770 5771
f 8560 5769 5770
f 8568 5767 5768
f 8569 5765 5766
f 8575 5771 5772
f 7368 5765 8569
f 7384 8554 8552
f 8584 8583 7914
f 8584 8581 8582
f 8582 8583 8584
f 8584 6793 8580
f 8580 8581 8584
f 8584 6795 6794
f 8584 6796 6795
f 6794 6793 8584
f 6798 6797 8585
f 8585 6800 6799
f 8585 6801 6800
f 6798 8585 6799
f 6797 6796 8584
f 8585 6802 6801
f 6803 6802 8586
f 8586 6805 6804
f 8586 6806 6805
f 6804 6803 8586
f 8587 6808 6807
f 8587 6810 6809
f 8587 6811 6810
f 6809 6808 8587
f 6807 6806 8588
f 6813 6812 8589
f 6813 8589 8590
f 8590 6815 6814
f 6814 6813 8590
f 8591 6817 6816
f 8591 6819 6818
f 8591 6820 6819
f 6818 6817 8591
f 6816 6815 8591
f 8592 6822 6821
f 8592 6824 6823
f 8592 6825 6824
f 6823 6822 8592
f 8592 6827 6826
f 8593 6829 6828
f 8593 6830 6829
f 6828 6827 8592
f 6826 6825 8592
f 6821 6820 8592
f 8593 6832 6831
f 8593 6834 6833
f 6833 6832 8593
f 8593 6836 6835
f 8594 6838 6837
f 8594 6839 6838
f 6837 6836 8594
f 6835 6834 8593
f 8595 6841 6840
f 8595 6842 6841
f 6840 6839 8594
f 8596 6844 6843
f 6845 6844 8596
f 6845 8596 8597
f 6846 6845 8597
f 6846 8597 8598
f 6843 6842 8595
f 6831 6830 8593
f 6812 6811 8599
f 6812 8599 8589
f 6847 8598 6848
f 6849 8600 6850
f 8601 6849 6848
f 8589 8599 8602
f 8589 8602 8603
f 8593 8594 6836
f 8597 8596 8604
f 8597 8604 8605
f 8590 8589 8603
f 8590 8603 8606
f 8590 8591 6815
f 6851 8600 6852
f 6854 6853 8607
f 6852 8607 6853
f 8600 6851 6850
f 6847 6846 8598
f 6806 8586 8588
f 5111 8584 5110
f 8587 6807 8588
f 8587 8599 6811
f 8586 8585 5117
f 8586 5117 5118
f 8586 6802 8585
f 8587 8588 8602
f 8587 8602 8599
f 8588 8608 8609
f 8588 8609 8602
f 8606 8603 8610
f 8606 8610 8611
f 8611 8591 8606
f 8606 8591 8590
f 8603 8602 8609
f 8603 8609 8610
f 8588 8586 5120
f 8588 5120 5121
f 8591 8592 6820
f 6843 8595 8596
f 8593 8592 5142
f 8593 5142 5143
f 8604 8596 8595
f 8604 8595 8612
f 8594 8595 6840
f 8594 8612 8595
f 8594 8593 5150
f 8594 5150 5151
f 8592 8593 6828
f 8612 8613 8614
f 8612 8614 8604
f 8605 8601 8598
f 8605 8598 8597
f 8601 8605 8615
f 8601 8615 8616
f 8600 8601 5164
f 8600 5164 5165
f 8601 8600 6849
f 8605 8604 8614
f 8605 8614 8615
f 8612 8594 8613
f 8598 8601 6848
f 8592 8591 5133
f 8592 5133 5134
f 8585 6797 8584
f 8607 6852 8600
f 8617 6856 6855
f 6855 6854 8607
f 8617 6858 6857
f 8618 6860 6859
f 8618 6861 6860
f 6859 6858 8617
f 6857 6856 8617
f 6863 6862 8619
f 6863 8619 8620
f 8621 6865 6864
f 8621 6866 6865
f 6864 6863 8620
f 6864 8620 8621
f 8622 6868 6867
f 8622 6870 6869
f 8622 6871 6870
f 6869 6868 8622
f 6867 6866 8622
f 6862 6861 8618
f 8623 8619 8618
f 8623 8618 8624
f 6862 8618 8619
f 8620 8619 8623
f 8620 8623 8625
f 8621 8620 8625
f 8621 8625 8626
f 8621 8622 6866
f 8618 6859 8617
f 8617 6855 8607
f 8618 8617 8624
f 8627 8624 8617
f 8625 8623 8628
f 8625 8628 8629
f 8626 8625 8629
f 8626 8629 8630
f 8624 8627 8628
f 8624 8628 8623
f 8617 8607 5176
f 8617 5176 5177
f 8622 8621 8626
f 8631 6873 6872
f 8631 6875 6874
f 8631 6876 6875
f 6874 6873 8631
f 6876 8631 6877
f 8631 8622 5191
f 8631 5191 5192
f 8631 6878 6877
f 8631 6879 6878
f 6879 8631 6880
f 8622 8631 6872
f 8622 6872 6871
f 8622 8626 8630
f 8607 8600 5170
f 8607 5170 5171
f 8584 7914 7917
f 8632 6881 6880
f 8632 6883 6882
f 8632 6884 6883
f 6882 6881 8632
f 8633 6886 6885
f 6887 6886 8633
f 8634 6889 6888
f 8635 6890 6575
f 8635 6891 6890
f 6575 6889 8634
f 6888 6887 8633
f 6885 6884 8633
f 8636 6893 6892
f 8636 6895 6894
f 6894 6893 8636
f 6896 8637 6897
f 6898 8637 6899
f 6899 8638 6900
f 8637 6898 6897
f 8637 6896 6895
f 6901 8638 6902
f 6903 8638 6904
f 6904 8638 6905
f 8638 6903 6902
f 6906 8639 6907
f 8639 6908 6907
f 8639 6906 6905
f 8638 6901 6900
f 6892 6891 8635
f 6909 8640 6910
f 8639 6909 6908
f 6911 8641 6912
f 6914 6913 8641
f 6914 8641 6915
f 8641 6913 6912
f 6916 8641 6917
f 6918 8642 6919
f 6919 8642 6920
f 8642 6918 6917
f 8641 6916 6915
f 8640 6911 6576
f 8642 8643 6921
f 6923 6922 8643
f 6923 8643 8644
f 6922 6921 8643
f 8645 6925 6924
f 8645 6927 6926
f 6927 8646 6928
f 6926 6925 8645
f 6924 6923 8647
f 6929 8646 6930
f 6930 8646 6931
f 8646 6929 6928
f 6932 8648 6933
f 8648 6934 6933
f 8648 6932 6931
f 8642 6921 6920
f 6935 8649 6936
f 8648 6935 6934
f 6937 8649 6938
f 6939 8649 6940
f 6940 8649 6941
f 8649 6939 6938
f 8649 6937 6936
f 6942 8649 6943
f 6944 8650 6945
f 6945 8650 6946
f 8650 6944 6943
f 6947 8650 6948
f 6949 8651 6950
f 6950 8651 6951
f 8650 6949 6948
f 8650 6947 6946
f 8649 6942 6941
f 8637 6895 8636
f 8636 8635 8652
f 8636 8652 8653
f 8645 6924 8647
f 8647 8644 8654
f 8647 8654 8655
f 8640 6576 6910
f 8647 6923 8644
f 8633 8634 6888
f 8633 8632 5200
f 8633 5200 5201
f 8635 8634 8652
f 8652 8634 8656
f 8652 8656 8657
f 8653 8652 8657
f 8653 8657 8658
f 8634 8633 8656
f 6575 8634 8635
f 8633 6884 8632
f 8644 8643 8659
f 8644 8659 8654
f 6954 6953 8660
f 6956 6955 8660
f 6957 6956 8660
f 6954 8660 6955
f 8661 6958 6957
f 8647 8655 8662
f 8647 8662 8645
f 6959 6958 8661
f 6960 6959 8661
f 8651 6952 6951
f 6953 6952 8651
f 8645 8646 6927
f 6892 8635 8636
f 6961 8663 6962
f 6963 8663 6964
f 8663 6963 6962
f 6965 8664 6966
f 8664 6967 6966
f 8663 6965 6964
f 6968 8665 6969
f 6969 8665 6970
f 6970 8665 6971
f 6972 8666 6973
f 6974 8666 6975
f 6975 8667 6976
f 8666 6974 6973
f 8666 6972 6971
f 8664 6968 6967
f 6977 6976 8667
f 6977 8667 8668
f 8669 6978 6977
f 6979 6978 8669
f 6979 8669 8670
f 6977 8668 8671
f 6977 8671 8669
f 6979 8670 6980
f 8670 8669 8671
f 8670 8671 8672
f 6981 6980 8673
f 8670 8673 6980
f 6982 6981 8673
f 8673 8670 8672
f 8673 8672 8674
f 8675 6983 6982
f 8675 6985 6984
f 8676 6986 6985
f 6984 6983 8675
f 6987 6986 8676
f 8675 8676 6985
f 6577 6988 8676
f 6987 8676 6988
f 8676 8677 4837
f 8676 4837 6577
f 8678 8676 8675
f 8675 6982 8673
f 8675 8673 8674
f 8675 8674 8679
f 6960 8661 6961
f 8636 8653 8637
f 8632 6880 8631
f 8632 8631 5197
f 8632 5197 5198
f 8577 8578 8584
f 8579 5107 8584
f 8578 8579 8584
f 5839 5108 8584
f 5108 5109 8584
f 5107 5839 8584
f 8584 5111 4808
f 8608 5125 8609
f 5112 8585 4808
f 5113 8585 5112
f 5110 8584 5109
f 8585 8584 4808
f 5114 4809 8585
f 4809 5115 8585
f 5113 5114 8585
f 7917 8577 8584
f 5115 5116 8585
f 5116 5117 8585
f 5119 5120 8586
f 5118 5119 8586
f 8608 5121 5122
f 8608 5123 5124
f 8608 5124 5125
f 8608 5122 5123
f 8588 5121 8608
f 5125 5126 8610
f 5125 8610 8609
f 8611 8610 5126
f 8611 5126 5127
f 5140 8592 5139
f 8611 5129 8591
f 8611 5127 5128
f 5129 5130 8591
f 5130 5131 8591
f 8611 5128 5129
f 8613 5157 8614
f 5197 8631 5196
f 8657 8656 4815
f 8657 4815 5208
f 8658 8657 5210
f 8658 5210 4816
f 8653 8658 8637
f 5169 5170 8600
f 8616 8615 5160
f 8616 5160 5161
f 8629 8628 5184
f 8630 8629 5184
f 8630 5184 5841
f 8616 5163 8601
f 8628 8627 5183
f 8615 8614 5159
f 8615 5159 5160
f 5186 8622 8630
f 8591 5131 5132
f 5132 5133 8591
f 5134 5135 8592
f 5137 8592 5136
f 5139 8592 5138
f 5141 8592 5140
f 5138 8592 5137
f 5135 5136 8592
f 5144 5145 8593
f 5145 5146 8593
f 5143 5144 8593
f 5147 5148 8593
f 5149 5150 8593
f 5148 5149 8593
f 5146 5147 8593
f 5141 5142 8592
f 8594 5151 5152
f 5152 5153 8594
f 8594 5154 8613
f 8613 5155 5156
f 8613 5156 5157
f 8613 5154 5155
f 5153 5154 8594
f 8614 5158 5159
f 8616 5161 5162
f 5163 5164 8601
f 5165 5166 8600
f 5166 5167 8600
f 8616 5162 5163
f 8614 5157 5158
f 4810 5168 8600
f 5168 5169 8600
f 5172 5173 8607
f 5174 5175 8607
f 5175 5176 8607
f 5173 5174 8607
f 5171 5172 8607
f 5177 5178 8617
f 4811 5179 8617
f 5179 5180 8617
f 5178 4811 8617
f 8627 5180 5181
f 8627 5182 5183
f 8628 5183 5184
f 8627 5181 5182
f 8617 5180 8627
f 5167 4810 8600
f 8630 5841 5185
f 5186 5187 8622
f 8630 5185 5186
f 4812 5188 8622
f 5189 5190 8622
f 5190 5191 8622
f 5188 5189 8622
f 5187 4812 8622
f 5192 4813 8631
f 5193 5194 8631
f 5194 5195 8631
f 4813 5193 8631
f 5195 5196 8631
f 5199 5200 8632
f 5198 5199 8632
f 5202 5203 8633
f 5204 5205 8633
f 5205 5206 8633
f 5203 5204 8633
f 5201 5202 8633
f 8633 4814 8656
f 8656 5207 4815
f 8656 4814 5207
f 8657 5209 5210
f 8658 4816 5211
f 8658 5211 4817
f 8657 5208 5209
f 5206 4814 8633
f 8637 8658 4817
f 5213 8637 5212
f 4817 5212 8637
f 5213 5214 8637
f 8638 8637 5214
f 8638 5214 5215
f 6899 8637 8638
f 5215 5216 8638
f 6909 8639 8640
f 8640 8639 4820
f 8640 4820 4821
f 8641 8640 5220
f 8641 5220 5221
f 6911 8640 8641
f 8639 8638 5216
f 8639 5216 4818
f 8639 5217 4819
f 8639 4818 5217
f 6905 8638 8639
f 8639 4819 4820
f 8640 4821 5218
f 8640 5219 4822
f 8641 5221 5222
f 8640 4822 5220
f 8641 5223 5224
f 8641 5225 4823
f 8642 8641 4823
f 8641 5224 5225
f 8641 5222 5223
f 8640 5218 5219
f 5226 8642 4823
f 8643 8642 8659
f 8680 8659 8642
f 8655 8654 8681
f 8655 8681 8682
f 8654 8659 8680
f 8654 8680 8681
f 8645 8662 8646
f 8683 8646 8662
f 6935 8648 8649
f 8649 8648 5242
f 8649 5242 5243
f 8650 8649 4827
f 8650 4827 5244
f 6943 8649 8650
f 8648 8646 5238
f 8648 5238 5239
f 6931 8646 8648
f 8683 8662 8655
f 8683 8655 8682
f 6953 8651 8660
f 8661 8660 5252
f 8661 5252 5253
f 6961 8661 8663
f 8664 8663 4831
f 8664 4831 5259
f 8665 8664 5261
f 8665 5261 4833
f 6965 8663 8664
f 8663 8661 5255
f 8663 5255 5256
f 6957 8660 8661
f 6971 8665 8666
f 5266 8684 8666
f 8668 8667 8684
f 8668 8684 8685
f 8671 8668 8685
f 8671 8685 8686
f 8667 8666 8684
f 6975 8666 8667
f 8666 8665 5262
f 8666 5262 5263
f 6968 8664 8665
f 8651 8650 4828
f 8651 4828 5846
f 6949 8650 8651
f 8681 8680 5229
f 8681 5229 4825
f 8683 8682 5230
f 8685 8684 5268
f 8685 5268 5269
f 5228 8680 8642
f 4825 8682 8681
f 5229 8680 5228
f 8660 8651 5249
f 8660 5249 5250
f 5228 8642 5227
f 5227 8642 4824
f 8686 8685 5269
f 8686 5269 5270
f 8674 8672 8687
f 8674 8687 8688
f 8672 8671 8686
f 8672 8686 8687
f 8679 8674 8688
f 8679 8688 8689
f 8678 8679 8689
f 8678 8689 8690
f 8675 8679 8678
f 8688 8687 5847
f 8688 5847 4794
f 8690 8689 4834
f 8690 4834 4835
f 8677 8690 4836
f 8677 4836 5272
f 8678 8690 8677
f 8689 8688 5271
f 8687 8686 5270
f 8687 5270 5847
f 8646 8683 5233
f 4824 8642 5226
f 6917 8641 8642
f 8682 4825 5230
f 8683 5231 5232
f 8683 5230 5231
f 8646 5233 5234
f 8646 4826 5235
f 8646 5235 5236
f 8646 5234 4826
f 8683 5232 5233
f 8646 5237 5238
f 8648 5239 5240
f 8648 5240 5241
f 8648 5241 5242
f 8646 5236 5237
f 8649 5243 4827
f 8650 5245 5246
f 8650 5247 5248
f 8650 5248 4828
f 8650 5246 5247
f 8651 5846 5249
f 8650 5244 5245
f 8660 4829 5251
f 8660 5251 5252
f 8661 5254 5255
f 8663 5256 5257
f 8663 5257 5258
f 8661 5253 5254
f 8663 4830 4831
f 8664 5259 5260
f 8664 4832 5261
f 8664 5260 4832
f 8663 5258 4830
f 8666 5264 5265
f 8666 5265 5266
f 8666 5263 5264
f 8684 5267 5268
f 8684 5266 5267
f 8689 5271 4834
f 8688 4794 5271
f 8690 4835 4836
f 8677 5272 5273
f 8677 5273 4837
f 8665 4833 5262
f 8660 5250 4829
f 8678 8677 8676
f 8691 7036 7367
f 8691 7367 7366
f 8692 7365 7364
f 7364 8693 8692
f 8694 7363 7362
f 8695 7361 7360
f 7361 8695 8696
f 7361 8696 7362
f 7363 8693 7364
f 7366 7365 8692
f 8697 7359 7358
f 7357 8698 8697
f 7357 8697 7358
f 8699 7356 7355
f 7354 8701 7355
f 7356 8699 8698
f 7356 8698 7357
f 8702 7352 7351
f 7352 8702 7353
f 8703 7350 7349
f 8704 7349 7348
f 7350 8703 7351
f 7353 8700 7354
f 7359 8705 7360
f 8706 7348 7347
f 8707 7347 7346
f 7344 8709 8708
f 7344 8708 7345
f 8710 7343 7342
f 7343 8709 7344
f 7345 8708 8707
f 7345 8707 7346
f 7340 8712 8711
f 7340 8711 7341
f 8713 7339 7338
f 7339 8712 7340
f 8714 7338 7337
f 7336 8715 7337
f 7338 8714 8713
f 7341 8711 8710
f 7341 8710 7342
f 8716 7335 7334
f 8716 7334 7333
f 7332 8717 7333
f 8717 7332 7331
f 7330 8718 7331
f 8719 7329 7328
f 8720 7328 7327
f 7328 8720 8719
f 7329 8718 7330
f 7335 8715 7336
f 8721 7326 7325
f 7324 8722 8721
f 7324 8721 7325
f 7322 8724 8723
f 7322 8723 7323
f 7320 8726 8725
f 7320 8725 7321
f 7321 8725 8724
f 7321 8724 7322
f 7323 8723 8722
f 7323 8722 7324
f 8727 7318 7317
f 7318 8726 7319
f 7317 8728 8727
f 8729 7316 7315
f 7316 8728 7317
f 7319 8726 7320
f 8729 7315 7314
f 8730 7314 7313
f 8731 7312 7311
f 7312 8730 7313
f 8731 7311 7310
f 8732 7309 7308
f 7309 8732 7310
f 7306 8734 8733
f 7306 8733 7307
f 8735 7305 7304
f 7305 8735 8734
f 7305 8734 7306
f 7307 8733 7308
f 8738 7302 7301
f 8738 7301 7300
f 7302 8737 7303
f 7297 8741 8740
f 7297 8740 7298
f 7298 8739 7299
f 8742 7295 7294
f 7295 8741 7296
f 7296 8741 7297
f 7299 8739 7300
f 7293 8744 8743
f 7293 8743 7294
f 8745 7292 7291
f 7290 8745 7291
f 7292 8744 7293
f 8746 7289 7288
f 7287 8747 7288
f 7285 8748 7286
f 7286 8747 7287
f 7289 8746 8750
f 7289 8750 7290
f 7303 8736 7304
f 7326 8720 7327
f 5542 8691 5541
f 8693 5537 5538
f 8693 5538 8692
f 8693 7363 8751
f 8696 8752 8751
f 8696 8751 8694
f 8695 8753 8752
f 8695 8752 8696
f 8694 8751 7363
f 7360 8705 8695
f 8751 5536 5537
f 8751 5537 8693
f 8691 7366 8692
f 8753 8755 8754
f 8753 8754 8752
f 8705 7359 8697
f 8697 5532 5533
f 8697 5533 8705
f 8705 8755 8753
f 8695 8705 8753
f 8699 5529 5530
f 8699 5530 8698
f 8701 7354 8700
f 8700 5527 8701
f 8701 5528 5529
f 8701 5529 8699
f 8699 7355 8701
f 8698 5530 5531
f 8698 5531 8697
f 8752 8754 8756
f 8752 8756 8751
f 7353 8702 8700
f 8702 7351 8703
f 8703 5523 5524
f 8703 5524 8702
f 8704 5521 5522
f 8704 5522 8703
f 8703 7349 8704
f 8706 7347 8707
f 8707 5518 5519
f 8707 5519 8706
f 8709 5516 5517
f 8709 5517 8708
f 8708 5517 5518
f 8708 5518 8707
f 8706 5520 8704
f 8704 7348 8706
f 8711 5513 5514
f 8711 5514 8710
f 8712 7339 8713
f 8713 5511 5512
f 8713 5512 8712
f 8712 5513 8711
f 8714 7337 8715
f 8715 5510 8714
f 8716 7333 8717
f 8717 5506 5507
f 8717 5507 8716
f 8716 5508 5509
f 8716 5509 8715
f 8715 7335 8716
f 8714 5510 5511
f 8714 5511 8713
f 8710 5514 5515
f 8710 5515 8709
f 8709 7343 8710
f 8702 5525 5526
f 8702 5526 8700
f 7331 8718 8717
f 8718 7329 8719
f 8719 5503 8718
f 8720 5501 5502
f 8720 5502 8719
f 8722 5498 5499
f 8722 5499 8721
f 8724 5496 5497
f 8724 5497 8723
f 8723 5497 5498
f 8723 5498 8722
f 8721 5500 5501
f 8721 5501 8720
f 8720 7326 8721
f 8726 5495 8725
f 8728 5492 8727
f 8727 5493 5494
f 8727 5494 8726
f 7318 8727 8726
f 7314 8730 8729
f 8730 5488 5489
f 8730 5489 8729
f 7310 8732 8731
f 8732 5483 5484
f 8732 5484 8731
f 8731 5486 5487
f 8731 5487 8730
f 7312 8731 8730
f 8729 5490 5491
f 8729 5491 8728
f 7316 8729 8728
f 8725 5495 5496
f 8725 5496 8724
f 8734 5479 5480
f 8734 5480 8733
f 8735 5478 5479
f 8735 5479 8734
f 7303 8737 8736
f 8737 5476 8736
f 7300 8739 8738
f 8739 5472 5473
f 8739 5473 8738
f 8738 5474 5475
f 8738 5475 8737
f 7302 8738 8737
f 8736 5477 5478
f 8736 5478 8735
f 7304 8736 8735
f 8741 5469 8740
f 7294 8743 8742
f 8743 5465 5466
f 8743 5466 8742
f 8742 5467 5468
f 8742 5468 8741
f 7295 8742 8741
f 7292 8745 8744
f 8745 5463 5464
f 8745 5464 8744
f 8746 5461 8750
f 8750 5461 5462
f 8750 5462 8745
f 7290 8750 8745
f 8744 5465 8743
f 8740 5469 5470
f 8740 5470 8739
f 7298 8740 8739
f 8733 5481 5482
f 8733 5482 8732
f 7308 8733 8732
f 8718 5504 5505
f 8718 5505 8717
f 7288 8747 8746
f 8749 7284 7283
f 8757 7283 7282
f 8757 7282 7281
f 7280 8759 8758
f 7280 8758 7281
f 8759 7279 7278
f 7277 8760 7278
f 8762 7275 7274
f 7275 8762 8761
f 7275 8761 7276
f 7276 8760 7277
f 7279 8759 7280
f 7273 8764 8763
f 7272 8765 8764
f 7272 8764 7273
f 8766 7271 7270
f 8767 7269 7268
f 7269 8767 8766
f 7269 8766 7270
f 7271 8765 7272
f 8768 7268 7267
f 8768 7267 7266
f 8769 7265 7264
f 8770 7264 7263
f 7265 8769 7266
f 7273 8763 7274
f 8749 7285 7284
f 8748 5458 8747
f 8749 5457 8748
f 8749 7283 8757
f 8758 5453 5454
f 8758 5454 8757
f 8760 7276 8761
f 8760 5451 5452
f 8760 5452 8759
f 8759 5453 8758
f 8759 7278 8760
f 8757 5455 5456
f 8757 5456 8749
f 8757 7281 8758
f 8762 7274 8763
f 8762 5449 8761
f 8764 5446 5447
f 8764 5447 8763
f 8763 5447 5448
f 8763 5448 8762
f 8766 5443 5444
f 8766 5444 8765
f 8768 7266 8769
f 8768 5440 5441
f 8768 5441 8767
f 8767 5442 5443
f 8767 5443 8766
f 8767 7268 8768
f 8765 5445 5446
f 8765 5446 8764
f 8765 7271 8766
f 8761 5449 5450
f 8761 5450 8760
f 8771 7263 7262
f 8772 7261 7260
f 7259 8772 7260
f 7261 8771 7262
f 8770 7263 8771
f 8770 5437 8769
f 8772 7259 8773
f 8772 5434 5435
f 8772 5435 8771
f 8771 5436 8770
f 8771 7261 8772
f 8774 7258 7257
f 8773 7259 7258
f 8773 7258 8774
f 8774 5431 5432
f 8774 5432 8773
f 8774 7257 7256
f 8774 7256 8775
f 8773 5432 5433
f 8773 5433 8772
f 7264 8770 8769
f 8769 5438 5439
f 8769 5439 8768
f 8749 8748 7285
f 7286 8748 8747
f 8747 5459 5460
f 8747 5460 8746
f 8694 7362 8696
f 8691 5543 7036
f 7255 8776 8775
f 7255 8775 7256
f 7254 8777 8776
f 7254 8776 7255
f 8778 7253 7252
f 7251 8779 8778
f 7251 8778 7252
f 7253 8777 7254
f 8779 7251 7250
f 8780 7249 7248
f 7249 8780 7250
f 8782 7246 7245
f 7246 8781 7247
f 7247 8783 7248
f 8782 7245 7244
f 8784 7244 7658
f 8784 7658 7243
f 7242 8786 8785
f 7242 8785 7243
f 8787 7241 7240
f 7239 7238 8788
f 7239 8789 7240
f 7236 8791 8790
f 7236 8790 7237
f 7235 7234 8792
f 8791 7236 7235
f 7237 8790 8788
f 7237 8788 7238
f 7241 8861 8855
f 7241 8855 7242
f 7233 8794 8793
f 7232 7231 8795
f 7231 7230 8796
f 8794 7233 7232
f 7228 7227 8798
f 8797 7229 7228
f 7227 7226 8798
f 7225 7224 8799
f 8799 7226 7225
f 8797 7230 7229
f 7223 7222 8800
f 7221 8802 8801
f 8801 7222 7221
f 7220 7219 8803
f 7217 8805 8804
f 7217 8804 7218
f 8804 7219 7218
f 7216 7215 8806
f 7213 8808 8807
f 7213 8807 7214
f 8807 7215 7214
f 7216 8806 8805
f 7216 8805 7217
f 7220 8803 8802
f 7220 8802 7221
f 8800 7224 7223
f 8793 7234 7233
f 7212 7211 8809
f 7211 7210 8810
f 7210 7209 8810
f 7208 7207 8811
f 8811 7209 7208
f 7205 7204 8813
f 8812 7206 7205
f 7203 8815 8814
f 7203 8814 7204
f 7204 8814 8813
f 8812 7207 7206
f 7202 7201 8816
f 7200 8817 8816
f 7200 8816 7201
f 7199 7198 8818
f 7196 8820 8819
f 7196 8819 7197
f 8819 7198 7197
f 7199 8818 8817
f 7199 8817 7200
f 7195 7194 8821
f 8823 7194 7193
f 7192 7191 8824
f 7191 7190 8824
f 8822 7193 7192
f 7195 8821 8820
f 7195 8820 7196
f 8815 7203 7202
f 7189 7188 8825
f 7188 7187 8826
f 8827 7187 7186
f 7185 7184 8828
f 7183 8830 8829
f 7183 8829 7184
f 7182 7181 8831
f 8830 7183 7182
f 7184 8829 8828
f 8827 7186 7185
f 7180 8833 8832
f 7180 8832 7181
f 7180 7179 8833
f 8835 7178 7177
f 8834 7179 7178
f 7175 7174 8837
f 8836 7176 7175
f 7174 7173 8837
f 8838 7173 7172
f 8836 7177 7176
f 7181 8832 8831
f 8825 7190 7189
f 7212 8809 8808
f 7212 8808 7213
f 7171 7170 8839
f 7168 8842 8841
f 7168 8841 7169
f 7169 8841 8840
f 8840 7170 7169
f 7167 7166 8843
f 7166 7165 8844
f 7166 8844 8843
f 7164 7163 8845
f 8846 7163 7162
f 8845 7165 7164
f 8842 7168 7167
f 7161 7160 8847
f 7160 7159 8847
f 7157 7156 8849
f 8848 7158 7157
f 8848 7159 7158
f 7156 8850 8849
f 7155 7154 8851
f 7155 8851 8850
f 7155 8850 7156
f 7152 7151 8853
f 8852 7153 7152
f 8852 7154 7153
f 8846 7162 7161
f 8776 5428 5429
f 8776 5429 8775
f 8777 5427 5428
f 8777 5428 8776
f 8777 7253 8778
f 8786 7242 8855
f 8786 8854 8785
f 8779 7250 8780
f 8778 5425 5426
f 8778 5426 8777
f 8780 7248 8783
f 8780 5422 5423
f 8780 5423 8779
f 8781 7246 8782
f 8781 5421 8783
f 8783 5834 5422
f 8783 5422 8780
f 8783 7247 8781
f 7243 8785 8784
f 8784 5832 5418
f 8784 5418 8782
f 8786 8856 8854
f 8854 8856 8784
f 8785 8854 8784
f 8782 5419 5420
f 8782 5420 8781
f 8782 7244 8784
f 8779 5836 5424
f 8779 5424 8778
f 7151 7150 8857
f 7150 7149 8858
f 7147 8860 8859
f 7147 8859 7148
f 7146 7145 8860
f 8860 7147 7146
f 7148 8859 8858
f 7148 8858 7149
f 8890 8861 8787
f 8861 7241 8787
f 7172 7171 8839
f 8862 7239 8788
f 8789 8862 8787
f 8863 7145 7144
f 7239 8862 8789
f 7240 8789 8787
f 7144 7143 8863
f 7141 7140 8865
f 8865 7142 7141
f 8864 7143 7142
f 8866 7139 7138
f 7136 8868 8867
f 7136 8867 7137
f 7135 7134 8869
f 8868 7136 7135
f 8867 7138 7137
f 8866 7140 7139
f 7133 8871 8870
f 7133 8870 7134
f 7133 7132 8871
f 7131 7130 8872
f 8873 7130 7129
f 8872 7132 7131
f 7128 7127 8874
f 7126 7125 8875
f 7126 8875 8874
f 7126 8874 7127
f 7124 7123 8876
f 8876 7125 7124
f 8873 7129 7128
f 7134 8870 8869
f 7122 7121 8877
f 8879 7120 7119
f 8878 7121 7120
f 7118 7117 8880
f 7117 7116 8880
f 7114 8882 8881
f 7114 8881 7115
f 7113 7112 8883
f 8882 7114 7113
f 8881 7116 7115
f 8879 7119 7118
f 7112 8884 8883
f 7111 7110 8885
f 8886 7110 7109
f 7111 8885 8884
f 7111 8884 7112
f 7108 7107 8887
f 7107 7106 8888
f 8888 7106 7105
f 8886 7109 7108
f 8877 7123 7122
f 8775 5429 5430
f 8775 5430 8774
f 8756 8754 5535
f 5540 5541 8692
f 5543 8691 5542
f 8691 8692 5541
f 5539 8692 5538
f 5540 8692 5539
f 8756 5535 5536
f 8751 8756 5536
f 5535 8754 8755
f 5535 8755 5534
f 5533 5534 8755
f 5532 8697 5531
f 5528 8701 5527
f 5527 8700 5526
f 5525 8702 5524
f 8703 5522 5523
f 8755 8705 5533
f 5521 8704 5520
f 5520 8706 5519
f 5516 8709 5515
f 5513 8712 5512
f 5508 8716 5507
f 5510 8715 5509
f 5506 8717 5505
f 5504 8718 5503
f 8719 5502 5503
f 8890 8787 8862
f 8890 8862 8889
f 8790 5818 5411
f 8790 5411 8788
f 8861 5414 5415
f 8861 5415 8855
f 5415 8856 8786
f 8786 8855 5415
f 8861 8890 5414
f 8889 5413 8890
f 5500 8721 5499
f 8788 5412 8862
f 8791 5410 5818
f 8791 5818 8790
f 8792 5409 5410
f 8792 5410 8791
f 7235 8792 8791
f 8794 5406 5407
f 8794 5407 8793
f 7231 8796 8795
f 8796 5404 8795
f 8795 5405 5406
f 8795 5406 8794
f 7232 8795 8794
f 8793 5407 5408
f 8793 5408 8792
f 7234 8793 8792
f 7228 8798 8797
f 8798 5400 5401
f 8798 5401 8797
f 7224 8800 8799
f 8800 5398 8799
f 8799 5399 8798
f 7226 8799 8798
f 8802 5393 5394
f 8802 5394 8801
f 7219 8804 8803
f 8804 5391 5392
f 8804 5392 8803
f 8803 5392 5393
f 8803 5393 8802
f 8801 5395 5396
f 8801 5396 8800
f 7222 8801 8800
f 8797 5403 8796
f 7230 8797 8796
f 8889 8862 5412
f 5492 5493 8727
f 5491 5492 8728
f 5494 5495 8726
f 5485 8731 5484
f 5486 8731 5485
f 5488 8730 5487
f 5483 8732 5482
f 5481 8733 5480
f 5490 8729 5489
f 5476 5477 8736
f 5476 8737 5475
f 5474 8738 5473
f 5472 8739 5471
f 5467 8742 5466
f 5469 8741 5468
f 5471 8739 5470
f 5465 8744 5464
f 5463 8745 5462
f 5459 8747 5458
f 5458 8748 5457
f 5461 8746 5460
f 5453 8759 5452
f 5455 8757 5454
f 5451 8760 5450
f 5449 8762 5448
f 5445 8765 5444
f 5442 8767 5441
f 5438 8769 5437
f 5437 8770 5436
f 5440 8768 5439
f 5457 8749 5456
f 5431 8774 5430
f 5434 8772 5433
f 5427 8777 5426
f 5425 8778 5424
f 5836 8779 5423
f 5834 8783 5421
f 5421 8781 5420
f 5417 5832 8784
f 8856 5416 5417
f 8856 5415 5416
f 8784 8856 5417
f 5419 8782 5418
f 8889 5412 5413
f 8788 5411 5412
f 8792 5408 5409
f 8795 5404 5405
f 8796 5403 5404
f 8797 5402 5403
f 8799 5398 5399
f 8798 5399 5400
f 8800 5396 5397
f 8801 5394 5395
f 8800 5397 5398
f 8797 5401 5402
f 8890 5413 5414
f 5436 8771 5435
f 5390 5391 8804
f 8806 5388 5389
f 8806 5389 8805
f 8805 5389 5390
f 8805 5390 8804
f 8807 5387 5388
f 8807 5388 8806
f 8808 5385 5386
f 8808 5386 8807
f 7211 8810 8809
f 8810 5382 5383
f 8810 5383 8809
f 8809 5384 5385
f 8809 5385 8808
f 7215 8807 8806
f 8807 5386 5387
f 8809 5383 5384
f 8811 5380 5381
f 8811 5381 8810
f 7207 8812 8811
f 8812 5380 8811
f 8813 5378 5379
f 8813 5379 8812
f 7205 8813 8812
f 8815 5375 5376
f 8815 5376 8814
f 8817 5372 5373
f 8817 5373 8816
f 8816 5374 5375
f 8816 5375 8815
f 7202 8816 8815
f 8814 5376 5377
f 8814 5377 8813
f 7198 8819 8818
f 8819 5370 5371
f 8819 5371 8818
f 8821 5367 5368
f 8821 5368 8820
f 8820 5368 5369
f 8820 5369 8819
f 7193 8822 8823
f 8822 5365 8823
f 7190 8825 8824
f 8825 5361 5362
f 8825 5362 8824
f 8824 5364 8822
f 7192 8824 8822
f 8823 5366 5367
f 8823 5367 8821
f 7194 8823 8821
f 8818 5371 5372
f 8818 5372 8817
f 7209 8811 8810
f 8810 5381 5382
f 8812 5379 5380
f 8813 5377 5378
f 8816 5373 5374
f 8819 5369 5370
f 8823 5365 5366
f 8822 5364 5365
f 8824 5363 5364
f 8825 5360 5361
f 8824 5362 5363
f 8826 5360 8825
f 7187 8827 8826
f 8827 5359 8826
f 8828 5356 5357
f 8828 5357 8827
f 7185 8828 8827
f 8830 5353 5354
f 8830 5354 8829
f 8832 5350 5351
f 8832 5351 8831
f 8831 5352 5353
f 8831 5353 8830
f 7182 8831 8830
f 8829 5354 5355
f 8829 5355 8828
f 7179 8834 8833
f 8834 5348 5349
f 8834 5349 8833
f 7177 8836 8835
f 8836 5346 8835
f 8835 5347 8834
f 7178 8835 8834
f 7173 8838 8837
f 8838 5343 8837
f 7170 8840 8839
f 8840 5340 5341
f 8840 5341 8839
f 8839 5342 8838
f 7172 8839 8838
f 8837 5344 5345
f 8837 5345 8836
f 7175 8837 8836
f 8833 5349 5350
f 8833 5350 8832
f 8842 5337 5338
f 8842 5338 8841
f 8843 5336 5337
f 8843 5337 8842
f 7167 8843 8842
f 7165 8845 8844
f 8845 5333 5334
f 8845 5334 8844
f 7161 8847 8846
f 8847 5329 5330
f 8847 5330 8846
f 8846 5331 5332
f 8846 5332 8845
f 7163 8846 8845
f 8844 5334 5335
f 8844 5335 8843
f 7157 8849 8848
f 8849 5325 5326
f 8849 5326 8848
f 8851 5323 8850
f 8850 5323 5324
f 8850 5324 8849
f 7152 8853 8852
f 8853 5320 8852
f 7150 8858 8857
f 8858 5317 5318
f 8858 5318 8857
f 8857 5319 8853
f 7151 8857 8853
f 8852 5321 5322
f 8852 5322 8851
f 7154 8852 8851
f 8848 5327 5328
f 8848 5328 8847
f 7159 8848 8847
f 8841 5338 5339
f 8841 5339 8840
f 8860 5315 5316
f 8860 5316 8859
f 8863 5313 5314
f 8863 5314 8860
f 7145 8863 8860
f 7142 8865 8864
f 8865 5311 8864
f 7138 8867 8866
f 8867 5308 8866
f 8866 5309 5310
f 8866 5310 8865
f 7140 8866 8865
f 8864 5311 5312
f 8864 5312 8863
f 7143 8864 8863
f 7135 8869 8868
f 8869 5305 5306
f 8869 5306 8868
f 8868 5306 5307
f 8868 5307 8867
f 8859 5316 5317
f 8859 5317 8858
f 8870 5303 5304
f 8870 5304 8869
f 8871 5302 5303
f 8871 5303 8870
f 7130 8873 8872
f 8873 5299 5300
f 8873 5300 8872
f 8872 5301 5302
f 8872 5302 8871
f 7132 8872 8871
f 8874 5297 5298
f 8874 5298 8873
f 5359 5360 8826
f 8875 5296 5297
f 8875 5297 8874
f 8876 5294 5295
f 8876 5295 8875
f 7125 8876 8875
f 7121 8878 8877
f 8878 5291 8877
f 7118 8880 8879
f 8880 5288 5289
f 8880 5289 8879
f 8879 5290 8878
f 7120 8879 8878
f 8877 5292 5293
f 8877 5293 8876
f 7123 8877 8876
f 8882 5283 5284
f 8882 5284 8881
f 8884 5279 5280
f 8884 5280 8883
f 8883 5281 5282
f 8883 5282 8882
f 7113 8883 8882
f 7110 8886 8885
f 8886 5277 5278
f 8886 5278 8885
f 7107 8888 8887
f 8888 5275 8887
f 8887 5276 8886
f 7108 8887 8886
f 8885 5278 5279
f 8885 5279 8884
f 8881 5285 5286
f 8881 5286 8880
f 7116 8881 8880
f 7128 8874 8873
f 7188 8826 8825
f 8827 5358 5359
f 8827 5357 5358
f 8828 5355 5356
f 8831 5351 5352
f 8834 5347 5348
f 8836 5345 5346
f 8837 5343 5344
f 8839 5341 5342
f 8840 5339 5340
f 8838 5342 5343
f 8835 5346 5347
f 8843 5335 5336
f 8845 5332 5333
f 8846 5330 5331
f 8848 5326 5327
f 8847 5328 5329
f 8849 5324 5325
f 8851 5322 5323
f 8852 5320 5321
f 8853 5319 5320
f 8857 5318 5319
f 8860 5314 5315
f 8863 5312 5313
f 8866 5308 5309
f 8867 5307 5308
f 8865 5310 5311
f 8872 5300 5301
f 8875 5295 5296
f 8876 5293 5294
f 8873 5298 5299
f 8869 5304 5305
f 8877 5291 5292
f 8879 5289 5290
f 8878 5290 5291
f 8880 5287 5288
f 8880 5286 5287
f 8882 5282 5283
f 8881 5284 5285
f 8883 5280 5281
f 8886 5276 5277
f 8887 5275 5276
f 8888 5274 5275
f 8888 7105 5274
f 8891 7428 7427
f 8891 7426 7425
f 7424 8892 7425
f 7426 8891 7427
f 8892 7424 7423
f 8893 7423 7422
f 8893 8892 7423
f 5592 5593 8891
f 8894 8892 8893
f 8892 8891 7425
f 8895 8893 7422
f 8896 8895 7421
f 8895 7422 7421
f 8902 8897 8895
f 8902 8895 8896
f 8898 8896 7421
f 8897 8894 8893
f 8897 8893 8895
f 8894 8897 8900
f 8894 8900 8899
f 8897 8902 8901
f 8897 8901 8900
f 8896 8898 8902
f 8894 8899 8892
f 8891 5595 7428
f 8903 7420 7419
f 7419 7418 8904
f 8904 7417 7416
f 8904 7416 7415
f 8904 7415 8905
f 7417 8904 7418
f 8905 7414 7413
f 8911 8907 8906
f 7421 8906 8907
f 7421 8907 8908
f 8911 8908 8907
f 8898 8908 8911
f 8898 8911 8902
f 8909 8901 8902
f 8898 7421 8908
f 8903 8911 8910
f 8912 7413 7412
f 8911 8906 8910
f 7411 8912 7412
f 8903 7419 8904
f 8903 8910 7420
f 7421 8910 8906
f 8910 7421 7420
f 8899 8900 5585
f 8900 8901 5584
f 8902 8911 8913
f 8902 8913 8909
f 5584 8901 8909
f 8911 8914 8913
f 8915 8914 8911
f 8911 8916 8915
f 8913 8914 5584
f 8914 8915 5584
f 8911 8917 8916
f 5584 8909 8913
f 8904 8918 8917
f 8904 8917 8911
f 5595 8891 5594
f 5594 8891 5593
f 8891 5591 5592
f 5590 8892 5589
f 5589 8892 5588
f 5591 8892 5590
f 5587 5588 8892
f 8892 8899 5586
f 8900 5584 5585
f 8899 5585 5586
f 5587 8892 5586
f 8891 8892 5591
f 8916 5584 8915
f 8903 8904 8911
f 5583 8916 8917
f 5583 8917 8918
f 5582 8918 8904
f 8912 8905 7413
f 5583 8918 5582
f 5581 5582 8904
f 8905 5577 5578
f 5580 8904 5579
f 5579 8905 5578
f 5583 5584 8916
f 5581 8904 5580
f 5579 8904 8905
f 8905 7415 7414
f 8912 5577 8905
f 8912 5576 5577
f 8912 5575 5576
f 7411 5575 8912
f 8921 8919 8920
f 7635 8921 8920
f 7635 8920 8923
f 6774 8923 8922
f 8925 8926 8928
f 8927 8924 8925
f 8927 8925 8928
f 8929 8927 8928
f 6040 8946 8948
f 8932 6040 8948
f 6780 8947 8933
f 6093 6780 8933
f 8934 6093 8933
f 6792 8943 8942
f 7754 7747 8304
f 8944 8304 7919
f 8919 8303 8302
f 8919 8302 8301
f 8944 7919 8303
f 8919 8300 8299
f 8919 8299 8298
f 8920 8297 8296
f 8920 8296 8295
f 8920 8919 8298
f 8920 8298 8297
f 8919 8301 8300
f 8920 8294 8293
f 8920 8293 8292
f 8923 8291 8290
f 8923 8290 8289
f 8923 8292 8291
f 8923 8288 8287
f 8922 8923 8287
f 8922 8287 8286
f 8922 8285 8284
f 8922 8283 8282
f 8922 8284 8283
f 8922 8286 8285
f 8923 8289 8288
f 8920 8295 8294
f 6774 8281 8280
f 6774 8280 8279
f 6774 8278 8277
f 6774 8277 8276
f 6774 8279 8278
f 6775 8275 8274
f 6775 8274 8273
f 6775 8272 8271
f 8271 8270 6775
f 6775 8273 8272
f 6775 8276 8275
f 8924 8269 8268
f 8924 8268 8267
f 8924 8266 8265
f 8924 8265 8264
f 8924 8267 8266
f 8925 8263 8262
f 8925 8262 8261
f 8925 8260 8259
f 8926 8258 8257
f 8925 8259 8258
f 8925 8261 8260
f 8925 8264 8263
f 8924 8270 8269
f 8922 8282 8281
f 8944 7755 7754
f 8926 8257 8256
f 8944 8919 7756
f 8304 8944 7754
f 8919 8944 8303
f 7756 7755 8944
f 8255 8926 8256
f 8254 8926 8255
f 8252 8928 8253
f 8251 8928 8252
f 8253 8926 8254
f 8250 8928 8251
f 8920 8292 8923
f 8922 8281 6774
f 8276 6775 6774
f 8925 8924 8264
f 8926 8925 8258
f 8253 8928 8926
f 6775 8270 8924
f 8928 8250 8249
f 8928 8249 8248
f 8928 8248 8247
f 8928 8246 8245
f 8928 8245 8244
f 8928 8247 8246
f 8929 8243 8242
f 8930 8241 8240
f 8930 8242 8241
f 8929 8244 8243
f 8239 8930 8240
f 8928 8244 8929
f 8930 8929 8242
f 8238 8237 6777
f 8238 6777 8930
f 6777 8237 8236
f 8235 8234 6777
f 6777 8236 8235
f 8239 8238 8930
f 8233 6777 8234
f 8232 6778 8233
f 8231 8230 6778
f 8229 6778 8230
f 8232 8231 6778
f 8228 8227 6778
f 8227 8226 6779
f 8227 6779 6778
f 8224 8931 8225
f 8931 8224 8223
f 8225 6779 8226
f 8228 6778 8229
f 8931 8223 8222
f 8945 6040 8931
f 8945 8931 8222
f 8222 8221 8945
f 8221 8220 8945
f 8946 8220 8219
f 8218 8946 8219
f 8218 8217 8948
f 8217 8216 8948
f 8948 8215 8214
f 8216 8215 8948
f 8213 8212 8947
f 8212 8211 8933
f 8209 8933 8210
f 8207 8934 8208
f 8208 8933 8209
f 8211 8210 8933
f 8214 8213 8947
f 8206 8205 8934
f 8204 8934 8205
f 8934 8204 8203
f 8207 8206 8934
f 8946 8218 8948
f 8203 8202 8934
f 6778 6777 8233
f 8220 8946 8945
f 8931 6779 8225
f 8946 6040 8945
f 8214 8947 8948
f 8212 8933 8947
f 8933 8208 8934
f 8202 8201 8935
f 8202 8935 8934
f 8919 8949 7756
f 8921 8949 8919
f 7746 7756 8949
f 8927 8929 6776
f 8927 5878 8924
f 8921 7635 6773
f 7746 8949 6772
f 8921 6773 8949
f 6775 5873 6774
f 8923 6774 7635
f 8931 5978 6779
f 8947 6066 8948
f 8948 6066 8932
f 8932 6066 6040
f 6781 6093 8934
f 8930 6777 6003
f 6779 6003 6778
f 8929 8930 6003
f 6066 8947 6780
f 8935 8201 8200
f 8935 8200 8199
f 8199 8198 8935
f 8197 8935 8198
f 8195 8936 8196
f 8194 8936 8195
f 8192 8936 8193
f 8191 8936 8192
f 8193 8936 8194
f 8196 8936 8197
f 8189 8952 8190
f 8188 8952 8189
f 8187 8186 8952
f 8188 8187 8952
f 8186 8185 8952
f 8952 8191 8190
f 8185 8184 8937
f 8184 8183 8937
f 8182 8181 8937
f 8180 8179 8937
f 8181 8180 8937
f 8183 8182 8937
f 8179 8178 8937
f 8177 8176 8938
f 8176 8175 8938
f 8173 8938 8174
f 8950 8173 8172
f 8174 8938 8175
f 8171 8170 8950
f 8170 8169 8950
f 8168 8167 8950
f 8167 8166 8951
f 8950 8169 8168
f 8172 8171 8950
f 8938 8173 8950
f 8951 8950 8167
f 8938 8178 8177
f 8197 8936 8935
f 8191 8952 8936
f 8185 8937 8952
f 8178 8938 8937
f 8937 6784 8952
f 8939 8938 8950
f 8166 8165 8953
f 8164 8163 8953
f 8162 8161 8940
f 8163 8162 8953
f 8161 8160 8940
f 8165 8164 8953
f 8953 8955 8951
f 8953 8162 8940
f 8160 8159 8940
f 8166 8953 8951
f 8940 8159 8158
f 8157 8156 8940
f 8155 8943 8156
f 8158 8157 8940
f 8154 8153 8943
f 8152 8943 8153
f 8151 8150 8942
f 8148 8942 8149
f 8150 8149 8942
f 8151 8942 8152
f 8154 8943 8155
f 8147 8146 8942
f 8146 8145 8942
f 8144 8143 6792
f 8942 8145 8144
f 8143 8142 6792
f 8942 8148 8147
f 8141 6792 8142
f 8140 6792 8141
f 8134 6792 8139
f 8138 6792 8135
f 8135 6792 8134
f 8139 6792 8140
f 7914 8583 8138
f 8951 7661 8954
f 8955 7661 8951
f 8156 8943 8940
f 8138 8583 8582
f 8940 8943 8941
f 8942 8943 8152
f 6792 8942 8144
f 6792 8582 8581
f 6792 8138 8582
f 6781 8934 8935
f 8935 8936 6782
f 8938 6260 8937
f 8939 8950 6786
f 8951 6786 8950
f 7660 8951 8954
f 8952 6202 8936
f 8935 6782 6127
f 6127 8936 6783
f 8951 7660 6786
f 8937 6785 6784
f 6785 8937 6260
f 7661 7660 8954
f 8940 8956 6787
f 8940 6787 8953
f 8953 8957 8955
f 8940 6788 8956
f 8953 6787 8957
f 8941 6451 8940
f 8940 6451 6788
f 6451 8941 8943
f 8580 6792 8581
f 6790 8943 6792
f 8580 6793 6792
f 6787 8956 6788
f 6789 6451 8943
f 7661 8955 8957
f 6788 7661 8957
f 6788 8957 6787
f 6793 6791 6792
f 6790 6791 8943
f 6789 8943 6518
f 6791 6790 6792
f 5085 8959 5084
f 8961 8960 5085
f 5086 8962 8961
f 5086 8961 5085
f 5086 8963 8962
f 5086 8964 8963
f 5086 8965 8964
f 8966 8965 5086
f 5093 8972 5092
f 7753 7918 7750
f 8983 7919 7918
f 8983 7921 7920
f 8983 7920 7919
f 8958 7923 7922
f 8958 7924 7923
f 8958 7926 7925
f 8958 7928 7927
f 8958 7927 7926
f 8958 7925 7924
f 8958 7922 7921
f 5084 7930 7929
f 5084 7931 7930
f 5084 7933 7932
f 5084 7935 7934
f 5084 7934 7933
f 5084 7932 7931
f 8959 7936 7935
f 8959 7935 5084
f 8959 7938 7937
f 8959 7940 7939
f 8959 7942 7941
f 8959 7941 7940
f 8959 7939 7938
f 7928 8958 5084
f 8959 7944 7943
f 7944 8959 5085
f 8960 7946 7945
f 8960 7945 5085
f 8960 7949 7948
f 8960 7948 7947
f 8960 7951 7950
f 8960 7952 7951
f 7953 8960 7954
f 8961 7956 7955
f 8961 7954 8960
f 8960 7953 7952
f 8961 7958 7957
f 8961 7959 7958
f 8961 7961 7960
f 8962 7962 7961
f 8962 7961 8961
f 8961 7960 7959
f 8961 7957 7956
f 8960 7950 7949
f 8959 7943 7942
f 8962 7965 7964
f 8962 7966 7965
f 8962 7968 7967
f 8963 7969 7968
f 8962 7967 7966
f 8963 7971 7970
f 8963 7972 7971
f 8963 7915 7973
f 8963 7975 7974
f 8963 7974 7915
f 8963 7973 7972
f 8963 7970 7969
f 7749 8983 7753
f 8983 7918 7753
f 7752 8983 7749
f 8958 7921 8983
f 7944 5085 7945
f 5084 7929 7928
f 8959 7937 7936
f 7954 8961 7955
f 7946 8960 7947
f 7975 8964 7976
f 7962 8962 7963
f 8962 8963 7968
f 8964 7977 7976
f 8964 7975 8963
f 8962 7964 7963
f 8964 7979 7978
f 8964 7980 7979
f 8964 7982 7981
f 8965 7984 7983
f 8964 7983 7982
f 8964 7981 7980
f 8965 7986 7985
f 8965 7987 7986
f 8965 7989 7988
f 8965 7991 7990
f 8965 7990 7989
f 8965 7988 7987
f 8965 7985 7984
f 7992 7991 8967
f 7993 7992 8967
f 8965 7983 8964
f 8967 7991 8965
f 8967 7994 7993
f 8967 7996 7995
f 7996 8967 7997
f 7998 7997 8967
f 8967 7999 7998
f 8968 8000 7999
f 8968 7999 8967
f 7994 8967 7995
f 7977 8964 7978
f 8968 8001 8000
f 8968 8002 8001
f 8968 8004 8003
f 8968 8005 8004
f 8968 8003 8002
f 8968 8007 8006
f 8969 8008 8007
f 8969 8010 8009
f 8969 8012 8011
f 8969 8011 8010
f 8969 8009 8008
f 8968 8006 8005
f 8969 8014 8013
f 8969 8015 8014
f 8969 8017 8016
f 8970 8019 8018
f 8969 8018 8017
f 8969 8016 8015
f 8970 8021 8020
f 8970 8022 8021
f 8970 8024 8023
f 5088 8026 8025
f 5088 8025 8024
f 8970 8023 8022
f 8970 8020 8019
f 8969 8013 8012
f 5088 8028 8027
f 5089 8029 8028
f 5089 8031 8030
f 5089 8032 8031
f 5089 8030 8029
f 5089 8033 8032
f 8035 8034 8971
f 8035 8971 5090
f 5090 8036 8035
f 5091 8038 8037
f 8039 8984 8040
f 8038 5091 8039
f 5090 8037 8036
f 8041 8984 8042
f 8984 8043 8042
f 8044 5092 8045
f 8043 5092 8044
f 8040 8984 8041
f 8034 8033 8971
f 5088 8027 8026
f 8969 8007 8968
f 5088 8024 8970
f 8018 8969 8970
f 5089 8028 5088
f 8033 5089 8971
f 8045 5092 8046
f 8984 8039 5091
f 8047 8046 5092
f 8037 5090 5091
f 8047 5092 8972
f 8047 8972 8048
f 8049 8972 8050
f 8051 8972 8052
f 8050 8972 8051
f 8048 8972 8049
f 8052 8972 8053
f 8984 5091 5092
f 8043 8984 5092
f 8972 8054 8053
f 7748 8983 7752
f 7751 8983 7748
f 8983 7751 5083
f 8983 5083 8958
f 5083 5084 8958
f 8966 8967 8965
f 8966 5086 4051
f 4012 5084 5083
f 5083 5082 3996
f 4012 5085 5084
f 8969 8968 5087
f 5087 8970 8969
f 4126 5089 5088
f 5088 8970 4126
f 4126 8970 5087
f 5094 8972 5093
f 4270 5094 5093
f 8972 4270 8973
f 4270 8972 5094
f 8973 8056 8055
f 8973 8057 8056
f 8973 8059 8058
f 8973 7916 8059
f 8973 8058 8057
f 8973 8061 8060
f 8973 8062 8061
f 5095 8064 8063
f 8974 8066 8065
f 5095 8065 8064
f 5095 8063 8062
f 8973 8060 7916
f 8974 8068 8067
f 8974 8069 8068
f 8974 8071 8070
f 8974 8073 8072
f 8974 8072 8071
f 8974 8070 8069
f 8974 8075 8074
f 8974 8076 8075
f 8975 8078 8077
f 8975 8080 8079
f 8975 8079 8078
f 8975 8077 8076
f 8974 8074 8073
f 8974 8067 8066
f 8975 8082 8081
f 5096 8083 8082
f 5096 8085 8084
f 5096 8086 8085
f 5096 8084 8083
f 5096 8088 8087
f 5096 8087 8086
f 8976 8089 8088
f 8976 8090 8089
f 8976 8092 8091
f 8976 8094 8093
f 8976 8093 8092
f 8976 8091 8090
f 8095 8985 8096
f 8096 8985 8097
f 8098 8985 8099
f 8097 8985 8098
f 8985 8095 8094
f 8975 8081 8080
f 8973 8055 8972
f 5095 8062 8973
f 5096 8082 8975
f 8974 8975 8076
f 5095 8974 8065
f 8976 8088 5096
f 8985 8094 8976
f 5097 8989 8985
f 8054 8972 8055
f 8099 8986 8100
f 8986 8102 8101
f 8986 8101 8100
f 8104 8103 8986
f 8105 8104 8986
f 8107 8106 8986
f 8109 8108 8979
f 8108 8107 8979
f 8106 8105 8986
f 8103 8102 8986
f 8109 8979 8110
f 8111 8110 8980
f 8111 8980 8112
f 8113 8112 8980
f 8114 8113 8980
f 8116 8115 8980
f 8117 8116 8981
f 8115 8114 8980
f 8119 8118 8981
f 8120 8119 8981
f 8122 8121 8981
f 8124 8123 8981
f 8123 8122 8981
f 8121 8120 8981
f 8118 8117 8981
f 8126 8125 8981
f 8127 8126 8981
f 8129 8128 8982
f 8131 8130 8982
f 8130 8129 8982
f 8128 8127 8981
f 8133 8132 8982
f 8134 8133 8982
f 8135 8134 8982
f 8137 8136 8577
f 8136 8135 8982
f 8132 8131 8982
f 8125 8124 8981
f 7917 8137 8577
f 8986 8985 8977
f 8977 8987 8986
f 8986 8978 8979
f 8107 8986 8979
f 8980 8979 5102
f 8110 8979 8980
f 8980 8981 8116
f 8577 8982 8578
f 8981 8982 8128
f 8136 8982 8577
f 8099 8985 8986
f 8982 8579 8578
f 4341 8975 8974
f 8985 8976 5097
f 4357 5096 8975
f 8987 8977 8985
f 4404 8989 5097
f 4426 8987 8989
f 8989 8987 8985
f 8974 4323 4341
f 4357 8975 4341
f 8973 4270 4271
f 5095 4323 8974
f 4404 4426 8989
f 8996 8988 4426
f 8988 8996 8987
f 4357 8976 5096
f 8976 4357 4404
f 8988 8987 4426
f 8986 8987 8992
f 8991 8979 8978
f 8992 8978 8986
f 8992 8991 8978
f 8979 8991 8993
f 8993 8995 8979
f 8979 8990 4685
f 8990 8979 8995
f 8994 8979 4685
f 8979 8994 5102
f 8982 8981 5105
f 8980 5102 5103
f 5106 8579 8982
f 8996 8992 8987
f 8995 5101 8990
f 8990 5101 4685
f 4760 8994 4685
f 5099 8991 5098
f 8996 5098 8992
f 5099 8993 8991
f 5100 8993 5099
f 5100 5101 8995
f 8993 5100 8995
f 8991 8992 5098
f 5105 8981 8980
f 8579 5106 5107
f 5105 5106 8982
f 5106 8980 5104

