mtllib heybeliada_materials.mtl
usemtl FlagWhite
# https://github.com/mikedh/trimesh
v 5.66673047 0.00134676 17.29284375
v 5.66625000 0.00252511 17.29318750
v 5.66526953 0.00356482 17.29389844
v 5.66386328 0.00399804 17.29491406
v 5.66246094 0.00356482 17.29592969
v 5.66147656 0.00252511 17.29663867
v 5.66100000 0.00134676 17.29698438
v 5.66106680 0.00031571 17.29693216
v 5.66100000 -0.00071534 17.29698438
v 5.66147656 -0.00189368 17.29663867
v 5.66246094 -0.00293340 17.29592969
v 5.66386328 -0.00336662 17.29491406
v 5.66526953 -0.00293340 17.29389844
v 5.66625000 -0.00189368 17.29318750
v 5.66673047 -0.00071534 17.29284375
v 5.48590234 0.00031571 15.28841992
v 5.49105469 0.00031571 15.05991797
v 5.49978906 0.00031571 14.81271680
v 5.53865234 -0.00071534 17.12330078
v 5.50211303 -0.00099184 17.07074743
v 5.49372104 -0.00185351 17.05090952
v 5.49128906 -0.00071534 17.03676563
v 5.48894141 -0.00071534 17.00277734
v 5.48877734 -0.00071534 16.96425977
v 5.48876563 -0.00071534 16.95292773
v 5.48851562 -0.00071534 16.88228906
v 5.48626172 -0.00071534 16.54790039
v 5.48292969 -0.00071534 15.73145312
v 5.48460937 -0.00071534 15.38420117
v 5.48575781 -0.00071534 15.28841797
v 5.49090625 -0.00071534 15.05991406
v 5.53818359 -0.00189368 17.12365820
v 5.51308203 -0.00189368 17.08947070
v 5.48818750 -0.00189368 16.96425977
v 5.48817578 -0.00189368 16.95292969
v 5.48792969 -0.00189368 16.88229102
v 5.48567188 -0.00189368 16.54790430
v 5.48233984 -0.00189368 15.73145117
v 5.48401953 -0.00189368 15.38419531
v 5.48516797 -0.00189368 15.28840820
v 5.49032031 -0.00189368 15.05989453
v 5.53722266 -0.00293340 17.12439844
v 5.51207813 -0.00293340 17.09014844
v 5.48692954 -0.00322007 16.99924464
v 5.48697266 -0.00293340 16.96425977
v 5.48696484 -0.00293340 16.95292969
v 5.48671484 -0.00293340 16.88229883
v 5.48446094 -0.00293340 16.54791211
v 5.48112500 -0.00293340 15.73145117
v 5.48280469 -0.00293340 15.38418359
v 5.48395313 -0.00293340 15.28838867
v 5.48910547 -0.00293340 15.05985742
v 5.53585156 -0.00336662 17.12545508
v 5.51063672 -0.00336662 17.09111523
v 5.48674826 -0.00335219 17.03630319
v 5.48524219 -0.00336662 16.96426172
v 5.48523047 -0.00336662 16.95293359
v 5.48498047 -0.00336662 16.88230664
v 5.48272656 -0.00336662 16.54792383
v 5.47939453 -0.00336662 15.73144922
v 5.48107422 -0.00336662 15.38416602
v 5.48222266 -0.00336662 15.28836133
v 5.48737500 -0.00336662 15.05980469
v 5.53447656 -0.00293340 17.12651172
v 5.50919922 -0.00293340 17.09208203
v 5.48367578 -0.00293340 17.00287500
v 5.48350781 -0.00293340 16.96426172
v 5.48350000 -0.00293340 16.95293555
v 5.48325000 -0.00293340 16.88231445
v 5.48099219 -0.00293340 16.54793750
v 5.47766016 -0.00293340 15.73144727
v 5.47933984 -0.00293340 15.38414844
v 5.48048828 -0.00293340 15.28833398
v 5.48564063 -0.00293340 15.05975195
v 5.53351562 -0.00189368 17.12725000
v 5.50819531 -0.00189368 17.09275977
v 5.49403969 -0.00369431 17.06311534
v 5.48488281 -0.00189368 17.03775586
v 5.48246094 -0.00189368 17.00289648
v 5.48229688 -0.00189368 16.96426367
v 5.48228516 -0.00189368 16.95293750
v 5.48203516 -0.00189368 16.88232227
v 5.47978125 -0.00189368 16.54794531
v 5.47644922 -0.00189368 15.73144727
v 5.47812891 -0.00189368 15.38413672
v 5.47927734 -0.00189368 15.28831445
v 5.48442969 -0.00189368 15.05971484
v 5.53304688 -0.00071534 17.12760937
v 5.50770703 -0.00071534 17.09308789
v 5.49235938 -0.00071534 17.06604883
v 5.48430078 -0.00071534 17.03784570
v 5.48187500 -0.00071534 17.00290820
v 5.48170703 -0.00071534 16.96426367
v 5.48169531 -0.00071534 16.95293750
v 5.48144531 -0.00071534 16.88232422
v 5.47919141 -0.00071534 16.54794922
v 5.47585937 -0.00071534 15.73144727
v 5.47753906 -0.00071534 15.38413086
v 5.47868750 -0.00071534 15.28830469
v 5.48383984 -0.00071534 15.05969727
v 5.53292969 0.00031571 17.12769922
v 5.48155859 0.00031571 16.96426367
v 5.48155078 0.00031571 16.95293750
v 5.47853906 0.00031571 15.28830273
v 5.58387500 0.00031571 17.19352734
v 5.50758203 0.00031571 17.09316992
v 5.49222266 0.00031571 17.06610742
v 5.48415625 0.00031571 17.03786719
v 5.48172656 0.00031571 17.00291016
v 5.48130078 0.00031571 16.88232422
v 5.48090234 0.00031571 16.81331250
v 5.48036719 0.00031571 16.73374805
v 5.47903303 0.00031571 16.54650371
v 5.47840625 0.00031571 16.45560938
v 5.47777734 0.00031571 16.35871875
v 5.47718359 0.00031571 16.25816602
v 5.47665625 0.00031571 16.15483594
v 5.47621875 0.00031571 16.04961328
v 5.47589453 0.00031571 15.94338477
v 5.47571875 0.00031571 15.83703320
v 5.47571094 0.00031571 15.73144727
v 5.47586328 0.00031571 15.64133008
v 5.47618359 0.00031571 15.55302148
v 5.47668750 0.00031571 15.46709766
v 5.47739062 0.00031571 15.38412891
v 5.48043750 0.00031571 15.18172461
v 5.48369531 0.00031571 15.05969141
v 5.48719141 0.00031571 14.95424805
v 5.48942969 0.00031571 14.89213867
v 5.49204687 0.00029206 14.82247656
v 5.49242187 0.00031571 14.81271680
v 5.49940625 0.00033936 14.82275195
v 5.49679297 0.00031571 14.89240430
v 5.49455078 0.00031571 14.95450391
v 5.48780078 0.00031571 15.18189648
v 5.48475391 0.00031571 15.38420313
v 5.48405078 0.00031571 15.46714453
v 5.48354688 0.00031571 15.55305078
v 5.48323047 0.00031571 15.64134570
v 5.48307422 0.00031571 15.73145312
v 5.48308203 0.00031571 15.83702930
v 5.48326172 0.00031571 15.94337109
v 5.48358203 0.00031571 16.04958984
v 5.48401953 0.00031571 16.15480469
v 5.48455078 0.00031571 16.25812891
v 5.48514062 0.00031571 16.35867578
v 5.48576953 0.00031571 16.45556055
v 5.48640166 0.00031571 16.54650350
v 5.48773047 0.00031571 16.73369531
v 5.48826563 0.00031571 16.81326367
v 5.48866406 0.00031571 16.88228906
v 5.48891406 0.00031571 16.95292773
v 5.48892187 0.00031571 16.96425977
v 5.48908984 0.00031571 17.00277539
v 5.49143359 0.00031571 17.03674219
v 5.49897266 0.00031571 17.06316211
v 5.51369531 0.00031571 17.08906055
v 5.53876953 0.00031571 17.12321094
v 5.58969922 0.00031571 17.18902539
v 5.66699169 0.00031571 17.29263936
v 5.49371338 -0.00187976 14.81271680
v 5.49800635 -0.00245673 14.81271680
v 5.48892187 0.00019715 16.96425977
v 5.48891406 0.00019715 16.95292773
v 5.48472656 -0.00015133 15.38420313
v 5.49940625 0.00029206 14.82275195
v 5.49867188 -0.00189368 14.82272461
v 5.49745703 -0.00293340 14.82267969
v 5.49572656 -0.00336662 14.82261523
v 5.49399609 -0.00293340 14.82254883
v 5.49278516 -0.00189368 14.82250391
v 5.47742188 -0.00015133 15.38413086
v 5.49219531 -0.00071534 14.82248242
v 5.53304688 0.00134676 17.12760937
v 5.50770703 0.00134676 17.09308789
v 5.49235938 0.00134676 17.06604883
v 5.48430078 0.00134676 17.03784570
v 5.48187500 0.00134676 17.00290820
v 5.48170703 0.00134676 16.96426367
v 5.48169531 0.00134676 16.95293750
v 5.48144531 0.00134676 16.88232422
v 5.47919141 0.00134676 16.54794922
v 5.47585937 0.00134676 15.73144727
v 5.47753906 0.00134676 15.38413086
v 5.47868750 0.00134676 15.28830469
v 5.48383984 0.00134676 15.05969727
v 5.53351562 0.00252511 17.12725000
v 5.50819531 0.00252511 17.09275977
v 5.49289844 0.00252511 17.06581250
v 5.48246094 0.00252511 17.00289648
v 5.48229688 0.00252511 16.96426367
v 5.48228516 0.00252511 16.95293750
v 5.48203516 0.00252511 16.88232227
v 5.47978125 0.00252511 16.54794531
v 5.47644922 0.00252511 15.73144727
v 5.47812891 0.00252511 15.38413672
v 5.47927734 0.00252511 15.28831445
v 5.48442969 0.00252511 15.05971484
v 5.53447656 0.00356482 17.12651172
v 5.50919922 0.00356482 17.09208203
v 5.48550231 0.00323771 17.03792350
v 5.48367578 0.00356482 17.00287500
v 5.48350781 0.00356482 16.96426172
v 5.48350000 0.00356482 16.95293555
v 5.48325000 0.00356482 16.88231445
v 5.48099219 0.00356482 16.54793750
v 5.47766016 0.00356482 15.73144727
v 5.47933984 0.00356482 15.38414844
v 5.48048828 0.00356482 15.28833398
v 5.48564063 0.00356482 15.05975195
v 5.53585156 0.00399804 17.12545508
v 5.51063672 0.00399804 17.09111523
v 5.49519854 0.00398316 17.06590940
v 5.48884429 0.00398320 17.03831313
v 5.48524219 0.00399804 16.96426172
v 5.48523047 0.00399804 16.95293359
v 5.48498047 0.00399804 16.88230664
v 5.48272656 0.00399804 16.54792383
v 5.47939453 0.00399804 15.73144922
v 5.48107422 0.00399804 15.38416602
v 5.48222266 0.00399804 15.28836133
v 5.48737500 0.00399804 15.05980469
v 5.53722266 0.00356482 17.12439844
v 5.51207813 0.00356482 17.09014844
v 5.48640415 0.00398351 17.00655010
v 5.48696484 0.00356482 16.95292969
v 5.48671484 0.00356482 16.88229883
v 5.48446094 0.00356482 16.54791211
v 5.48112500 0.00356482 15.73145117
v 5.48280469 0.00356482 15.38418359
v 5.48395313 0.00356482 15.28838867
v 5.48910547 0.00356482 15.05985742
v 5.53818359 0.00252511 17.12365820
v 5.51308203 0.00252511 17.08947070
v 5.49785176 0.00324002 17.06390159
v 5.49070703 0.00252511 17.03685547
v 5.48835156 0.00252511 17.00278906
v 5.48764874 0.00323529 16.97940192
v 5.48817578 0.00252511 16.95292969
v 5.48792969 0.00252511 16.88229102
v 5.48567188 0.00252511 16.54790430
v 5.48233984 0.00252511 15.73145117
v 5.48401953 0.00252511 15.38419531
v 5.48516797 0.00252511 15.28840820
v 5.49032031 0.00252511 15.05989453
v 5.53865234 0.00134676 17.12330078
v 5.51357031 0.00134676 17.08914258
v 5.49883594 0.00134676 17.06322070
v 5.49128906 0.00134676 17.03676563
v 5.48894141 0.00134676 17.00277734
v 5.48877734 0.00134676 16.96425977
v 5.48876563 0.00134676 16.95292773
v 5.48851562 0.00134676 16.88228906
v 5.48626172 0.00134676 16.54790039
v 5.48292969 0.00134676 15.73145312
v 5.48460937 0.00134676 15.38420117
v 5.48575781 0.00134676 15.28841797
v 5.49090625 0.00134676 15.05991406
v 5.49911133 0.00232273 14.81271680
v 5.49417920 0.00300341 14.81271680
v 5.48155078 0.00043427 16.95293750
v 5.49204687 0.00033936 14.82247656
v 5.49278516 0.00252511 14.82250391
v 5.49399609 0.00356482 14.82254883
v 5.49572656 0.00399804 14.82261523
v 5.49745703 0.00356482 14.82267969
v 5.48892187 0.00043427 16.96425977
v 5.48891406 0.00043427 16.95292773
v 5.49867188 0.00252511 14.82272461
v 5.48472656 0.00078275 15.38420313
v 5.48587500 0.00078275 15.28841992
v 5.49925781 0.00134676 14.82274609
v 3.81655078 0.02758329 15.71271484
v 3.83558858 0.02623272 15.72266399
v 3.83673281 0.02617026 15.72326318
v 3.84471323 0.02579803 15.72743249
v 3.84542962 0.02576969 15.72780662
v 3.84697257 0.02571164 15.72861391
v 3.84743211 0.02569505 15.72885309
v 3.85064564 0.02558935 15.73053347
v 3.85178040 0.02555655 15.73112538
v 3.85514172 0.02547038 15.73288332
v 3.85571354 0.02545807 15.73318226
v 3.85622257 0.02544740 15.73344851
v 3.85660061 0.02543966 15.73364568
v 3.86028719 0.02537748 15.73557213
v 3.87095143 0.02533088 15.74114641
v 3.87390334 0.02535280 15.74268950
v 3.87485952 0.02536305 15.74318930
v 3.87598496 0.02537733 15.74377576
v 3.87701152 0.02539223 15.74431258
v 3.87904815 0.02542712 15.74537756
v 3.88137127 0.02547574 15.74659260
v 3.90789701 0.02670787 15.76045534
v 3.93198361 0.02893031 15.77304516
v 3.93549259 0.02934284 15.77487875
v 3.93965586 0.02986032 15.77705598
v 3.94281749 0.03027357 15.77870726
v 3.94536739 0.03061846 15.78004011
v 3.97462109 0.03529145 15.79533008
v 3.81655078 0.02709824 15.71263867
v 3.83655328 0.02569531 15.72308879
v 3.83749148 0.02564606 15.72357835
v 3.84340108 0.02536739 15.72666594
v 3.84535182 0.02528797 15.72768558
v 3.84651054 0.02524395 15.72829106
v 3.84938833 0.02514391 15.72979435
v 3.85258859 0.02504897 15.73146871
v 3.85615267 0.02496406 15.73332875
v 3.85702652 0.02494648 15.73378427
v 3.85810196 0.02492669 15.73434710
v 3.86027959 0.02489288 15.73548424
v 3.86167527 0.02487540 15.73621423
v 3.86936835 0.02484024 15.74023294
v 3.87240015 0.02485482 15.74181963
v 3.87349322 0.02486330 15.74238825
v 3.87784517 0.02491998 15.74466322
v 3.88042806 0.02496915 15.74601432
v 3.88690079 0.02514320 15.74939379
v 3.90316159 0.02590845 15.75789116
v 3.93701668 0.02903712 15.77558046
v 3.93776341 0.02922847 15.77599029
v 3.93939718 0.02933576 15.77682382
v 3.94794456 0.03048442 15.78128910
v 3.95012304 0.03079730 15.78242867
v 3.96408909 0.03297099 15.78972449
v 3.97473047 0.03481478 15.79528516
v 3.81722114 0.02703980 15.71298878
v 3.81922950 0.02687116 15.71403876
v 3.82080930 0.02674322 15.71486410
v 3.82186798 0.02665995 15.71541634
v 3.82256694 0.02660593 15.71578164
v 3.82400872 0.02649685 15.71653480
v 3.82544386 0.02639203 15.71728436
v 3.82689550 0.02628921 15.71804292
v 3.82883696 0.02615757 15.71905662
v 3.83110983 0.02601128 15.72024506
v 3.83196665 0.02595837 15.72069226
v 3.83235452 0.02617724 15.72093364
v 3.83328674 0.02587908 15.72138208
v 3.83489829 0.02578577 15.72222390
v 3.84447559 0.02532371 15.72722715
v 3.84722064 0.02521795 15.72866180
v 3.84824897 0.02518200 15.72919942
v 3.85329636 0.02503053 15.73183547
v 3.85502368 0.02498841 15.73273801
v 3.85905421 0.02491080 15.73484411
v 3.86278237 0.02486415 15.73679263
v 3.86492174 0.02484809 15.73790988
v 3.86593754 0.02484330 15.73844048
v 3.86679735 0.02484062 15.73889080
v 3.86804370 0.02493601 15.73955904
v 3.87161654 0.02484896 15.74140694
v 3.87527725 0.02488261 15.74332112
v 3.88138754 0.02499017 15.74651369
v 3.88284976 0.02502569 15.74727749
v 3.88434171 0.02506566 15.74805837
v 3.88969795 0.02524171 15.75085720
v 3.89097309 0.02529076 15.75152312
v 3.89292569 0.02537210 15.75254290
v 3.89480545 0.02545667 15.75352586
v 3.89693953 0.02555983 15.75463881
v 3.89884686 0.02565996 15.75563696
v 3.89988243 0.02571626 15.75617697
v 3.90483537 0.02601398 15.75876623
v 3.90624021 0.02610671 15.75950011
v 3.90746989 0.02619028 15.76014139
v 3.90972207 0.02635102 15.76131867
v 3.91091724 0.02644033 15.76194283
v 3.91492725 0.02675762 15.76403862
v 3.91721578 0.02695214 15.76523506
v 3.91913343 0.02712263 15.76623598
v 3.92233198 0.02742155 15.76790715
v 3.92446145 0.02763170 15.76901992
v 3.92604623 0.02779322 15.76984810
v 3.92848053 0.02805068 15.77112046
v 3.93005802 0.02822327 15.77194487
v 3.93178441 0.02841661 15.77284625
v 3.93516298 0.02881221 15.77461275
v 3.94132785 0.02958481 15.77783313
v 3.94307040 0.02981493 15.77874312
v 3.94469485 0.03003434 15.77959310
v 3.95158438 0.03101108 15.78319198
v 3.95236476 0.03112651 15.78359932
v 3.95341122 0.03128254 15.78414607
v 3.95515285 0.03154602 15.78505691
v 3.95745431 0.03190191 15.78625969
v 3.95945433 0.03221771 15.78730465
v 3.96111397 0.03248359 15.78817101
v 3.96317348 0.03281982 15.78924728
v 3.96575657 0.03324955 15.79059647
v 3.96760642 0.03356316 15.79156353
v 3.96936425 0.03386560 15.79248202
v 3.97143989 0.03422818 15.79356699
v 3.97386439 0.03465879 15.79483468
v 3.97370798 0.03512722 15.79485264
v 3.97193423 0.03481145 15.79392491
v 3.97026961 0.03451918 15.79305553
v 3.96929687 0.03434971 15.79254687
v 3.96868486 0.03424443 15.79222759
v 3.96709119 0.03397071 15.79139442
v 3.96563767 0.03372487 15.79063504
v 3.96385584 0.03342740 15.78970383
v 3.96225326 0.03316363 15.78886594
v 3.96063125 0.03290023 15.78801638
v 3.95868608 0.03259036 15.78700266
v 3.95741878 0.03239011 15.78633861
v 3.95553110 0.03209804 15.78535134
v 3.95431087 0.03191200 15.78471437
v 3.95300376 0.03171520 15.78403169
v 3.95117434 0.03144369 15.78307453
v 3.94964684 0.03122173 15.78227759
v 3.94847039 0.03105278 15.78166218
v 3.94391817 0.03042094 15.77928224
v 3.93421181 0.02918971 15.77420904
v 3.93115484 0.02883587 15.77261185
v 3.92928178 0.02862791 15.77163335
v 3.92750341 0.02843595 15.77070373
v 3.92551471 0.02822849 15.76966428
v 3.92389665 0.02806463 15.76881861
v 3.92223854 0.02790239 15.76795121
v 3.92092106 0.02777688 15.76726352
v 3.91738602 0.02745555 15.76541527
v 3.91623938 0.02735710 15.76481737
v 3.91474577 0.02723127 15.76403572
v 3.91317344 0.02710354 15.76321299
v 3.91114570 0.02694552 15.76215410
v 3.90979373 0.02684447 15.76144769
v 3.90633461 0.02660070 15.75963998
v 3.90476786 0.02649721 15.75882130
v 3.90315535 0.02639554 15.75797725
v 3.90178073 0.02631271 15.75726061
v 3.89954360 0.02618386 15.75608965
v 3.89829071 0.02611702 15.75543445
v 3.89683620 0.02604198 15.75467660
v 3.89459639 0.02593352 15.75350598
v 3.89291995 0.02585808 15.75262738
v 3.89058106 0.02576198 15.75140631
v 3.88889878 0.02569850 15.75052608
v 3.88437135 0.02555178 15.74816135
v 3.88296392 0.02551452 15.74742591
v 3.87989897 0.02544381 15.74582378
v 3.87799147 0.02540745 15.74482578
v 3.87271384 0.02534202 15.74206819
v 3.87225333 0.02533871 15.74182598
v 3.86928276 0.02532513 15.74027358
v 3.86780937 0.02532417 15.73950593
v 3.86692032 0.02532537 15.73904019
v 3.86486135 0.02533351 15.73796351
v 3.86377679 0.02534062 15.73739623
v 3.86217427 0.02535489 15.73655963
v 3.85893148 0.02539768 15.73486411
v 3.85803394 0.02541250 15.73439575
v 3.85774755 0.02541788 15.73424464
v 3.85566603 0.02545907 15.73315719
v 3.85279230 0.02552828 15.73165528
v 3.85227677 0.02554230 15.73138703
v 3.84957592 0.02562242 15.72997387
v 3.84298121 0.02586983 15.72652761
v 3.84202613 0.02566970 15.72598706
v 3.84072407 0.02597098 15.72534803
v 3.83851471 0.02607842 15.72419329
v 3.83752443 0.02612883 15.72367483
v 3.83424976 0.02630781 15.72196470
v 3.83145152 0.02647464 15.72050155
v 3.82813366 0.02668933 15.71876727
v 3.82622953 0.02682094 15.71777262
v 3.82478304 0.02692479 15.71701648
v 3.82339840 0.02702764 15.71629251
v 3.82262891 0.02708613 15.71589063
v 3.82232422 0.02710952 15.71573242
v 3.82202344 0.02713306 15.71557227
v 3.82133978 0.02718640 15.71521681
v 3.82029702 0.02726941 15.71467183
v 3.81869282 0.02740090 15.71383267
v 3.81717932 0.02752888 15.71304178
v 3.81733594 0.02727299 15.71308594
v 3.82750000 0.02649018 15.71839844
v 3.82896753 0.02663355 15.71920262
v 3.83000540 0.02608136 15.71966777
v 3.83517825 0.02625546 15.72244824
v 3.83618076 0.02620023 15.72297305
v 3.83866640 0.02568233 15.72420834
v 3.84056656 0.02549363 15.72518643
v 3.84370010 0.02583931 15.72690363
v 3.84589166 0.02575152 15.72804832
v 3.84868086 0.02549026 15.72948043
v 3.85113411 0.02557472 15.73078920
v 3.85338622 0.02551284 15.73196582
v 3.85575446 0.02545705 15.73320405
v 3.85965541 0.02538635 15.73524327
v 3.86170134 0.02513141 15.73627224
v 3.84534586 0.02572770 15.72775794
v 3.84549775 0.02528237 15.72776150
v 3.83825709 0.02572532 15.72399938
v 3.84270828 0.02539704 15.72630425
v 3.84335157 0.02550374 15.72666355
v 3.84409905 0.02533837 15.72703090
v 3.84457741 0.02580263 15.72736157
v 3.84510765 0.02535259 15.72756845
v 3.84547813 0.02531105 15.72775457
v 3.84743359 0.02545271 15.72881445
v 3.84740030 0.02540790 15.72878966
v 3.85039811 0.02527389 15.73034844
v 3.85118970 0.02508833 15.73073688
v 3.85174476 0.02507316 15.73102435
v 3.86402543 0.02485388 15.73744089
v 3.86529214 0.02533108 15.73818808
v 3.85576708 0.02497220 15.73312753
v 3.86969252 0.02484115 15.74040264
v 3.87014107 0.02532762 15.74072395
v 3.87161971 0.02533461 15.74149583
v 3.85417868 0.02549310 15.73238119
v 3.85579437 0.02519183 15.73317944
v 3.85901058 0.02491184 15.73482160
v 3.87661318 0.02500876 15.74403918
v 3.88064979 0.02545941 15.74621616
v 3.88330220 0.02523625 15.74755065
v 3.88750140 0.02564970 15.74979663
v 3.87903179 0.02494094 15.74528293
v 3.88831000 0.02519123 15.75013036
v 3.88998438 0.02549583 15.75104883
v 3.89491797 0.02570555 15.75362891
v 3.89985938 0.02595885 15.75621094
v 3.90185091 0.02582920 15.75720708
v 3.90411912 0.02619215 15.75843228
v 3.90730078 0.02642294 15.76009961
v 3.90980469 0.02660153 15.76140820
v 3.91255736 0.02656606 15.76280105
v 3.91308872 0.02660837 15.76307769
v 3.91593887 0.02711846 15.76461948
v 3.91896535 0.02759627 15.76624240
v 3.91991003 0.02719344 15.76664253
v 3.92462109 0.02789278 15.76915039
v 3.92691474 0.02837362 15.77039620
v 3.92753598 0.02794932 15.77062567
v 3.92892308 0.02858841 15.77144494
v 3.92936379 0.02814650 15.77158098
v 3.93114015 0.02875431 15.77258884
v 3.93294370 0.02883801 15.77350744
v 3.93344704 0.02860874 15.77371406
v 3.93694107 0.02951955 15.77563592
v 3.93839843 0.02970094 15.77639856
v 3.94002062 0.02990668 15.77724599
v 3.94184740 0.03014494 15.77820148
v 3.94420151 0.03025176 15.77939032
v 3.94591936 0.03020209 15.78023171
v 3.94676492 0.03081198 15.78077037
v 3.95006001 0.03093978 15.78242622
v 3.95219193 0.03159456 15.78360723
v 3.95465625 0.03171777 15.78484570
v 3.95714844 0.03210129 15.78614844
v 3.95964453 0.03249538 15.78745313
v 3.96465234 0.03331233 15.79007031
v 3.97386328 0.03490738 15.79488477
v 3.87584007 0.02488990 15.74361590
v 3.88071720 0.02508549 15.74618397
v 3.81839844 0.02925364 15.70178711
v 3.82024609 0.03085625 15.69084961
v 3.82394922 0.03385140 15.66894727
v 3.83137109 0.03894683 15.62503320
v 3.83881641 0.04274078 15.58099023
v 3.84254688 0.04410701 15.55892969
v 3.84627734 0.04509561 15.53685156
v 3.81839844 0.02909183 15.70176172
v 3.82024609 0.03069430 15.69082617
v 3.82394531 0.03368919 15.66892578
v 3.83136719 0.03878415 15.62501562
v 3.83881250 0.04257771 15.58097852
v 3.84253906 0.04394379 15.55891992
v 3.81839453 0.02893001 15.70173828
v 3.82024219 0.03053235 15.69080273
v 3.82394531 0.03352697 15.66890430
v 3.83136328 0.03862146 15.62499805
v 3.83880469 0.04241463 15.58096484
v 3.84253125 0.04378057 15.55891016
v 3.81839453 0.02876819 15.70171289
v 3.82024219 0.03037039 15.69077930
v 3.82394141 0.03336476 15.66888281
v 3.83135937 0.03845877 15.62498047
v 3.83880078 0.04225156 15.58095313
v 3.84252734 0.04361734 15.55890039
v 3.84625391 0.04460561 15.53683008
v 3.82208984 0.03190324 15.67983594
v 3.82579297 0.03475301 15.65791992
v 3.82764844 0.03606612 15.64694922
v 3.82950391 0.03730207 15.63596875
v 3.83321875 0.03953420 15.61398437
v 3.83507812 0.04052625 15.60298047
v 3.83693750 0.04143275 15.59197070
v 3.84066016 0.04298051 15.56992969
v 3.84439062 0.04415967 15.54786719
v 3.84441016 0.04464952 15.54789258
v 3.84067969 0.04346997 15.56996289
v 3.83695312 0.04192171 15.59201172
v 3.83509375 0.04101492 15.60302539
v 3.83323047 0.04002258 15.61403320
v 3.82951562 0.03778979 15.63602344
v 3.82765625 0.03655350 15.64700781
v 3.82580469 0.03524002 15.65798047
v 3.82209766 0.03238950 15.67990234
v 3.83123394 0.04512293 15.55158548
v 3.81442187 0.04510820 15.56805273
v 3.79849219 0.04506294 15.58365430
v 3.71885938 0.04385329 15.66165430
v 3.83033984 0.04495780 15.55244141
v 3.81441016 0.04494550 15.56804102
v 3.79848047 0.04490067 15.58363867
v 3.78254687 0.04481396 15.59923633
v 3.75069141 0.04444730 15.63043359
v 3.73476172 0.04412989 15.64603125
v 3.83032812 0.04479474 15.55243164
v 3.81439844 0.04478279 15.56802734
v 3.79846484 0.04473839 15.58362305
v 3.78253125 0.04465217 15.59921875
v 3.75067188 0.04428658 15.63041016
v 3.73474219 0.04396971 15.64600391
v 3.81438672 0.04462009 15.56801562
v 3.78255615 0.04449420 15.59916085
v 3.75230596 0.04411955 15.62875874
v 3.73385417 0.04379300 15.64682306
v 3.71879297 0.04337424 15.66157031
v 3.83118195 0.04463370 15.55157929
v 3.82235156 0.04463014 15.56021875
v 3.79880049 0.04456713 15.58326097
v 3.79048438 0.04453950 15.59140430
v 3.76658203 0.04434628 15.61479297
v 3.75861719 0.04424678 15.62258984
v 3.74268359 0.04398106 15.63818359
v 3.73396272 0.04427431 15.64686079
v 3.74274609 0.04446239 15.63825586
v 3.75867578 0.04472975 15.62265625
v 3.76663672 0.04483007 15.61485547
v 3.78261398 0.04497960 15.59920968
v 3.79053125 0.04502561 15.59145508
v 3.80645703 0.04508990 15.57585352
v 3.82238672 0.04511880 15.56025195
v 3.67950781 0.05343174 15.64108594
v 3.66967578 0.05586819 15.63594922
v 3.65983984 0.05827100 15.63080859
v 3.64014062 0.06292281 15.62051172
v 3.62039063 0.06731485 15.61018945
v 3.60058594 0.07137711 15.59983789
v 3.57076172 0.07668351 15.58425195
v 3.56078906 0.07820090 15.57903906
v 3.69909375 0.04808298 15.65127734
v 3.67943359 0.05295384 15.64100195
v 3.66960156 0.05539006 15.63586523
v 3.64007031 0.06244322 15.62043164
v 3.62032812 0.06683408 15.61011133
v 3.60053125 0.07089500 15.59976367
v 3.58067578 0.07454967 15.58938281
v 3.57072266 0.07619925 15.58418164
v 3.56075391 0.07771592 15.57897070
v 3.70893750 0.04569759 15.65642187
v 3.68926172 0.05050962 15.64613867
v 3.64992578 0.06014613 15.62558203
v 3.63020312 0.06467542 15.61527539
v 3.61043750 0.06891042 15.60494141
v 3.59060938 0.07277813 15.59457812
v 3.59066016 0.07326095 15.59465039
v 3.61049609 0.06939185 15.60501758
v 3.63026953 0.06515558 15.61535352
v 3.64999609 0.06062518 15.62566211
v 3.69669511 0.04916798 15.65007157
v 3.70900781 0.04617611 15.65650586
v 3.69913281 0.04832204 15.65132031
v 3.66964062 0.05562913 15.63590820
v 3.65980469 0.05803172 15.63076758
v 3.64010547 0.06268301 15.62047070
v 3.62035938 0.06707446 15.61015039
v 3.60055859 0.07113605 15.59980078
v 3.58069922 0.07479144 15.58941992
v 3.58077734 0.07029124 15.61929102
v 3.60064063 0.06095350 15.65929883
v 3.61138886 0.05536798 15.68094554
v 3.61546094 0.05315974 15.68914844
v 3.61792578 0.05180663 15.69411133
v 3.62039063 0.05045227 15.69907422
v 3.63025000 0.04504156 15.71892773
v 3.64010938 0.03965513 15.73878711
v 3.58073047 0.06980922 15.61920898
v 3.60058594 0.06047443 15.65920508
v 3.61046875 0.05534813 15.67911523
v 3.61293750 0.05402383 15.68408203
v 3.61540234 0.05268278 15.68904883
v 3.61892552 0.05074771 15.69614544
v 3.63018750 0.04456469 15.71883008
v 3.64004687 0.03917813 15.73868945
v 3.57055566 0.07406384 15.59871741
v 3.58570703 0.06759962 15.62923047
v 3.59067187 0.06530477 15.63923828
v 3.59563281 0.06292844 15.64922852
v 3.60553125 0.05794644 15.66916797
v 3.62525781 0.04726836 15.70890234
v 3.63511719 0.04186716 15.72875977
v 3.63517969 0.04234409 15.72885742
v 3.62532031 0.04774520 15.70900000
v 3.60558984 0.05842479 15.66926172
v 3.59568750 0.06340823 15.64931836
v 3.59072266 0.06578530 15.63932422
v 3.58575391 0.06808090 15.62931641
v 3.57058099 0.07455328 15.59876146
v 3.56966797 0.07463607 15.59692187
v 3.60061328 0.06071396 15.65925195
v 3.61050000 0.05558696 15.67916406
v 3.61296484 0.05426248 15.68413281
v 3.61543359 0.05292126 15.68909766
v 3.61789453 0.05156822 15.69406055
v 3.62035938 0.05021385 15.69902344
v 3.63021875 0.04480312 15.71887891
v 3.62416797 0.03859188 15.75440039
v 3.60823047 0.03745693 15.77001367
v 3.57636328 0.03492653 15.80122656
v 3.51269141 0.02851562 15.86358984
v 3.62415234 0.03847249 15.75437695
v 3.60821484 0.03733735 15.76998828
v 3.57635156 0.03480649 15.80120313
v 3.62413672 0.03835309 15.75435352
v 3.60819922 0.03721775 15.76996484
v 3.57633984 0.03468645 15.80118164
v 3.62412109 0.03823370 15.75433008
v 3.60818750 0.03709817 15.76994141
v 3.57632812 0.03456642 15.80115820
v 3.62410547 0.03811430 15.75430469
v 3.60817188 0.03697858 15.76991797
v 3.57631641 0.03444638 15.80113477
v 3.51266797 0.02803227 15.86350781
v 3.59224219 0.03575956 15.78552930
v 3.56039453 0.03302787 15.81673828
v 3.54447656 0.03149310 15.83233398
v 3.52856641 0.02983144 15.84792578
v 3.52859766 0.03031406 15.84800977
v 3.54451172 0.03197494 15.83242187
v 3.56043359 0.03350888 15.81682617
v 3.59229297 0.03623879 15.78562109
v 3.55691016 0.02656513 15.85705664
v 3.57898828 0.02502849 15.85379297
v 3.60104297 0.02318956 15.85053516
v 3.62307813 0.02109984 15.84727930
v 3.63408984 0.01997663 15.84565234
v 3.64509375 0.01881460 15.84402539
v 3.65609766 0.01763956 15.84239844
v 3.66710547 0.01648251 15.84077148
v 3.67811719 0.01536868 15.83914453
v 3.68913281 0.01432167 15.83751758
v 3.55686719 0.02608349 15.85697070
v 3.57893750 0.02454771 15.85370703
v 3.60098828 0.02270955 15.85044727
v 3.62301953 0.02062040 15.84719141
v 3.63402734 0.01949745 15.84556445
v 3.64503125 0.01833554 15.84393945
v 3.65603516 0.01716036 15.84231250
v 3.66704297 0.01600302 15.84068750
v 3.67805469 0.01488879 15.83906055
v 3.68907812 0.01384126 15.83743359
v 3.52920452 0.02751265 15.86106194
v 3.54582422 0.02672110 15.85860352
v 3.56790625 0.02535676 15.85533984
v 3.58996484 0.02366322 15.85207813
v 3.61200391 0.02169308 15.84882031
v 3.61206250 0.02217278 15.84890625
v 3.59001953 0.02414360 15.85216406
v 3.56794922 0.02583796 15.85542383
v 3.53409931 0.02780609 15.86042768
v 3.53037109 0.02769263 15.86093359
v 3.57896484 0.02478810 15.85375000
v 3.60101563 0.02294956 15.85049023
v 3.62304688 0.02086012 15.84723437
v 3.63405859 0.01973704 15.84560742
v 3.64506250 0.01857507 15.84398242
v 3.65606641 0.01739996 15.84235547
v 3.66707422 0.01624276 15.84073047
v 3.70882813 0.00559280 15.87718750
v 3.72862109 -0.00199265 15.91704492
v 3.74850000 -0.00830426 15.95708008
v 3.75846875 -0.01095741 15.97715625
v 3.76845313 -0.01327007 15.99726563
v 3.70882031 0.00547209 15.87716797
v 3.72861328 -0.00211390 15.91702734
v 3.74849609 -0.00842590 15.95706250
v 3.75846875 -0.01107918 15.97714063
v 3.70880859 0.00535139 15.87714844
v 3.72860938 -0.00223516 15.91700781
v 3.74849609 -0.00854754 15.95704687
v 3.75846875 -0.01120095 15.97712500
v 3.70879687 0.00523068 15.87712891
v 3.72860156 -0.00235641 15.91699023
v 3.74849609 -0.00866919 15.95703125
v 3.75846875 -0.01132271 15.97710937
v 3.72859375 -0.00247767 15.91697266
v 3.74849219 -0.00879083 15.95701367
v 3.75847266 -0.01144448 15.97709375
v 3.76846484 -0.01375742 15.99720898
v 3.69891797 0.00934363 15.85724805
v 3.71867969 0.00116366 15.89701758
v 3.73853516 -0.00579920 15.93697266
v 3.73855078 -0.00531331 15.93704102
v 3.71871484 0.00164765 15.89709180
v 3.69896875 0.00982524 15.85732813
v 3.78332813 -0.00183036 15.90926562
v 3.79817969 0.01066656 15.82140234
v 3.77589453 -0.00780612 15.95323242
v 3.78333203 -0.00195201 15.90924805
v 3.79075781 0.00416528 15.86529883
v 3.77589844 -0.00792787 15.95321875
v 3.78333203 -0.00207367 15.90923242
v 3.79076172 0.00404372 15.86528125
v 3.77590234 -0.00804961 15.95320312
v 3.78333594 -0.00219532 15.90921680
v 3.79076172 0.00392217 15.86526562
v 3.78333594 -0.00231697 15.90920117
v 3.79818750 0.01018078 15.82133203
v 3.77218750 -0.01099831 15.97519336
v 3.77590625 -0.00817135 15.95318750
v 3.77962109 -0.00527732 15.93118945
v 3.78705078 0.00070904 15.88722070
v 3.79446875 0.00744384 15.84335547
v 3.79075781 0.00428683 15.86531641
v 3.78704297 0.00119546 15.88728516
v 3.77961328 -0.00479052 15.93125195
v 3.77589453 -0.00768436 15.95324805
v 3.77217578 -0.01051113 15.97525391
v 3.84269922 0.01339725 15.81482422
v 3.86489453 0.01561445 15.81154492
v 3.88702734 0.01839624 15.80827344
v 3.91476496 0.02270838 15.80417541
v 3.95589011 0.03091934 15.79809856
v 3.82047656 0.01125682 15.81804492
v 3.84273047 0.01291153 15.81476172
v 3.86494141 0.01512933 15.81148437
v 3.90915234 0.02127417 15.80496094
v 3.92014844 0.02317926 15.80333984
v 3.95298047 0.02977665 15.79849609
v 3.80933594 0.01064439 15.81968750
v 3.83160938 0.01201326 15.81640234
v 3.85384375 0.01395024 15.81312109
v 3.88237398 0.01724821 15.80891098
v 3.89812891 0.01951950 15.80658789
v 3.93112109 0.02523659 15.80172070
v 3.94206641 0.02743921 15.80010547
v 3.96386719 0.03223836 15.79688867
v 3.96376563 0.03271601 15.79693359
v 3.94197266 0.02791892 15.80015430
v 3.93103516 0.02571733 15.80177148
v 3.89806250 0.02000296 15.80664258
v 3.87596875 0.01693409 15.80990820
v 3.85380469 0.01443571 15.81318359
v 3.83158203 0.01249914 15.81646680
v 3.82045703 0.01174275 15.81811133
v 3.80932031 0.01113029 15.81975586
v 3.82046484 0.01149979 15.81807812
v 3.86491797 0.01537189 15.81151367
v 3.88705469 0.01815418 15.80824609
v 3.90911719 0.02151550 15.80498828
v 3.92010938 0.02342014 15.80336523
v 3.93107812 0.02547696 15.80174609
v 3.95292969 0.03001598 15.79851953
v 3.58565579 0.07205683 15.60571428
v 3.63053883 0.06153438 15.63696345
v 3.60624409 0.06023154 15.66052389
v 3.75238928 0.04460197 15.62880840
v 3.70112620 0.04568866 15.66565231
v 3.76616104 0.04075342 15.64445806
v 3.77676961 0.03432290 15.67936027
v 3.64460181 0.04030135 15.73259821
v 3.70811477 0.03752849 15.70320328
v 3.78971484 0.02642810 15.72332617
v 3.67512334 0.02737251 15.77647334
v 3.82101172 0.02584766 15.72376367
v 3.64470806 0.03001212 15.78387915
v 3.82604297 0.02395270 15.73623438
v 3.61674972 0.02757145 15.81615286
v 3.77586540 0.02275460 15.74579893
v 3.83396094 0.02116839 15.75584961
v 3.63617988 0.02069320 15.84005583
v 3.70999856 0.01789950 15.80340033
v 3.72374278 0.01889969 15.78866145
v 3.77249846 0.01846679 15.77075643
v 3.66831601 0.01783896 15.83228392
v 3.67427912 0.01826435 15.82559453
v 3.76248541 0.01715557 15.77927759
v 3.84273067 0.01987671 15.76700751
v 3.77431918 0.01482832 15.79490286
v 3.87005078 0.02191571 15.76593555
v 3.75009644 0.01334365 15.80762703
v 3.90272266 0.02518620 15.76755078
v 3.84708616 0.01663252 15.79031606
v 3.90767188 0.02440246 15.77982227
v 3.87391494 0.01700388 15.80683825
v 3.74571628 0.00570493 15.85850694
v 3.72971126 0.00021837 15.90126236
v 3.56652051 0.03028923 15.83156158
v 3.57672446 0.07571418 15.58736742
v 3.61752545 0.05325224 15.68765250
v 3.80257315 0.04172034 15.61175402
v 3.86169141 0.02411063 15.74521680
v 3.87059333 0.02347264 15.75450867
v 3.74692108 0.00917015 15.83518196
v 3.76235053 -0.01152578 15.98171528
v 3.75856710 0.00436777 15.86373159
v 3.90175474 0.02089027 15.80343298
v 3.93896889 0.02801356 15.79365551
v 3.92760156 0.02723933 15.78183789
v 3.95431152 0.03119905 15.79196928
v 3.60980604 0.06070876 15.65354063
v 3.65790168 0.05827862 15.62975447
v 3.78113059 0.04118905 15.62747044
v 3.64781804 0.05190999 15.67191119
v 3.75291513 0.03792387 15.66804845
v 3.80697934 0.03829049 15.63677853
v 3.70553481 0.03401143 15.72053336
v 3.73319922 0.02586448 15.74601367
v 3.75851628 0.03189116 15.69695747
v 3.78969531 0.02594435 15.72324414
v 3.74391069 0.02327385 15.75336021
v 3.82101562 0.02536266 15.72368750
v 3.67365480 0.02328842 15.79608753
v 3.73955386 0.02046913 15.76973776
v 3.82605469 0.02346762 15.73616016
v 3.60061937 0.03094060 15.80654126
v 3.70958000 0.01698332 15.80656316
v 3.78346680 0.01957222 15.76115311
v 3.83397656 0.02068305 15.75577734
v 3.86406250 0.02298144 15.75093750
v 3.67384897 0.01733732 15.82828751
v 3.72762185 0.01385409 15.81195603
v 3.76963385 0.01480333 15.79089011
v 3.83269121 0.01877903 15.76729461
v 3.72266517 0.01252814 15.82474297
v 3.81537891 0.01555139 15.78681641
v 3.74524669 0.01011280 15.82779803
v 3.87155181 0.02149593 15.76648834
v 3.90278516 0.02470261 15.76749414
v 3.74671402 0.00658574 15.84984921
v 3.82510937 0.01244163 15.81090430
v 3.82893940 0.01371141 15.79830251
v 3.90773828 0.02391935 15.77976562
v 3.70811072 0.00536341 15.87574608
v 3.85533594 0.01464148 15.80865625
v 3.74192620 0.00434024 15.86681324
v 3.74716265 0.00235145 15.87725406
v 3.73040047 -0.00092508 15.90561690
v 3.79098244 0.00390072 15.86390085
v 3.57556332 0.02770266 15.83901255
v 3.58735525 0.07015134 15.61385510
v 3.61904754 0.05373983 15.68216351
v 3.64382875 0.03063233 15.77880152
v 3.57363672 0.03272338 15.81173047
v 3.69330363 0.02686887 15.76424682
v 3.62099862 0.02246772 15.83852673
v 3.86172266 0.02362543 15.74514844
v 3.87770703 0.02399901 15.75150977
v 3.78461737 0.00783842 15.83665018
v 3.76235786 -0.01201307 15.98165567
v 3.89214905 0.01886882 15.80452060
v 3.93904719 0.02752777 15.79363355
v 3.92768359 0.02675787 15.78178711
v 3.95712790 0.03140118 15.79059350
v 3.90102734 -0.00281113 16.04921094
v 3.90112891 -0.00328981 16.04916992
v 3.90105055 -0.00295123 16.04918391
v 3.90108313 -0.00311247 16.04916821
v 3.90110962 -0.00321663 16.04917088
v 3.90103906 -0.00293090 16.04917383
v 3.90109766 -0.00317008 16.04916406
v 3.90112500 -0.00328952 16.04916016
v 3.90100781 -0.00281136 16.04916992
v 3.90102344 -0.00287112 16.04916797
v 3.90103906 -0.00293088 16.04916602
v 3.90105078 -0.00299064 16.04916602
v 3.90106641 -0.00305040 16.04916406
v 3.90109115 -0.00314678 16.04916393
v 3.90110937 -0.00322967 16.04916016
v 3.90112500 -0.00328960 16.04916016
v 3.90112500 -0.00328969 16.04916016
v 3.90112500 -0.00328975 16.04916406
v 3.90108134 -0.00306804 16.04918920
v 3.90105264 -0.00296330 16.04918872
v 3.98852734 0.05297953 15.53139844
v 3.98860937 0.05249545 15.53140234
v 3.98871484 0.05251154 15.53128711
v 4.01988672 0.05747340 15.49962500
v 4.04607039 0.06198234 15.47699766
v 4.05775000 0.06411645 15.46789063
v 4.06567578 0.06560702 15.46202344
v 4.06967969 0.06637280 15.45915039
v 4.07371094 0.06715224 15.45632031
v 4.08185156 0.06875240 15.45078320
v 4.08596094 0.06957239 15.44808008
v 4.09009375 0.07040528 15.44541797
v 4.09843359 0.07210826 15.44022070
v 4.10264063 0.07297765 15.43768750
v 4.10687109 0.07385854 15.43519727
v 4.11539844 0.07565400 15.43034570
v 4.11969531 0.07656702 15.42798437
v 4.12401563 0.07748949 15.42566797
v 4.13271484 0.07935990 15.42116797
v 4.13709375 0.08030650 15.41898438
v 4.14149609 0.08125986 15.41684570
v 4.15035937 0.08318493 15.41269727
v 4.15482031 0.08415433 15.41069141
v 4.15930078 0.08512719 15.40873047
v 4.16831641 0.08707930 15.40494336
v 4.17285156 0.08805662 15.40311719
v 4.17740234 0.08903358 15.40133594
v 4.18656250 0.09098351 15.39790820
v 4.19116797 0.09195344 15.39626367
v 4.19578906 0.09291861 15.39466406
v 4.20508203 0.09482967 15.39160352
v 4.20975391 0.09577317 15.39014063
v 4.21444141 0.09670712 15.38872656
v 4.22386719 0.09854262 15.38603125
v 4.22860156 0.09944055 15.38475586
v 4.23335156 0.10032360 15.38352539
v 4.24289453 0.10203907 15.38120508
v 4.24768750 0.10286864 15.38011719
v 4.25249219 0.10367762 15.37907422
v 4.26215234 0.10522907 15.37713281
v 4.26700000 0.10596766 15.37623437
v 4.27185938 0.10667959 15.37538281
v 4.28161719 0.10801694 15.37382617
v 4.28650781 0.10863919 15.37312109
v 4.29141406 0.10922846 15.37246484
v 4.30125391 0.11030232 15.37129883
v 4.30618750 0.11078314 15.37079102
v 4.31112891 0.11122479 15.37033203
v 4.32103516 0.11198499 15.36956250
v 4.32599609 0.11229999 15.36925391
v 4.33096484 0.11256972 15.36899414
v 4.34091797 0.11296759 15.36862695
v 4.34589453 0.11309341 15.36851953
v 4.35087109 0.11316985 15.36846289
v 4.36083984 0.11317281 15.36850000
v 4.36582031 0.11310022 15.36859570
v 4.37079687 0.11298005 15.36874414
v 4.38074609 0.11260222 15.36918945
v 4.38571094 0.11234749 15.36948828
v 4.39067187 0.11205044 15.36983594
v 4.40057813 0.11133360 15.37068555
v 4.40551562 0.11091694 15.37118359
v 4.41044531 0.11046301 15.37173438
v 4.42028906 0.10944749 15.37298047
v 4.42519141 0.10888934 15.37367969
v 4.43008594 0.10829913 15.37442578
v 4.43983594 0.10702802 15.37606445
v 4.44469141 0.10634975 15.37695508
v 4.44953516 0.10564464 15.37789453
v 4.45919141 0.10415730 15.37991992
v 4.46399219 0.10337888 15.38100391
v 4.46878125 0.10257854 15.38213477
v 4.47831250 0.10091724 15.38453711
v 4.48305469 0.10005862 15.38580859
v 4.48778125 0.09918281 15.38712500
v 4.49719141 0.09738198 15.38990234
v 4.50187109 0.09646091 15.39135938
v 4.50653125 0.09552702 15.39286133
v 4.51580078 0.09362528 15.39600391
v 4.52040625 0.09265949 15.39764258
v 4.52499609 0.09168494 15.39932617
v 4.53412500 0.08971127 15.40283203
v 4.53866016 0.08871609 15.40465039
v 4.54317187 0.08771588 15.40651367
v 4.54766797 0.08671152 15.40842188
v 4.55214453 0.08570385 15.41037500
v 4.55659766 0.08469373 15.41237109
v 4.56103125 0.08368202 15.41441211
v 4.56984766 0.08165498 15.41862891
v 4.57422266 0.08064346 15.42080078
v 4.57857031 0.07963346 15.42301562
v 4.58289844 0.07862566 15.42527539
v 4.58720703 0.07762074 15.42757617
v 4.59148828 0.07661939 15.42992187
v 4.59575000 0.07562232 15.43231055
v 4.60421484 0.07364140 15.43721875
v 4.60840625 0.07266117 15.43973633
v 4.61257422 0.07168771 15.44229297
v 4.61671484 0.07072160 15.44489453
v 4.62083203 0.06976338 15.44753516
v 4.62492578 0.06881362 15.45022070
v 4.62899219 0.06787289 15.45294531
v 4.63705859 0.06601842 15.45852734
v 4.64104687 0.06510786 15.46137695
v 4.64501172 0.06420804 15.46426758
v 4.64894531 0.06331924 15.46719922
v 4.65285156 0.06244177 15.47016992
v 4.65673047 0.06157591 15.47318164
v 4.66057812 0.06072196 15.47623242
v 4.66819922 0.05904874 15.48246289
v 4.67196094 0.05823203 15.48563281
v 4.67569141 0.05742792 15.48884180
v 4.67939062 0.05663646 15.49208789
v 4.68305859 0.05585771 15.49537305
v 4.68669531 0.05509170 15.49869727
v 4.69030078 0.05433850 15.50205664
v 4.69742187 0.05286872 15.50890039
v 4.70092969 0.05215427 15.51237305
v 4.70440234 0.05145278 15.51588086
v 4.70783984 0.05076427 15.51942578
v 4.71124219 0.05008879 15.52300586
v 4.71461328 0.04942633 15.52662109
v 4.71794531 0.04877695 15.53027148
v 4.72451172 0.04751565 15.53768555
v 4.72773828 0.04690557 15.54143750
v 4.73092187 0.04630851 15.54522266
v 4.73407422 0.04572441 15.54904297
v 4.73718359 0.04515324 15.55289453
v 4.74025781 0.04459494 15.55677734
v 4.74329297 0.04404947 15.56069336
v 4.74925781 0.04299523 15.56863086
v 4.75217578 0.04248794 15.57264063
v 4.75505078 0.04199321 15.57667969
v 4.75789062 0.04151096 15.58075000
v 4.76068750 0.04104109 15.58484961
v 4.76344141 0.04058352 15.58897656
v 4.76615625 0.04013817 15.59313281
v 4.77146875 0.03928244 15.60154297
v 4.77405859 0.03887323 15.60578320
v 4.77660547 0.03847580 15.61004883
v 4.77910547 0.03809005 15.61434180
v 4.78156641 0.03771582 15.61866016
v 4.78398438 0.03735301 15.62300391
v 4.78635547 0.03700148 15.62737305
v 4.79098047 0.03633068 15.63619922
v 4.79321875 0.03601226 15.64064062
v 4.79541406 0.03570457 15.64510547
v 4.79756641 0.03540749 15.64959375
v 4.79967187 0.03512084 15.65410352
v 4.80173047 0.03484450 15.65863477
v 4.80374609 0.03457832 15.66318750
v 4.80764063 0.03407489 15.67237305
v 4.80951563 0.03383823 15.67698633
v 4.81134375 0.03361112 15.68162109
v 4.81485938 0.03318510 15.69094141
v 4.81654688 0.03298586 15.69562500
v 4.81818359 0.03279550 15.70032813
v 4.82132422 0.03244004 15.70980273
v 4.82282031 0.03227527 15.71455664
v 4.82426953 0.03211876 15.71932617
v 4.82701562 0.03182999 15.72890430
v 4.82831641 0.03169738 15.73371289
v 4.82957031 0.03157237 15.73853320
v 4.83192969 0.03134396 15.74823633
v 4.83303516 0.03124070 15.75309766
v 4.83409375 0.03114439 15.75797070
v 4.83605469 0.03097213 15.76774414
v 4.83696094 0.03089584 15.77264258
v 4.83781641 0.03082587 15.77754883
v 4.83938672 0.03070401 15.78741406
v 4.84009375 0.03065207 15.79234961
v 4.84075000 0.03060585 15.79729297
v 4.84191016 0.03053007 15.80719336
v 4.84241797 0.03050020 15.81214844
v 4.84287109 0.03047547 15.81710937
v 4.84363281 0.03044080 15.82707031
v 4.84419141 0.03042512 15.83702930
v 4.84454687 0.03042727 15.84699609
v 4.84469922 0.03044611 15.85695898
v 4.84464844 0.03048066 15.86694141
v 4.84439844 0.03053000 15.87689844
v 4.84394141 0.03059326 15.88685938
v 4.84328516 0.03066967 15.89680664
v 4.84242578 0.03077964 15.90675391
v 4.84136328 0.03094240 15.91667188
v 4.84010156 0.03115729 15.92656445
v 4.83863672 0.03142242 15.93641797
v 4.83697266 0.03173727 15.94626172
v 4.83606641 0.03191263 15.95116211
v 4.83511328 0.03209993 15.95605469
v 4.83305469 0.03250979 15.96580078
v 4.83194922 0.03273214 15.97065430
v 4.83080078 0.03296606 15.97549609
v 4.82834375 0.03346979 15.98516797
v 4.82704297 0.03373826 15.98997656
v 4.82569531 0.03401793 15.99477148
v 4.82285547 0.03461006 16.00430859
v 4.82136328 0.03492227 16.00905273
v 4.81982422 0.03524520 16.01377930
v 4.81659766 0.03592487 16.02321094
v 4.81491406 0.03627981 16.02789258
v 4.81318359 0.03664506 16.03255469
v 4.80958594 0.03740555 16.04181836
v 4.80771875 0.03780054 16.04641797
v 4.80580469 0.03820536 16.05099805
v 4.80182813 0.03904664 16.06012695
v 4.79977734 0.03948081 16.06465039
v 4.79767578 0.03992430 16.06915234
v 4.79334766 0.04083812 16.07808203
v 4.79111719 0.04130815 16.08251172
v 4.78884375 0.04178692 16.08691602
v 4.78414844 0.04277296 16.09567773
v 4.78174219 0.04327744 16.10001172
v 4.77929297 0.04379003 16.10432031
v 4.77680078 0.04431057 16.10860352
v 4.77426172 0.04483889 16.11286133
v 4.77168359 0.04537481 16.11709180
v 4.76906641 0.04591815 16.12129492
v 4.76368359 0.04702933 16.12964258
v 4.76093750 0.04759390 16.13376172
v 4.75815234 0.04816513 16.13785352
v 4.75532422 0.04874281 16.14191797
v 4.75245703 0.04932672 16.14595117
v 4.74955078 0.04991666 16.14995508
v 4.74660547 0.05051242 16.15392773
v 4.74057422 0.05172377 16.16180469
v 4.73751172 0.05233568 16.16568555
v 4.73440625 0.05295248 16.16953516
v 4.73126562 0.05357394 16.17335352
v 4.72808594 0.05419979 16.17713867
v 4.72486719 0.05482979 16.18089062
v 4.72161328 0.05546370 16.18461133
v 4.71497656 0.05674572 16.19197070
v 4.71161328 0.05738981 16.19558984
v 4.70821094 0.05803673 16.19917383
v 4.70477734 0.05868621 16.20272266
v 4.70130469 0.05933796 16.20623828
v 4.69779687 0.05999170 16.20971680
v 4.69425781 0.06064713 16.21316211
v 4.68705078 0.06196567 16.21995898
v 4.68341016 0.06262448 16.22329492
v 4.67973437 0.06328379 16.22659180
v 4.67602344 0.06394330 16.22985156
v 4.67228125 0.06460269 16.23307617
v 4.66850781 0.06526165 16.23626172
v 4.66470312 0.06591987 16.23940820
v 4.65697266 0.06723655 16.24560547
v 4.65307031 0.06789061 16.24863672
v 4.64914063 0.06854264 16.25163086
v 4.64517969 0.06919232 16.25458398
v 4.64118750 0.06983933 16.25749609
v 4.63716797 0.07048335 16.26036914
v 4.63311719 0.07112403 16.26320313
v 4.62491016 0.07239783 16.26876172
v 4.62077344 0.07302644 16.27147070
v 4.61661328 0.07365022 16.27414063
v 4.61242187 0.07426874 16.27676562
v 4.60820703 0.07488158 16.27935156
v 4.60396484 0.07548830 16.28189258
v 4.59969531 0.07608848 16.28439258
v 4.59105859 0.07727100 16.28927734
v 4.58671484 0.07784886 16.29164844
v 4.58234375 0.07841834 16.29397461
v 4.57795312 0.07897897 16.29625781
v 4.57353906 0.07953023 16.29849609
v 4.56909766 0.08007165 16.30068945
v 4.56463672 0.08060274 16.30283984
v 4.55561719 0.08163506 16.30701953
v 4.55108984 0.08213215 16.30903516
v 4.54653906 0.08261697 16.31100391
v 4.54196875 0.08308905 16.31292773
v 4.53737891 0.08354791 16.31480664
v 4.53276562 0.08399307 16.31663867
v 4.52813672 0.08442406 16.31842578
v 4.51879297 0.08524408 16.32186914
v 4.51410547 0.08562961 16.32351367
v 4.50940234 0.08599910 16.32511133
v 4.50468359 0.08635210 16.32666406
v 4.49994531 0.08668819 16.32816602
v 4.49519531 0.08700687 16.32962305
v 4.49042578 0.08730773 16.33103125
v 4.48081250 0.08785578 16.33371094
v 4.47600000 0.08810035 16.33497266
v 4.47117187 0.08832537 16.33618750
v 4.46633594 0.08853044 16.33735352
v 4.46148047 0.08871515 16.33847070
v 4.45661719 0.08887909 16.33953711
v 4.45174609 0.08902187 16.34055469
v 4.44192969 0.08924287 16.34244922
v 4.43702734 0.08931965 16.34331836
v 4.43211328 0.08937377 16.34413867
v 4.42719141 0.08940491 16.34490625
v 4.42226172 0.08941273 16.34562695
v 4.41732422 0.08939692 16.34629492
v 4.41238281 0.08935712 16.34691406
v 4.40244531 0.08920348 16.34800586
v 4.39748047 0.08908955 16.34847461
v 4.39251562 0.08895042 16.34889258
v 4.38258203 0.08859595 16.34957422
v 4.37761719 0.08838020 16.34983984
v 4.37265234 0.08813834 16.35005664
v 4.36267578 0.08757272 16.35033594
v 4.35769922 0.08725039 16.35039844
v 4.35272656 0.08690108 16.35041211
v 4.34279688 0.08612170 16.35028711
v 4.33783984 0.08569143 16.35015039
v 4.33288672 0.08523370 16.34996289
v 4.32296484 0.08423164 16.34943555
v 4.31803125 0.08369060 16.34909961
v 4.31310547 0.08312169 16.34871289
v 4.30323828 0.08189555 16.34778711
v 4.29833594 0.08124310 16.34725195
v 4.29344141 0.08056367 16.34666992
v 4.28364063 0.07911932 16.34534961
v 4.27876953 0.07836077 16.34461914
v 4.27390625 0.07757777 16.34383984
v 4.26422656 0.07594318 16.34213867
v 4.25941016 0.07509326 16.34121680
v 4.25460938 0.07422215 16.34024805
v 4.24500000 0.07241120 16.33816016
v 4.24023047 0.07147956 16.33704883
v 4.23547266 0.07053007 16.33589063
v 4.22601953 0.06858299 16.33343555
v 4.22131641 0.06758727 16.33214063
v 4.21663281 0.06657736 16.33080078
v 4.20727344 0.06450986 16.32797070
v 4.20263281 0.06346161 16.32649023
v 4.19800781 0.06240249 16.32496680
v 4.19340625 0.06133330 16.32339844
v 4.18881641 0.06025481 16.32178320
v 4.18424609 0.05916780 16.32012500
v 4.17969531 0.05807302 16.31842187
v 4.17061328 0.05585492 16.31486719
v 4.16612109 0.05474145 16.31303125
v 4.16164453 0.05362320 16.31115234
v 4.15718750 0.05250088 16.30922656
v 4.15275391 0.05137519 16.30725977
v 4.14833594 0.05024685 16.30524805
v 4.14394141 0.04911657 16.30319336
v 4.13517969 0.04684424 16.29893750
v 4.13084766 0.04571230 16.29675391
v 4.12653516 0.04458111 16.29452734
v 4.12224609 0.04345131 16.29225781
v 4.11798047 0.04232353 16.28994531
v 4.11373828 0.04119841 16.28759180
v 4.10951563 0.04007658 16.28519531
v 4.10110938 0.03783667 16.28025586
v 4.09696094 0.03672855 16.27773242
v 4.09283203 0.03562617 16.27516797
v 4.08873047 0.03453009 16.27256250
v 4.08465234 0.03344088 16.26991406
v 4.08059766 0.03235912 16.26722656
v 4.07657031 0.03128539 16.26449805
v 4.06856250 0.02915588 16.25889258
v 4.06461328 0.02810967 16.25604102
v 4.06069141 0.02707366 16.25314844
v 4.05679297 0.02604834 16.25021680
v 4.05292578 0.02503422 16.24724414
v 4.04908594 0.02403180 16.24423242
v 4.04527344 0.02304159 16.24118164
v 4.03769922 0.02109105 16.23493164
v 4.03397266 0.02013958 16.23175781
v 4.03027344 0.01920224 16.22854687
v 4.02297266 0.01737352 16.22201367
v 4.01937109 0.01648295 16.21869531
v 4.01580078 0.01560816 16.21533789
v 4.00872266 0.01389902 16.20847461
v 4.00524219 0.01307256 16.20499805
v 4.00179297 0.01226349 16.20148437
v 3.99500781 0.01070055 16.19435547
v 3.99166797 0.00994727 16.19074023
v 3.98836328 0.00921267 16.18709180
v 3.98182422 0.00779367 16.17965039
v 3.97862109 0.00711590 16.17588867
v 3.97545313 0.00645807 16.17209375
v 3.96923438 0.00520436 16.16441016
v 3.96618359 0.00460885 16.16052344
v 3.96317188 0.00403406 16.15660547
v 3.95723047 0.00294191 16.14862695
v 3.95432422 0.00242969 16.14460352
v 3.95146094 0.00193900 16.14055078
v 3.94585547 0.00102260 16.13235156
v 3.94042188 0.00019532 16.12405273
v 3.93513281 -0.00054711 16.11560156
v 3.93002344 -0.00119913 16.10706055
v 3.92508594 -0.00176253 16.09841211
v 3.90305859 -0.00325954 16.05371875
v 3.90295703 -0.00278078 16.05375781
v 3.90297656 -0.00278043 16.05379883
v 3.90495703 -0.00272872 16.05832617
v 3.90497266 -0.00272816 16.05836719
v 3.90699609 -0.00265562 16.06287500
v 3.90907609 -0.00256544 16.06735220
v 3.91122266 -0.00244454 16.07190625
v 3.91340234 -0.00230642 16.07638867
v 3.91562500 -0.00214648 16.08084766
v 3.91932222 -0.00184036 16.08803195
v 3.92381698 -0.00141092 16.09637332
v 3.92990667 -0.00072853 16.10712563
v 3.93501172 -0.00007235 16.11563672
v 3.93762891 0.00028665 16.11986719
v 3.93765234 0.00028986 16.11990430
v 3.94030078 0.00066945 16.12408594
v 3.95419531 0.00290228 16.14463672
v 3.95992025 0.00392249 16.15250510
v 3.96007686 0.00394482 16.15270695
v 3.96605078 0.00508043 16.16055664
v 3.97222843 0.00629411 16.16837326
v 3.97848437 0.00758655 16.17591992
v 3.98168750 0.00826413 16.17968164
v 3.98492969 0.00896142 16.18340820
v 3.98495703 0.00896737 16.18343945
v 3.98822266 0.00968275 16.18712305
v 3.99152734 0.01041717 16.19077148
v 3.99815365 0.01191591 16.19789782
v 4.00509766 0.01354185 16.20502734
v 4.01566016 0.01607708 16.21536719
v 4.01922656 0.01695178 16.21872461
v 4.02649939 0.01875300 16.22538137
v 4.03382813 0.02060818 16.23178711
v 4.04111358 0.02247067 16.23792993
v 4.05665234 0.02651697 16.25024414
v 4.06054688 0.02754234 16.25317578
v 4.07147434 0.03042523 16.26109574
v 4.07981026 0.03265481 16.26683929
v 4.08858984 0.03499952 16.27258789
v 4.09269141 0.03609576 16.27519336
v 4.09905809 0.03779546 16.27913181
v 4.11285037 0.04147020 16.28721496
v 4.12211328 0.04392239 16.29228125
v 4.12640234 0.04505246 16.29455078
v 4.13071094 0.04618393 16.29677734
v 4.13504687 0.04731617 16.29896094
v 4.13939844 0.04844852 16.30110156
v 4.13943359 0.04845726 16.30111719
v 4.14380859 0.04958910 16.30321484
v 4.14820703 0.05071972 16.30526953
v 4.15262109 0.05184839 16.30727930
v 4.15705859 0.05297443 16.30924805
v 4.16665146 0.05537871 16.31333944
v 4.17503304 0.05744478 16.31668903
v 4.18325771 0.05943585 16.31983948
v 4.19328906 0.06180999 16.32341406
v 4.19789453 0.06287962 16.32498242
v 4.20251953 0.06393916 16.32650586
v 4.20716016 0.06498787 16.32798437
v 4.21182031 0.06602496 16.32941797
v 4.21185547 0.06603262 16.32942773
v 4.21652344 0.06705627 16.33081250
v 4.22121094 0.06806663 16.33215430
v 4.23012196 0.06994912 16.33457945
v 4.24013281 0.07196080 16.33705859
v 4.24490625 0.07289292 16.33816992
v 4.24969141 0.07380628 16.33923242
v 4.24972656 0.07381287 16.33924023
v 4.25451953 0.07470483 16.34025586
v 4.25932422 0.07557639 16.34122266
v 4.26910557 0.07728350 16.34305385
v 4.27869141 0.07884570 16.34462109
v 4.28356641 0.07960468 16.34535156
v 4.28845313 0.08033840 16.34603320
v 4.28848828 0.08034356 16.34603711
v 4.29337500 0.08104986 16.34666992
v 4.29826953 0.08172968 16.34725195
v 4.30317578 0.08238250 16.34778516
v 4.30837771 0.08304742 16.34830070
v 4.31797656 0.08417857 16.34909570
v 4.32291406 0.08471990 16.34943164
v 4.32785938 0.08523341 16.34971875
v 4.32789453 0.08523692 16.34972070
v 4.33284375 0.08572250 16.34995703
v 4.33779688 0.08618047 16.35014453
v 4.34785070 0.08703185 16.35038504
v 4.35766797 0.08774022 16.35039062
v 4.37262500 0.08862861 16.35004688
v 4.37759375 0.08887057 16.34983203
v 4.38765428 0.08928768 16.34925759
v 4.39746875 0.08958025 16.34846484
v 4.40243359 0.08969424 16.34799609
v 4.40739453 0.08978329 16.34747656
v 4.40742578 0.08978380 16.34747266
v 4.41237891 0.08984795 16.34690430
v 4.41811479 0.08989785 16.34618888
v 4.42719141 0.08989577 16.34489648
v 4.43211719 0.08986461 16.34412695
v 4.43703125 0.08981047 16.34330664
v 4.44193750 0.08973367 16.34243750
v 4.44683594 0.08963454 16.34151953
v 4.44686719 0.08963381 16.34151367
v 4.45175391 0.08951257 16.34054297
v 4.45663281 0.08936974 16.33952539
v 4.46149609 0.08920573 16.33845703
v 4.46635156 0.08902095 16.33734180
v 4.47119141 0.08881581 16.33617578
v 4.47601953 0.08859071 16.33496094
v 4.48083594 0.08834605 16.33369727
v 4.48563672 0.08808224 16.33238672
v 4.48566797 0.08808047 16.33237891
v 4.49045313 0.08779781 16.33101758
v 4.49522266 0.08749685 16.32960938
v 4.49997656 0.08717805 16.32815430
v 4.50471484 0.08684186 16.32665039
v 4.51508513 0.08604824 16.32319339
v 4.53061343 0.08469921 16.31750059
v 4.54201172 0.08357779 16.31291602
v 4.55322431 0.08241063 16.30808156
v 4.56020131 0.08161140 16.30493428
v 4.56720781 0.08080194 16.30164295
v 4.57800781 0.07946660 16.29624414
v 4.58240234 0.07890584 16.29396094
v 4.58677344 0.07833621 16.29163477
v 4.59111719 0.07775822 16.28926562
v 4.59543750 0.07717233 16.28685156
v 4.59546094 0.07716877 16.28683789
v 4.59975781 0.07657542 16.28438086
v 4.60402734 0.07597511 16.28188086
v 4.60826953 0.07536826 16.27933789
v 4.61248828 0.07475529 16.27675391
v 4.61667969 0.07413663 16.27412695
v 4.62334878 0.07313334 16.26983180
v 4.62926348 0.07220758 16.26588570
v 4.64126172 0.07032500 16.25748438
v 4.64525391 0.06967786 16.25457227
v 4.64921484 0.06902806 16.25161914
v 4.65551389 0.06798025 16.24680347
v 4.66097560 0.06704086 16.24248969
v 4.67235938 0.06508743 16.23306641
v 4.67610156 0.06442793 16.22984180
v 4.67981250 0.06376831 16.22658203
v 4.68348828 0.06310889 16.22328516
v 4.68713281 0.06244998 16.21994922
v 4.69074219 0.06179189 16.21657813
v 4.69076172 0.06178820 16.21655859
v 4.69433984 0.06113124 16.21315234
v 4.69787891 0.06047570 16.20970898
v 4.70138672 0.05982187 16.20622852
v 4.70485937 0.05917003 16.20271484
v 4.70829688 0.05852046 16.19916406
v 4.72370429 0.05556223 16.18234958
v 4.73135156 0.05405707 16.17334570
v 4.73449609 0.05343554 16.16952734
v 4.73759766 0.05281865 16.16567773
v 4.74066406 0.05220667 16.16179688
v 4.74369141 0.05159982 16.15788477
v 4.74370703 0.05159660 16.15786523
v 4.74669141 0.05099517 16.15392188
v 4.74964062 0.05039934 16.14994727
v 4.75254688 0.04980933 16.14594336
v 4.75541797 0.04922535 16.14191016
v 4.76658969 0.04692595 16.12535868
v 4.77435547 0.04532098 16.11285547
v 4.77689453 0.04479259 16.10859961
v 4.77938672 0.04427199 16.10431641
v 4.78183594 0.04375934 16.10000586
v 4.78424609 0.04325480 16.09567188
v 4.78660938 0.04275856 16.09131445
v 4.78662109 0.04275608 16.09129102
v 4.78893750 0.04226864 16.08691211
v 4.79121484 0.04178981 16.08250586
v 4.79564519 0.04085407 16.07363252
v 4.79987109 0.03996223 16.06464648
v 4.80781641 0.03828173 16.04641602
v 4.81153979 0.03749268 16.03714862
v 4.81501172 0.03676076 16.02788867
v 4.81669531 0.03640577 16.02320898
v 4.81833203 0.03606121 16.01850977
v 4.81833984 0.03605959 16.01848828
v 4.81992578 0.03572599 16.01377734
v 4.82146484 0.03540300 16.00905078
v 4.82447866 0.03477101 15.99933598
v 4.82714453 0.03421873 15.98997656
v 4.83090234 0.03344634 15.97549609
v 4.83205469 0.03321235 15.97065430
v 4.83422343 0.03277476 15.96095228
v 4.83617187 0.03239256 15.95116406
v 4.83707812 0.03221712 15.94626172
v 4.83793359 0.03205373 15.94135156
v 4.83793750 0.03205302 15.94132813
v 4.83874219 0.03190214 15.93641992
v 4.84090901 0.03151058 15.92163110
v 4.84253125 0.03125896 15.90675586
v 4.84298827 0.03119726 15.90178683
v 4.84339062 0.03114869 15.89681055
v 4.84405078 0.03107204 15.88685938
v 4.84450781 0.03100847 15.87689844
v 4.84466016 0.03098186 15.87192578
v 4.84476172 0.03095887 15.86693945
v 4.84481250 0.03093961 15.86195312
v 4.84481250 0.03093954 15.86193164
v 4.84481250 0.03092407 15.85695508
v 4.84456712 0.03089840 15.84236998
v 4.84375000 0.03091792 15.82706250
v 4.84339318 0.03093146 15.82196206
v 4.84253516 0.03097687 15.81213867
v 4.84150786 0.03103749 15.80238433
v 4.84021094 0.03112810 15.79233594
v 4.83950391 0.03117989 15.78740039
v 4.83875000 0.03123754 15.78247070
v 4.83874609 0.03123778 15.78245117
v 4.83793750 0.03130141 15.77753320
v 4.83708203 0.03137121 15.77262500
v 4.83559174 0.03150408 15.76458686
v 4.83316016 0.03171538 15.75307813
v 4.83205469 0.03181847 15.74821680
v 4.83090234 0.03192868 15.74336523
v 4.83089844 0.03192911 15.74334766
v 4.82969531 0.03204652 15.73851172
v 4.82844531 0.03217134 15.73369141
v 4.82534640 0.03247991 15.72248172
v 4.82294922 0.03274849 15.71453125
v 4.82145312 0.03291307 15.70977539
v 4.81831250 0.03326815 15.70030078
v 4.81667578 0.03345832 15.69559766
v 4.81393832 0.03378917 15.68799452
v 4.80964844 0.03430992 15.67695703
v 4.80777344 0.03454639 15.67233984
v 4.80387891 0.03504943 15.66315430
v 4.80186328 0.03531542 15.65860156
v 4.79980469 0.03559157 15.65406836
v 4.79769922 0.03587802 15.64955859
v 4.79555078 0.03617492 15.64507031
v 4.79335547 0.03648241 15.64060547
v 4.79111719 0.03680064 15.63616211
v 4.78883203 0.03712975 15.63174414
v 4.78882422 0.03713087 15.63172852
v 4.78649609 0.03747106 15.62733398
v 4.78412109 0.03782240 15.62296484
v 4.78170703 0.03818502 15.61862109
v 4.77924609 0.03855906 15.61430078
v 4.76931072 0.04010833 15.59770702
v 4.76629688 0.04060630 15.59308984
v 4.76358203 0.04105148 15.58893164
v 4.76082812 0.04150888 15.58480469
v 4.75803125 0.04197858 15.58070508
v 4.75519531 0.04246068 15.57663477
v 4.75062725 0.04324729 15.57024902
v 4.74343750 0.04451635 15.56064453
v 4.74041509 0.04504261 15.55674430
v 4.73421875 0.04619091 15.54899219
v 4.73107031 0.04677489 15.54517383
v 4.72788281 0.04737184 15.54138672
v 4.72465625 0.04798182 15.53763477
v 4.72139307 0.04860571 15.53390962
v 4.71808984 0.04924294 15.53021875
v 4.71475781 0.04989225 15.52656836
v 4.71139062 0.05055463 15.52295313
v 4.70798437 0.05123006 15.51937305
v 4.70454688 0.05191852 15.51582813
v 4.70107422 0.05261997 15.51231836
v 4.69757031 0.05333439 15.50884570
v 4.69402592 0.05406275 15.50540665
v 4.69044922 0.05480415 15.50200391
v 4.68684375 0.05555735 15.49864258
v 4.68320703 0.05632337 15.49531836
v 4.67953516 0.05710216 15.49203320
v 4.67152585 0.05882067 15.48506194
v 4.66072266 0.06118801 15.47617969
v 4.65687500 0.06204208 15.47312695
v 4.65299609 0.06290806 15.47011719
v 4.64908984 0.06378568 15.46714453
v 4.64515234 0.06467463 15.46421484
v 4.64119141 0.06557462 15.46132422
v 4.63720313 0.06648537 15.45847461
v 4.63318750 0.06740657 15.45566797
v 4.63317578 0.06740891 15.45566016
v 4.62913281 0.06834027 15.45289453
v 4.62506641 0.06928123 15.45016797
v 4.62097266 0.07023124 15.44748438
v 4.61685547 0.07118972 15.44484375
v 4.60778494 0.07330605 15.43920520
v 4.59588672 0.07609200 15.43226172
v 4.59162500 0.07708942 15.42987500
v 4.58733984 0.07809113 15.42753125
v 4.58303125 0.07909642 15.42523047
v 4.57870312 0.08010463 15.42297266
v 4.57435156 0.08111504 15.42075781
v 4.56997656 0.08212697 15.41858594
v 4.56557714 0.08314123 15.41645542
v 4.56115625 0.08415489 15.41437109
v 4.55672266 0.08516706 15.41233008
v 4.55226563 0.08617765 15.41033594
v 4.54778906 0.08718580 15.40838477
v 4.53796519 0.08937293 15.40426571
v 4.52510547 0.09216175 15.39929297
v 4.52051562 0.09313683 15.39760938
v 4.51135178 0.09504933 15.39438798
v 4.50197266 0.09694042 15.39133203
v 4.48787500 0.09966396 15.38710156
v 4.48314844 0.10054033 15.38578711
v 4.47372289 0.10223289 15.38329633
v 4.46407422 0.10386274 15.38098828
v 4.45926953 0.10464169 15.37990625
v 4.45444922 0.10539753 15.37887109
v 4.45443750 0.10539888 15.37886914
v 4.44960547 0.10613005 15.37788281
v 4.44476172 0.10683566 15.37694531
v 4.43512160 0.10816234 15.37521177
v 4.42525000 0.10937707 15.37367383
v 4.42034375 0.10993562 15.37297656
v 4.41542228 0.11046120 15.37233009
v 4.41049219 0.11095190 15.37173242
v 4.40555859 0.11140617 15.37118359
v 4.40061719 0.11182314 15.37068555
v 4.39566373 0.11220185 15.37023724
v 4.39070312 0.11254052 15.36983789
v 4.38573828 0.11283781 15.36949023
v 4.38076953 0.11309274 15.36919141
v 4.37579024 0.11330421 15.36894337
v 4.37080859 0.11347086 15.36874609
v 4.36582813 0.11359113 15.36859961
v 4.36084375 0.11366378 15.36850195
v 4.35585937 0.11368739 15.36845703
v 4.35585156 0.11368738 15.36845703
v 4.35086719 0.11366078 15.36846094
v 4.34588281 0.11358424 15.36851758
v 4.34089844 0.11345827 15.36862305
v 4.33591797 0.11328339 15.36877930
v 4.33591406 0.11328311 15.36878125
v 4.33093750 0.11305993 15.36898828
v 4.32596484 0.11278989 15.36924414
v 4.32100000 0.11247456 15.36955273
v 4.31603829 0.11211515 15.36991017
v 4.31108203 0.11171355 15.37031836
v 4.30613672 0.11127145 15.37077539
v 4.30120312 0.11079015 15.37128320
v 4.29627344 0.11027114 15.37183984
v 4.29626953 0.11027047 15.37183984
v 4.29135156 0.10971523 15.37244531
v 4.28644531 0.10912540 15.37310156
v 4.27333565 0.10740985 15.37506826
v 4.26692188 0.10645155 15.37620703
v 4.26207031 0.10571237 15.37710547
v 4.25723438 0.10494814 15.37805078
v 4.25722656 0.10494727 15.37805273
v 4.25240625 0.10415974 15.37904492
v 4.24759375 0.10335017 15.38008594
v 4.23545225 0.10122292 15.38291483
v 4.22850000 0.09991983 15.38472070
v 4.22376172 0.09902136 15.38599805
v 4.21904297 0.09810947 15.38732031
v 4.21903906 0.09810857 15.38732227
v 4.21433203 0.09718485 15.38868945
v 4.20964453 0.09625037 15.39010547
v 4.19877881 0.09404773 15.39356013
v 4.19105469 0.09242902 15.39622461
v 4.18644531 0.09145882 15.39786914
v 4.18185938 0.09048506 15.39956055
v 4.18185547 0.09048424 15.39956055
v 4.17728125 0.08950827 15.40129687
v 4.17273047 0.08853094 15.40307813
v 4.16366358 0.08657264 15.40676494
v 4.15469922 0.08462793 15.41065234
v 4.15023828 0.08365855 15.41265820
v 4.14579688 0.08269357 15.41470898
v 4.14579297 0.08269289 15.41471094
v 4.14137109 0.08173335 15.41680664
v 4.13697266 0.08077985 15.41894531
v 4.12820619 0.07888649 15.42335269
v 4.11957031 0.07704060 15.42794727
v 4.11527734 0.07612783 15.43030859
v 4.11100000 0.07522514 15.43271289
v 4.11100000 0.07522463 15.43271484
v 4.10674609 0.07433270 15.43516211
v 4.10251953 0.07345185 15.43765234
v 4.09166160 0.07128284 15.44427109
v 4.08584375 0.07004757 15.44804687
v 4.08173437 0.06922803 15.45075391
v 4.07765234 0.06842168 15.45350000
v 4.07765234 0.06842135 15.45350195
v 4.07359375 0.06762852 15.45629102
v 4.06956641 0.06684925 15.45912305
v 4.05968682 0.06496995 15.46628981
v 4.04982813 0.06315916 15.47389844
v 4.04596484 0.06246241 15.47697461
v 4.04596484 0.06246222 15.47697656
v 4.04213281 0.06177918 15.48009180
v 4.03083839 0.05980694 15.48960166
v 4.01978906 0.05795483 15.49961133
v 4.01617969 0.05736060 15.50299805
v 4.01617969 0.05736052 15.50299805
v 4.01260156 0.05677777 15.50642187
v 4.00905859 0.05620593 15.50988281
v 4.00554688 0.05564464 15.51337891
v 4.00207422 0.05509347 15.51691211
v 4.00207422 0.05509343 15.51691406
v 3.99863281 0.05455194 15.52048242
v 3.99863281 0.05455192 15.52048242
v 3.99522656 0.05401922 15.52408594
v 3.99522656 0.05401920 15.52408594
v 3.99185938 0.05349575 15.52772656
v 3.99019141 0.05323714 15.52956055
v 3.98935937 0.05310828 15.53047852
v 3.98894531 0.05304390 15.53093945
v 3.98873437 0.05301171 15.53116797
v 3.98863281 0.05299562 15.53128320
v 3.90295703 -0.00278165 16.05375781
v 3.90297656 -0.00278129 16.05379883
v 3.90497266 -0.00272902 16.05836719
v 3.90495703 -0.00272959 16.05832617
v 3.91564844 -0.00224298 16.08084180
v 3.91790199 -0.00196409 16.08529767
v 3.91789453 -0.00196546 16.08528516
v 3.91206727 -0.00265590 16.07353461
v 3.91802418 -0.00244104 16.08528055
v 3.91800391 -0.00244081 16.08524805
v 3.92268359 -0.00201103 16.09404883
v 3.92753516 -0.00149191 16.10274805
v 3.93255859 -0.00088420 16.11134570
v 3.93762891 0.00028581 16.11986719
v 3.93765234 0.00028903 16.11990430
v 3.94311328 0.00059713 16.12820703
v 3.93777344 -0.00018461 16.11986914
v 3.93777344 -0.00018378 16.11986914
v 3.96017187 0.00347636 16.15261914
v 3.96019531 0.00348101 16.15265430
v 3.97232031 0.00582038 16.16826367
v 3.96019531 0.00348020 16.15265234
v 3.98506641 0.00849195 16.18337695
v 3.98492969 0.00896062 16.18340820
v 3.98495703 0.00896657 16.18343945
v 3.99837891 0.01147217 16.19793359
v 3.98509375 0.00849710 16.18340820
v 3.98509375 0.00849790 16.18340820
v 4.01223438 0.01474333 16.21191406
v 4.01212455 0.01521469 16.21197911
v 4.02660156 0.01827946 16.22529688
v 4.01226172 0.01474959 16.21194141
v 4.01226172 0.01475037 16.21194141
v 3.94864062 0.00146993 16.13646484
v 4.04145703 0.02205697 16.23806445
v 4.04148828 0.02206487 16.23808984
v 4.07253906 0.03021252 16.26170508
v 4.07257031 0.03022100 16.26172656
v 4.10528516 0.03895068 16.28273633
v 4.10517492 0.03942739 16.28277691
v 4.10531641 0.03895945 16.28275586
v 4.13953125 0.04797704 16.30108008
v 4.13939844 0.04844778 16.30110156
v 4.13943359 0.04845652 16.30111719
v 4.13956641 0.04798577 16.30109570
v 4.17512891 0.05696363 16.31666016
v 4.17516406 0.05697200 16.31667383
v 4.21192969 0.06554723 16.32940430
v 4.21182031 0.06602423 16.32941797
v 4.21185547 0.06603190 16.32942773
v 4.23073437 0.06956363 16.33468555
v 4.21196484 0.06555417 16.32941406
v 4.21196484 0.06555489 16.32941406
v 3.90708322 -0.00289393 16.06293203
v 3.90507422 -0.00320629 16.05833008
v 3.93775000 -0.00018700 16.11983203
v 3.90914076 -0.00280346 16.06738723
v 3.90505469 -0.00320685 16.05828906
v 3.90307812 -0.00325831 16.05375977
v 3.91348828 -0.00268752 16.07635937
v 3.91571094 -0.00252735 16.08081836
v 4.04148828 0.02206410 16.23808984
v 4.07253906 0.03021176 16.26170508
v 3.90305859 -0.00325867 16.05371875
v 3.91132812 -0.00292249 16.07186914
v 3.91350781 -0.00278408 16.07635156
v 3.90307812 -0.00325918 16.05375977
v 3.90505469 -0.00320772 16.05828906
v 3.90507422 -0.00320715 16.05833008
v 3.90919141 -0.00303921 16.06736523
v 3.90921094 -0.00303826 16.06740430
v 3.90710156 -0.00313422 16.06283789
v 3.91573437 -0.00262385 16.08081250
v 3.91800781 -0.00244166 16.08524805
v 3.93775000 -0.00018783 16.11983203
v 3.96017187 0.00347554 16.15261914
v 3.98506641 0.00849115 16.18337695
v 4.01223438 0.01474254 16.21191406
v 4.04145703 0.02205620 16.23806445
v 4.07257031 0.03022025 16.26172656
v 4.24978516 0.07332479 16.33922461
v 4.24969141 0.07380557 16.33923242
v 4.24972656 0.07381216 16.33924023
v 4.26905859 0.07677114 16.34301172
v 4.24982031 0.07333138 16.33923242
v 4.24982031 0.07333067 16.33923242
v 4.28852344 0.07985333 16.34603125
v 4.28845313 0.08033770 16.34603320
v 4.28848828 0.08034286 16.34603711
v 4.30814844 0.08252120 16.34827344
v 4.28855859 0.07985848 16.34603711
v 4.30818359 0.08252554 16.34827539
v 4.32790625 0.08474557 16.34972461
v 4.32785938 0.08523272 16.34971875
v 4.32789453 0.08523623 16.34972070
v 4.32794141 0.08474907 16.34972656
v 4.30818359 0.08252483 16.34827539
v 4.32790625 0.08474487 16.34972461
v 4.28855859 0.07985778 16.34603711
v 4.30814844 0.08252050 16.34827344
v 4.10531641 0.03895870 16.28275586
v 4.13953125 0.04797630 16.30108008
v 4.17516406 0.05697128 16.31667383
v 4.21192969 0.06554650 16.32940430
v 4.13956641 0.04798503 16.30109570
v 4.17512891 0.05696291 16.31666016
v 4.10528516 0.03894993 16.28273633
v 4.24978516 0.07332408 16.33922461
v 4.28852344 0.07985263 16.34603125
v 4.34775391 0.08652466 16.35037500
v 4.36764844 0.08786889 16.35022070
v 4.32794141 0.08474838 16.34972656
v 4.36761625 0.08836116 16.35021591
v 4.38754687 0.08878585 16.34925781
v 4.36768359 0.08787015 16.35022070
v 4.36768359 0.08787083 16.35022070
v 4.40740234 0.08929315 16.34748828
v 4.40739453 0.08978262 16.34747656
v 4.40742578 0.08978313 16.34747266
v 4.40743359 0.08929366 16.34748438
v 4.44682812 0.08914445 16.34153125
v 4.44683594 0.08963389 16.34151953
v 4.44686719 0.08963316 16.34151367
v 4.44685937 0.08914371 16.34152344
v 4.48560938 0.08759270 16.33239844
v 4.48563672 0.08808160 16.33238672
v 4.48566797 0.08807983 16.33237891
v 4.48564063 0.08759094 16.33239062
v 4.52345703 0.08484360 16.32017578
v 4.52351827 0.08533040 16.32015511
v 4.52348828 0.08484102 16.32016406
v 4.56012500 0.08112679 16.30495898
v 4.56015234 0.08112361 16.30494531
v 4.59537500 0.07668584 16.28686328
v 4.59543750 0.07717174 16.28685156
v 4.59546094 0.07716818 16.28683789
v 4.59540234 0.07668228 16.28684961
v 4.62901563 0.07176539 16.26601172
v 4.62903906 0.07176165 16.26599414
v 4.66084375 0.06658136 16.24253516
v 4.66086328 0.06657758 16.24251758
v 4.69066016 0.06130823 16.21658789
v 4.69074219 0.06179134 16.21657813
v 4.69076172 0.06178765 16.21655859
v 4.69068359 0.06130454 16.21656836
v 4.71830469 0.05610529 16.18831836
v 4.71844851 0.05657215 16.18826433
v 4.71832422 0.05610179 16.18829687
v 4.74360156 0.05111752 16.15789258
v 4.74369141 0.05159930 16.15788477
v 4.74370703 0.05159608 16.15786523
v 4.74361719 0.05111430 16.15787109
v 4.76638672 0.04647213 16.12549414
v 4.71832422 0.05610126 16.18829687
v 4.74360156 0.05111700 16.15789258
v 4.76583802 0.04709506 16.12659049
v 4.76640234 0.04646926 16.12547266
v 4.78651562 0.04227727 16.09131836
v 4.78660938 0.04275807 16.09131445
v 4.78662109 0.04275559 16.09129102
v 4.78652734 0.04227479 16.09129688
v 4.76640234 0.04646875 16.12547266
v 4.78651562 0.04227678 16.09131836
v 4.74361719 0.05111378 16.15787109
v 4.76638672 0.04647163 16.12549414
v 4.40743359 0.08929300 16.34748438
v 4.44682812 0.08914379 16.34153125
v 4.40740234 0.08929248 16.34748828
v 4.36764844 0.08786821 16.35022070
v 4.44685937 0.08914307 16.34152344
v 4.48560938 0.08759206 16.33239844
v 4.62903906 0.07176107 16.26599414
v 4.66084375 0.06658080 16.24253516
v 4.59540234 0.07668169 16.28684961
v 4.62901563 0.07176482 16.26601172
v 4.69068359 0.06130399 16.21656836
v 4.71830469 0.05610476 16.18831836
v 4.66086328 0.06657702 16.24251758
v 4.69066016 0.06130768 16.21658789
v 4.48564063 0.08759030 16.33239062
v 4.52345703 0.08484297 16.32017578
v 4.56015234 0.08112300 16.30494531
v 4.59537500 0.07668525 16.28686328
v 4.52348828 0.08484039 16.32016406
v 4.56012500 0.08112618 16.30495898
v 4.79553516 0.04037698 16.07363086
v 4.78652734 0.04227430 16.09129688
v 4.80398282 0.03909120 16.05548768
v 4.80384466 0.03862097 16.05556457
v 4.81140625 0.03702050 16.03719922
v 4.80384766 0.03861989 16.05555859
v 4.81833203 0.03606074 16.01850977
v 4.81823047 0.03558082 16.01851172
v 4.81833984 0.03605912 16.01848828
v 4.81823828 0.03557920 16.01849023
v 4.82429687 0.03430869 15.99955078
v 4.82967703 0.03369529 15.98044169
v 4.81823828 0.03557874 16.01849023
v 4.82959432 0.03321347 15.98034340
v 4.83410547 0.03229910 15.96093555
v 4.82959766 0.03321146 15.98032422
v 4.83783203 0.03157439 15.94134961
v 4.83793359 0.03205329 15.94135156
v 4.83793750 0.03205259 15.94132813
v 4.83783594 0.03157368 15.94132813
v 4.83939453 0.03128379 15.93150000
v 4.84191797 0.03085441 15.91171484
v 4.84075781 0.03104343 15.92162109
v 4.84298828 0.03119674 15.90176953
v 4.84287891 0.03071870 15.90178711
v 4.84288281 0.03071847 15.90176562
v 4.80383594 0.03862195 16.05558203
v 4.81823047 0.03558035 16.01851172
v 4.82959375 0.03321263 15.98034766
v 4.83783203 0.03157396 15.94134961
v 4.83783594 0.03157325 15.94132813
v 4.84287891 0.03071828 15.90178711
v 4.84288281 0.03071805 15.90176562
v 4.84374610 0.03110837 15.89184306
v 4.84374609 0.03110798 15.89182617
v 4.84430468 0.03103863 15.88188742
v 4.84430469 0.03103815 15.88186914
v 4.84454687 0.03050356 15.87192578
v 4.84419531 0.03055992 15.88186914
v 4.84419531 0.03056033 15.88186914
v 4.84481250 0.03093913 15.86193164
v 4.84481250 0.03093921 15.86195312
v 4.84464844 0.03043468 15.85198242
v 4.84469922 0.03046142 15.86193359
v 4.84469922 0.03046183 15.86193359
v 4.84439453 0.03042403 15.84201172
v 4.84393750 0.03043066 15.83204883
v 4.84334783 0.03072988 15.82210320
v 4.84135547 0.03056522 15.80224219
v 4.84327734 0.03045574 15.82207617
v 4.84327734 0.03045613 15.82207617
v 4.83862891 0.03076221 15.78248437
v 4.83875000 0.03123717 15.78247070
v 4.83874609 0.03123740 15.78245117
v 4.83509766 0.03105490 15.76285547
v 4.83862500 0.03076245 15.78246484
v 4.83077734 0.03145472 15.74338477
v 4.83090234 0.03192832 15.74336523
v 4.83089844 0.03192875 15.74334766
v 4.83862500 0.03076207 15.78246484
v 4.83077344 0.03145515 15.74336719
v 4.82566797 0.03197034 15.72411133
v 4.83077344 0.03145479 15.74336719
v 4.81978125 0.03261357 15.70506250
v 4.81990887 0.03308635 15.70503141
v 4.81990625 0.03308637 15.70501953
v 4.81312891 0.03339341 15.68627344
v 4.81977344 0.03261387 15.70504492
v 4.81977344 0.03261422 15.70504492
v 4.80571875 0.03432160 15.66777734
v 4.80585036 0.03479296 15.66773940
v 4.80584766 0.03479312 15.66772852
v 4.80571094 0.03432248 15.66775977
v 4.78869531 0.03666031 15.63178125
v 4.78883203 0.03712943 15.63174414
v 4.78882422 0.03713055 15.63172852
v 4.78868750 0.03666143 15.63176758
v 4.76883984 0.03970388 15.59733203
v 4.76896875 0.04017295 15.59727539
v 4.76882812 0.03970526 15.59731836
v 4.74630078 0.04351544 15.56465234
v 4.74643841 0.04398281 15.56460099
v 4.74643359 0.04398351 15.56459375
v 4.74628906 0.04351707 15.56464062
v 4.72125391 0.04813907 15.53396680
v 4.72139844 0.04860460 15.53391406
v 4.72138672 0.04860645 15.53390430
v 4.72124219 0.04814092 15.53395508
v 4.69388281 0.05359637 15.50546484
v 4.69403125 0.05406149 15.50541016
v 4.69401953 0.05406355 15.50540234
v 4.69387500 0.05359843 15.50545508
v 4.66441016 0.05987823 15.47933203
v 4.84364062 0.03062949 15.89182422
v 4.84364062 0.03062991 15.89182422
v 4.84419531 0.03056047 15.88189063
v 4.84419531 0.03056005 15.88189063
v 4.84363672 0.03063007 15.89184570
v 4.84469922 0.03046190 15.86195508
v 4.74628906 0.04351678 15.56464062
v 4.72125391 0.04813879 15.53396680
v 4.72124219 0.04814065 15.53395508
v 4.69388281 0.05359611 15.50546484
v 4.76882812 0.03970496 15.59731836
v 4.74630078 0.04351515 15.56465234
v 4.78868750 0.03666111 15.63176758
v 4.76883984 0.03970358 15.59733203
v 4.80571094 0.03432215 15.66775977
v 4.78869531 0.03665998 15.63178125
v 4.84363672 0.03062966 15.89184570
v 4.84469922 0.03046149 15.86195508
v 4.84327734 0.03045567 15.82209570
v 4.83862891 0.03076183 15.78248437
v 4.83077734 0.03145435 15.74338477
v 4.81978125 0.03261322 15.70506250
v 4.80571875 0.03432127 15.66777734
v 4.69387500 0.05359816 15.50545508
v 4.66455217 0.06034434 15.47927567
v 4.66454297 0.06034591 15.47926953
v 4.66439844 0.05988046 15.47932422
v 4.63304687 0.06693965 15.45572070
v 4.63318750 0.06740633 15.45566797
v 4.63317578 0.06740867 15.45566016
v 4.63303516 0.06694199 15.45571289
v 4.60000000 0.07462808 15.43474609
v 4.60013412 0.07509764 15.43469596
v 4.60012500 0.07509932 15.43469141
v 4.59998828 0.07463044 15.43474023
v 4.56545703 0.08266752 15.41650000
v 4.66439844 0.05988021 15.47932422
v 4.63304687 0.06693941 15.45572070
v 4.63303516 0.06694175 15.45571289
v 4.60000000 0.07462785 15.43474609
v 4.56558203 0.08313952 15.41645898
v 4.66441016 0.05987798 15.47933203
v 4.59998828 0.07463021 15.43474023
v 4.56557422 0.08314179 15.41645313
v 4.56544531 0.08266979 15.41649609
v 4.52957422 0.09070078 15.40105859
v 4.56545703 0.08266730 15.41650000
v 4.52968291 0.09117818 15.40102125
v 4.56544531 0.08266958 15.41649609
v 4.52967969 0.09117873 15.40101953
v 4.51117578 0.09458130 15.39441016
v 4.52956641 0.09070264 15.40105469
v 4.52956641 0.09070285 15.40105469
v 4.49267057 0.09875726 15.38848418
v 4.49249609 0.09828938 15.38849219
v 4.49258594 0.09877138 15.38846484
v 4.49248828 0.09829115 15.38848828
v 4.47355469 0.10175747 15.38331250
v 4.45437109 0.10491280 15.37888477
v 4.45444922 0.10539735 15.37887109
v 4.45443750 0.10539870 15.37886914
v 4.43496875 0.10767815 15.37522070
v 4.45436328 0.10491415 15.37888281
v 4.41542578 0.11046064 15.37233008
v 4.41537500 0.10997245 15.37233398
v 4.45436328 0.10491397 15.37888281
v 4.49248828 0.09829096 15.38848828
v 4.41541797 0.11046149 15.37233008
v 4.39563281 0.11171185 15.37023633
v 4.41536719 0.10997330 15.37233203
v 4.39566797 0.11220136 15.37023828
v 4.39566016 0.11220194 15.37023633
v 4.37577734 0.11281357 15.36894141
v 4.37579297 0.11330395 15.36894336
v 4.37578516 0.11330424 15.36894336
v 4.39562500 0.11171243 15.37023633
v 4.35585937 0.11319656 15.36845703
v 4.37576953 0.11281386 15.36894141
v 4.35585937 0.11368724 15.36845703
v 4.35585156 0.11368723 15.36845703
v 4.33594141 0.11279305 15.36878516
v 4.35585156 0.11319655 15.36845703
v 4.33591406 0.11328297 15.36878125
v 4.33591797 0.11328326 15.36877930
v 4.31608203 0.11162640 15.36992187
v 4.31604297 0.11211532 15.36991016
v 4.31603516 0.11211481 15.36991016
v 4.31607422 0.11162589 15.36992187
v 4.29633203 0.10978396 15.37185742
v 4.29627344 0.11027102 15.37183984
v 4.29626953 0.11027034 15.37183984
v 4.29632812 0.10978328 15.37185742
v 4.27673438 0.10736327 15.37458008
v 4.29632812 0.10978316 15.37185742
v 4.25723438 0.10494803 15.37805078
v 4.25731641 0.10446555 15.37808008
v 4.25722656 0.10494716 15.37805273
v 4.25731250 0.10446468 15.37808008
v 4.23811719 0.10119033 15.38234180
v 4.25731250 0.10446456 15.37808008
v 4.21904297 0.09810937 15.38732031
v 4.21903906 0.09810847 15.38732227
v 4.21914062 0.09763042 15.38735742
v 4.20042969 0.09387784 15.39311133
v 4.21914062 0.09763033 15.38735742
v 4.21914844 0.09763132 15.38735547
v 4.18197656 0.09001011 15.39959961
v 4.18185547 0.09048416 15.39956055
v 4.18185938 0.09048498 15.39956055
v 4.18197266 0.09000929 15.39959961
v 4.16380078 0.08610257 15.40681445
v 4.18197266 0.09000921 15.39959961
v 4.14579688 0.08269350 15.41470898
v 4.14591797 0.08222003 15.41474805
v 4.14579297 0.08269283 15.41471094
v 4.14591797 0.08221936 15.41475000
v 4.12835547 0.07842073 15.42339648
v 4.11112500 0.07475114 15.43274805
v 4.14591797 0.08221929 15.41475000
v 4.11100000 0.07522508 15.43271289
v 4.11100000 0.07522458 15.43271484
v 4.11112109 0.07475064 15.43275000
v 4.09425391 0.07125073 15.44279688
v 4.11112109 0.07475058 15.43275000
v 4.31607422 0.11162576 15.36992187
v 4.29633203 0.10978384 15.37185742
v 4.37576953 0.11281371 15.36894141
v 4.35585937 0.11319641 15.36845703
v 4.33593359 0.11279278 15.36878516
v 4.33593359 0.11279264 15.36878516
v 4.31608203 0.11162627 15.36992187
v 4.35585156 0.11319640 15.36845703
v 4.33594141 0.11279292 15.36878516
v 4.07776953 0.06794571 15.45353125
v 4.07765234 0.06842131 15.45350195
v 4.07765234 0.06842165 15.45350000
v 4.07776562 0.06794537 15.45353125
v 4.39562500 0.11171227 15.37023633
v 4.37577734 0.11281342 15.36894141
v 4.52957422 0.09070057 15.40105859
v 4.49249609 0.09828919 15.38849219
v 4.45437109 0.10491262 15.37888477
v 4.41537500 0.10997228 15.37233398
v 4.41536719 0.10997314 15.37233203
v 4.39563281 0.11171169 15.37023633
v 4.06169922 0.06485492 15.46493555
v 4.07776562 0.06794533 15.45353125
v 4.05382812 0.06339171 15.47088477
v 4.04596484 0.06246219 15.47697656
v 4.04596484 0.06246238 15.47697461
v 4.03842555 0.06062808 15.48327437
v 4.03090544 0.05932621 15.48970976
v 4.02353125 0.05807992 15.49627734
v 4.01262109 0.05668031 15.50642383
v 4.00556641 0.05554703 15.51338086
v 4.00907422 0.05610838 15.50988477
v 3.99871875 0.05406850 15.52048828
v 3.99019531 0.05321268 15.52956055
v 3.99531250 0.05353549 15.52408984
v 4.01267578 0.05639304 15.50643164
v 4.04607031 0.06198356 15.47699609
v 3.98936328 0.05309605 15.53047852
v 3.99026953 0.05277753 15.52956250
v 3.98943750 0.05263643 15.53048242
v 3.99531250 0.05353547 15.52408984
v 4.00912891 0.05582093 15.50989063
v 4.00561719 0.05525938 15.51338672
v 4.00914844 0.05572338 15.50989258
v 4.00563672 0.05516177 15.51338867
v 3.99871875 0.05406848 15.52048828
v 4.01269531 0.05629557 15.50643359
v 3.98873437 0.05300866 15.53116797
v 3.98894531 0.05303778 15.53093945
v 3.98852734 0.05297647 15.53139844
v 3.98863281 0.05299257 15.53128320
v 3.98860937 0.05249851 15.53140234
v 3.98871094 0.05251460 15.53128711
v 3.98902344 0.05256593 15.53094141
v 3.98881641 0.05253069 15.53117188
v 3.98944141 0.05262420 15.53048242
v 3.98881641 0.05252763 15.53117188
v 3.98902344 0.05255981 15.53094141
v 3.99027344 0.05275307 15.52956445
v 4.01627344 0.05687877 15.50300977
v 4.25731641 0.10446543 15.37808008
v 4.21914844 0.09763123 15.38735547
v 4.18197656 0.09001003 15.39959961
v 4.14591797 0.08221996 15.41474805
v 4.11112500 0.07475108 15.43274805
v 4.07776953 0.06794566 15.45353125
v 4.01627344 0.05687875 15.50300977
v 4.01627344 0.05687868 15.50301172
v 4.01627344 0.05687867 15.50301172
v 4.00216016 0.05461032 15.51691992
v 4.00216016 0.05461028 15.51691992
v 3.99871875 0.05406847 15.52048828
v 4.00216016 0.05461031 15.51691992
v 3.99194531 0.05301176 15.52773047
v 3.99194531 0.05301175 15.52773047
v 3.98852734 0.05297956 15.53139844
v 3.98852734 0.05297959 15.53139844
v 3.98852734 0.05297964 15.53139844
v 3.98852734 0.05297976 15.53139648
v 3.98853125 0.05297998 15.53139648
v 3.98853125 0.05298043 15.53139453
v 3.98853906 0.05298132 15.53138867
v 3.98855078 0.05298312 15.53138086
v 3.98857422 0.05298671 15.53136328
v 3.98861719 0.05299389 15.53132617
v 3.98871094 0.05300826 15.53125391
v 3.98889062 0.05303698 15.53111133
v 3.98925391 0.05309446 15.53082422
v 3.98998047 0.05320953 15.53025000
v 3.99144141 0.05344085 15.52910742
v 3.99437109 0.05391112 15.52684375
v 4.00030078 0.05488073 15.52240430
v 4.01238672 0.05693976 15.51387500
v 4.02476172 0.05916666 15.50581641
v 4.03741406 0.06156732 15.49824414
v 4.05030859 0.06414318 15.49116406
v 4.06165278 0.06651010 15.48543932
v 4.07676953 0.06980609 15.47851758
v 4.09029687 0.07287432 15.47295898
v 4.10398828 0.07608151 15.46791797
v 4.11786001 0.07945047 15.46337944
v 4.13181250 0.08283237 15.45939844
v 4.14591797 0.08632861 15.45592383
v 4.16012500 0.08986924 15.45297461
v 4.17594932 0.09385416 15.45031567
v 4.18882422 0.09696014 15.44866211
v 4.20328906 0.10044424 15.44730273
v 4.21781250 0.10384081 15.44647656
v 4.23238672 0.10711304 15.44619141
v 4.24699609 0.11022363 15.44644727
v 4.26162500 0.11313471 15.44725000
v 4.27626172 0.11580840 15.44860156
v 4.28912041 0.11800337 15.45022989
v 4.30547266 0.12029485 15.45297070
v 4.31842335 0.12196426 15.45561259
v 4.33444141 0.12340870 15.45956641
v 4.34830252 0.12447160 15.46352979
v 4.36294531 0.12494144 15.46837500
v 4.37733688 0.12523284 15.47371814
v 4.39073438 0.12493274 15.47933594
v 4.40552124 0.12449184 15.48616759
v 4.41758594 0.12365529 15.49236523
v 4.43244578 0.12258298 15.50066772
v 4.44332422 0.12139963 15.50736523
v 4.45786757 0.11983692 15.51701753
v 4.46779688 0.11843387 15.52423633
v 4.48155130 0.11656047 15.53494190
v 4.49089062 0.11499680 15.54287500
v 4.50342992 0.11299783 15.55424993
v 4.51248437 0.11129307 15.56318164
v 4.52775106 0.10863218 15.57936161
v 4.53248047 0.10749274 15.58504883
v 4.55077344 0.10373246 15.60836523
v 4.55925000 0.10190131 15.62052930
v 4.56726172 0.10011745 15.63300977
v 4.57480469 0.09838927 15.64579102
v 4.58185937 0.09672409 15.65885156
v 4.58842187 0.09512718 15.67217969
v 4.59447656 0.09360291 15.68575000
v 4.60001563 0.09215391 15.69954883
v 4.60503125 0.09078201 15.71355469
v 4.60951563 0.08948763 15.72774609
v 4.61346094 0.08827055 15.74210352
v 4.61686328 0.08712945 15.75660547
v 4.61971094 0.08606248 15.77123242
v 4.62373047 0.08414026 15.80077148
v 4.62490234 0.08327809 15.81564063
v 4.62550391 0.08247660 15.83054687
v 4.62553906 0.08173303 15.84546680
v 4.62534766 0.08138113 15.85292383
v 4.62501172 0.08104182 15.86037695
v 4.62391406 0.08046348 15.87526172
v 4.62225391 0.08004547 15.89010352
v 4.62002734 0.07978428 15.90487305
v 4.61724219 0.07967130 15.91955078
v 4.61389844 0.07969945 15.93411133
v 4.61000391 0.07986176 15.94853320
v 4.60556641 0.08014987 15.96279688
v 4.60058984 0.08055498 15.97687695
v 4.59508203 0.08106767 15.99075391
v 4.58905469 0.08167814 16.00441016
v 4.58251172 0.08237575 16.01782227
v 4.57546875 0.08314943 16.03097461
v 4.56792969 0.08398724 16.04384570
v 4.55991406 0.08487684 16.05641992
v 4.55142187 0.08580495 16.06867773
v 4.54247656 0.08675792 16.08060352
v 4.53308594 0.08772118 16.09218164
v 4.52325781 0.08867977 16.10339453
v 4.51301563 0.08961797 16.11422656
v 4.50236328 0.09051965 16.12466406
v 4.49132422 0.09136809 16.13469141
v 4.47990625 0.09214622 16.14429687
v 4.46812891 0.09283657 16.15346289
v 4.45600781 0.09342148 16.16217773
v 4.44356250 0.09388308 16.17042773
v 4.43080859 0.09420351 16.17819922
v 4.40445312 0.09435013 16.19226563
v 4.39089453 0.09414178 16.19853711
v 4.37711328 0.09372340 16.20428711
v 4.36670755 0.09329616 16.20824919
v 4.34896875 0.09219459 16.21418555
v 4.32022266 0.08965033 16.22190430
v 4.29108984 0.08599831 16.22740625
v 4.26177734 0.08124621 16.23068359
v 4.24904957 0.07892571 16.23142790
v 4.23247656 0.07552982 16.23175391
v 4.20333594 0.06904208 16.23064648
v 4.17448828 0.06198933 16.22740039
v 4.16021094 0.05831375 16.22498633
v 4.14605078 0.05457153 16.22205078
v 4.11812500 0.04698210 16.21463672
v 4.10438672 0.04318125 16.21016406
v 4.09081641 0.03940642 16.20518750
v 4.07742578 0.03567931 16.19971094
v 4.06423047 0.03202121 16.19373633
v 4.05124609 0.02845275 16.18726953
v 4.03848438 0.02499406 16.18031445
v 4.02596484 0.02166410 16.17287500
v 4.01370313 0.01848134 16.16495898
v 4.00171094 0.01546317 16.15657227
v 3.99001562 0.01262620 16.14772266
v 3.97862891 0.00998515 16.13841797
v 3.96757031 0.00755385 16.12866992
v 3.95410415 0.00477771 16.11575974
v 3.94652734 0.00336738 16.10789062
v 3.93657422 0.00163101 16.09688867
v 3.92703125 0.00014168 16.08549609
v 3.91791016 -0.00109621 16.07373242
v 3.91351172 -0.00162011 16.06771875
v 3.90923047 -0.00208057 16.06161719
v 3.90506250 -0.00247753 16.05543359
v 3.90517969 -0.00295507 16.05542383
v 3.90935156 -0.00255729 16.06160742
v 3.91363672 -0.00209605 16.06770898
v 3.91771002 -0.00161675 16.07329001
v 3.92716406 -0.00033174 16.08548633
v 3.93671484 0.00115897 16.09687891
v 3.94666797 0.00289684 16.10788086
v 3.95701172 0.00487519 16.11848047
v 3.96772266 0.00708609 16.12866016
v 3.97878516 0.00951863 16.13840820
v 3.99017578 0.01216080 16.14771289
v 4.00187500 0.01499875 16.15656055
v 4.01386719 0.01801775 16.16494727
v 4.02613281 0.02120119 16.17286328
v 4.03865234 0.02453164 16.18030078
v 4.05141406 0.02799065 16.18725586
v 4.06439844 0.03155925 16.19372070
v 4.07759375 0.03521729 16.19969531
v 4.09098437 0.03894437 16.20517188
v 4.10455078 0.04271896 16.21014648
v 4.11828906 0.04651897 16.21461914
v 4.13217969 0.05032233 16.21858008
v 4.14620703 0.05410655 16.22203125
v 4.16036719 0.05784777 16.22496484
v 4.17464063 0.06152181 16.22737695
v 4.18901562 0.06510450 16.22926563
v 4.20347656 0.06857122 16.23062305
v 4.21801172 0.07189664 16.23144531
v 4.23260156 0.07505531 16.23172852
v 4.24723437 0.07802092 16.23146680
v 4.26188672 0.08076774 16.23065820
v 4.27654297 0.08327292 16.22929492
v 4.29117969 0.08551596 16.22737891
v 4.30576953 0.08748273 16.22490625
v 4.32029297 0.08916464 16.22187500
v 4.33471875 0.09056879 16.21829102
v 4.34901953 0.09170650 16.21415625
v 4.36317187 0.09259039 16.20947656
v 4.38730451 0.09362272 16.20007252
v 4.40446875 0.09385973 16.19223633
v 4.41777344 0.09387448 16.18545508
v 4.43080859 0.09371291 16.17816992
v 4.44355469 0.09339257 16.17039648
v 4.45599219 0.09293114 16.16214648
v 4.46810547 0.09234651 16.15343164
v 4.47987891 0.09165650 16.14426562
v 4.49128906 0.09087876 16.13466211
v 4.51296875 0.08912957 16.11419727
v 4.52320703 0.08819189 16.10336328
v 4.53303125 0.08723383 16.09215039
v 4.54241797 0.08627113 16.08057227
v 4.55135937 0.08531873 16.06864648
v 4.55984375 0.08439117 16.05638672
v 4.56785938 0.08350215 16.04381445
v 4.57539453 0.08266491 16.03094141
v 4.58243359 0.08189180 16.01778906
v 4.58897266 0.08119476 16.00437695
v 4.59500000 0.08058485 15.99072070
v 4.60050391 0.08007274 15.97684180
v 4.60547656 0.07966819 15.96275977
v 4.60991406 0.07938064 15.94849805
v 4.61380469 0.07921889 15.93407422
v 4.61714453 0.07919131 15.91951172
v 4.61992578 0.07930486 15.90483398
v 4.62214844 0.07956660 15.89006250
v 4.62380859 0.07998518 15.87522070
v 4.62490625 0.08056406 15.86033594
v 4.62523828 0.08090360 15.85288281
v 4.62543359 0.08125568 15.84542773
v 4.62539453 0.08199963 15.83050977
v 4.62478516 0.08280151 15.81560547
v 4.62361719 0.08366406 15.80074023
v 4.62188281 0.08459125 15.78593359
v 4.61958984 0.08558702 15.77120703
v 4.61673828 0.08665434 15.75658203
v 4.61333984 0.08779577 15.74208203
v 4.60939062 0.08901313 15.72772852
v 4.60490625 0.09030776 15.71353906
v 4.59989062 0.09167988 15.69953711
v 4.59434766 0.09312904 15.68574023
v 4.58829297 0.09465340 15.67217188
v 4.58173047 0.09625032 15.65884766
v 4.57467578 0.09791544 15.64578906
v 4.56713281 0.09964347 15.63301172
v 4.55912109 0.10142709 15.62053320
v 4.55064453 0.10325788 15.60837109
v 4.54171875 0.10512519 15.59654102
v 4.53235938 0.10701712 15.58505859
v 4.52257031 0.10891927 15.57393945
v 4.51237109 0.11081593 15.56319531
v 4.50176953 0.11268867 15.55284375
v 4.49078516 0.11451768 15.54289453
v 4.47942578 0.11628030 15.53336328
v 4.46770312 0.11795239 15.52425977
v 4.45564063 0.11950696 15.51559961
v 4.44324609 0.12091557 15.50739453
v 4.43053516 0.12214698 15.49965625
v 4.41752734 0.12316872 15.49239844
v 4.40424219 0.12394627 15.48563281
v 4.39069922 0.12444414 15.47937109
v 4.37692578 0.12462498 15.47362695
v 4.36293750 0.12445187 15.46841211
v 4.34877734 0.12389130 15.46373437
v 4.33446484 0.12291984 15.45960547
v 4.32003906 0.12155082 15.45602930
v 4.30552344 0.11980827 15.45300977
v 4.29094922 0.11772216 15.45054688
v 4.27633984 0.11532494 15.44864258
v 4.26171094 0.11265291 15.44728906
v 4.24708984 0.10974345 15.44648633
v 4.23248828 0.10663440 15.44623047
v 4.21792188 0.10336356 15.44651758
v 4.20340234 0.09996819 15.44734180
v 4.18894141 0.09648506 15.44870117
v 4.17455469 0.09294939 15.45059180
v 4.16025000 0.08939541 15.45301172
v 4.14603906 0.08585501 15.45595898
v 4.13193750 0.08235876 15.45943359
v 4.11795703 0.07893423 15.46342969
v 4.09299059 0.07301605 15.47197889
v 4.07689062 0.06933017 15.47854297
v 4.06355078 0.06641468 15.48461133
v 4.05042187 0.06366522 15.49118555
v 4.03751563 0.06108802 15.49826172
v 4.02486328 0.05868628 15.50583203
v 4.01248047 0.05645794 15.51388477
v 4.00038672 0.05439767 15.52241211
v 3.99445703 0.05342747 15.52684961
v 3.99152344 0.05295691 15.52911133
v 3.99006641 0.05272549 15.53025391
v 3.91796094 -0.00133501 16.07371484
v 3.91356641 -0.00185917 16.06769922
v 3.91359766 -0.00201224 16.06768750
v 3.91799609 -0.00148792 16.07370313
v 3.90507813 -0.00256370 16.05542773
v 3.91792969 -0.00118210 16.07372656
v 3.91353125 -0.00170609 16.06771094
v 3.90924609 -0.00216665 16.06161133
v 3.93663281 0.00139324 16.09687109
v 3.95692578 0.00510750 16.11847266
v 3.97869531 0.00974923 16.13840234
v 3.92708594 -0.00009660 16.08547852
v 4.00178125 0.01522795 16.15655859
v 4.02603516 0.02142935 16.17286133
v 4.05131641 0.02821822 16.18725586
v 4.07749609 0.03544471 16.19969727
v 4.10445703 0.04294628 16.21015234
v 4.13208594 0.05055085 16.21858789
v 4.16027734 0.05807718 16.22497266
v 4.18892969 0.06533594 16.22927539
v 4.21792969 0.07213010 16.23145703
v 4.24716016 0.07825670 16.23148047
v 4.27648047 0.08351114 16.22931055
v 4.30571875 0.08772329 16.22492187
v 4.33467578 0.09081128 16.21830859
v 4.36314062 0.09283425 16.20949414
v 4.39089844 0.09389651 16.19852734
v 4.41775781 0.09411981 16.18547461
v 4.44354688 0.09363811 16.17041797
v 4.46810938 0.09259200 16.15345312
v 4.49129687 0.09112399 16.13468359
v 4.51298438 0.08937439 16.11421875
v 3.90514453 -0.00287051 16.05540234
v 3.90931250 -0.00247313 16.06158789
v 4.53305078 0.08747813 16.09217383
v 4.55138672 0.08556244 16.06866992
v 4.56789063 0.08374523 16.04383789
v 4.58246875 0.08213422 16.01781445
v 4.59503906 0.08082659 15.99074609
v 4.60551953 0.07990923 15.96278711
v 4.61384766 0.07945923 15.93410156
v 4.61997656 0.07954447 15.90486133
v 4.62386328 0.08022408 15.87525000
v 4.62499219 0.08095578 15.86037305
v 4.62532813 0.08129513 15.85291992
v 4.62551953 0.08164706 15.84546289
v 4.62495703 0.08080261 15.86036328
v 4.62529297 0.08114202 15.85291016
v 4.62548438 0.08149400 15.84545508
v 4.62484375 0.08303941 15.81563086
v 4.62194141 0.08482873 15.78595313
v 4.61680078 0.08689141 15.75660156
v 4.60945703 0.08924986 15.72774219
v 4.59995312 0.09191633 15.69954883
v 4.58835937 0.09488969 15.67217969
v 4.57474219 0.09815175 15.64579492
v 4.55918750 0.10166358 15.62053516
v 4.54178516 0.10536211 15.59654102
v 4.52263281 0.10915685 15.57393555
v 4.50182813 0.11292718 15.55283789
v 4.47947656 0.11651997 15.53335352
v 4.45568750 0.11974796 15.51558789
v 4.43057422 0.12238939 15.49964258
v 4.40426953 0.12418997 15.48561719
v 4.37693750 0.12486961 15.47361133
v 4.34877344 0.12413615 15.46371680
v 4.32002344 0.12179500 15.45600977
v 4.29091797 0.11796502 15.45052734
v 4.26167188 0.11289414 15.44726953
v 4.23243750 0.10687404 15.44621094
v 4.20334375 0.10020650 15.44732227
v 4.17449609 0.09318678 15.45057227
v 4.14598047 0.08609196 15.45594141
v 4.11789453 0.07917126 15.46341406
v 4.09035547 0.07263682 15.47297266
v 4.05036328 0.06390408 15.49117578
v 4.03746484 0.06132759 15.49825391
v 4.02481250 0.05892630 15.50582422
v 3.98852734 0.05297974 15.53139648
v 3.98856641 0.05275693 15.53140039
v 4.01242969 0.05669875 15.51388086
v 4.00031641 0.05479381 15.52240625
v 3.99437891 0.05386761 15.52684570
v 3.99144531 0.05341908 15.52910742
v 3.98925391 0.05308901 15.53082422
v 3.98871094 0.05300690 15.53125391
v 3.98889062 0.05303426 15.53111133
v 3.98998438 0.05319864 15.53025195
v 3.98897266 0.05255539 15.53111719
v 3.98878906 0.05252530 15.53125977
v 3.99006250 0.05273613 15.53025586
v 3.99151953 0.05297844 15.52911328
v 3.98933594 0.05261559 15.53083008
v 3.98852734 0.05297958 15.53139844
v 3.98853516 0.05292386 15.53139844
v 3.98857422 0.05298637 15.53136328
v 3.98855078 0.05298295 15.53138086
v 3.98861719 0.05299321 15.53132617
v 4.00034375 0.05463908 15.52240820
v 3.98869922 0.05251026 15.53133203
v 3.98853906 0.05298124 15.53138867
v 3.98854687 0.05286822 15.53139844
v 4.06349219 0.06665312 15.48459961
v 3.98853125 0.05297996 15.53139648
v 3.98852734 0.05297954 15.53139844
v 3.98852734 0.05297955 15.53139844
v 3.98853516 0.05293777 15.53139844
v 3.98853125 0.05296560 15.53139844
v 3.98853125 0.05295169 15.53139844
v 3.98852734 0.05297951 15.53139844
v 3.98853125 0.05298038 15.53139453
v 3.99444922 0.05347075 15.52684961
v 4.62492188 0.08064945 15.86035547
v 4.62525781 0.08098891 15.85290234
v 4.62545312 0.08134095 15.84544531
v 4.00037109 0.05448436 15.52241211
v 3.98865234 0.05250274 15.53136719
v 3.98862891 0.05249897 15.53138477
v 3.98862109 0.05249709 15.53139453
v 3.98861328 0.05249615 15.53139844
v 3.98860937 0.05249569 15.53140039
v 3.98860156 0.05253435 15.53140234
v 3.90892969 -0.00252016 16.06644336
v 3.90862132 -0.00246429 16.06487566
v 3.90878316 -0.00223145 16.06232573
v 3.91755078 -0.00190042 16.08338672
v 3.91703516 -0.00184145 16.08104102
v 3.93071912 -0.00047010 16.10622928
v 3.92587109 -0.00091204 16.09626953
v 3.92070427 -0.00128353 16.08456883
v 3.93652344 0.00030456 16.11568945
v 3.93508984 0.00105980 16.09978516
v 3.94708829 0.00170396 16.13445591
v 3.95833594 0.00388011 16.14678906
v 3.94311421 0.00158792 16.12057698
v 3.97198607 0.00652917 16.16379962
v 3.96614844 0.00677304 16.13468359
v 3.98301953 0.00885796 16.17649219
v 4.00148657 0.01343204 16.18918613
v 3.96922118 0.00654040 16.15087217
v 3.99392057 0.01190637 16.17678398
v 4.04442985 0.02333038 16.24069965
v 4.02920184 0.02180647 16.18686938
v 4.01608056 0.01689116 16.20376173
v 4.07243141 0.03069168 16.26175798
v 4.02928512 0.01984178 16.22147381
v 4.05439150 0.02695995 16.23047598
v 4.13339062 0.04738276 16.28761914
v 4.09508359 0.03763125 16.25983748
v 4.10301213 0.04140687 16.23485258
v 4.13112451 0.04704939 16.28191889
v 4.13516050 0.05164426 16.21943640
v 4.20314062 0.06451106 16.31370703
v 4.15872776 0.05439622 16.28706579
v 4.19263465 0.06225401 16.30753117
v 4.24067969 0.07239704 16.32281641
v 4.22133427 0.06888474 16.30503074
v 4.19136219 0.06361387 16.27440410
v 4.27837891 0.07897534 16.32877148
v 4.31671875 0.08405264 16.33167188
v 4.25574255 0.07715095 16.28251974
v 4.30347904 0.08249148 16.32735197
v 4.26241488 0.07672355 16.31388423
v 4.33164207 0.08562551 16.32480435
v 4.37476953 0.08860644 16.33011719
v 4.36042652 0.08778354 16.32696076
v 4.31322647 0.08556567 16.28486945
v 4.37049592 0.08951555 16.29103015
v 4.36197745 0.09172578 16.23819205
v 4.44581042 0.09001951 16.27141060
v 4.39480936 0.09282421 16.23001638
v 4.53138672 0.08413324 16.25738281
v 4.46042645 0.08974982 16.25766291
v 4.48516508 0.08793516 16.26252365
v 4.54614042 0.08273269 16.23747855
v 4.50956669 0.08648256 16.23610367
v 4.56124599 0.08117966 16.20172346
v 4.62294922 0.07245882 16.19179492
v 4.59495327 0.07665541 16.19537694
v 4.64444004 0.06901346 16.15866073
v 4.56460710 0.08213391 16.13040409
v 4.67406250 0.06398504 16.13630664
v 4.59632485 0.07793452 16.09093368
v 4.69610937 0.06003241 16.10550977
v 4.66817766 0.06507822 16.11169679
v 4.71559766 0.05645075 16.07292773
v 4.62655392 0.07367577 16.04046558
v 4.69862729 0.05970302 16.06761553
v 4.74633203 0.05084007 16.00326563
v 4.71177700 0.05759106 16.01726739
v 4.65404317 0.06990992 15.97845839
v 4.73354726 0.05409071 15.95436322
v 4.67200315 0.06827577 15.91289719
v 4.76527344 0.04788752 15.92923438
v 4.77292664 0.04715284 15.88107545
v 4.77180078 0.04795811 15.85366406
v 4.69560185 0.06398493 15.88926660
v 4.72172022 0.06016268 15.82686548
v 4.62213633 0.08490558 15.78706882
v 4.76573828 0.04962113 15.77699805
v 4.76652393 0.04952013 15.79973947
v 4.75804297 0.05102467 15.73965820
v 4.73741368 0.05662358 15.75542951
v 4.67327689 0.07303004 15.74675462
v 4.68803362 0.06818128 15.67022342
v 4.67714345 0.07176501 15.69480899
v 4.66876111 0.07249045 15.63776526
v 4.61322301 0.08721347 15.61036869
v 4.65511898 0.07293994 15.57477789
v 4.62116406 0.08110232 15.54966211
v 4.60890234 0.08364182 15.53656445
v 4.59614453 0.08627222 15.52400586
v 4.55961471 0.09854381 15.54630884
v 4.58291797 0.08897795 15.51200586
v 4.53367121 0.10468189 15.53552796
v 4.56924219 0.09174088 15.50057617
v 4.53128529 0.10433486 15.52377939
v 4.55514453 0.09453890 15.48973633
v 4.51183982 0.10875041 15.51780972
v 4.54064453 0.09734502 15.47949609
v 4.49107080 0.11231242 15.50317954
v 4.50633639 0.10754602 15.48931332
v 4.51053125 0.10285055 15.46086133
v 4.49496094 0.10547384 15.45248633
v 4.47019963 0.11434829 15.47976746
v 4.47908203 0.10795472 15.44475391
v 4.44106921 0.11788390 15.46449843
v 4.44647656 0.11230262 15.43124609
v 4.43598207 0.11812009 15.45760604
v 4.40936280 0.11916779 15.44082618
v 4.41291797 0.11549333 15.42040820
v 4.39585937 0.11652292 15.41601172
v 4.37971041 0.12154538 15.44084791
v 4.37865625 0.11709741 15.41231055
v 4.36134375 0.11718031 15.40930469
v 4.34852029 0.12098635 15.43288531
v 4.34396875 0.11676746 15.40700000
v 4.32656250 0.11586137 15.40539648
v 4.31673233 0.11854307 15.42705561
v 4.30916406 0.11446848 15.40449414
v 4.29181641 0.11259829 15.40428516
v 4.27455469 0.11028391 15.40476562
v 4.25740234 0.10758521 15.40592383
v 4.27599703 0.11273136 15.41979241
v 4.24039062 0.10456909 15.40774805
v 4.22354297 0.10130171 15.41022852
v 4.21721659 0.10208460 15.42826926
v 4.20686719 0.09784712 15.41335352
v 4.19037891 0.09426547 15.41711328
v 4.17409375 0.09061398 15.42149805
v 4.15709913 0.08796785 15.43960040
v 4.15801953 0.08694527 15.42650000
v 4.14217578 0.08330730 15.43211328
v 4.08793015 0.07174579 15.46481925
v 4.02303345 0.05870021 15.50298899
v 4.15711005 0.05697830 16.23391467
v 4.18586187 0.06487601 16.22895254
v 4.21508822 0.07179774 16.23136982
v 4.23366954 0.07488858 16.24796460
v 4.27563552 0.08371696 16.22941995
v 4.30533206 0.08801932 16.22501113
v 4.33337095 0.08987818 16.24077217
v 4.33684614 0.09128660 16.21773458
v 4.35892908 0.09186386 16.23193326
v 4.40381826 0.09339549 16.21747916
v 4.41760681 0.09436250 16.18556922
v 4.57668119 0.09544792 15.56900391
v 4.54115714 0.10597891 15.59552511
v 4.45306440 0.11857494 15.49067062
v 4.42538021 0.12136780 15.47593929
v 4.39653552 0.12310696 15.46330873
v 4.36676969 0.12344964 15.45289201
v 4.33724236 0.12221005 15.44556389
v 4.30655654 0.11912742 15.43968957
v 4.26648041 0.11262204 15.43254487
v 4.41335547 0.08963947 16.32509961
v 4.41837334 0.08972453 16.30547904
v 4.45146875 0.08921041 16.31691602
v 4.49356907 0.08733500 16.30890982
v 4.55244053 0.08200621 16.28212593
v 4.74731641 0.05289977 15.70312500
v 4.71870193 0.05998364 15.67482447
v 4.71716406 0.05829500 15.63351758
v 4.70790234 0.06001868 15.61701758
v 4.69835816 0.06123784 15.59312711
v 4.11124219 0.07628738 15.44514063
v 4.09618359 0.07297279 15.45253906
v 4.06699609 0.06685561 15.46906055
v 4.04556616 0.06284687 15.48641832
v 4.03920313 0.06150226 15.48779688
v 4.01258203 0.05684409 15.50897070
v 4.00033203 0.05484155 15.51995898
v 3.90111719 -0.00329156 16.04916797
v 3.90299609 -0.00324801 16.05341211
v 3.90585075 -0.00315888 16.05977897
v 3.90481250 -0.00316352 16.05708984
v 3.90400680 -0.00307915 16.05391709
v 3.90652724 -0.00300031 16.05956006
v 3.90983010 -0.00281398 16.06623316
v 3.90786648 -0.00306485 16.06403731
v 3.91197876 -0.00242820 16.06727376
v 3.91443779 -0.00263822 16.07715822
v 3.91664302 -0.00237644 16.08024965
v 3.91555121 -0.00221774 16.07487660
v 3.92254124 -0.00187798 16.09177950
v 3.92273486 -0.00125004 16.08380243
v 3.92968284 -0.00110163 16.10446966
v 3.93633984 -0.00021334 16.11518164
v 3.93227614 -0.00038175 16.10324747
v 3.93434457 0.00048862 16.09796683
v 3.94218632 0.00076106 16.12242061
v 3.95778516 0.00328249 16.14586523
v 3.94603426 0.00172335 16.12234760
v 3.97748072 0.00720473 16.16941615
v 3.98081331 0.00844348 16.16417463
v 3.95483728 0.00277771 16.14128760
v 3.98155859 0.00804142 16.17468555
v 3.96290384 0.00479976 16.14315460
v 3.99218756 0.01054719 16.18372966
v 4.00747266 0.01396379 16.20145508
v 4.02370190 0.01800530 16.21524697
v 4.03532813 0.02089870 16.22601758
v 4.00708923 0.01454689 16.18951304
v 4.06493750 0.02865196 16.24824805
v 4.09613281 0.03699364 16.26804883
v 4.03410687 0.02181661 16.20353879
v 4.12875391 0.04566174 16.28533398
v 4.10820275 0.04116561 16.25718486
v 4.09372748 0.03783563 16.23941534
v 4.16266406 0.05436421 16.30003320
v 4.15525478 0.05366503 16.27529777
v 4.19772266 0.06277765 16.31206836
v 4.23380469 0.07054371 16.32135352
v 4.18362929 0.06131848 16.27121756
v 4.25521021 0.07510805 16.30849722
v 4.22508928 0.07065847 16.27971992
v 4.27075000 0.07726842 16.32779688
v 4.21616719 0.07045903 16.24957389
v 4.28948437 0.08012344 16.32992188
v 4.25050287 0.07523557 16.28928398
v 4.30835547 0.08259385 16.33129687
v 4.31569932 0.08379899 16.31890614
v 4.24663493 0.07678404 16.25140759
v 4.27793410 0.08077534 16.27572895
v 4.34636719 0.08634836 16.33176758
v 4.36542969 0.08763027 16.33084961
v 4.30186374 0.08432789 16.27301547
v 4.33534315 0.08696908 16.28671718
v 4.36802194 0.08910338 16.28820902
v 4.43688137 0.08990035 16.27711216
v 4.49354517 0.08725056 16.24998540
v 4.56848437 0.07953716 16.23479492
v 4.59832813 0.07559698 16.21286328
v 4.53676653 0.08304383 16.23939908
v 4.62633203 0.07143741 16.18857422
v 4.51288498 0.08914214 16.11436075
v 4.65233203 0.06722589 16.16206641
v 4.67615234 0.06311811 16.13349414
v 4.69763672 0.05925478 16.10302344
v 4.67862828 0.06346378 16.02881310
v 4.71663281 0.05576004 16.07083789
v 4.59966262 0.07666606 16.10260303
v 4.70351687 0.05843838 16.04832709
v 4.73300391 0.05274148 16.03713672
v 4.71788610 0.05595621 16.01468007
v 4.74661719 0.05029148 16.00214258
v 4.68558114 0.06342339 15.96286372
v 4.72984093 0.05400492 15.97988346
v 4.75737109 0.04848972 15.96608789
v 4.73925190 0.05266751 15.94402953
v 4.76517188 0.04740769 15.92922656
v 4.70757002 0.06039958 15.90557332
v 4.74100646 0.05318437 15.90314290
v 4.76995703 0.04711207 15.89182031
v 4.77067969 0.04716656 15.88241992
v 4.70410443 0.06255410 15.86638962
v 4.77120703 0.04725601 15.87301367
v 4.75011312 0.05230867 15.86103847
v 4.77168750 0.04747247 15.85422070
v 4.70670248 0.06295220 15.83451885
v 4.76140619 0.05013951 15.83452999
v 4.77035937 0.04810868 15.81666406
v 4.70434521 0.06437717 15.79078803
v 4.74878698 0.05342090 15.79642985
v 4.76599609 0.04907155 15.77935742
v 4.73986486 0.05550749 15.75744685
v 4.75862891 0.05042422 15.74255664
v 4.16774029 0.05734145 16.26848955
v 4.20664184 0.06537107 16.29943204
v 3.90304297 -0.00325675 16.05364258
v 3.90501953 -0.00320270 16.05813281
v 3.90704297 -0.00312735 16.06259766
v 3.90911328 -0.00303050 16.06703906
v 3.91122656 -0.00291259 16.07145508
v 3.91338281 -0.00277334 16.07584570
v 3.91782422 -0.00243062 16.08454883
v 3.91558203 -0.00261271 16.08020898
v 4.42236328 0.08917294 16.32345898
v 4.45971875 0.08844727 16.31470313
v 4.49625000 0.08652324 16.30295312
v 4.53169531 0.08360701 16.28829883
v 4.56582422 0.07992131 16.27084375
v 3.90710938 -0.00279953 16.05859375
v 4.40644523 0.09325480 16.21949125
v 4.74831641 0.05222918 15.70651758
v 4.74208594 0.05331971 15.68886133
v 4.73514844 0.05454445 15.67149023
v 4.71923047 0.05741876 15.63771875
v 4.68391320 0.06822836 15.65035506
v 4.70069531 0.06088556 15.60543750
v 4.67968750 0.06495857 15.57486133
v 4.64737500 0.07517834 15.58193750
v 4.62512109 0.07978390 15.55432031
v 4.60084375 0.08480776 15.52869141
v 4.57470703 0.09014458 15.50519336
v 4.54689844 0.09564926 15.48394922
v 4.51758203 0.10111351 15.46505664
v 4.48693750 0.10626164 15.44859766
v 4.45513672 0.11076676 15.43463867
v 4.43885547 0.11266380 15.42861719
v 4.42235938 0.11425745 15.42324805
v 4.40567188 0.11549667 15.41853711
v 4.38882812 0.11633094 15.41449219
v 4.37185937 0.11670343 15.41112109
v 4.35480469 0.11659692 15.40842578
v 4.33769922 0.11601088 15.40640820
v 4.32058203 0.11494936 15.40507227
v 4.30348828 0.11341930 15.40441211
v 4.28644922 0.11143396 15.40442383
v 4.67815342 0.07120068 15.71076710
v 4.60971297 0.08680065 15.59338146
v 4.26950391 0.10903478 15.40509961
v 4.25266797 0.10628265 15.40642969
v 4.23597266 0.10324062 15.40840234
v 4.21943359 0.09997127 15.41100781
v 4.20306641 0.09653551 15.41423633
v 4.18688672 0.09299007 15.41807617
v 4.17090234 0.08938891 15.42251953
v 4.15512891 0.08578065 15.42756055
v 4.13958203 0.08221006 15.43319141
v 4.12426953 0.07871645 15.43940430
v 4.10921094 0.07533429 15.44619336
v 4.09442969 0.07209155 15.45354883
v 4.07993750 0.06901094 15.46146484
v 4.06576172 0.06610799 15.46992773
v 4.05192969 0.06339246 15.47892578
v 4.04514453 0.06210596 15.48362109
v 4.03833713 0.06081661 15.48862178
v 4.01267578 0.05636203 15.50898438
v 4.00635807 0.05531553 15.51442572
v 4.00041797 0.05435824 15.51996875
v 48.60714844 -0.01440291 8.22627148
v 48.60720312 -0.01464225 8.22625195
v 48.60716797 -0.01449672 8.22625965
v 48.60718750 -0.01458239 8.22625488
v 48.60717187 -0.01452259 8.22625293
v 48.60718750 -0.01458240 8.22625000
v 48.60717187 -0.01452258 8.22625098
v 48.60718750 -0.01458238 8.22624902
v 48.60720312 -0.01464205 8.22624609
v 48.60714062 -0.01440302 8.22625098
v 48.60716073 -0.01447990 8.22624954
v 48.60717969 -0.01455242 8.22624805
v 48.60718750 -0.01458230 8.22624707
v 48.60719531 -0.01461218 8.22624707
v 48.60720312 -0.01464210 8.22624609
v 48.60720312 -0.01464214 8.22624609
v 48.60720312 -0.01464219 8.22624707
v 48.60720312 -0.01464221 8.22624805
v 48.60718760 -0.01456300 8.22625848
v 48.60717193 -0.01452260 8.22626109
v 48.65089844 0.01349243 7.96736523
v 48.65094531 0.01325038 7.96736719
v 48.65099219 0.01325843 7.96730957
v 48.65104687 0.01326648 7.96725195
v 48.65114844 0.01328257 7.96713770
v 48.65135937 0.01331476 7.96690723
v 48.65177344 0.01337920 7.96644824
v 48.65260937 0.01350854 7.96553125
v 48.65429688 0.01377040 7.96371191
v 48.65600000 0.01403690 7.96191113
v 48.65600000 0.01403691 7.96191016
v 48.65771875 0.01430780 7.96012695
v 48.65771875 0.01430782 7.96012695
v 48.65945312 0.01458354 7.95836035
v 48.66121094 0.01486435 7.95661230
v 48.66298438 0.01515045 7.95488281
v 48.66477344 0.01544200 7.95317187
v 48.66477344 0.01544204 7.95317187
v 48.66657813 0.01573936 7.95147949
v 48.67024219 0.01635195 7.94815039
v 48.67210156 0.01666748 7.94651367
v 48.67396875 0.01698936 7.94489746
v 48.67775781 0.01765265 7.94172266
v 48.67967187 0.01799433 7.94016504
v 48.67967187 0.01799443 7.94016504
v 48.68160156 0.01834303 7.93862695
v 48.68215718 0.01844816 7.93818479
v 48.68551563 0.01906088 7.93561133
v 48.68825540 0.01957496 7.93356325
v 48.69147656 0.02018906 7.93124219
v 48.69349219 0.02057878 7.92982715
v 48.69552344 0.02097533 7.92843262
v 48.69552344 0.02097549 7.92843164
v 48.69756250 0.02137886 7.92705859
v 48.69961719 0.02178885 7.92570605
v 48.70399005 0.02267413 7.92291551
v 48.70796094 0.02349149 7.92050977
v 48.71007031 0.02393193 7.91926465
v 48.71219531 0.02437795 7.91804199
v 48.71220313 0.02437820 7.91804102
v 48.71433594 0.02482966 7.91683887
v 48.71648438 0.02528617 7.91565918
v 48.72103126 0.02626022 7.91324268
v 48.72518750 0.02715591 7.91115918
v 48.72738281 0.02763259 7.91008887
v 48.72959375 0.02811231 7.90904199
v 48.72959375 0.02811264 7.90904102
v 48.73182031 0.02859513 7.90801562
v 48.73404687 0.02907982 7.90701270
v 48.73857323 0.03006266 7.90505041
v 48.74306250 0.03103097 7.90322461
v 48.74533594 0.03151945 7.90233496
v 48.74762500 0.03200727 7.90146680
v 48.74762500 0.03200768 7.90146582
v 48.74992187 0.03249442 7.90062109
v 48.75221875 0.03297938 7.89979785
v 48.75686020 0.03394622 7.89821001
v 48.76151563 0.03488924 7.89673730
v 48.76385938 0.03535622 7.89602930
v 48.76621094 0.03581782 7.89534473
v 48.76621094 0.03581827 7.89534375
v 48.76857031 0.03627397 7.89468262
v 48.77093750 0.03672294 7.89404395
v 48.77567845 0.03759932 7.89283238
v 48.78048438 0.03843698 7.89172461
v 48.78288281 0.03884147 7.89120410
v 48.78529688 0.03923494 7.89070703
v 48.78529688 0.03923538 7.89070605
v 48.78771094 0.03961720 7.89023242
v 48.79014062 0.03998649 7.88978320
v 48.79505460 0.04069726 7.88894059
v 48.79989063 0.04132226 7.88822754
v 48.80234375 0.04161689 7.88789941
v 48.80479688 0.04189424 7.88759570
v 48.80480469 0.04189458 7.88759473
v 48.80726562 0.04215382 7.88731641
v 48.80973437 0.04239423 7.88706152
v 48.81220313 0.04261506 7.88683203
v 48.81467188 0.04281554 7.88662793
v 48.81467969 0.04281580 7.88662695
v 48.81715625 0.04299516 7.88644727
v 48.81963281 0.04315265 7.88629297
v 48.82211719 0.04328752 7.88616406
v 48.82460156 0.04339898 7.88605957
v 48.82460938 0.04339912 7.88605957
v 48.82709375 0.04348646 7.88597949
v 48.82958594 0.04354937 7.88592578
v 48.83207031 0.04358759 7.88589746
v 48.83456250 0.04360086 7.88589453
v 48.83457031 0.04360086 7.88589453
v 48.83705469 0.04358907 7.88591699
v 48.83954688 0.04355277 7.88596484
v 48.84203906 0.04349268 7.88603809
v 48.84452344 0.04340952 7.88613672
v 48.84452344 0.04340937 7.88613672
v 48.84700781 0.04330377 7.88626074
v 48.84949219 0.04317641 7.88641016
v 48.85197656 0.04302788 7.88658496
v 48.85445312 0.04285880 7.88678418
v 48.85445312 0.04285851 7.88678418
v 48.85692969 0.04266946 7.88700879
v 48.85939844 0.04246113 7.88725879
v 48.86185938 0.04223417 7.88753320
v 48.86432031 0.04198923 7.88783203
v 48.86432813 0.04198880 7.88783301
v 48.86678125 0.04172641 7.88815723
v 48.86923437 0.04144733 7.88850586
v 48.87408968 0.04085246 7.88926187
v 48.87898438 0.04017754 7.89014453
v 48.88140625 0.03982498 7.89061426
v 48.88382031 0.03945965 7.89110840
v 48.88382031 0.03945897 7.89110840
v 48.88623438 0.03908131 7.89162695
v 48.88863281 0.03869210 7.89216895
v 48.89336722 0.03789525 7.89330143
v 48.89816406 0.03703197 7.89457031
v 48.90523437 0.03569365 7.89661816
v 48.90757031 0.03523312 7.89734570
v 48.91213851 0.03431518 7.89883303
v 48.91684375 0.03333241 7.90048730
v 48.92142186 0.03235533 7.90219177
v 48.92370313 0.03185829 7.90308301
v 48.92596875 0.03136070 7.90399219
v 48.92822656 0.03086060 7.90492383
v 48.93046875 0.03035842 7.90587793
v 48.93271094 0.02985458 7.90685352
v 48.93493750 0.02934953 7.90785156
v 48.93938140 0.02833435 7.90992156
v 48.94156250 0.02783015 7.91098047
v 48.94375000 0.02732439 7.91206641
v 48.94592188 0.02681939 7.91317480
v 48.94808594 0.02631549 7.91430371
v 48.95024219 0.02581303 7.91545508
v 48.95238281 0.02531236 7.91662695
v 48.95451562 0.02481382 7.91782129
v 48.95663281 0.02431777 7.91903613
v 48.95664062 0.02431659 7.91903906
v 48.95874219 0.02382336 7.92027637
v 48.96084375 0.02333325 7.92153418
v 48.96292187 0.02284652 7.92281348
v 48.96499219 0.02236346 7.92411328
v 48.96705469 0.02188435 7.92543457
v 48.96910156 0.02140947 7.92677637
v 48.97113281 0.02093911 7.92813965
v 48.97315634 0.02047268 7.92952275
v 48.97716406 0.01955659 7.93235547
v 48.97914062 0.01910668 7.93380078
v 48.98110938 0.01866228 7.93526563
v 48.98306250 0.01822355 7.93675195
v 48.98500000 0.01779062 7.93825684
v 48.98692969 0.01736364 7.93978320
v 48.98883594 0.01694277 7.94132813
v 48.98884375 0.01694165 7.94133301
v 48.99073438 0.01652703 7.94289746
v 48.99261719 0.01611868 7.94448242
v 48.99448437 0.01571662 7.94608691
v 48.99633594 0.01532089 7.94770996
v 48.99816406 0.01493151 7.94935254
v 48.99998437 0.01454851 7.95101465
v 49.00357821 0.01380185 7.95439326
v 49.00535156 0.01343702 7.95611621
v 49.00710156 0.01307979 7.95785254
v 49.00883594 0.01272905 7.95960742
v 49.01055469 0.01238480 7.96137891
v 49.01225781 0.01204705 7.96316895
v 49.01394531 0.01171583 7.96497656
v 49.01560937 0.01139113 7.96680176
v 49.01725781 0.01107298 7.96864453
v 49.01726563 0.01107206 7.96864941
v 49.01889062 0.01076048 7.97050879
v 49.02050781 0.01045544 7.97238477
v 49.02210156 0.01015691 7.97427832
v 49.02367187 0.00986487 7.97618750
v 49.02522656 0.00957928 7.97811328
v 49.02676563 0.00930013 7.98005566
v 49.02828125 0.00902740 7.98201270
v 49.02979121 0.00875972 7.98399428
v 49.03272656 0.00824663 7.98798730
v 49.03416406 0.00799927 7.99000684
v 49.03558594 0.00775814 7.99204102
v 49.04105245 0.00686296 8.00026479
v 49.04105528 0.00685589 8.00032494
v 49.04366406 0.00643927 8.00455762
v 49.04493750 0.00624056 8.00669141
v 49.04618750 0.00604768 8.00883691
v 49.04742187 0.00586057 8.01099609
v 49.04863281 0.00567917 8.01316895
v 49.05212500 0.00516800 8.01976660
v 49.05325000 0.00500879 8.02198730
v 49.05434375 0.00485495 8.02421973
v 49.05542188 0.00470640 8.02646289
v 49.05647656 0.00456308 8.02871777
v 49.05750000 0.00442491 8.03098340
v 49.05850781 0.00429182 8.03325977
v 49.05949219 0.00416373 8.03554687
v 49.05950000 0.00416329 8.03555469
v 49.06046094 0.00404011 8.03785254
v 49.06139844 0.00392177 8.04016016
v 49.06321574 0.00369846 8.04481313
v 49.06491406 0.00349559 8.04947949
v 49.06572656 0.00340041 8.05183008
v 49.06652344 0.00330960 8.05418945
v 49.06653125 0.00330927 8.05419824
v 49.06729687 0.00322268 8.05656738
v 49.06804688 0.00314030 8.05894434
v 49.06946290 0.00298978 8.06366291
v 49.07079687 0.00285135 8.06852246
v 49.07142187 0.00278885 8.07093359
v 49.07260156 0.00267464 8.07578418
v 49.07315625 0.00262301 8.07821582
v 49.07413941 0.00253543 8.08280600
v 49.07511719 0.00245058 8.08798730
v 49.07554688 0.00241560 8.09044141
v 49.07595407 0.00238349 8.09290687
v 49.07668750 0.00232869 8.09784082
v 49.07732321 0.00228616 8.10278773
v 49.07784375 0.00225276 8.10774121
v 49.07827303 0.00223086 8.11266357
v 49.07845313 0.00222306 8.11520215
v 49.07860937 0.00221799 8.11769043
v 49.07873438 0.00221522 8.12018066
v 49.07891406 0.00221629 8.12516504
v 49.07896094 0.00222000 8.12765723
v 49.07898437 0.00222571 8.13014551
v 49.07898437 0.00223337 8.13263379
v 49.07898437 0.00223341 8.13264355
v 49.07896094 0.00224299 8.13513672
v 49.07883594 0.00226766 8.14011523
v 49.07860937 0.00229929 8.14509570
v 49.07846319 0.00232213 8.14757555
v 49.07785156 0.00239248 8.15504297
v 49.07759375 0.00242986 8.15752441
v 49.07732031 0.00247386 8.16000195
v 49.07701563 0.00252437 8.16247656
v 49.07668750 0.00258131 8.16494824
v 49.07633594 0.00264456 8.16741699
v 49.07595312 0.00271387 8.16987598
v 49.07555444 0.00278986 8.17235614
v 49.07467187 0.00295897 8.17724805
v 49.07369657 0.00315234 8.18214276
v 49.07260937 0.00336873 8.18699316
v 49.07203906 0.00348569 8.18941406
v 49.07143750 0.00360839 8.19182910
v 49.07143750 0.00360897 8.19183984
v 49.07081250 0.00373755 8.19425098
v 49.07015625 0.00387179 8.19665527
v 49.06885651 0.00414330 8.20123892
v 49.06732031 0.00446379 8.20619238
v 49.06575592 0.00479214 8.21091529
v 49.06493750 0.00496509 8.21327148
v 49.06409375 0.00514256 8.21561230
v 49.06234861 0.00551191 8.22026923
v 49.06050000 0.00590293 8.22487598
v 49.05953906 0.00610534 8.22716602
v 49.05856250 0.00631261 8.22944629
v 49.05855469 0.00631364 8.22945703
v 49.05755469 0.00652598 8.23172949
v 49.05652344 0.00674306 8.23399121
v 49.05440763 0.00719225 8.23849911
v 49.05219531 0.00765674 8.24292188
v 49.04989851 0.00814151 8.24732580
v 49.04871094 0.00838914 8.24950488
v 49.04750781 0.00864138 8.25167285
v 49.04628125 0.00889767 8.25382715
v 49.04503906 0.00915795 8.25596875
v 49.04376562 0.00942210 8.25809668
v 49.04247656 0.00969006 8.26021191
v 49.03988945 0.01022729 8.26432781
v 49.03710938 0.01079961 8.26854785
v 49.03571094 0.01108523 8.27059375
v 49.03429688 0.01137406 8.27262500
v 49.03286719 0.01166602 8.27464160
v 49.03141406 0.01196099 8.27664355
v 49.02851394 0.01254602 8.28051598
v 49.02692187 0.01286454 8.28256934
v 49.02539062 0.01317050 8.28450977
v 49.02384375 0.01347890 8.28643457
v 49.02227344 0.01378963 8.28834277
v 49.02067969 0.01410256 8.29023535
v 49.01907031 0.01441756 8.29211230
v 49.01575316 0.01506330 8.29587044
v 49.01244531 0.01569757 8.29946094
v 49.01074219 0.01602103 8.30125293
v 49.00902344 0.01634577 8.30302832
v 49.00728906 0.01667164 8.30478516
v 49.00553906 0.01699851 8.30652539
v 49.00195428 0.01766032 8.30997893
v 48.99834375 0.01831490 8.31331348
v 48.99650781 0.01864456 8.31496191
v 48.99464844 0.01897431 8.31659277
v 48.99278125 0.01930401 8.31820410
v 48.99089062 0.01963349 8.31979687
v 48.98704894 0.02029750 8.32295202
v 48.98701861 0.02030761 8.32298257
v 48.98121094 0.02127398 8.32748145
v 48.97922656 0.02159882 8.32895801
v 48.97723438 0.02192233 8.33041504
v 48.97521875 0.02224433 8.33185156
v 48.97113738 0.02288840 8.33468421
v 48.97110609 0.02290033 8.33471292
v 48.96494531 0.02382777 8.33873633
v 48.96285156 0.02413703 8.34004980
v 48.96074219 0.02444345 8.34134180
v 48.95861719 0.02474681 8.34261328
v 48.95432119 0.02534668 8.34510555
v 48.94999219 0.02592709 8.34749023
v 48.94781250 0.02621183 8.34865332
v 48.94561719 0.02649214 8.34979492
v 48.94340625 0.02676777 8.35091406
v 48.94118750 0.02703848 8.35201172
v 48.93895312 0.02730403 8.35308691
v 48.93669455 0.02756868 8.35415161
v 48.93217969 0.02806874 8.35618359
v 48.92990625 0.02831115 8.35716895
v 48.92762500 0.02854719 8.35813086
v 48.92532813 0.02877662 8.35907031
v 48.92302344 0.02899920 8.35998633
v 48.91844100 0.02942073 8.36173112
v 48.91368750 0.02981746 8.36342285
v 48.91133594 0.03000221 8.36422266
v 48.90897656 0.03017871 8.36499805
v 48.90660938 0.03034675 8.36575000
v 48.90423438 0.03050610 8.36647754
v 48.90185156 0.03065653 8.36718164
v 48.89946094 0.03079781 8.36786133
v 48.89944531 0.03079869 8.36786621
v 48.89704688 0.03093055 8.36852148
v 48.89464063 0.03105284 8.36915332
v 48.89222656 0.03116535 8.36976074
v 48.88980469 0.03126788 8.37034277
v 48.88737500 0.03136023 8.37090137
v 48.88494531 0.03144221 8.37143555
v 48.88250781 0.03151359 8.37194434
v 48.88007031 0.03157419 8.37242871
v 48.88005469 0.03157456 8.37243164
v 48.87760156 0.03162410 8.37289160
v 48.87514844 0.03166248 8.37332520
v 48.87269531 0.03168954 8.37373535
v 48.87023438 0.03170512 8.37412012
v 48.86776562 0.03170903 8.37447949
v 48.86529687 0.03170112 8.37481445
v 48.86030459 0.03165275 8.37541617
v 48.85537500 0.03154743 8.37590332
v 48.85042013 0.03140143 8.37630423
v 48.84544531 0.03119276 8.37658691
v 48.84036939 0.03093604 8.37678348
v 48.83548438 0.03062786 8.37686621
v 48.83052964 0.03027188 8.37686331
v 48.82555469 0.02984837 8.37674121
v 48.82307813 0.02961951 8.37664844
v 48.82060937 0.02937685 8.37652930
v 48.82059375 0.02937510 8.37652832
v 48.81811719 0.02911848 8.37638477
v 48.81565625 0.02884796 8.37621582
v 48.81078208 0.02827700 8.37581272
v 48.80580469 0.02762421 8.37529297
v 48.80335937 0.02728450 8.37500098
v 48.80091406 0.02693155 8.37468457
v 48.80089844 0.02692897 8.37468262
v 48.79846094 0.02656232 8.37434082
v 48.79602344 0.02618304 8.37397559
v 48.79113787 0.02538896 8.37317642
v 48.78634375 0.02454929 8.37227539
v 48.78165819 0.02369282 8.37131117
v 48.77675000 0.02274244 8.37019043
v 48.77201637 0.02179060 8.36901978
v 48.76729687 0.02079629 8.36773730
v 48.76495312 0.02029134 8.36706641
v 48.76263069 0.01978459 8.36637959
v 48.75795313 0.01873346 8.36491211
v 48.75564062 0.01820391 8.36415039
v 48.75334375 0.01766931 8.36336523
v 48.75104688 0.01713007 8.36255859
v 48.74875781 0.01658656 8.36172852
v 48.74648438 0.01603917 8.36087695
v 48.74421875 0.01548830 8.36000293
v 48.74420312 0.01548411 8.35999707
v 48.74194531 0.01493012 8.35910059
v 48.73969531 0.01437339 8.35818262
v 48.73746094 0.01381426 8.35724219
v 48.73523437 0.01325310 8.35628027
v 48.73301563 0.01269026 8.35529590
v 48.73080469 0.01212609 8.35429102
v 48.72860937 0.01156094 8.35326367
v 48.72642187 0.01099518 8.35221387
v 48.72640625 0.01099081 8.35220605
v 48.72422656 0.01042478 8.35113574
v 48.72206250 0.00985881 8.35004395
v 48.71990625 0.00929322 8.34892969
v 48.71775781 0.00872831 8.34779492
v 48.71562500 0.00816442 8.34663965
v 48.70983542 0.00662938 8.34337355
v 48.70921462 0.00646761 8.34300320
v 48.70305469 0.00481575 8.33925098
v 48.70100000 0.00426770 8.33794727
v 48.69896094 0.00372310 8.33662402
v 48.69693750 0.00318222 8.33527930
v 48.69492187 0.00264535 8.33391504
v 48.69292188 0.00211278 8.33253027
v 48.69290625 0.00210854 8.33251855
v 48.69092188 0.00158060 8.33111328
v 48.68894531 0.00105750 8.32968750
v 48.68698438 0.00053949 8.32824121
v 48.68503125 0.00002683 8.32677539
v 48.68310156 -0.00048023 8.32528906
v 48.68117969 -0.00098144 8.32378320
v 48.67927344 -0.00147654 8.32225684
v 48.67738281 -0.00196529 8.32071191
v 48.67736719 -0.00196924 8.32069922
v 48.67548438 -0.00245182 8.31913184
v 48.67362500 -0.00292755 8.31754590
v 48.67004043 -0.00383237 8.31441614
v 48.66632031 -0.00475587 8.31101367
v 48.66453906 -0.00519326 8.30933496
v 48.66276324 -0.00562470 8.30763355
v 48.65925781 -0.00646106 8.30416504
v 48.65597415 -0.00722776 8.30079897
v 48.65246875 -0.00802371 8.29703711
v 48.65082031 -0.00839100 8.29521289
v 48.64912854 -0.00876103 8.29331012
v 48.64594531 -0.00943939 8.28961035
v 48.64279317 -0.01009012 8.28580270
v 48.63972656 -0.01069291 8.28192871
v 48.63674016 -0.01125857 8.27800738
v 48.63673183 -0.01125914 8.27798909
v 48.63379688 -0.01178249 8.27396875
v 48.63186849 -0.01211289 8.27122592
v 48.62956250 -0.01248604 8.26784180
v 48.62819531 -0.01269878 8.26577051
v 48.62685156 -0.01289968 8.26369238
v 48.62551986 -0.01309038 8.26159243
v 48.62420313 -0.01327089 8.25946777
v 48.62291406 -0.01343944 8.25733887
v 48.62164844 -0.01359691 8.25519629
v 48.61917969 -0.01387861 8.25087207
v 48.61797656 -0.01400285 8.24869043
v 48.61680469 -0.01411556 8.24650684
v 48.61564844 -0.01421732 8.24431055
v 48.61564062 -0.01421817 8.24429102
v 48.61450781 -0.01430926 8.24207227
v 48.61339063 -0.01438938 8.23984277
v 48.61230469 -0.01445859 8.23760156
v 48.61124219 -0.01451647 8.23536914
v 48.61123438 -0.01451694 8.23534863
v 48.61018750 -0.01456445 8.23308496
v 48.60917188 -0.01460092 8.23083105
v 48.60916406 -0.01460120 8.23081055
v 48.60817969 -0.01462693 8.22854687
v 48.60816406 -0.01462711 8.22852637
v 48.60811719 -0.01438773 8.22854590
v 48.60812500 -0.01438755 8.22856641
v 48.60911719 -0.01436170 8.23083008
v 48.60912500 -0.01436142 8.23085059
v 48.61013281 -0.01432515 8.23310449
v 48.61117969 -0.01427776 8.23536719
v 48.61118750 -0.01427729 8.23538770
v 48.61225000 -0.01421961 8.23762012
v 48.61333594 -0.01415055 8.23986133
v 48.61445312 -0.01407058 8.24209082
v 48.61675000 -0.01387722 8.24652441
v 48.61792188 -0.01376471 8.24870898
v 48.61912500 -0.01364066 8.25088965
v 48.62159375 -0.01335928 8.25521387
v 48.62285937 -0.01320194 8.25735645
v 48.62414063 -0.01303351 8.25948535
v 48.62678906 -0.01266261 8.26370996
v 48.62813281 -0.01246190 8.26578711
v 48.62950000 -0.01224934 8.26785938
v 48.63148655 -0.01192932 8.27078688
v 48.63373438 -0.01154620 8.27398535
v 48.63663932 -0.01102883 8.27797276
v 48.63815625 -0.01074438 8.27998535
v 48.63966406 -0.01045712 8.28194434
v 48.64273613 -0.00985464 8.28583148
v 48.64588281 -0.00920406 8.28962695
v 48.65075000 -0.00815597 8.29522754
v 48.65239844 -0.00778875 8.29705273
v 48.65588182 -0.00700080 8.30079071
v 48.65918750 -0.00622642 8.30418066
v 48.66625000 -0.00452145 8.31102832
v 48.66996638 -0.00360095 8.31442726
v 48.67355469 -0.00269325 8.31755957
v 48.67541406 -0.00221753 8.31914648
v 48.67729688 -0.00173497 8.32071289
v 48.67731250 -0.00173101 8.32072559
v 48.67920313 -0.00124227 8.32227148
v 48.68110937 -0.00074716 8.32379687
v 48.68303125 -0.00024594 8.32530273
v 48.68496094 0.00026115 8.32678906
v 48.68691406 0.00077383 8.32825488
v 48.68887500 0.00129187 8.32970117
v 48.69084375 0.00181501 8.33112695
v 48.69283594 0.00234300 8.33253223
v 48.69285156 0.00234724 8.33254297
v 48.69485156 0.00287987 8.33392871
v 48.69686719 0.00341679 8.33529297
v 48.69889062 0.00395774 8.33663672
v 48.70092969 0.00450242 8.33795996
v 48.70298437 0.00505054 8.33926270
v 48.70504688 0.00560182 8.34054492
v 48.70712500 0.00615597 8.34180664
v 48.70921094 0.00671270 8.34304688
v 48.70922656 0.00671709 8.34305664
v 48.71132813 0.00727614 8.34427539
v 48.71343750 0.00783716 8.34547363
v 48.71556250 0.00839984 8.34665137
v 48.71769531 0.00896386 8.34780664
v 48.71983594 0.00952889 8.34894141
v 48.72199219 0.01009463 8.35005469
v 48.72853906 0.01179721 8.35327344
v 48.73074219 0.01236252 8.35430078
v 48.73294531 0.01292686 8.35530664
v 48.73516406 0.01348987 8.35629004
v 48.73739844 0.01405122 8.35725195
v 48.73963281 0.01461053 8.35819141
v 48.74510375 0.01596095 8.36040402
v 48.75328125 0.01790766 8.36337305
v 48.75558594 0.01844247 8.36415723
v 48.75789844 0.01897224 8.36491895
v 48.76021875 0.01949660 8.36565820
v 48.76254687 0.02001514 8.36637500
v 48.76256250 0.02001897 8.36637988
v 48.76489844 0.02053079 8.36707324
v 48.76724219 0.02103597 8.36774316
v 48.77185378 0.02200631 8.36899631
v 48.77670312 0.02298306 8.37019531
v 48.77909375 0.02344912 8.37075098
v 48.78159868 0.02392941 8.37131108
v 48.78629687 0.02479086 8.37227832
v 48.79115845 0.02563888 8.37318798
v 48.79598438 0.02642551 8.37397656
v 48.80093871 0.02718533 8.37469609
v 48.80577344 0.02786750 8.37529199
v 48.81316406 0.02880733 8.37602148
v 48.81562500 0.02909194 8.37621387
v 48.81809375 0.02936261 8.37638184
v 48.82057031 0.02961937 8.37652539
v 48.82058594 0.02962112 8.37652637
v 48.82305469 0.02986391 8.37664551
v 48.82553906 0.03009289 8.37673828
v 48.83050262 0.03051362 8.37685819
v 48.83546875 0.03087277 8.37686230
v 48.83796094 0.03103401 8.37683008
v 48.84044531 0.03118183 8.37677344
v 48.84046875 0.03118280 8.37677246
v 48.84295313 0.03131696 8.37669043
v 48.84543750 0.03143794 8.37658203
v 48.85039502 0.03164388 8.37629915
v 48.85537500 0.03179279 8.37589844
v 48.85785156 0.03184978 8.37566406
v 48.86042106 0.03189668 8.37539671
v 48.86529687 0.03194654 8.37480859
v 48.86776562 0.03195446 8.37447461
v 48.87023438 0.03195054 8.37411426
v 48.87269531 0.03193497 8.37372949
v 48.87515625 0.03190789 8.37332031
v 48.87760937 0.03186949 8.37288574
v 48.88005469 0.03181993 8.37242578
v 48.88007031 0.03181957 8.37242285
v 48.88251563 0.03175894 8.37193848
v 48.88495313 0.03168753 8.37142969
v 48.88738281 0.03160553 8.37089551
v 48.88981250 0.03151314 8.37033691
v 48.89223438 0.03141057 8.36975391
v 48.89464844 0.03129801 8.36914746
v 48.89705469 0.03117568 8.36851563
v 48.89957566 0.03103754 8.36782808
v 48.90425000 0.03075108 8.36647168
v 48.90662500 0.03059168 8.36574316
v 48.90899219 0.03042359 8.36499121
v 48.91135938 0.03024703 8.36421582
v 48.91371094 0.03006222 8.36341699
v 48.91605469 0.02986940 8.36259375
v 48.91851327 0.02965803 8.36170131
v 48.92303906 0.02924370 8.35997949
v 48.92535156 0.02902105 8.35906348
v 48.92764063 0.02879156 8.35812402
v 48.92992969 0.02855545 8.35716211
v 48.93220313 0.02831297 8.35617676
v 48.93446875 0.02806436 8.35516992
v 48.93672656 0.02780985 8.35413965
v 48.93674219 0.02780826 8.35413281
v 48.93898437 0.02754805 8.35308008
v 48.94121094 0.02728244 8.35200488
v 48.94342969 0.02701166 8.35090820
v 48.94564063 0.02673596 8.34978809
v 48.94783594 0.02645558 8.34864746
v 48.95431131 0.02559534 8.34513973
v 48.95435853 0.02558660 8.34509404
v 48.95864844 0.02499022 8.34260645
v 48.96077344 0.02468679 8.34133594
v 48.96288281 0.02438030 8.34004395
v 48.96497656 0.02407098 8.33873047
v 48.96705469 0.02375902 8.33739648
v 48.97121023 0.02312373 8.33465159
v 48.97123262 0.02311652 8.33464160
v 48.97726563 0.02216516 8.33040918
v 48.97926562 0.02184159 8.32895215
v 48.98124219 0.02151669 8.32747559
v 48.98321094 0.02119062 8.32597949
v 48.98516406 0.02086353 8.32446387
v 48.98713619 0.02052662 8.32290547
v 48.99282031 0.01954638 8.31819922
v 48.99468750 0.01921663 8.31658789
v 48.99654687 0.01888682 8.31495703
v 48.99838281 0.01855711 8.31330859
v 49.00020312 0.01822765 8.31164160
v 49.00200354 0.01789877 8.30996172
v 49.00557812 0.01724051 8.30652051
v 49.00732813 0.01691360 8.30478125
v 49.00907031 0.01658768 8.30302344
v 49.01078906 0.01626289 8.30124902
v 49.01248437 0.01593938 8.29945703
v 49.01417188 0.01561730 8.29764746
v 49.01582873 0.01529751 8.29583082
v 49.01911719 0.01465920 8.29210840
v 49.02072656 0.01434416 8.29023145
v 49.02231250 0.01403119 8.28833887
v 49.02388281 0.01372043 8.28643066
v 49.02543750 0.01341199 8.28450586
v 49.02696875 0.01310599 8.28256543
v 49.02848437 0.01280257 8.28060937
v 49.02849219 0.01280096 8.28059863
v 49.02998437 0.01250025 8.27862695
v 49.03146094 0.01220233 8.27664063
v 49.03291406 0.01190733 8.27463867
v 49.03434375 0.01161533 8.27262207
v 49.03575781 0.01132646 8.27058984
v 49.03715625 0.01104081 8.26854395
v 49.03852344 0.01075850 8.26648437
v 49.03993049 0.01046750 8.26433243
v 49.04252344 0.00993114 8.26020996
v 49.04381250 0.00966315 8.25809473
v 49.04508594 0.00939896 8.25596582
v 49.04994055 0.00836774 8.24737521
v 49.04994575 0.00837985 8.24732022
v 49.05224219 0.00789757 8.24291992
v 49.05445484 0.00743047 8.23849558
v 49.05657031 0.00698378 8.23398926
v 49.05760156 0.00676667 8.23172754
v 49.05860156 0.00655430 8.22945605
v 49.05860938 0.00655327 8.22944434
v 49.05958594 0.00634597 8.22716406
v 49.06054688 0.00614352 8.22487402
v 49.06256504 0.00571545 8.21983766
v 49.06414063 0.00538304 8.21561133
v 49.06580419 0.00503019 8.21092993
v 49.06580534 0.00503144 8.21092861
v 49.06736719 0.00470416 8.20619238
v 49.06870394 0.00442361 8.20191204
v 49.07021094 0.00411203 8.19665430
v 49.07148430 0.00384730 8.19184996
v 49.07266406 0.00360884 8.18699316
v 49.07363994 0.00341121 8.18265621
v 49.07472656 0.00319894 8.17724805
v 49.07600781 0.00295373 8.16987598
v 49.07639063 0.00288440 8.16741797
v 49.07674219 0.00282113 8.16494922
v 49.07737500 0.00271370 8.16000293
v 49.07764844 0.00266966 8.15752539
v 49.07790625 0.00263214 8.15504492
v 49.07866406 0.00253868 8.14509668
v 49.07889062 0.00250690 8.14011523
v 49.07896875 0.00249359 8.13762891
v 49.07901562 0.00248210 8.13513574
v 49.07904688 0.00247247 8.13264258
v 49.07904688 0.00247243 8.13263184
v 49.07904688 0.00246470 8.13014355
v 49.07901562 0.00245890 8.12765527
v 49.07896875 0.00245513 8.12516211
v 49.07889062 0.00245345 8.12266992
v 49.07878906 0.00245393 8.12017773
v 49.07866406 0.00245663 8.11768750
v 49.07851563 0.00246162 8.11519824
v 49.07790625 0.00249109 8.10773633
v 49.07741466 0.00251949 8.10304748
v 49.07674219 0.00256671 8.09783496
v 49.07560937 0.00265337 8.09043359
v 49.07517969 0.00268827 8.08797949
v 49.07430075 0.00276199 8.08330551
v 49.07321875 0.00286035 8.07820605
v 49.07266406 0.00291189 8.07577441
v 49.07208594 0.00296700 8.07334863
v 49.07208594 0.00296722 8.07333984
v 49.07148437 0.00302592 8.07092285
v 49.07085937 0.00308833 8.06851172
v 49.06953899 0.00322213 8.06370240
v 49.06810937 0.00337691 8.05893262
v 49.06659970 0.00354416 8.05419168
v 49.06658765 0.00354670 8.05413303
v 49.06497656 0.00373182 8.04946582
v 49.06326766 0.00393352 8.04477248
v 49.06146094 0.00415762 8.04014453
v 49.05857812 0.00452738 8.03324316
v 49.05757031 0.00466037 8.03096680
v 49.05653906 0.00479844 8.02870117
v 49.05548437 0.00494167 8.02644531
v 49.05441406 0.00509012 8.02420117
v 49.05107859 0.00555792 8.01755954
v 49.05105740 0.00555954 8.01753398
v 49.04749219 0.00609517 8.01097656
v 49.04625781 0.00628219 8.00881738
v 49.04500781 0.00647498 8.00667090
v 49.04373437 0.00667360 8.00453711
v 49.03978906 0.00730581 7.99821094
v 49.03842969 0.00752840 7.99613281
v 49.03705469 0.00775710 7.99406836
v 49.03565625 0.00799195 7.99201855
v 49.03423437 0.00823300 7.98998340
v 49.02989114 0.00898108 7.98399321
v 49.02835938 0.00926084 7.98198926
v 49.02683594 0.00953351 7.98003125
v 49.02530469 0.00981259 7.97808887
v 49.02375000 0.01009812 7.97616309
v 49.02217187 0.01039010 7.97425293
v 49.02057813 0.01068858 7.97235937
v 49.01896875 0.01099357 7.97048340
v 49.01733594 0.01130510 7.96862402
v 49.01732812 0.01130602 7.96861816
v 49.01567969 0.01162413 7.96677637
v 49.01401562 0.01194879 7.96495020
v 49.01233594 0.01227998 7.96314258
v 49.01063281 0.01261769 7.96135254
v 49.00891406 0.01296192 7.95958008
v 49.00370145 0.01401705 7.95440085
v 49.00368465 0.01401914 7.95438852
v 48.99824219 0.01516435 7.94932617
v 48.99640625 0.01555374 7.94768262
v 48.99455469 0.01594949 7.94605957
v 48.99268750 0.01635157 7.94445508
v 48.99081250 0.01675996 7.94287012
v 48.98891406 0.01717463 7.94130566
v 48.98890625 0.01717574 7.94130078
v 48.98700000 0.01759667 7.93975586
v 48.98507813 0.01802370 7.93823047
v 48.98313281 0.01845669 7.93672461
v 48.98117969 0.01889550 7.93523926
v 48.97921094 0.01933998 7.93377344
v 48.97328074 0.02068913 7.92951778
v 48.97326261 0.02069232 7.92950962
v 48.96712500 0.02211828 7.92540918
v 48.96506250 0.02259752 7.92408789
v 48.96299219 0.02308072 7.92278809
v 48.96090625 0.02356760 7.92150977
v 48.95457812 0.02504866 7.91779785
v 48.95245312 0.02554737 7.91660352
v 48.95030469 0.02604822 7.91543164
v 48.94815625 0.02655087 7.91428125
v 48.94599219 0.02705497 7.91315234
v 48.94381250 0.02756018 7.91204492
v 48.94162500 0.02806615 7.91095996
v 48.93942969 0.02857253 7.90989551
v 48.93942188 0.02857366 7.90989355
v 48.93721875 0.02908011 7.90885156
v 48.93500000 0.02958619 7.90783203
v 48.93277344 0.03009148 7.90683398
v 48.93053125 0.03059556 7.90585840
v 48.92828125 0.03109798 7.90490527
v 48.92602344 0.03159834 7.90397363
v 48.92375781 0.03209618 7.90306543
v 48.92148437 0.03259109 7.90217871
v 48.92147656 0.03259213 7.90217676
v 48.91918750 0.03308353 7.90131250
v 48.91689844 0.03357107 7.90047168
v 48.91230015 0.03452991 7.89885617
v 48.90762500 0.03547287 7.89733301
v 48.90057813 0.03683464 7.89521777
v 48.89821094 0.03727282 7.89455957
v 48.89334602 0.03814549 7.89327698
v 48.88867188 0.03893403 7.89216016
v 48.88385942 0.03970385 7.89109968
v 48.87901563 0.04042049 7.89013867
v 48.87414631 0.04109060 7.88926358
v 48.86926562 0.04169119 7.88850293
v 48.86681250 0.04197047 7.88815527
v 48.86435156 0.04223306 7.88783203
v 48.86434375 0.04223349 7.88783105
v 48.86188281 0.04247861 7.88753223
v 48.85941406 0.04270574 7.88725879
v 48.85694531 0.04291423 7.88700977
v 48.85446875 0.04310342 7.88678516
v 48.85446875 0.04310371 7.88678516
v 48.85198438 0.04327292 7.88658594
v 48.84950781 0.04342157 7.88641113
v 48.84702344 0.04354903 7.88626270
v 48.84453125 0.04365471 7.88613867
v 48.84453125 0.04365486 7.88613867
v 48.84203906 0.04373809 7.88603906
v 48.83955469 0.04379823 7.88596582
v 48.83706250 0.04383455 7.88591797
v 48.83457031 0.04384635 7.88589453
v 48.83456250 0.04384635 7.88589453
v 48.83207031 0.04383305 7.88589746
v 48.82957812 0.04379478 7.88592480
v 48.82708594 0.04373180 7.88597852
v 48.82459375 0.04364436 7.88605664
v 48.82459375 0.04364422 7.88605664
v 48.82210937 0.04353263 7.88616016
v 48.81961719 0.04339761 7.88628906
v 48.81714063 0.04323994 7.88644238
v 48.81465601 0.04306338 7.88661937
v 48.80970312 0.04263839 7.88705469
v 48.80724219 0.04239773 7.88730762
v 48.80477344 0.04213823 7.88758594
v 48.80477344 0.04213789 7.88758594
v 48.80231250 0.04186028 7.88788965
v 48.79985937 0.04156536 7.88821680
v 48.79495481 0.04092928 7.88893989
v 48.79010156 0.04022844 7.88977051
v 48.78767188 0.03985885 7.89021973
v 48.78525781 0.03947673 7.89069238
v 48.78525000 0.03947630 7.89069238
v 48.78283594 0.03908253 7.89118945
v 48.78043750 0.03867775 7.89170996
v 48.77562187 0.03783583 7.89281990
v 48.77089062 0.03696257 7.89402734
v 48.76851562 0.03651334 7.89466504
v 48.76615625 0.03605740 7.89532617
v 48.76615625 0.03605695 7.89532715
v 48.76380469 0.03559509 7.89601172
v 48.76146094 0.03512785 7.89671875
v 48.75679249 0.03417964 7.89819657
v 48.75216406 0.03321717 7.89977930
v 48.74985937 0.03273207 7.90060156
v 48.74757031 0.03224519 7.90144629
v 48.74756250 0.03224478 7.90144727
v 48.74528125 0.03175680 7.90231445
v 48.74300000 0.03126813 7.90320508
v 48.73843650 0.03028148 7.90506238
v 48.73398437 0.02931663 7.90699316
v 48.73175781 0.02883194 7.90799609
v 48.72953906 0.02834945 7.90902148
v 48.72953125 0.02834911 7.90902246
v 48.72732031 0.02786934 7.91006934
v 48.72512500 0.02739259 7.91113965
v 48.72095289 0.02649150 7.91323254
v 48.71642188 0.02552296 7.91564062
v 48.71427344 0.02506658 7.91682031
v 48.71214063 0.02461523 7.91802246
v 48.71214063 0.02461497 7.91802344
v 48.71000781 0.02416901 7.91924707
v 48.70789844 0.02372858 7.92049316
v 48.70359496 0.02284072 7.92310688
v 48.69956250 0.02202645 7.92569043
v 48.69750781 0.02161668 7.92704297
v 48.69546094 0.02121350 7.92841699
v 48.69546094 0.02121334 7.92841699
v 48.69343750 0.02081692 7.92981250
v 48.69142188 0.02042728 7.93122754
v 48.68830364 0.01983200 7.93347480
v 48.68545313 0.01929957 7.93559863
v 48.68155469 0.01858224 7.93861523
v 48.67961719 0.01823387 7.94015430
v 48.67961719 0.01823377 7.94015430
v 48.67770313 0.01789225 7.94171289
v 48.67544667 0.01749656 7.94359075
v 48.67391406 0.01722922 7.94488867
v 48.67204687 0.01690749 7.94650586
v 48.67019531 0.01659217 7.94814258
v 48.66825667 0.01626815 7.94988388
v 48.66653125 0.01598008 7.95147266
v 48.66472656 0.01568296 7.95316602
v 48.66472656 0.01568292 7.95316602
v 48.66293750 0.01539155 7.95487793
v 48.66116406 0.01510563 7.95660742
v 48.65767187 0.01454939 7.96012305
v 48.65767187 0.01454937 7.96012305
v 48.65595313 0.01427863 7.96190723
v 48.65595313 0.01427862 7.96190723
v 48.65425000 0.01401227 7.96370898
v 48.65425000 0.01401226 7.96370898
v 48.65257031 0.01375054 7.96552930
v 48.65257031 0.01375053 7.96552930
v 48.65173437 0.01362123 7.96644629
v 48.65132031 0.01355680 7.96690625
v 48.65110937 0.01352461 7.96713574
v 48.65100781 0.01350852 7.96725098
v 48.65095313 0.01350047 7.96730859
v 48.60811719 -0.01438816 8.22854590
v 48.60812500 -0.01438799 8.22856641
v 48.60912500 -0.01436185 8.23085059
v 48.60911719 -0.01436213 8.23083008
v 48.61118750 -0.01427772 8.23538770
v 48.61117969 -0.01427819 8.23536719
v 48.61446094 -0.01411883 8.24208691
v 48.61335156 -0.01419883 8.23985742
v 48.61559375 -0.01397922 8.24432812
v 48.61558594 -0.01398007 8.24430859
v 48.61225781 -0.01426749 8.23761621
v 48.61795312 -0.01388497 8.24869922
v 48.62037500 -0.01362560 8.25304980
v 48.62289062 -0.01332188 8.25734766
v 48.62545735 -0.01285320 8.26160965
v 48.62816406 -0.01258152 8.26577832
v 48.63092969 -0.01214529 8.26990723
v 48.63668750 -0.01114271 8.27798438
v 48.64276563 -0.00997056 8.28580664
v 48.64907118 -0.00852508 8.29333900
v 48.64913281 -0.00863537 8.29336230
v 48.63670312 -0.01114039 8.27800098
v 48.64914844 -0.00863240 8.29337793
v 48.65578906 -0.00714503 8.30064062
v 48.66269781 -0.00538880 8.30765745
v 48.66273437 -0.00550646 8.30764453
v 48.66990625 -0.00374161 8.31432227
v 48.66271875 -0.00550998 8.30763086
v 48.67732813 -0.00185327 8.32070605
v 48.67731250 -0.00173140 8.32072559
v 48.67729688 -0.00173535 8.32071289
v 48.67734375 -0.00184932 8.32071875
v 48.69286719 0.00222460 8.33252539
v 48.69283594 0.00234262 8.33253223
v 48.69285156 0.00234686 8.33254297
v 48.69289062 0.00222884 8.33253613
v 48.70924219 0.00659399 8.34304102
v 48.70921094 0.00671233 8.34304688
v 48.70922656 0.00671671 8.34305664
v 48.70926563 0.00659837 8.34305078
v 48.72637500 0.01110768 8.35221191
v 48.72635877 0.01123240 8.35223014
v 48.72639063 0.01111205 8.35221973
v 48.74417187 0.01560169 8.36000098
v 48.74417113 0.01572941 8.36002009
v 48.74418750 0.01560588 8.36000781
v 48.76257812 0.01989433 8.36637207
v 48.76254687 0.02001478 8.36637500
v 48.76256250 0.02001861 8.36637988
v 48.77197656 0.02190335 8.36901172
v 48.76259375 0.01989816 8.36637695
v 48.61121875 -0.01439808 8.23537793
v 48.61227344 -0.01434029 8.23761035
v 48.61015640 -0.01440935 8.23309465
v 48.60917188 -0.01460048 8.23083105
v 48.61123618 -0.01449855 8.23535671
v 48.61124219 -0.01451604 8.23536914
v 48.61228906 -0.01441071 8.23760449
v 48.60817969 -0.01462650 8.22854687
v 48.60916406 -0.01460077 8.23081055
v 48.61336719 -0.01427116 8.23985156
v 48.61447656 -0.01419112 8.24208105
v 48.61562500 -0.01409925 8.24431934
v 48.61561719 -0.01410010 8.24429980
v 48.62548915 -0.01297335 8.26160160
v 48.60816406 -0.01462667 8.22852637
v 48.61338281 -0.01434110 8.23984668
v 48.61449219 -0.01426101 8.24207617
v 48.61564844 -0.01421689 8.24431055
v 48.61564062 -0.01421774 8.24429102
v 48.67736719 -0.00196886 8.32069922
v 48.67738281 -0.00196490 8.32071191
v 48.78150781 0.02378405 8.37128125
v 48.78152344 0.02378734 8.37128516
v 48.79114844 0.02550803 8.37317383
v 48.80088281 0.02704920 8.37468262
v 48.81069531 0.02838352 8.37580273
v 48.81055636 0.02849391 8.37579226
v 48.80089844 0.02705178 8.37468457
v 48.81071875 0.02838569 8.37580371
v 48.82057812 0.02949601 8.37652734
v 48.72640625 0.01099118 8.35220605
v 48.72642187 0.01099555 8.35221387
v 48.74420312 0.01548448 8.35999707
v 48.74421875 0.01548866 8.36000293
v 48.80089844 0.02692933 8.37468262
v 48.80091406 0.02693190 8.37468457
v 48.69290625 0.00210892 8.33251855
v 48.69292188 0.00211316 8.33253027
v 48.82058594 0.02962078 8.37652637
v 48.82057031 0.02961902 8.37652539
v 48.83050781 0.03038613 8.37685254
v 48.82059375 0.02949776 8.37652832
v 48.84046875 0.03118246 8.37677246
v 48.84044531 0.03118149 8.37677344
v 48.84047656 0.03105904 8.37677441
v 48.85040625 0.03151700 8.37629395
v 48.86035156 0.03177063 8.37540625
v 48.88005469 0.03169602 8.37242871
v 48.88005469 0.03181960 8.37242578
v 48.88007031 0.03181924 8.37242285
v 48.88007031 0.03169565 8.37242578
v 48.89944531 0.03092001 8.36786328
v 48.89946094 0.03091913 8.36785840
v 48.91837500 0.02954524 8.36175098
v 48.91839063 0.02954395 8.36174609
v 48.93671094 0.02768658 8.35414258
v 48.93672656 0.02780954 8.35413965
v 48.93674219 0.02780795 8.35413281
v 48.93672656 0.02768499 8.35413574
v 48.95434375 0.02546584 8.34509570
v 48.95435156 0.02546406 8.34508789
v 48.97116406 0.02300536 8.33466895
v 48.97117188 0.02300349 8.33466113
v 48.98707812 0.02041311 8.32293164
v 48.98708594 0.02041122 8.32292285
v 49.00199219 0.01777634 8.30995801
v 49.00200000 0.01777450 8.30994824
v 49.01581250 0.01517470 8.29582324
v 49.01582031 0.01517295 8.29581348
v 49.02846094 0.01268066 8.28061133
v 49.02848437 0.01280231 8.28060937
v 49.02849219 0.01280070 8.28059863
v 49.02846875 0.01267905 8.28060059
v 49.03985156 0.01035784 8.26441211
v 49.03985937 0.01035640 8.26440137
v 49.04991406 0.00826029 8.24732422
v 48.86033594 0.03177038 8.37540723
v 48.84045313 0.03105807 8.37677539
v 48.82059375 0.02937544 8.37652832
v 48.82060937 0.02937720 8.37652930
v 49.04992188 0.00825905 8.24731348
v 49.05442969 0.00731033 8.23848145
v 49.05860156 0.00655406 8.22945605
v 49.05860938 0.00655303 8.22944434
v 49.05858594 0.00643173 8.22944531
v 49.06236719 0.00563197 8.22026465
v 49.05857812 0.00643276 8.22945605
v 49.06578125 0.00491185 8.21092188
v 49.06578125 0.00491104 8.21091113
v 49.06881250 0.00427596 8.20144141
v 49.07146094 0.00372786 8.19183984
v 49.07146094 0.00372728 8.19182910
v 49.07371875 0.00327103 8.18213477
v 49.07560840 0.00302720 8.17233259
v 49.07557812 0.00290803 8.17233105
v 49.07635938 0.00276328 8.16741699
v 49.07703906 0.00264309 8.16247754
v 49.07557812 0.00290838 8.17234180
v 49.07762500 0.00254856 8.15752441
v 49.07813281 0.00260129 8.15255692
v 49.07810156 0.00248038 8.15256152
v 48.88005469 0.03157488 8.37243164
v 48.88007031 0.03157452 8.37242871
v 48.89944531 0.03079901 8.36786621
v 48.89946094 0.03079813 8.36786133
v 49.05856250 0.00631284 8.22944629
v 49.05855469 0.00631387 8.22945703
v 49.07143750 0.00360862 8.19182910
v 49.07143750 0.00360920 8.19183984
v 49.07832080 0.00257662 8.15019405
v 49.07850781 0.00255689 8.14758614
v 49.07878919 0.00252193 8.14260159
v 49.07893750 0.00237282 8.13762891
v 49.07904688 0.00247226 8.13264258
v 49.07904688 0.00247223 8.13263184
v 49.07899219 0.00233826 8.12765625
v 49.07885938 0.00233287 8.12267090
v 49.07863281 0.00233612 8.11768848
v 49.07833556 0.00246819 8.11266385
v 49.07734375 0.00240317 8.10278516
v 49.07830469 0.00234858 8.11270215
v 49.07598437 0.00250131 8.09290527
v 49.07600880 0.00262030 8.09289041
v 49.07597656 0.00250143 8.09289551
v 49.07421875 0.00264768 8.08308984
v 49.07205469 0.00284723 8.07335449
v 49.07208594 0.00296703 8.07333984
v 49.07208594 0.00296682 8.07334863
v 49.07205469 0.00284745 8.07334473
v 49.06950000 0.00310505 8.06371582
v 49.06656250 0.00342630 8.05419141
v 49.06323438 0.00381620 8.04479590
v 49.06655469 0.00342662 8.05418262
v 49.05953125 0.00427994 8.03554687
v 49.05956264 0.00439798 8.03553019
v 49.05952344 0.00428038 8.03553906
v 49.05101562 0.00544892 8.01754785
v 49.05101562 0.00544948 8.01754004
v 49.04109375 0.00697035 8.00032129
v 49.04112519 0.00708739 8.00030292
v 49.04108594 0.00697104 8.00031445
v 49.02982031 0.00887582 7.98398145
v 49.02985159 0.00899454 7.98396290
v 49.02982031 0.00887664 7.98397461
v 49.01729687 0.01118741 7.96863672
v 49.01733594 0.01130496 7.96862402
v 49.01732812 0.01130588 7.96861816
v 49.01729687 0.01118834 7.96863184
v 49.00361719 0.01391596 7.95438574
v 49.00360938 0.01391699 7.95438086
v 49.07901564 0.00235176 8.13264226
v 49.07876166 0.00240054 8.14260624
v 49.07830469 0.00234855 8.11271191
v 49.07848438 0.00243594 8.14757910
v 49.07873427 0.00228270 8.14261133
v 49.07898437 0.00223361 8.13264355
v 49.07898437 0.00223357 8.13263379
v 49.07202341 0.00272969 8.07335607
v 49.06653125 0.00330945 8.05419824
v 49.06652344 0.00330977 8.05418945
v 49.05950000 0.00416346 8.03555469
v 49.05949219 0.00416390 8.03554687
v 49.05098429 0.00533254 8.01754893
v 48.98887500 0.01705697 7.94131934
v 48.98890625 0.01717562 7.94130078
v 48.98891406 0.01717450 7.94130566
v 48.98887500 0.01705809 7.94131543
v 48.97319531 0.02058799 7.92951367
v 48.97318750 0.02058916 7.92950977
v 48.95667187 0.02443275 7.91902734
v 48.95670323 0.02455094 7.91901190
v 48.95666406 0.02443393 7.91902441
v 49.01726563 0.01107220 7.96864941
v 49.01725781 0.01107312 7.96864453
v 48.98884375 0.01694178 7.94133301
v 48.98883594 0.01694289 7.94132813
v 48.93939844 0.02845324 7.90990625
v 48.93942969 0.02857242 7.90989551
v 48.93942188 0.02857356 7.90989355
v 48.95664062 0.02431670 7.91903906
v 48.95663281 0.02431788 7.91903613
v 48.93939063 0.02845438 7.90990430
v 48.92145312 0.03247083 7.90218750
v 48.92148437 0.03259099 7.90217871
v 48.92147656 0.03259203 7.90217676
v 48.91225000 0.03441171 7.89886426
v 48.92144531 0.03247187 7.90218555
v 48.90295930 0.03638424 7.89590498
v 48.90291406 0.03626621 7.89590625
v 48.90290625 0.03626709 7.89590527
v 48.89343750 0.03800088 7.89331836
v 48.88384375 0.03957898 7.89110547
v 48.87414063 0.04096223 7.88927441
v 48.88383594 0.03957966 7.89110449
v 48.86433594 0.04210971 7.88783203
v 48.86434375 0.04223341 7.88783105
v 48.86435156 0.04223298 7.88783203
v 48.86433594 0.04211014 7.88783203
v 48.85446875 0.04310334 7.88678516
v 48.85446875 0.04310363 7.88678516
v 48.85446094 0.04298003 7.88678418
v 48.84453125 0.04365463 7.88613867
v 48.84453125 0.04365478 7.88613867
v 48.84452344 0.04353096 7.88613770
v 48.83457031 0.04384628 7.88589453
v 48.83456250 0.04384628 7.88589453
v 48.85446094 0.04297974 7.88678516
v 48.83456250 0.04372238 7.88589453
v 48.82459375 0.04364429 7.88605664
v 48.82459375 0.04364415 7.88605664
v 48.82460156 0.04352037 7.88605762
v 48.81466406 0.04293661 7.88662500
v 48.80477344 0.04213817 7.88758594
v 48.80477344 0.04213783 7.88758594
v 48.80478906 0.04201485 7.88759082
v 48.79498437 0.04080435 7.88895117
v 48.78525781 0.03947668 7.89069238
v 48.78525000 0.03947624 7.89069238
v 48.78527344 0.03935441 7.89070020
v 48.77567188 0.03771672 7.89282910
v 48.76615625 0.03605735 7.89532617
v 48.76615625 0.03605690 7.89532715
v 48.76617969 0.03593619 7.89533594
v 48.75682812 0.03405945 7.89821191
v 48.74756250 0.03224474 7.90144727
v 48.74757031 0.03224515 7.90144629
v 48.74759375 0.03212484 7.90145703
v 48.73850781 0.03017119 7.90506348
v 48.72953906 0.02834941 7.90902148
v 48.72953125 0.02834908 7.90902246
v 48.72078125 0.02633014 7.91335547
v 48.72956250 0.02822952 7.90903223
v 48.78527344 0.03935485 7.89069922
v 48.80478906 0.04201519 7.88759082
v 48.76618750 0.03593664 7.89533496
v 48.74759375 0.03212524 7.90145605
v 48.81467188 0.04293687 7.88662402
v 48.82460156 0.04352051 7.88605762
v 48.71214063 0.02461520 7.91802246
v 48.71214063 0.02461495 7.91802344
v 48.72957031 0.02822986 7.90903125
v 48.71217188 0.02449553 7.91803223
v 48.71216406 0.02449528 7.91803223
v 48.83457031 0.04372238 7.88589453
v 48.90288280 0.03615062 7.89590909
v 48.84453125 0.04353081 7.88613770
v 48.88382031 0.03945906 7.89110840
v 48.88382031 0.03945974 7.89110840
v 48.86432813 0.04198888 7.88783301
v 48.86432031 0.04198931 7.88783203
v 48.70373438 0.02274545 7.92305664
v 48.69546094 0.02121348 7.92841699
v 48.69546094 0.02121331 7.92841699
v 48.69549219 0.02109331 7.92842480
v 48.69549219 0.02109314 7.92842480
v 48.68746094 0.01954816 7.93412793
v 48.68352344 0.01881680 7.93710352
v 48.67961719 0.01823376 7.94015430
v 48.67961719 0.01823385 7.94015430
v 48.67582813 0.01743639 7.94329590
v 48.67207031 0.01678629 7.94650977
v 48.66838281 0.01616165 7.94980176
v 48.66475000 0.01556129 7.95316895
v 48.66294531 0.01534282 7.95487891
v 48.65942187 0.01477617 7.95835742
v 48.66117188 0.01505685 7.95660840
v 48.65769531 0.01442738 7.96012500
v 48.65597656 0.01415655 7.96190918
v 48.65597656 0.01415656 7.96190918
v 48.65427344 0.01389013 7.96370996
v 48.67964844 0.01811295 7.94015918
v 48.67964844 0.01811285 7.94016016
v 48.66296094 0.01526979 7.95487988
v 48.66118750 0.01498378 7.95661035
v 48.65173437 0.01360900 7.96644629
v 48.65110937 0.01352155 7.96713574
v 48.65100781 0.01350699 7.96725098
v 48.65132031 0.01355069 7.96690625
v 48.65177344 0.01339143 7.96644824
v 48.65135937 0.01332088 7.96690723
v 48.65095313 0.01349894 7.96730859
v 48.65099219 0.01325996 7.96730957
v 48.65104687 0.01326801 7.96725195
v 48.65089844 0.01349090 7.96736523
v 48.65094531 0.01325191 7.96736719
v 48.65114844 0.01328563 7.96713770
v 48.65943750 0.01470306 7.95835840
v 48.85445312 0.04285888 7.88678418
v 48.84452344 0.04340945 7.88613672
v 48.84452344 0.04340959 7.88613672
v 48.83457031 0.04360094 7.88589453
v 48.83456250 0.04360094 7.88589453
v 48.85445312 0.04285859 7.88678418
v 48.82460938 0.04339919 7.88605957
v 48.82460156 0.04339905 7.88605957
v 48.81467969 0.04281586 7.88662695
v 48.81467188 0.04281561 7.88662793
v 48.80480469 0.04189464 7.88759473
v 48.80479688 0.04189430 7.88759570
v 48.78529688 0.03923543 7.89070605
v 48.78529688 0.03923500 7.89070703
v 48.76621094 0.03581832 7.89534375
v 48.76621094 0.03581787 7.89534473
v 48.74762500 0.03200772 7.90146582
v 48.74762500 0.03200731 7.90146680
v 48.72959375 0.02811268 7.90904102
v 48.72959375 0.02811234 7.90904199
v 48.71220313 0.02437823 7.91804102
v 48.71219531 0.02437798 7.91804199
v 48.69552344 0.02097551 7.92843164
v 48.69552344 0.02097535 7.92843262
v 48.67967187 0.01799444 7.94016504
v 48.67967187 0.01799434 7.94016504
v 48.66475000 0.01556125 7.95316895
v 48.66297656 0.01519918 7.95488184
v 48.66120313 0.01491313 7.95661133
v 48.65944531 0.01463235 7.95835937
v 48.65769531 0.01442740 7.96012500
v 48.65429688 0.01377041 7.96371191
v 48.65089844 0.01349244 7.96736523
v 48.65089844 0.01349245 7.96736523
v 48.65089844 0.01349248 7.96736523
v 48.65089844 0.01349254 7.96736523
v 48.65090625 0.01349265 7.96736426
v 48.65090625 0.01349287 7.96736328
v 48.65090625 0.01349332 7.96736133
v 48.65091406 0.01349422 7.96735645
v 48.65092188 0.01349602 7.96734766
v 48.65094531 0.01349961 7.96733008
v 48.65099219 0.01350679 7.96729395
v 48.65108594 0.01352115 7.96722168
v 48.65126563 0.01354989 7.96707910
v 48.65162500 0.01360742 7.96679199
v 48.65235938 0.01372309 7.96622070
v 48.65382031 0.01395822 7.96508887
v 48.65678906 0.01444302 7.96286914
v 48.66282812 0.01547254 7.95860352
v 48.66901563 0.01658599 7.95457422
v 48.67534375 0.01778632 7.95078809
v 48.83102344 0.04919304 7.93351465
v 48.84510937 0.04955978 7.93846191
v 48.86382774 0.04900102 7.94694370
v 48.86542969 0.04883030 7.94784961
v 48.87193750 0.04831882 7.95147949
v 48.87829687 0.04770247 7.95534961
v 48.89053906 0.04621959 7.96378418
v 48.89639844 0.04538294 7.96833691
v 48.90757813 0.04358603 7.97807910
v 48.91288281 0.04264920 7.98325684
v 48.91798438 0.04170046 7.98862988
v 48.92287500 0.04074903 7.99419043
v 48.92756250 0.03980278 7.99993262
v 48.93202344 0.03886889 8.00584863
v 48.93626562 0.03795332 8.01193164
v 48.94026563 0.03706139 8.01817188
v 48.94403906 0.03619730 8.02456152
v 48.94757031 0.03536470 8.03109277
v 48.95915625 0.03239366 8.05844336
v 48.96139844 0.03174647 8.06553906
v 48.96336719 0.03113794 8.07271777
v 48.96882503 0.02871970 8.10593071
v 48.96908594 0.02864171 8.10948633
v 48.96939063 0.02824096 8.11693945
v 48.96700088 0.02687517 8.15204619
v 48.95116406 0.02784173 8.20387109
v 48.94789062 0.02819054 8.21057812
v 48.94437500 0.02857738 8.21715332
v 48.94060156 0.02899628 8.22358984
v 48.92970599 0.03002944 8.23957159
v 48.92787500 0.03038162 8.24196875
v 48.92317969 0.03086325 8.24775684
v 48.90782031 0.03226249 8.26399805
v 48.90229687 0.03268671 8.26901270
v 48.89659375 0.03307578 8.27381445
v 48.89070313 0.03342095 8.27839746
v 48.85208594 0.03407355 8.30093555
v 48.84519531 0.03386436 8.30380957
v 48.83820312 0.03354232 8.30641895
v 48.82396875 0.03253056 8.31082617
v 48.81675000 0.03182783 8.31261816
v 48.80948437 0.03098609 8.31413379
v 48.78752344 0.02762577 8.31700879
v 48.77287500 0.02476757 8.31754297
v 48.75830469 0.02152370 8.31698926
v 48.71570312 0.01049371 8.30898535
v 48.70882812 0.00859328 8.30674902
v 48.67893214 0.00016961 8.29350729
v 48.66001787 -0.00476813 8.28173986
v 48.65749219 -0.00526575 8.27995313
v 48.65164844 -0.00668424 8.27552734
v 48.64595312 -0.00800476 8.27087598
v 48.64042188 -0.00922041 8.26600098
v 48.63507031 -0.01032519 8.26091113
v 48.62989844 -0.01131365 8.25561230
v 48.62492187 -0.01218184 8.25011035
v 48.60916406 -0.01423610 8.22938379
v 48.60922656 -0.01447487 8.22937793
v 48.61403900 -0.01381808 8.23640649
v 48.61772456 -0.01339891 8.24130198
v 48.62021875 -0.01316321 8.24440918
v 48.62499219 -0.01241785 8.25010547
v 48.62996875 -0.01154892 8.25560742
v 48.63514062 -0.01055975 8.26090625
v 48.64050000 -0.00945429 8.26599609
v 48.64603125 -0.00823802 8.27087012
v 48.65172656 -0.00691694 8.27552246
v 48.66622888 -0.00318074 8.28594031
v 48.67239719 -0.00156193 8.28977718
v 48.68552110 0.00199508 8.29695160
v 48.69205990 0.00380101 8.30005795
v 48.69873830 0.00573785 8.30294697
v 48.70213281 0.00647484 8.30425195
v 48.70891406 0.00836214 8.30674023
v 48.71977892 0.01146606 8.31017530
v 48.72672248 0.01340034 8.31200290
v 48.74474660 0.01820073 8.31555465
v 48.74923490 0.01922100 8.31610395
v 48.75114844 0.01955491 8.31629883
v 48.76564063 0.02295098 8.31738867
v 48.78025781 0.02601312 8.31740039
v 48.80091599 0.02970930 8.31557798
v 48.80222656 0.02976064 8.31535547
v 48.80952344 0.03074403 8.31411914
v 48.81678125 0.03158498 8.31260449
v 48.83114844 0.03285591 8.30874512
v 48.83822656 0.03329785 8.30640430
v 48.84521094 0.03361956 8.30379492
v 48.85661849 0.03403705 8.29888486
v 48.86608489 0.03410576 8.29415644
v 48.87603917 0.03389237 8.28837801
v 48.88288182 0.03370372 8.28397155
v 48.88463281 0.03346824 8.28274023
v 48.89068750 0.03317591 8.27838281
v 48.89657812 0.03283091 8.27379980
v 48.90228125 0.03244204 8.26899805
v 48.91004534 0.03192074 8.26185760
v 48.91604367 0.03143276 8.25576409
v 48.91824219 0.03109860 8.25334766
v 48.92314844 0.03061958 8.24774121
v 48.93464133 0.02953535 8.23275012
v 48.93656250 0.02919825 8.22986035
v 48.94057031 0.02875374 8.22357324
v 48.94433594 0.02833512 8.21713770
v 48.94785156 0.02794856 8.21056152
v 48.95252551 0.02757479 8.20085391
v 48.95552141 0.02734619 8.19375916
v 48.96156879 0.02680390 8.17625763
v 48.96431075 0.02673201 8.16568416
v 48.96578179 0.02672114 8.15879112
v 48.96801145 0.02702194 8.14485375
v 48.96920895 0.02753237 8.13049750
v 48.96934862 0.02767322 8.12632185
v 48.96935156 0.02763050 8.12437988
v 48.96933594 0.02800248 8.11692090
v 48.96765707 0.02940800 8.09464457
v 48.96578783 0.03017512 8.08357105
v 48.96500781 0.03032983 8.07995801
v 48.96330469 0.03090055 8.07270801
v 48.96133594 0.03150922 8.06553027
v 48.95794649 0.03259981 8.05501310
v 48.95508098 0.03334477 8.04751234
v 48.95078125 0.03432936 8.03775195
v 48.94750000 0.03512782 8.03109082
v 48.94397656 0.03596038 8.02456055
v 48.94020312 0.03682440 8.01817188
v 48.93619531 0.03771620 8.01193262
v 48.93196094 0.03863160 8.00585156
v 48.92750000 0.03956525 7.99993750
v 48.92282031 0.04051122 7.99419629
v 48.91792187 0.04146230 7.98863574
v 48.91282031 0.04241063 7.98326465
v 48.90752344 0.04334700 7.97808789
v 48.90203125 0.04426151 7.97311328
v 48.89635156 0.04514281 7.96834766
v 48.89049219 0.04597886 7.96379687
v 48.88446094 0.04675614 7.95946582
v 48.87825781 0.04746045 7.95536328
v 48.87190625 0.04807615 7.95149414
v 48.86539844 0.04858702 7.94786523
v 48.85875781 0.04897580 7.94448242
v 48.85198438 0.04922473 7.94135254
v 48.84510156 0.04931516 7.93848047
v 48.83810938 0.04922859 7.93587207
v 48.83102344 0.04894831 7.93353418
v 48.82087824 0.04840468 7.93067103
v 48.81665625 0.04777807 7.92968066
v 48.80631287 0.04668554 7.92759503
v 48.80210938 0.04586374 7.92694043
v 48.79164557 0.04428108 7.92564019
v 48.77762314 0.04153405 7.92471882
v 48.75823782 0.03712412 7.92528597
v 48.74358710 0.03354387 7.92695112
v 48.73253164 0.03078367 7.92898796
v 48.72571701 0.02908405 7.93055414
v 48.71888788 0.02739680 7.93238282
v 48.71336564 0.02606750 7.93404764
v 48.70192568 0.02332502 7.93806432
v 48.68568379 0.01976688 7.94526654
v 48.68184375 0.01883527 7.94725977
v 48.67539844 0.01754667 7.95079785
v 48.66907031 0.01634580 7.95458203
v 48.66287500 0.01523163 7.95860937
v 48.65682812 0.01420150 7.96287207
v 48.65386719 0.01371640 7.96509082
v 48.65239844 0.01348112 7.96622266
v 48.65167187 0.01336540 7.96679395
v 48.65235938 0.01370155 7.96622070
v 48.65163281 0.01359665 7.96679199
v 48.65126563 0.01354450 7.96707910
v 48.65108594 0.01351846 7.96722168
v 48.65099219 0.01350544 7.96729395
v 48.65092188 0.01349568 7.96734766
v 48.65094531 0.01349893 7.96733008
v 48.65103125 0.01326598 7.96729590
v 48.65112500 0.01328169 7.96722461
v 48.65091406 0.01349405 7.96735645
v 48.65098438 0.01325812 7.96733203
v 48.65090625 0.01349283 7.96736328
v 48.65089844 0.01349253 7.96736523
v 48.65090625 0.01349263 7.96736426
v 48.65090625 0.01349324 7.96736133
v 48.65239844 0.01350253 7.96622266
v 48.65166406 0.01337605 7.96679395
v 48.65096094 0.01325420 7.96735059
v 48.65385554 0.01385559 7.96507820
v 48.65090625 0.01348546 7.96736523
v 48.65090625 0.01347850 7.96736523
v 48.65089844 0.01349242 7.96736523
v 48.65130469 0.01331312 7.96708105
v 48.65090625 0.01346459 7.96736621
v 48.65092188 0.01338113 7.96736621
v 48.65091406 0.01343677 7.96736621
v 48.65093750 0.01326984 7.96736719
v 48.65094531 0.01325051 7.96736719
v 48.65095313 0.01325223 7.96735938
v 48.65094531 0.01325125 7.96736328
v 48.65094531 0.01325076 7.96736621
v 48.60808594 -0.01438189 8.22839258
v 48.60904687 -0.01435152 8.23052441
v 48.60833505 -0.01435991 8.22875921
v 48.60992118 -0.01428228 8.23195691
v 48.61124461 -0.01421065 8.23466684
v 48.60977845 -0.01423109 8.23092512
v 48.61217316 -0.01395958 8.23402266
v 48.61326432 -0.01410419 8.23902658
v 48.61399434 -0.01377537 8.23683237
v 48.61559060 -0.01397901 8.24432008
v 48.61489891 -0.01395271 8.24183147
v 48.61731139 -0.01375927 8.24670938
v 48.62028824 -0.01351233 8.25296099
v 48.62017814 -0.01311665 8.24707770
v 48.61932896 -0.01333250 8.24713237
v 48.62447016 -0.01287387 8.25836331
v 48.62567612 -0.01214823 8.25222633
v 48.62714367 -0.01212779 8.25719098
v 48.63425806 -0.01124772 8.27164209
v 48.63811119 -0.01012945 8.27002964
v 48.64553346 -0.00902200 8.28527189
v 48.63514763 -0.01090917 8.26970201
v 48.64667306 -0.00864036 8.28398730
v 48.65016745 -0.00766572 8.28445571
v 48.65954770 -0.00589104 8.30050518
v 48.67422656 -0.00231350 8.31468945
v 48.68903906 0.00156315 8.32580371
v 48.66967534 -0.00342135 8.31006099
v 48.66751436 -0.00313996 8.29379703
v 48.70463281 0.00573441 8.33570313
v 48.70385137 0.00594652 8.32746423
v 48.72500340 0.01108638 8.34732720
v 48.73790625 0.01442174 8.35169434
v 48.75544531 0.01863001 8.35770996
v 48.72628771 0.01224159 8.33247642
v 48.75515533 0.01889051 8.35096253
v 48.75538828 0.01969864 8.33647776
v 48.76139326 0.02075933 8.34241268
v 48.77234471 0.02250815 8.35451881
v 48.81078906 0.02854330 8.36731836
v 48.79366097 0.02626760 8.36232534
v 48.78635348 0.02570674 8.34572646
v 48.79489088 0.02710391 8.34633982
v 48.82980469 0.03042160 8.36755273
v 48.79811806 0.02811901 8.33818707
v 48.83933594 0.03106290 8.36709277
v 48.81869499 0.02953906 8.36036880
v 48.84705574 0.03192801 8.34986922
v 48.88550039 0.03144285 8.35342115
v 48.83979351 0.03328938 8.31980547
v 48.90812358 0.03034264 8.33369291
v 48.94091406 0.02701479 8.31906543
v 48.95583594 0.02504416 8.30809863
v 48.89533268 0.03218405 8.30830895
v 48.93662240 0.02743395 8.31769120
v 48.98284375 0.02085766 8.28270020
v 48.93925216 0.02796341 8.26880557
v 48.99475781 0.01880339 8.26841406
v 48.97222497 0.02253787 8.29345600
v 49.01500000 0.01512373 8.23708594
v 48.99762586 0.01832222 8.24798059
v 48.95530748 0.02603589 8.24064023
v 49.02318750 0.01361418 8.22023633
v 48.99003543 0.02012605 8.21800159
v 49.02999219 0.01238891 8.20274023
v 48.95804332 0.02711916 8.18707005
v 48.98800832 0.02093288 8.19531240
v 49.02517512 0.01361665 8.18368715
v 48.99557611 0.02030619 8.16466938
v 49.04211604 0.01030317 8.16703879
v 49.07722051 0.00273663 8.16129883
v 48.99691097 0.02042158 8.15326691
v 49.04744151 0.00960090 8.14310124
v 49.02861687 0.01362642 8.14950481
v 49.00641999 0.01860245 8.14589305
v 48.99973423 0.02054032 8.13470247
v 49.04253906 0.01097801 8.12878027
v 49.02921980 0.01400198 8.13073774
v 49.03187598 0.01355290 8.12196602
v 49.04142997 0.01139145 8.11341198
v 48.99531910 0.02227927 8.11455942
v 49.03228231 0.01365138 8.09447059
v 48.99535673 0.02281051 8.09222833
v 49.03601562 0.01245218 8.07293945
v 49.02686559 0.01481928 8.07450926
v 48.99143599 0.02400170 8.06342189
v 48.98039062 0.02482669 7.99262012
v 48.98025119 0.02579093 8.00819833
v 48.95227323 0.03376222 8.01156874
v 48.96926562 0.02712917 7.97880859
v 48.95712500 0.02964102 7.96599023
v 48.94406250 0.03230965 7.95423828
v 48.93014844 0.03506258 7.94361426
v 48.91549219 0.03779570 7.93416504
v 48.90406966 0.04233622 7.94893658
v 48.90015625 0.04037114 7.92593262
v 48.88425000 0.04262534 7.91895117
v 48.87723668 0.04599231 7.93401145
v 48.86785156 0.04437236 7.91325488
v 48.84947641 0.04719747 7.91917171
v 48.88169442 0.04036650 7.89069588
v 48.83349932 0.04701814 7.91464601
v 48.83403906 0.04554414 7.90584375
v 48.82547656 0.04525116 7.90483594
v 48.81977039 0.04673580 7.91600750
v 48.81691406 0.04472018 7.90416895
v 48.80835938 0.04395465 7.90384082
v 48.80422966 0.04491346 7.91352555
v 48.79982812 0.04296123 7.90384766
v 48.79135156 0.04176077 7.90418652
v 48.78292969 0.04038380 7.90485254
v 48.78401481 0.04149230 7.91119938
v 48.77771187 0.04104544 7.91766321
v 48.76630469 0.03722647 7.90714453
v 48.76660002 0.03807039 7.91333251
v 48.75002344 0.03373471 7.91067969
v 48.74939775 0.03451643 7.91933279
v 48.73414063 0.03012947 7.91542383
v 48.72636719 0.02834415 7.91824023
v 48.73780117 0.03136593 7.91815283
v 48.71578178 0.02634787 7.92767596
v 48.67520961 0.01763892 7.94798211
v 48.66137909 0.01516803 7.95751107
v 48.72317332 0.01204868 8.32037599
v 48.73650783 0.01608967 8.31415406
v 48.76264189 0.02207743 8.32536925
v 48.77018431 0.02373569 8.32584416
v 48.77822175 0.02588723 8.31747438
v 48.78554301 0.02684504 8.32522513
v 48.80235070 0.02952125 8.32477201
v 48.82894748 0.03296112 8.30941966
v 48.81640849 0.03110289 8.32636729
v 48.84438783 0.03346375 8.31416243
v 48.86575197 0.03367438 8.30713186
v 48.93131521 0.03839113 7.98785295
v 48.90486307 0.04409984 7.97554053
v 48.93071521 0.03776847 7.97319893
v 48.90631816 0.04295678 7.96265556
v 48.88842730 0.04656436 7.96218145
v 48.88093003 0.04654902 7.94552349
v 48.85510928 0.04943433 7.94270823
v 48.86515348 0.04650543 7.92473146
v 48.85204236 0.04863424 7.93210447
v 48.84117439 0.04959456 7.93694154
v 48.83722476 0.04865440 7.92716544
v 48.82684827 0.04899209 7.93226176
v 48.82232288 0.04783543 7.92346292
v 48.81207353 0.04754431 7.92866956
v 48.80721506 0.04618421 7.92087299
v 48.79681004 0.04529861 7.92620213
v 48.60810937 -0.01438631 8.22850684
v 48.60909375 -0.01435917 8.23075195
v 48.61010938 -0.01432162 8.23298437
v 48.61114062 -0.01427338 8.23520410
v 48.61219531 -0.01421458 8.23741211
v 48.86782031 0.03183463 8.36339648
v 48.90478125 0.03050924 8.35314160
v 48.92250781 0.02905061 8.34581348
v 48.93957812 0.02720720 8.33708594
v 48.60939921 -0.01422491 8.22982975
v 48.61129324 -0.01410881 8.23250919
v 48.61564376 -0.01359744 8.23931905
v 48.62050197 -0.01298012 8.24616943
v 48.98501919 0.02239257 8.16800360
v 49.03085937 0.01335400 8.05491699
v 49.02400454 0.01460773 8.03830225
v 49.01632031 0.01594741 8.02051270
v 49.00705469 0.01768016 8.00436914
v 48.99655469 0.01971609 7.98907812
v 48.71117969 0.02490668 7.92474414
v 48.70378906 0.02328571 7.92842383
v 48.98002941 0.02502500 8.13302148
v 48.98931273 0.02331563 8.12430326
v 48.97817188 0.02636451 8.11284570
v 48.69950381 0.02260277 7.93413026
v 48.68946094 0.02029502 7.93661523
v 48.68568391 0.01967718 7.94149283
v 48.68313009 0.01887240 7.93738233
v 48.67581250 0.01767565 7.94587793
v 48.67017956 0.01671478 7.95146137
v 48.66292969 0.01542471 7.95615137
v 48.65954410 0.01484638 7.95822551
v 48.65521094 0.01417262 7.96335742
v 48.65378125 0.01394377 7.96461133
v 48.66374249 0.01560704 7.95711649
v 48.65957031 0.01488979 7.95991406
v 48.60719531 -0.01464312 8.22625000
v 48.60813281 -0.01462134 8.22837305
v 48.60857485 -0.01458839 8.22909971
v 48.60813281 -0.01458071 8.22787109
v 48.60910156 -0.01459109 8.23050586
v 48.60904687 -0.01457910 8.23021191
v 48.60909375 -0.01451353 8.22950488
v 48.60960889 -0.01451673 8.23092153
v 48.61070065 -0.01448481 8.23346336
v 48.61218847 -0.01442439 8.23681871
v 48.61281586 -0.01414673 8.23500200
v 48.61402344 -0.01426014 8.24000684
v 48.61259665 -0.01427622 8.23605264
v 48.61455233 -0.01425426 8.24148104
v 48.61502486 -0.01392873 8.23856172
v 48.61785330 -0.01391927 8.24715300
v 48.62012648 -0.01377404 8.25255152
v 48.62249169 -0.01336506 8.25482766
v 48.61876610 -0.01344500 8.24350158
v 48.62472362 -0.01310585 8.25899331
v 48.62517960 -0.01273721 8.25516210
v 48.63553125 -0.01135610 8.27459863
v 48.64202441 -0.00992250 8.27987311
v 48.63391734 -0.01164666 8.27233684
v 48.63194004 -0.01191109 8.26829142
v 48.64610604 -0.00917996 8.28626166
v 48.64671365 -0.00837979 8.27605067
v 48.66837741 -0.00401885 8.30913599
v 48.65771937 -0.00645244 8.29657575
v 48.67430469 -0.00254799 8.31467578
v 48.68910938 0.00132864 8.32579102
v 48.66280025 -0.00477345 8.29316255
v 48.70470313 0.00549948 8.33569043
v 48.72101562 0.00983353 8.34433398
v 48.71077303 0.00759778 8.33022861
v 48.70268360 0.00583941 8.31842127
v 48.73796875 0.01418477 8.35168359
v 48.72483267 0.01192920 8.32583314
v 48.75550000 0.01839149 8.35770020
v 48.73670312 0.01539881 8.32290723
v 48.74917688 0.01764332 8.34078397
v 48.77353906 0.02227452 8.36234375
v 48.74986221 0.01877418 8.32443467
v 48.78394024 0.02444655 8.35738194
v 48.76921556 0.02233427 8.34161383
v 48.79201562 0.02563687 8.36556543
v 48.76351794 0.02255046 8.31731790
v 48.80138281 0.02706438 8.36662695
v 48.81081250 0.02829959 8.36731445
v 48.77641320 0.02528722 8.31751412
v 48.80630119 0.02806705 8.35585201
v 48.82982031 0.03017684 8.36754980
v 48.79320695 0.02845043 8.31652121
v 48.82911241 0.03029196 8.35973087
v 48.80757969 0.02916966 8.33813768
v 48.82430926 0.03048779 8.34501651
v 48.82473502 0.03238929 8.31061184
v 48.84106270 0.03164626 8.34377427
v 48.86267739 0.03366777 8.30612730
v 48.87662619 0.03184991 8.34274061
v 48.86833594 0.03260313 8.32469141
v 48.90293018 0.03069793 8.32506242
v 48.94088281 0.02677124 8.31906445
v 48.95580469 0.02480115 8.30809766
v 48.92500665 0.02852698 8.32133079
v 48.96980469 0.02272136 8.29595313
v 48.98280469 0.02061561 8.28270020
v 48.99700982 0.01809346 8.24946556
v 48.95140441 0.02590301 8.27034750
v 48.96921717 0.02354651 8.23020533
v 49.01177621 0.01550186 8.23556839
v 49.02314063 0.01337340 8.22023535
v 48.99945825 0.01822800 8.20693081
v 48.99439844 0.01949835 8.19372559
v 49.02234695 0.01375016 8.19878916
v 49.03532031 0.01124752 8.18470996
v 49.01444620 0.01577707 8.17650187
v 49.00290625 0.01865207 8.16020215
v 49.03283471 0.01211636 8.16423059
v 49.01336663 0.01644992 8.15822696
v 49.02560881 0.01398579 8.15139284
v 49.07807913 0.00235416 8.15251222
v 49.03898444 0.01129676 8.14199645
v 48.96851672 0.02701798 8.14024148
v 49.00981310 0.01823162 8.12900548
v 49.07889501 0.00224804 8.13829822
v 49.04248438 0.01073890 8.12877734
v 49.03198725 0.01326869 8.12293571
v 49.07885382 0.00220991 8.12319869
v 49.02840954 0.01428788 8.11281880
v 49.00830927 0.01916710 8.10544403
v 49.03511914 0.01262373 8.08268205
v 49.00012541 0.02150225 8.07634230
v 49.01571875 0.01737920 8.06462305
v 48.73763194 0.01470127 8.33968448
v 48.75994117 0.01968538 8.35136238
v 48.78757086 0.02602641 8.34006018
v 48.60815625 -0.01462571 8.22848730
v 48.60914844 -0.01459869 8.23073242
v 48.61015625 -0.01456102 8.23296484
v 48.61119531 -0.01451259 8.23518555
v 48.61225000 -0.01445363 8.23739355
v 48.61332813 -0.01438401 8.23958887
v 48.61554687 -0.01421265 8.24394043
v 48.61442969 -0.01430370 8.24177148
v 48.86782031 0.03158913 8.36339648
v 48.88650000 0.03122630 8.35901758
v 48.90476563 0.03026428 8.35314258
v 48.93655722 0.02747217 8.34694219
v 48.60817969 -0.01456691 8.22781543
v 48.60949572 -0.01446554 8.22996095
v 48.61046195 -0.01437123 8.23135218
v 49.03079688 0.01311725 8.05492480
v 49.02421094 0.01427489 8.03741113
v 49.01625000 0.01571204 8.02052539
v 49.01274108 0.01766453 8.04230621
v 49.00698438 0.01744544 8.00438574
v 48.99648438 0.01948195 7.98909668
v 48.98032812 0.02459183 7.99263574
v 48.98662751 0.02422601 8.01869023
v 48.96919531 0.02689461 7.97882715
v 48.95706250 0.02940654 7.96601172
v 48.94399219 0.03207495 7.95426270
v 48.93008594 0.03482729 7.94364062
v 48.91542969 0.03755941 7.93419531
v 48.90010937 0.04013348 7.92596484
v 48.88420312 0.04238604 7.91898535
v 48.87606250 0.04333456 7.91597559
v 48.86782031 0.04413139 7.91329004
v 48.85947656 0.04475100 7.91093457
v 48.85105469 0.04516813 7.90891211
v 48.84257031 0.04535437 7.90722656
v 48.83403906 0.04530112 7.90587891
v 48.82548438 0.04500810 7.90487109
v 48.81692969 0.04447734 7.90420215
v 48.80838281 0.04371231 7.90387207
v 48.79985937 0.04271964 7.90387891
v 48.95197946 0.03415135 8.04024235
v 48.96147877 0.03040652 7.99836133
v 48.79139062 0.04152005 7.90421680
v 48.78296875 0.04014399 7.90488086
v 48.77462500 0.03862297 7.90586816
v 48.76635156 0.03698830 7.90717090
v 48.75817188 0.03527041 7.90878418
v 48.75007813 0.03349769 7.91070410
v 48.74208594 0.03169711 7.91292676
v 48.73420313 0.02989298 7.91544629
v 48.71877344 0.02636089 7.92136816
v 48.70385156 0.02304844 7.92844141
v 48.69203369 0.02107151 7.94226553
v 48.68951562 0.02005666 7.93662988
v 48.68260156 0.01869889 7.94112891
v 48.67586719 0.01743596 7.94588867
v 48.67551624 0.01726182 7.94358124
v 48.66816731 0.01600476 7.95002141
v 48.66932031 0.01626585 7.95090137
v 48.66297656 0.01518368 7.95615820
v 48.65944165 0.01460071 7.95927470
v 48.65684375 0.01418178 7.96165039
v 48.56491406 0.00079431 8.05802344
v 48.57110784 0.00032030 8.06126122
v 48.57610077 0.00003131 8.06387154
v 48.57686715 -0.00000551 8.06427044
v 48.57707075 -0.00013636 8.06435792
v 48.57736244 -0.00014958 8.06450992
v 48.57810805 -0.00006214 8.06492078
v 48.57878765 -0.00008997 8.06527504
v 48.57948236 -0.00011804 8.06563908
v 48.57978767 -0.00012934 8.06579789
v 48.58001622 -0.00013764 8.06591605
v 48.58026872 -0.00014762 8.06604828
v 48.58071227 -0.00024325 8.06626768
v 48.58253487 -0.00021940 8.06723241
v 48.58268589 -0.00022412 8.06731287
v 48.58461244 -0.00027071 8.06831855
v 48.58494890 -0.00027795 8.06849509
v 48.58521171 -0.00040386 8.06861067
v 48.58545722 -0.00028747 8.06876148
v 48.58683079 -0.00030926 8.06947870
v 48.59144734 -0.00033442 8.07189204
v 48.59167377 -0.00033373 8.07200974
v 48.59203923 -0.00033234 8.07220036
v 48.59220545 -0.00045316 8.07226782
v 48.59276113 -0.00032838 8.07257761
v 48.59315592 -0.00032480 8.07278331
v 48.59388848 -0.00031781 8.07316777
v 48.59431346 -0.00031284 8.07338917
v 48.59462330 -0.00030876 8.07355162
v 48.59496160 -0.00030416 8.07372961
v 48.59560757 -0.00029405 8.07406734
v 48.59576445 -0.00029113 8.07414802
v 48.59596808 -0.00028709 8.07425408
v 48.59613059 -0.00040604 8.07431792
v 48.59624210 -0.00040390 8.07437610
v 48.59642223 -0.00027856 8.07449150
v 48.59693997 -0.00026813 8.07476193
v 48.59709291 -0.00026479 8.07484320
v 48.59749628 -0.00025540 8.07505428
v 48.60080077 -0.00015828 8.07678046
v 48.60120744 -0.00014370 8.07699303
v 48.60420617 -0.00001769 8.07856147
v 48.60856032 0.00022195 8.08083578
v 48.61030184 0.00033682 8.08174536
v 48.61276680 0.00051844 8.08303381
v 48.61596790 0.00078699 8.08470597
v 48.62037649 0.00121909 8.08701036
v 48.62149518 0.00134021 8.08759507
v 48.62194922 0.00139068 8.08783254
v 48.62368359 0.00159068 8.08874094
v 48.62499062 0.00174819 8.08942359
v 48.62560549 0.00182465 8.08974586
v 48.62614902 0.00189263 8.09002859
v 48.62666501 0.00195740 8.09029894
v 48.62666617 0.00195892 8.09029943
v 48.62851592 0.00220215 8.09126480
v 48.63124123 0.00258189 8.09269053
v 48.63145313 0.00261253 8.09280176
v 48.63222197 0.00272431 8.09320269
v 48.63403348 0.00299523 8.09414986
v 48.63526717 0.00318534 8.09479377
v 48.64394531 0.00464838 8.09933105
v 48.56491406 0.00055178 8.05798535
v 48.57023716 0.00013690 8.06076735
v 48.57273565 -0.00002509 8.06207184
v 48.57457531 -0.00013134 8.06303444
v 48.57496875 -0.00015263 8.06324023
v 48.57927489 -0.00035178 8.06548903
v 48.57940329 -0.00035676 8.06555574
v 48.57977035 -0.00037083 8.06574777
v 48.58228412 -0.00045462 8.06706088
v 48.58243541 -0.00045894 8.06714013
v 48.58266962 -0.00046576 8.06726256
v 48.58472827 -0.00051558 8.06833872
v 48.58497820 -0.00052074 8.06846887
v 48.59108348 -0.00057768 8.07166116
v 48.59313718 -0.00056787 8.07273168
v 48.59383879 -0.00056106 8.07309833
v 48.59465741 -0.00055110 8.07352516
v 48.59519309 -0.00054316 8.07380581
v 48.59576281 -0.00053369 8.07410516
v 48.59639062 -0.00052222 8.07443164
v 48.59675227 -0.00051473 8.07462009
v 48.59721094 -0.00050488 8.07486035
v 48.59936631 -0.00044823 8.07598651
v 48.60021233 -0.00042157 8.07642783
v 48.61298260 0.00029124 8.08310112
v 48.62167514 0.00111517 8.08764254
v 48.62201045 0.00115240 8.08781754
v 48.62372487 0.00135000 8.08871488
v 48.62470541 0.00146737 8.08922580
v 48.62575128 0.00159656 8.08977289
v 48.62599414 0.00162686 8.08989823
v 48.62664101 0.00170972 8.09023859
v 48.62910156 0.00203554 8.09152344
v 48.62979099 0.00213052 8.09188333
v 48.63056961 0.00223938 8.09228917
v 48.63281879 0.00256584 8.09346600
v 48.64400000 0.00441005 8.09930957
v 48.56519191 0.00052780 8.05813132
v 48.56559015 0.00049366 8.05833961
v 48.56605068 0.00045493 8.05858100
v 48.56639726 0.00042644 8.05876119
v 48.56683425 0.00039101 8.05898926
v 48.56719031 0.00036259 8.05917584
v 48.56754681 0.00033466 8.05936109
v 48.56787947 0.00030886 8.05953480
v 48.56831409 0.00027591 8.05976139
v 48.56882706 0.00023722 8.06003260
v 48.56924725 0.00020674 8.06025062
v 48.56970505 0.00017402 8.06048979
v 48.57061565 0.00011093 8.06096578
v 48.57084662 0.00009526 8.06108710
v 48.57183515 0.00003073 8.06160344
v 48.57315346 -0.00005024 8.06229099
v 48.57356626 -0.00007443 8.06250650
v 48.57404448 -0.00010210 8.06275722
v 48.57549408 -0.00018006 8.06351339
v 48.57665327 -0.00023770 8.06411892
v 48.57767188 -0.00028455 8.06464941
v 48.57779013 -0.00016888 8.06473357
v 48.57829598 -0.00031180 8.06497639
v 48.57882742 -0.00033400 8.06525642
v 48.57897314 -0.00033975 8.06533044
v 48.58024371 -0.00038827 8.06599610
v 48.58098284 -0.00041393 8.06638192
v 48.58178445 -0.00043950 8.06679981
v 48.58378747 -0.00049440 8.06784612
v 48.58448362 -0.00051047 8.06821153
v 48.58461652 -0.00051328 8.06828107
v 48.58680341 -0.00055116 8.06942132
v 48.58705194 -0.00055450 8.06955213
v 48.58734375 -0.00055801 8.06970313
v 48.58767440 -0.00056173 8.06987697
v 48.58813946 -0.00056623 8.07011877
v 48.58848455 -0.00056912 8.07030095
v 48.58865272 -0.00057016 8.07038949
v 48.58912477 -0.00057340 8.07063576
v 48.58956013 -0.00057553 8.07086338
v 48.59028769 -0.00057751 8.07124233
v 48.59085934 -0.00057780 8.07154002
v 48.59132657 -0.00057701 8.07178692
v 48.59188453 -0.00057524 8.07207773
v 48.59248437 -0.00057247 8.07238965
v 48.59340625 -0.00056537 8.07287305
v 48.59433652 -0.00055520 8.07335692
v 48.59744308 -0.00049957 8.07498283
v 48.59795646 -0.00048707 8.07525033
v 48.59865294 -0.00046875 8.07561397
v 48.60110446 -0.00039056 8.07689491
v 48.60181243 -0.00036391 8.07726516
v 48.60210799 -0.00035232 8.07742115
v 48.60267035 -0.00032940 8.07771375
v 48.60319202 -0.00030733 8.07798405
v 48.60350619 -0.00029331 8.07815025
v 48.60427339 -0.00025794 8.07855112
v 48.60456217 -0.00024399 8.07870327
v 48.60519925 -0.00021269 8.07903257
v 48.60536436 -0.00020401 8.07912220
v 48.60594388 -0.00017349 8.07942479
v 48.60659026 -0.00013867 8.07975934
v 48.60697527 -0.00011684 8.07996228
v 48.60735156 -0.00009478 8.08016113
v 48.60751693 -0.00008524 8.08024593
v 48.60803975 -0.00005391 8.08051837
v 48.60876039 -0.00000945 8.08089365
v 48.60889844 -0.00000008 8.08096875
v 48.60935433 0.00002920 8.08120523
v 48.60975670 0.00005585 8.08141541
v 48.61029971 0.00009290 8.08169953
v 48.61081392 0.00012901 8.08196917
v 48.61127894 0.00016244 8.08221242
v 48.61175481 0.00019733 8.08246085
v 48.61254053 0.00025656 8.08286978
v 48.61334026 0.00031962 8.08328783
v 48.61378982 0.00035579 8.08352195
v 48.61418206 0.00038828 8.08372711
v 48.61465707 0.00042812 8.08397562
v 48.61526695 0.00048077 8.08429525
v 48.61581469 0.00052861 8.08457916
v 48.61591072 0.00053780 8.08463203
v 48.61656041 0.00059637 8.08496914
v 48.61690819 0.00062889 8.08515332
v 48.61725781 0.00066169 8.08533594
v 48.61770040 0.00070355 8.08556552
v 48.61811191 0.00074357 8.08578103
v 48.61873793 0.00080545 8.08610829
v 48.61935597 0.00086800 8.08643154
v 48.61986312 0.00092050 8.08669726
v 48.62040818 0.00097745 8.08698023
v 48.62250982 0.00120884 8.08807917
v 48.62314036 0.00128115 8.08840743
v 48.62416109 0.00140163 8.08894116
v 48.62731539 0.00179685 8.09058991
v 48.62785787 0.00186810 8.09087226
v 48.62817133 0.00190970 8.09103620
v 48.62875451 0.00198847 8.09134278
v 48.62935996 0.00207112 8.09165871
v 48.63120196 0.00232994 8.09262220
v 48.63139680 0.00235764 8.09272258
v 48.63173235 0.00240649 8.09289898
v 48.63227276 0.00248525 8.09318101
v 48.63321094 0.00262426 8.09367090
v 48.63359542 0.00268188 8.09387110
v 48.63411925 0.00276103 8.09414397
v 48.63459834 0.00283518 8.09439694
v 48.63523451 0.00293365 8.09472891
v 48.63569982 0.00300639 8.09497163
v 48.63609225 0.00306836 8.09517646
v 48.63665844 0.00315856 8.09547307
v 48.63714548 0.00323700 8.09572770
v 48.63756576 0.00330515 8.09594739
v 48.63819571 0.00340844 8.09627736
v 48.63851013 0.00345939 8.09643799
v 48.63896812 0.00353530 8.09667698
v 48.63953716 0.00363087 8.09697508
v 48.63992947 0.00369725 8.09718055
v 48.64028864 0.00375839 8.09736872
v 48.64071049 0.00383073 8.09758960
v 48.64109988 0.00389794 8.09779356
v 48.64136174 0.00394333 8.09793053
v 48.64192080 0.00403997 8.09822098
v 48.64243750 0.00413056 8.09849023
v 48.64308154 0.00424493 8.09882820
v 48.64360884 0.00433944 8.09910422
v 48.64378756 0.00461987 8.09924921
v 48.64331987 0.00453578 8.09900367
v 48.64276965 0.00443758 8.09871530
v 48.64230343 0.00435506 8.09847102
v 48.64187385 0.00427951 8.09824574
v 48.64129004 0.00417763 8.09793996
v 48.64108492 0.00414350 8.09783710
v 48.64046013 0.00403585 8.09750959
v 48.64018934 0.00398956 8.09736815
v 48.63967894 0.00390286 8.09710044
v 48.63932751 0.00384361 8.09691667
v 48.63897391 0.00378433 8.09673177
v 48.63854559 0.00371304 8.09650763
v 48.63797698 0.00361915 8.09620975
v 48.63743659 0.00353084 8.09592737
v 48.63694261 0.00345092 8.09566924
v 48.63647365 0.00337568 8.09542401
v 48.63604546 0.00330758 8.09519994
v 48.63565871 0.00324656 8.09499799
v 48.63491466 0.00313065 8.09460968
v 48.63445302 0.00305972 8.09436993
v 48.63367256 0.00294004 8.09395934
v 48.63324846 0.00287639 8.09373869
v 48.63253794 0.00277080 8.09336793
v 48.63167318 0.00264436 8.09291658
v 48.63030263 0.00244815 8.09219905
v 48.62962474 0.00235363 8.09184434
v 48.62923360 0.00229950 8.09163984
v 48.62891829 0.00225713 8.09147672
v 48.62810909 0.00214775 8.09105310
v 48.62758142 0.00207793 8.09077778
v 48.62718610 0.00202632 8.09057154
v 48.62435896 0.00167069 8.08909184
v 48.62395306 0.00162260 8.08888058
v 48.62367867 0.00158941 8.08873631
v 48.62271464 0.00147786 8.08823411
v 48.62231324 0.00143168 8.08802285
v 48.62108863 0.00129606 8.08738417
v 48.62077329 0.00126200 8.08721907
v 48.61985944 0.00116507 8.08674222
v 48.61942911 0.00112005 8.08651523
v 48.61877352 0.00105392 8.08617387
v 48.61822777 0.00099969 8.08588871
v 48.61745707 0.00092521 8.08548687
v 48.61708365 0.00088957 8.08528882
v 48.61667976 0.00085208 8.08507865
v 48.61612265 0.00080144 8.08479018
v 48.61556151 0.00075080 8.08449333
v 48.61494412 0.00069744 8.08417217
v 48.61447693 0.00065738 8.08392820
v 48.61394220 0.00061268 8.08364823
v 48.61365944 0.00058955 8.08350122
v 48.61319931 0.00055263 8.08326019
v 48.61243610 0.00049290 8.08286258
v 48.61176721 0.00044215 8.08251213
v 48.61140427 0.00041548 8.08232294
v 48.61096472 0.00038368 8.08209301
v 48.60996179 0.00031358 8.08156783
v 48.60950154 0.00028269 8.08132730
v 48.60879931 0.00023727 8.08096115
v 48.60812739 0.00019500 8.08060805
v 48.60744945 0.00015446 8.08025640
v 48.60715392 0.00013710 8.08010028
v 48.60673784 0.00011326 8.07988216
v 48.60624224 0.00008603 8.07962503
v 48.60604462 0.00007497 8.07951903
v 48.60537782 0.00004015 8.07917257
v 48.60484196 0.00001314 8.07889392
v 48.60470751 0.00000627 8.07882089
v 48.60385125 -0.00003429 8.07837484
v 48.60332112 -0.00005832 8.07809751
v 48.60276066 -0.00008225 8.07780442
v 48.60239507 -0.00009774 8.07761194
v 48.60187766 -0.00011815 8.07734398
v 48.60153982 -0.00013122 8.07716689
v 48.60029582 -0.00017554 8.07651561
v 48.59982649 -0.00031247 8.07625006
v 48.59946932 -0.00020237 8.07608477
v 48.59861887 -0.00022668 8.07564018
v 48.59844194 -0.00023170 8.07554561
v 48.59787516 -0.00024618 8.07525103
v 48.59021160 -0.00033482 8.07124529
v 48.58979069 -0.00033376 8.07102351
v 48.58943337 -0.00033247 8.07083899
v 48.58923453 -0.00033176 8.07073553
v 48.58851608 -0.00032688 8.07036002
v 48.58816777 -0.00032403 8.07017665
v 48.58750795 -0.00031761 8.06983309
v 48.58639605 -0.00030303 8.06925322
v 48.58568392 -0.00029156 8.06888028
v 48.58417176 -0.00026131 8.06808870
v 48.58365188 -0.00024890 8.06781751
v 48.58354495 -0.00024636 8.06776039
v 48.58230786 -0.00021299 8.06711546
v 48.58223670 -0.00021111 8.06707704
v 48.58145120 -0.00018704 8.06666732
v 48.58049199 -0.00015474 8.06616503
v 48.57904614 -0.00010019 8.06540851
v 48.57853819 -0.00007956 8.06514321
v 48.57433077 0.00012454 8.06294483
v 48.57379413 0.00015509 8.06266458
v 48.57237167 0.00014239 8.06190682
v 48.57045979 0.00036389 8.06092289
v 48.56986572 0.00040519 8.06061101
v 48.56893438 0.00047193 8.06012501
v 48.56835521 0.00051497 8.05982247
v 48.56795313 0.00054572 8.05961230
v 48.56779687 0.00055742 8.05953223
v 48.56743112 0.00058631 8.05933778
v 48.56669910 0.00064429 8.05895687
v 48.56597721 0.00070362 8.05857944
v 48.56528305 0.00076214 8.05821696
v 48.56530469 0.00063916 8.05820996
v 48.57039063 0.00024775 8.06086523
v 48.57100000 0.00020656 8.06118457
v 48.57134189 0.00018379 8.06136339
v 48.57277672 0.00021456 8.06213377
v 48.57322497 0.00018742 8.06236843
v 48.57428649 0.00002695 8.06290394
v 48.57476422 0.00010087 8.06317208
v 48.57526524 0.00007343 8.06343600
v 48.57552718 0.00006047 8.06357103
v 48.57521623 -0.00004436 8.06338729
v 48.57638755 -0.00022480 8.06398064
v 48.57781595 -0.00004903 8.06476845
v 48.57820238 -0.00006542 8.06496781
v 48.57888395 -0.00009409 8.06532555
v 48.58003269 -0.00018246 8.06591956
v 48.58165048 -0.00019432 8.06677103
v 48.58181467 -0.00019835 8.06685833
v 48.58211753 -0.00020755 8.06701528
v 48.58298893 -0.00023198 8.06747077
v 48.58319836 -0.00023759 8.06758058
v 48.58385156 -0.00037497 8.06790234
v 48.58456789 -0.00033003 8.06828530
v 48.58532140 -0.00052735 8.06864830
v 48.58561719 -0.00031374 8.06884180
v 48.58575052 -0.00029302 8.06891458
v 48.58648752 -0.00054646 8.06925671
v 48.58780747 -0.00044245 8.06996797
v 48.58487500 -0.00039746 8.06843750
v 48.57482031 -0.00002354 8.06318359
v 48.57527344 -0.00004720 8.06341602
v 48.57438497 -0.00012071 8.06293395
v 48.57476261 -0.00007336 8.06314104
v 48.57907715 -0.00015398 8.06541611
v 48.57934002 -0.00020386 8.06555001
v 48.57573265 -0.00019236 8.06363940
v 48.58220885 -0.00033018 8.06704319
v 48.57579704 -0.00003029 8.06369908
v 48.57549561 -0.00013834 8.06351970
v 48.57831111 -0.00019131 8.06500571
v 48.58277344 -0.00034720 8.06733594
v 48.57839980 -0.00031588 8.06503049
v 48.57861726 -0.00032507 8.06514474
v 48.57878687 -0.00021592 8.06525242
v 48.57889062 -0.00031303 8.06529199
v 48.57921457 -0.00026147 8.06547271
v 48.57938766 -0.00023529 8.06556605
v 48.57982031 -0.00025135 8.06579199
v 48.58001351 -0.00032424 8.06588405
v 48.58048106 -0.00039656 8.06611907
v 48.58134317 -0.00030477 8.06659055
v 48.58190458 -0.00044285 8.06686404
v 48.58294217 -0.00047314 8.06740622
v 48.58326555 -0.00048138 8.06757287
v 48.58562500 -0.00041161 8.06882812
v 48.58591102 -0.00053764 8.06895520
v 48.58988693 -0.00057654 8.07103353
v 48.59059044 -0.00033534 8.07144360
v 48.59083480 -0.00033504 8.07157050
v 48.59264604 -0.00032963 8.07251807
v 48.59278997 -0.00032759 8.07259484
v 48.58467207 -0.00027225 8.06835037
v 48.58398603 -0.00049908 8.06794991
v 48.58427571 -0.00050595 8.06810342
v 48.58442472 -0.00026702 8.06822024
v 48.58445703 -0.00045232 8.06820732
v 48.58454792 -0.00042890 8.06825888
v 48.58466406 -0.00039312 8.06832715
v 48.58478519 -0.00045853 8.06837593
v 48.58569740 -0.00053395 8.06884476
v 48.58578060 -0.00053548 8.06888721
v 48.58621607 -0.00030034 8.06915683
v 48.58634532 -0.00054462 8.06918358
v 48.59162408 -0.00046738 8.07195937
v 48.59336259 -0.00032330 8.07289219
v 48.59474332 -0.00030707 8.07361279
v 48.59483930 -0.00046109 8.07363908
v 48.59537431 -0.00029761 8.07394290
v 48.59657313 -0.00027561 8.07457064
v 48.59684375 -0.00031694 8.07470508
v 48.59785783 -0.00038176 8.07521594
v 48.59857888 -0.00047101 8.07557409
v 48.59893266 -0.00033912 8.07578172
v 48.60039844 -0.00029373 8.07654688
v 48.60064776 -0.00040679 8.07665655
v 48.60101563 -0.00027226 8.07686914
v 48.60163281 -0.00024943 8.07719141
v 48.60409375 -0.00014457 8.07848047
v 48.60657031 -0.00001791 8.07977148
v 48.60780469 0.00005365 8.08041797
v 48.60874167 0.00011568 8.08090935
v 48.61028906 0.00021413 8.08171680
v 48.61153906 0.00030343 8.08237109
v 48.61310914 0.00040131 8.08318644
v 48.61400781 0.00049636 8.08366211
v 48.61523438 0.00059982 8.08429883
v 48.61646094 0.00071006 8.08494336
v 48.61894531 0.00094905 8.08624121
v 48.62031878 0.00108350 8.08695759
v 48.62079391 0.00101907 8.08718257
v 48.62102074 0.00104355 8.08730024
v 48.62127220 0.00107084 8.08743337
v 48.62203930 0.00129700 8.08786168
v 48.62279687 0.00136455 8.08825293
v 48.62387763 0.00150101 8.08881984
v 48.62439663 0.00155039 8.08908941
v 48.62514509 0.00176714 8.08950468
v 48.62525567 0.00153465 8.08951191
v 48.62543035 0.00180234 8.08965306
v 48.62578967 0.00184691 8.08983974
v 48.62602409 0.00174863 8.08993780
v 48.62783594 0.00198837 8.09088574
v 48.62846094 0.00207162 8.09121191
v 48.62935709 0.00220684 8.09168273
v 48.63145102 0.00248050 8.09277445
v 48.63209375 0.00258237 8.09311230
v 48.63278373 0.00280710 8.09349641
v 48.63396875 0.00286155 8.09408984
v 48.63521094 0.00305331 8.09474023
v 48.63646094 0.00325035 8.09539355
v 48.63896094 0.00365883 8.09670117
v 48.64357031 0.00445635 8.09910840
v 48.59175725 -0.00057614 8.07200989
v 48.59262127 -0.00057140 8.07246086
v 48.59360270 -0.00032168 8.07301695
v 48.59448438 -0.00050645 8.07344238
v 48.59556447 -0.00053745 8.07400024
v 48.59685938 -0.00046561 8.07468555
v 48.59710115 -0.00050752 8.07480233
v 48.56583594 0.00162948 8.05255957
v 48.56675781 0.00243079 8.04709082
v 48.56860938 0.00392836 8.03613965
v 48.57232031 0.00647608 8.01418262
v 48.57604688 0.00837305 7.99216113
v 48.57791406 0.00905617 7.98113184
v 48.57977344 0.00955046 7.97009180
v 48.56583594 0.00154857 8.05254785
v 48.56675781 0.00234981 8.04707910
v 48.56860938 0.00384725 8.03612891
v 48.57232031 0.00639473 8.01417383
v 48.57604688 0.00829152 7.99215527
v 48.57790625 0.00897456 7.98112695
v 48.56583594 0.00146766 8.05253516
v 48.56675781 0.00226883 8.04706738
v 48.56860938 0.00376615 8.03611816
v 48.57232031 0.00631339 8.01416504
v 48.57603906 0.00820998 7.99214941
v 48.57790625 0.00889294 7.98112207
v 48.56583594 0.00138675 8.05252344
v 48.56675781 0.00218786 8.04705566
v 48.56850845 0.00340737 8.03639744
v 48.57232031 0.00623205 8.01415625
v 48.57789844 0.00881133 7.98111719
v 48.57976563 0.00930546 7.97008105
v 48.56767969 0.00295428 8.04158398
v 48.56953125 0.00437916 8.03062598
v 48.57046094 0.00503572 8.02514063
v 48.57139062 0.00565369 8.01965039
v 48.57325000 0.00676976 8.00865820
v 48.57417969 0.00726578 8.00315723
v 48.57577850 0.00791932 7.99360315
v 48.57696875 0.00849291 7.98663086
v 48.57883594 0.00908250 7.97559961
v 48.57884375 0.00932742 7.97561230
v 48.57697656 0.00873764 7.98664746
v 48.57511719 0.00796352 7.99767187
v 48.57418750 0.00751012 8.00317871
v 48.57325000 0.00701395 8.00868262
v 48.57139844 0.00589756 8.01967871
v 48.57046875 0.00527941 8.02516992
v 48.56953906 0.00462267 8.03065723
v 48.56768750 0.00319741 8.04161816
v 48.57240962 0.00956409 7.97730966
v 48.56385156 0.00955676 7.98569336
v 48.55588281 0.00953413 7.99349316
v 48.51607031 0.00892931 8.03249316
v 48.57180469 0.00948156 7.97788770
v 48.56384375 0.00947541 7.98568652
v 48.55587500 0.00945299 7.99348633
v 48.54791406 0.00940964 8.00128516
v 48.53198438 0.00922631 8.01688281
v 48.52401562 0.00906761 8.02468164
v 48.57180469 0.00940003 7.97788281
v 48.56383594 0.00939406 7.98568066
v 48.55586719 0.00937186 7.99347852
v 48.54790625 0.00932874 8.00127637
v 48.53196875 0.00914595 8.01687109
v 48.52400781 0.00898752 8.02466895
v 48.56382813 0.00931271 7.98567383
v 48.55585937 0.00929072 7.99347070
v 48.54792267 0.00924979 8.00124279
v 48.53279045 0.00906224 8.01604571
v 48.52360895 0.00890021 8.02503846
v 48.51603125 0.00868978 8.03245117
v 48.57222104 0.00931951 7.97746227
v 48.56781250 0.00931773 7.98177539
v 48.55984375 0.00930387 7.98957227
v 48.55187500 0.00927241 7.99736816
v 48.53992969 0.00917580 8.00906348
v 48.53594531 0.00912605 8.01296191
v 48.52797656 0.00899319 8.02075781
v 48.52356793 0.00913838 8.02514614
v 48.52800781 0.00923386 8.02079492
v 48.53597656 0.00936754 8.01299512
v 48.53995312 0.00941770 8.00909473
v 48.54794449 0.00949245 8.00127178
v 48.55189844 0.00951547 7.99739355
v 48.55986719 0.00954761 7.98959375
v 48.56782812 0.00956206 7.98179297
v 48.49639062 0.01371853 8.02220996
v 48.49147656 0.01493676 8.01964062
v 48.48655469 0.01613816 8.01707031
v 48.47670313 0.01846406 8.01192188
v 48.46683594 0.02066009 8.00676074
v 48.45692969 0.02269121 8.00158594
v 48.44201563 0.02534441 7.99379199
v 48.43703125 0.02610311 7.99118555
v 48.50618750 0.01104415 8.02730566
v 48.49635156 0.01347958 8.02216797
v 48.49143750 0.01469769 8.01959961
v 48.47667188 0.01822427 8.01188184
v 48.46680469 0.02041970 8.00672266
v 48.45690625 0.02245016 8.00154785
v 48.44697656 0.02427750 7.99635840
v 48.44200000 0.02510229 7.99375684
v 48.43701563 0.02586062 7.99115137
v 48.51110937 0.00985146 8.02987695
v 48.50126563 0.01225747 8.02473633
v 48.48160156 0.01707573 8.01445703
v 48.47174219 0.01934037 8.00930371
v 48.46185938 0.02145787 8.00413770
v 48.45194531 0.02339173 7.99895508
v 48.45196875 0.02363313 7.99899219
v 48.46188281 0.02169858 8.00417578
v 48.47177344 0.01958045 8.00934277
v 48.48163281 0.01731525 8.01449707
v 48.50507015 0.01156523 8.02674720
v 48.51114063 0.01009071 8.02991895
v 48.50620312 0.01116368 8.02732617
v 48.49146094 0.01481722 8.01962012
v 48.48653906 0.01601852 8.01704980
v 48.47668750 0.01834417 8.01190234
v 48.46682031 0.02053989 8.00674219
v 48.45691406 0.02257068 8.00156738
v 48.44698437 0.02439838 7.99637598
v 48.44702344 0.02214828 8.01131152
v 48.45696094 0.01747941 8.03131543
v 48.46227530 0.01471516 8.04202913
v 48.46436719 0.01358253 8.04624023
v 48.46560156 0.01290598 8.04872168
v 48.46683594 0.01222880 8.05120313
v 48.47176563 0.00952344 8.06113086
v 48.47669531 0.00683022 8.07105957
v 48.44700000 0.02190727 8.01127148
v 48.45692969 0.01723988 8.03126953
v 48.46187500 0.01467673 8.04122363
v 48.46310938 0.01401458 8.04370801
v 48.46433594 0.01334405 8.04619043
v 48.46675344 0.01201866 8.05105022
v 48.47173437 0.00928501 8.06108105
v 48.47666406 0.00659173 8.07101172
v 48.44191659 0.02403354 8.00103059
v 48.44949219 0.02080247 8.01628223
v 48.45197656 0.01965504 8.02128516
v 48.45445313 0.01846688 8.02628125
v 48.45940625 0.01597588 8.03625000
v 48.46926562 0.01063684 8.05611719
v 48.47419531 0.00793624 8.06604590
v 48.47422656 0.00817470 8.06609473
v 48.46929687 0.01087526 8.05616699
v 48.45942969 0.01621506 8.03629785
v 48.45448437 0.01870678 8.02632617
v 48.45200000 0.01989531 8.02132910
v 48.44951562 0.02104311 8.01632422
v 48.44192847 0.02428051 8.00104091
v 48.44146875 0.02432070 8.00012695
v 48.45694531 0.01735964 8.03129199
v 48.46189063 0.01479614 8.04124805
v 48.46311719 0.01413390 8.04373242
v 48.46435156 0.01346329 8.04621582
v 48.46558594 0.01278677 8.04869727
v 48.46682031 0.01210958 8.05117871
v 48.47175000 0.00940422 8.06110547
v 48.46871875 0.00629860 8.07886719
v 48.46075000 0.00573113 8.08667285
v 48.44482031 0.00446592 8.10227930
v 48.41298438 0.00126047 8.13346191
v 48.46871094 0.00623890 8.07885547
v 48.46074219 0.00567133 8.08666113
v 48.44481250 0.00440591 8.10226855
v 48.46870312 0.00617921 8.07884277
v 48.46073438 0.00561154 8.08664941
v 48.44480469 0.00434589 8.10225684
v 48.46869531 0.00611951 8.07883105
v 48.46073438 0.00555174 8.08663770
v 48.44480469 0.00428587 8.10224512
v 48.46868750 0.00605981 8.07881934
v 48.46072656 0.00549195 8.08662598
v 48.44479688 0.00422585 8.10223438
v 48.41296875 0.00101880 8.13342090
v 48.45275781 0.00488244 8.09443066
v 48.43683594 0.00351659 8.11003516
v 48.42887500 0.00274921 8.11783398
v 48.42092187 0.00191838 8.12562891
v 48.42093750 0.00215969 8.12567090
v 48.42889063 0.00299013 8.11787695
v 48.43685156 0.00375710 8.11008008
v 48.45278125 0.00512206 8.09447754
v 48.43509375 0.00028523 8.13019434
v 48.44613281 -0.00048309 8.12856348
v 48.45715625 -0.00140256 8.12693359
v 48.46817969 -0.00244742 8.12530566
v 48.47367969 -0.00300903 8.12449219
v 48.47918750 -0.00359004 8.12367871
v 48.48468750 -0.00417756 8.12286621
v 48.49018750 -0.00475609 8.12205273
v 48.49569531 -0.00531300 8.12123926
v 48.50120313 -0.00583650 8.12042480
v 48.43507031 0.00004441 8.13015234
v 48.44610937 -0.00072348 8.12852051
v 48.45713281 -0.00164257 8.12689062
v 48.46814844 -0.00268714 8.12526270
v 48.47364844 -0.00324862 8.12444922
v 48.47915625 -0.00382957 8.12363574
v 48.48465625 -0.00441716 8.12282324
v 48.49015625 -0.00499583 8.12200977
v 48.49566406 -0.00555294 8.12119629
v 48.50117187 -0.00607671 8.12038281
v 48.42123088 0.00075936 8.13219817
v 48.42954687 0.00036321 8.13096875
v 48.44059375 -0.00031896 8.12933594
v 48.45161719 -0.00116573 8.12770508
v 48.46264062 -0.00215080 8.12607617
v 48.46267187 -0.00191095 8.12611914
v 48.45164844 -0.00092554 8.12774805
v 48.44060938 -0.00007836 8.12937891
v 48.42369388 0.00090540 8.13187863
v 48.42182031 0.00084898 8.13213379
v 48.44611719 -0.00060329 8.12854199
v 48.45714844 -0.00152256 8.12691211
v 48.46816406 -0.00256728 8.12528418
v 48.47366406 -0.00312882 8.12447070
v 48.47917187 -0.00370981 8.12365723
v 48.48467187 -0.00429736 8.12284473
v 48.49017188 -0.00487596 8.12203125
v 48.51105469 -0.01020094 8.14025977
v 48.52094531 -0.01399366 8.16018848
v 48.53089062 -0.01714947 8.18020605
v 48.53587500 -0.01847605 8.19024414
v 48.54086719 -0.01963237 8.20029980
v 48.51104687 -0.01026129 8.14025000
v 48.52094531 -0.01405429 8.16017969
v 48.53088281 -0.01721029 8.18019824
v 48.53587500 -0.01853693 8.19023633
v 48.51103906 -0.01032165 8.14024023
v 48.52094531 -0.01411492 8.16017090
v 48.53088281 -0.01727111 8.18019043
v 48.53587500 -0.01859781 8.19022949
v 48.51103906 -0.01038200 8.14023047
v 48.52093750 -0.01417555 8.16016211
v 48.53088281 -0.01733193 8.18018164
v 48.53587500 -0.01865870 8.19022168
v 48.51103125 -0.01044235 8.14022070
v 48.52093750 -0.01423617 8.16015332
v 48.53088281 -0.01739276 8.18017383
v 48.53587500 -0.01871958 8.19021387
v 48.54086719 -0.01987605 8.20027051
v 48.50609375 -0.00832553 8.13029004
v 48.51597656 -0.01241551 8.15017578
v 48.52590625 -0.01589694 8.17015234
v 48.52591406 -0.01565399 8.17018750
v 48.51599219 -0.01217352 8.15021289
v 48.50612500 -0.00808472 8.13033105
v 48.54830469 -0.01391252 8.15629883
v 48.55572656 -0.00766406 8.11236816
v 48.54458594 -0.01690040 8.17828320
v 48.54830469 -0.01397335 8.15629102
v 48.55201563 -0.01091470 8.13431641
v 48.54458594 -0.01696127 8.17827539
v 48.54830469 -0.01403417 8.15628320
v 48.55201563 -0.01097548 8.13430762
v 48.54458594 -0.01702215 8.17826758
v 48.54830469 -0.01409500 8.15627441
v 48.55201563 -0.01103625 8.13429883
v 48.54830469 -0.01415582 8.15626660
v 48.55573438 -0.00790695 8.11233301
v 48.54273438 -0.01849649 8.18926367
v 48.54458594 -0.01708302 8.17825977
v 48.54644531 -0.01563600 8.16726074
v 48.55016406 -0.01264282 8.14527637
v 48.55219209 -0.01099883 8.13328762
v 48.55387500 -0.00951842 8.12330957
v 48.55387500 -0.00927542 8.12334375
v 48.55201563 -0.01085392 8.13432422
v 48.55015625 -0.01239961 8.14530957
v 48.54644531 -0.01539260 8.16729297
v 48.54458594 -0.01683952 8.17829102
v 48.54272656 -0.01825290 8.18929297
v 48.56686719 -0.00712596 8.11072168
v 48.57798437 -0.00629871 8.10907910
v 48.60014844 -0.00379922 8.10580371
v 48.61397418 -0.00165129 8.10376118
v 48.62215625 -0.00013867 8.10255176
v 48.63461948 0.00247061 8.10070976
v 48.57800000 -0.00654157 8.10904688
v 48.58910937 -0.00543267 8.10740918
v 48.61121094 -0.00236026 8.10414746
v 48.61671094 -0.00140771 8.10333594
v 48.62219531 -0.00037904 8.10252637
v 48.57244531 -0.00699071 8.10986719
v 48.58356250 -0.00602222 8.10822754
v 48.60570312 -0.00323759 8.10495996
v 48.62767187 0.00072227 8.10171973
v 48.63857031 0.00312184 8.10011035
v 48.63852344 0.00336067 8.10013379
v 48.62762500 0.00096212 8.10174414
v 48.60567187 -0.00299586 8.10498828
v 48.59462500 -0.00453030 8.10662012
v 48.58908594 -0.00519011 8.10743848
v 48.58353906 -0.00577949 8.10825781
v 48.57242969 -0.00674777 8.10990039
v 48.56129687 -0.00743219 8.11154492
v 48.56686719 -0.00724745 8.11070508
v 48.58909375 -0.00531139 8.10742383
v 48.60016406 -0.00392025 8.10578906
v 48.61119531 -0.00223959 8.10416113
v 48.61669531 -0.00128727 8.10334863
v 48.62217969 -0.00025886 8.10253906
v 48.63310156 0.00201065 8.10092578
v 48.44946347 0.02303232 8.00451776
v 48.45533800 0.01902314 8.02419616
v 48.47690195 0.01617570 8.02490590
v 48.47512627 0.01383070 8.03814744
v 48.53280262 0.00930324 8.01609916
v 48.55450038 0.00846016 8.00484354
v 48.50715024 0.00985483 8.03448926
v 48.52242187 0.00851474 8.02985059
v 48.50905547 0.00758414 8.04504498
v 48.54206825 0.00714155 8.02413037
v 48.55720415 0.00481974 8.03258910
v 48.47961411 0.00706249 8.06796213
v 48.53519115 0.00322449 8.05199431
v 48.51089493 0.00437795 8.06021384
v 48.55149219 0.00021671 8.06333008
v 48.48420034 0.00132245 8.09361568
v 48.49631139 0.00064747 8.08870465
v 48.55496041 -0.00132520 8.07187010
v 48.56714063 -0.00007351 8.06354883
v 48.44699626 0.00167391 8.11608150
v 48.48060574 0.00147364 8.09528941
v 48.49829947 -0.00072822 8.09441559
v 48.52695513 -0.00186500 8.08378817
v 48.56965625 -0.00102099 8.06978418
v 48.46565731 -0.00067888 8.11732052
v 48.46353691 0.00215157 8.10350850
v 48.52275990 -0.00324006 8.09279860
v 48.54299460 -0.00213484 8.07778115
v 48.57361719 -0.00241315 8.07959082
v 48.47535138 -0.00273961 8.12173416
v 48.49335066 -0.00352184 8.11289254
v 48.51837042 -0.00424401 8.10009167
v 48.55308145 -0.00422823 8.08939214
v 48.58864844 -0.00126405 8.07716895
v 48.49054000 -0.00410461 8.11813863
v 48.49564275 -0.00487200 8.11878016
v 48.51514897 -0.00498496 8.10686373
v 48.55499461 -0.00458643 8.09157423
v 48.57801508 -0.00305755 8.08516412
v 48.51556942 -0.00583735 8.11130738
v 48.54379526 -0.00558230 8.09911229
v 48.59166406 -0.00203948 8.08463379
v 48.54314532 -0.00712880 8.10884304
v 48.58166940 -0.00413928 8.09306881
v 48.60800000 -0.00040424 8.08544238
v 48.52851869 -0.00780430 8.11630892
v 48.57363427 -0.00588450 8.10359561
v 48.61047656 -0.00079611 8.09157715
v 48.59358078 -0.00450367 8.10513591
v 48.52926415 -0.00979631 8.12879674
v 48.52960259 -0.01050625 8.13320171
v 48.51901602 -0.01172922 8.14597354
v 48.53194038 -0.01095068 8.13570838
v 48.52885054 -0.01149072 8.14050543
v 48.42738390 0.00232124 8.12223214
v 48.44502906 0.02485492 7.99536464
v 48.46537528 0.01366163 8.04534284
v 48.46568299 0.01948465 8.01476555
v 48.47599925 0.00637691 8.07375482
v 48.47610938 0.00720383 8.06961133
v 48.56290944 0.00706322 8.01235623
v 48.58748438 -0.00094203 8.07427441
v 48.59546875 -0.00075541 8.07745312
v 48.53085595 -0.00881405 8.12142531
v 48.53780934 -0.01876067 8.19252742
v 48.54817818 -0.01087688 8.13411168
v 48.60750987 -0.00255302 8.10338856
v 48.62859375 0.00174888 8.09584277
v 48.61908594 -0.00065713 8.10238184
v 48.62043750 0.00062233 8.09258594
v 48.63388812 0.00262828 8.09758576
v 48.45067681 0.02100030 8.01467753
v 48.47123780 0.01753826 8.02053753
v 48.45555416 0.01864971 8.02469726
v 48.48557193 0.01614599 8.01653398
v 48.46596254 0.01432671 8.04055707
v 48.54476562 0.00875942 8.00814746
v 48.50593750 0.01026709 8.03184668
v 48.54635600 0.00739541 8.01738161
v 48.47331334 0.01299594 8.04222844
v 48.49531473 0.01033186 8.03990020
v 48.53306232 0.00596822 8.03569010
v 48.47337327 0.00850265 8.06381812
v 48.56319279 0.00647589 8.01537119
v 48.49914204 0.00517351 8.06290004
v 48.51381815 0.00587816 8.04932412
v 48.55148438 -0.00002516 8.06328906
v 48.45321411 0.00243235 8.10723950
v 48.47964229 0.00188672 8.09255903
v 48.49469063 -0.00019147 8.09283546
v 48.51888881 -0.00139602 8.08332092
v 48.52065705 -0.00029704 8.07704918
v 48.55371094 -0.00102668 8.06879199
v 48.56714844 -0.00031601 8.06350977
v 48.54774917 -0.00221867 8.07662101
v 48.56966406 -0.00126353 8.06974609
v 48.48701845 -0.00258929 8.11100059
v 48.49226996 -0.00264089 8.10747758
v 48.50890846 -0.00354231 8.10098778
v 48.52439404 -0.00390058 8.09440160
v 48.54673437 -0.00437429 8.09007129
v 48.57362500 -0.00265581 8.07955469
v 48.54712636 -0.00510238 8.09358227
v 48.58867188 -0.00150662 8.07713574
v 48.49346513 -0.00441765 8.11637222
v 48.51121783 -0.00526611 8.10914196
v 48.52756501 -0.00559208 8.10268714
v 48.54889062 -0.00529436 8.09539648
v 48.57116517 -0.00347423 8.08372892
v 48.54972174 -0.00639840 8.10137949
v 48.57028857 -0.00436175 8.08982856
v 48.59168750 -0.00228198 8.08460156
v 48.51820260 -0.00764828 8.11922034
v 48.55328125 -0.00702603 8.10627637
v 48.56437832 -0.00753513 8.11105386
v 48.58948810 -0.00376520 8.09399775
v 48.60803125 -0.00064604 8.08541309
v 48.52594531 -0.00898848 8.12413965
v 48.61050781 -0.00103767 8.09154980
v 48.52656281 -0.00969207 8.12772483
v 48.57894800 -0.00592206 8.10452824
v 48.60111934 -0.00395699 8.10563289
v 48.52521949 -0.01128765 8.13882867
v 48.53819895 -0.01054263 8.13037407
v 48.52142539 -0.01326544 8.15325158
v 48.53704902 -0.01166200 8.13819250
v 48.42737633 0.00208670 8.12214790
v 48.45290284 0.00049983 8.11793311
v 48.44963447 0.02326890 8.00143363
v 48.46191406 0.01471026 8.04103516
v 48.44345312 0.00336435 8.10753125
v 48.47597177 0.00613947 8.07369861
v 48.54314280 0.00161494 8.05584398
v 48.46654519 -0.00170377 8.12100179
v 48.58750000 -0.00118463 8.07424121
v 48.59549219 -0.00099783 8.07742090
v 48.48357813 -0.00412019 8.12196777
v 48.49547872 -0.00522074 8.11944739
v 48.53500752 -0.00823747 8.11556591
v 48.53781754 -0.01900381 8.19249330
v 48.55037500 -0.01027403 8.12830078
v 48.60635937 -0.00303221 8.10393848
v 48.62864063 0.00150898 8.09581836
v 48.61913281 -0.00089780 8.10235645
v 48.62047656 0.00038159 8.09255957
v 48.63391510 0.00238142 8.09759879
v 48.63442872 0.00217871 8.10072151
v 49.49006250 -0.01283948 8.84804492
v 49.49000000 -0.01232396 8.84808789
v 49.48976562 -0.01173479 8.84826074
v 49.48927344 -0.01121493 8.84861621
v 49.48857031 -0.01099832 8.84912305
v 49.48786719 -0.01121493 8.84963086
v 49.48737500 -0.01173479 8.84998633
v 49.48714063 -0.01232396 8.85015918
v 49.48707812 -0.01283948 8.85020215
v 49.48714063 -0.01335501 8.85015918
v 49.48737500 -0.01394418 8.84998633
v 49.48786719 -0.01446404 8.84963086
v 49.48857031 -0.01468065 8.84912305
v 49.48927344 -0.01446404 8.84861621
v 49.48976562 -0.01394418 8.84826074
v 49.49000000 -0.01335501 8.84808789
v 49.41348438 -0.01283948 8.74619629
v 49.40110156 -0.01283948 8.68379590
v 49.40096875 -0.01283948 8.64281055
v 49.39817188 -0.01283948 8.06739258
v 49.39901562 -0.01283948 7.89376758
v 49.39958594 -0.01283948 7.84587598
v 49.40216406 -0.01283948 7.73162500
v 49.41385938 -0.01283948 7.42457324
v 49.42596094 -0.01335501 8.76331641
v 49.40768965 -0.01349970 8.73703654
v 49.40605469 -0.01335501 8.73327734
v 49.40228125 -0.01335501 8.72004883
v 49.40110937 -0.01335501 8.70305566
v 49.40102344 -0.01335501 8.68379590
v 49.40102344 -0.01335501 8.67813086
v 49.40089844 -0.01335501 8.64281055
v 49.39976563 -0.01335501 8.47561621
v 49.39810156 -0.01335501 8.06739258
v 49.39894531 -0.01335501 7.89376758
v 49.39951562 -0.01335501 7.84587500
v 49.40209375 -0.01335501 7.73162305
v 49.40626563 -0.01335501 7.61304004
v 49.42572656 -0.01394418 8.76349609
v 49.41317969 -0.01394418 8.74640234
v 49.40073437 -0.01394418 8.68379590
v 49.40072656 -0.01394418 8.67813086
v 49.40060156 -0.01394418 8.64281250
v 49.39947656 -0.01394418 8.47561816
v 49.39780469 -0.01394418 8.06739258
v 49.39864844 -0.01394418 7.89376465
v 49.39921875 -0.01394418 7.84587012
v 49.40179688 -0.01394418 7.73161426
v 49.40597656 -0.01394418 7.61302832
v 49.42525000 -0.01446404 8.76386523
v 49.41267969 -0.01446404 8.74674023
v 49.40168519 -0.01429868 8.72001248
v 49.40010186 -0.01460802 8.70127426
v 49.40012500 -0.01446404 8.68379688
v 49.40011719 -0.01446404 8.67813184
v 49.39999219 -0.01446404 8.64281543
v 49.39886719 -0.01446404 8.47562305
v 49.39720312 -0.01446404 8.06739160
v 49.39803906 -0.01446404 7.89375879
v 49.39861719 -0.01446404 7.84586133
v 49.40118750 -0.01446404 7.73159570
v 49.40536719 -0.01446404 7.61300586
v 49.42456250 -0.01468065 8.76439355
v 49.41195312 -0.01468065 8.74722461
v 49.40001250 -0.01467312 8.71981947
v 49.39925781 -0.01468065 8.68379688
v 49.39925000 -0.01468065 8.67813281
v 49.39912500 -0.01468065 8.64281934
v 49.39800000 -0.01468065 8.47562891
v 49.39633594 -0.01468065 8.06739160
v 49.39717187 -0.01468065 7.89375000
v 49.39775000 -0.01468065 7.84584668
v 49.40032813 -0.01468065 7.73156934
v 49.40450000 -0.01468065 7.61297363
v 49.42387500 -0.01446404 8.76492188
v 49.41123437 -0.01446404 8.74770801
v 49.39847656 -0.01446404 8.70310352
v 49.39839062 -0.01446404 8.68379785
v 49.39839062 -0.01446404 8.67813379
v 49.39826563 -0.01446404 8.64282422
v 49.39713281 -0.01446404 8.47563477
v 49.39546875 -0.01446404 8.06739062
v 49.39630469 -0.01446404 7.89374121
v 49.39688281 -0.01446404 7.84583301
v 49.39946094 -0.01446404 7.73154199
v 49.40363281 -0.01446404 7.61294141
v 49.42339844 -0.01394418 8.76529199
v 49.41073437 -0.01394418 8.74804590
v 49.40365608 -0.01484498 8.73321702
v 49.39907813 -0.01394418 8.72054395
v 49.39786719 -0.01394418 8.70311523
v 49.39778906 -0.01394418 8.68379785
v 49.39778125 -0.01394418 8.67813477
v 49.39765625 -0.01394418 8.64282715
v 49.39653125 -0.01394418 8.47563867
v 49.39485938 -0.01394418 8.06738965
v 49.39570312 -0.01394418 7.89373535
v 49.39627344 -0.01394418 7.84582422
v 49.39885156 -0.01394418 7.73152344
v 49.40303125 -0.01394418 7.61291895
v 49.42316406 -0.01335501 8.76547070
v 49.41049219 -0.01335501 8.74821094
v 49.40281250 -0.01335501 8.73469043
v 49.39878906 -0.01335501 8.72058887
v 49.39757813 -0.01335501 8.70312012
v 49.39749219 -0.01335501 8.68379785
v 49.39748437 -0.01335501 8.67813574
v 49.39735938 -0.01335501 8.64282910
v 49.39623437 -0.01335501 8.47564160
v 49.39457031 -0.01335501 8.06738965
v 49.39540625 -0.01335501 7.89373242
v 49.39598437 -0.01335501 7.84581934
v 49.39855469 -0.01335501 7.73151465
v 49.40273438 -0.01335501 7.61290723
v 49.40275000 -0.01283948 8.73471973
v 49.39741406 -0.01283948 8.68379785
v 49.39728906 -0.01283948 8.64282910
v 49.39533594 -0.01283948 7.89373145
v 49.39590625 -0.01283948 7.84581836
v 49.39848438 -0.01283948 7.73151270
v 49.44857812 -0.01283948 8.79843066
v 49.42310156 -0.01283948 8.76551563
v 49.41042969 -0.01283948 8.74825195
v 49.39871875 -0.01283948 8.72060059
v 49.39750000 -0.01283948 8.70312109
v 49.39741406 -0.01283948 8.67813574
v 49.39708594 -0.01283948 8.60832227
v 49.39682031 -0.01283948 8.56854102
v 49.39609460 -0.01283948 8.46668290
v 49.39552344 -0.01283948 8.38102637
v 49.39522656 -0.01283948 8.33075000
v 49.39496875 -0.01283948 8.27908398
v 49.39475000 -0.01283948 8.22647363
v 49.39458594 -0.01283948 8.17335840
v 49.39450000 -0.01283948 8.12018262
v 49.39449219 -0.01283948 8.06738965
v 49.39457031 -0.01283948 8.02233105
v 49.39472656 -0.01283948 7.97817773
v 49.39498437 -0.01283948 7.93521484
v 49.39685937 -0.01283948 7.79252832
v 49.40023437 -0.01283948 7.67879102
v 49.40266406 -0.01283948 7.61290430
v 49.40424219 -0.01283948 7.57216016
v 49.40603125 -0.01283948 7.52702637
v 49.40800781 -0.01283948 7.47774902
v 49.41017188 -0.01283948 7.42457324
v 49.41169531 -0.01283948 7.47779199
v 49.40971094 -0.01283948 7.52710742
v 49.40792187 -0.01283948 7.57227246
v 49.40634375 -0.01283948 7.61304297
v 49.40391406 -0.01283948 7.67891797
v 49.40053906 -0.01283948 7.79261523
v 49.39866406 -0.01283948 7.93523926
v 49.39841406 -0.01283948 7.97819238
v 49.39825000 -0.01283948 8.02233887
v 49.39817969 -0.01283948 8.12018066
v 49.39826563 -0.01283948 8.17335156
v 49.39842969 -0.01283948 8.22646191
v 49.39864844 -0.01283948 8.27906934
v 49.39891406 -0.01283948 8.33073047
v 49.39921094 -0.01283948 8.38100391
v 49.39952344 -0.01283948 8.42944727
v 49.39985260 -0.01283948 8.47676998
v 49.40050000 -0.01283948 8.56851367
v 49.40077344 -0.01283948 8.60829785
v 49.40109375 -0.01283948 8.67813086
v 49.40117969 -0.01283948 8.70305371
v 49.40235156 -0.01283948 8.72003809
v 49.40612500 -0.01283948 8.73324707
v 49.42602344 -0.01283948 8.76327148
v 49.45148437 -0.01283948 8.79617871
v 49.41021094 -0.01320575 7.42457324
v 49.41031250 -0.01354435 7.42457324
v 49.41060156 -0.01399928 7.42457324
v 49.41085156 -0.01426522 7.42457324
v 49.41115625 -0.01445754 7.42457324
v 49.41164844 -0.01464392 7.42457324
v 49.41187891 -0.01467489 7.42457324
v 49.41215234 -0.01467511 7.42457324
v 49.41237500 -0.01464530 7.42457324
v 49.41283984 -0.01447881 7.42457324
v 49.41332031 -0.01414170 7.42457324
v 49.41354688 -0.01386272 7.42457324
v 49.41371875 -0.01354435 7.42457324
v 49.41382813 -0.01319884 7.42457324
v 49.40116406 -0.01308282 8.70305469
v 49.39751562 -0.01308282 8.70312109
v 49.42316406 -0.01232396 8.76547070
v 49.41049219 -0.01232396 8.74821094
v 49.40281250 -0.01232396 8.73469043
v 49.39878906 -0.01232396 8.72058887
v 49.39757813 -0.01232396 8.70312012
v 49.39749219 -0.01232396 8.68379785
v 49.39748437 -0.01232396 8.67813574
v 49.39735938 -0.01232396 8.64282910
v 49.39623437 -0.01232396 8.47564160
v 49.39457031 -0.01232396 8.06738965
v 49.39540625 -0.01232396 7.89373242
v 49.39598437 -0.01232396 7.84581934
v 49.39855469 -0.01232396 7.73151465
v 49.40273438 -0.01232396 7.61290723
v 49.42339844 -0.01173479 8.76529199
v 49.41073437 -0.01173479 8.74804590
v 49.40308594 -0.01173479 8.73457324
v 49.39778906 -0.01173479 8.68379785
v 49.39778125 -0.01173479 8.67813477
v 49.39765625 -0.01173479 8.64282715
v 49.39653125 -0.01173479 8.47563867
v 49.39485938 -0.01173479 8.06738965
v 49.39570312 -0.01173479 7.89373535
v 49.39627344 -0.01173479 7.84582422
v 49.39885156 -0.01173479 7.73152344
v 49.40303125 -0.01173479 7.61291895
v 49.42387500 -0.01121493 8.76492188
v 49.41123437 -0.01121493 8.74770801
v 49.39816659 -0.01138280 8.70350166
v 49.39839062 -0.01121493 8.67813379
v 49.39826563 -0.01121493 8.64282422
v 49.39713281 -0.01121493 8.47563477
v 49.39546875 -0.01121493 8.06739062
v 49.39630469 -0.01121493 7.89374121
v 49.39688281 -0.01121493 7.84583301
v 49.39946094 -0.01121493 7.73154199
v 49.40363281 -0.01121493 7.61294141
v 49.42456250 -0.01099832 8.76439355
v 49.41195312 -0.01099832 8.74722461
v 49.40423606 -0.01100575 8.73462136
v 49.39981197 -0.01107266 8.72098564
v 49.39934375 -0.01099832 8.70308789
v 49.39883743 -0.01100372 8.69156460
v 49.39925000 -0.01099832 8.67813281
v 49.39912500 -0.01099832 8.64281934
v 49.39800000 -0.01099832 8.47562891
v 49.39633594 -0.01099832 8.06739160
v 49.39717187 -0.01099832 7.89375000
v 49.39775000 -0.01099832 7.84584668
v 49.40032813 -0.01099832 7.73156934
v 49.40450000 -0.01099832 7.61297363
v 49.42525000 -0.01121493 8.76386523
v 49.41267969 -0.01121493 8.74674023
v 49.40139062 -0.01121493 8.72018652
v 49.40021094 -0.01121493 8.70307227
v 49.40012500 -0.01121493 8.68379688
v 49.40011719 -0.01121493 8.67813184
v 49.39999219 -0.01121493 8.64281543
v 49.39886719 -0.01121493 8.47562305
v 49.39720312 -0.01121493 8.06739160
v 49.39803906 -0.01121493 7.89375879
v 49.39861719 -0.01121493 7.84586133
v 49.40118750 -0.01121493 7.73159570
v 49.40536719 -0.01121493 7.61300586
v 49.42572656 -0.01173479 8.76349609
v 49.41317969 -0.01173479 8.74640234
v 49.40556868 -0.01137890 8.73361499
v 49.40172951 -0.01198821 8.71760799
v 49.40081250 -0.01173479 8.70306055
v 49.40073437 -0.01173479 8.68379590
v 49.40072656 -0.01173479 8.67813086
v 49.40060156 -0.01173479 8.64281250
v 49.39947656 -0.01173479 8.47561816
v 49.39780469 -0.01173479 8.06739258
v 49.39864844 -0.01173479 7.89376465
v 49.39921875 -0.01173479 7.84587012
v 49.40179688 -0.01173479 7.73161426
v 49.40597656 -0.01173479 7.61302832
v 49.42596094 -0.01232396 8.76331641
v 49.41342187 -0.01232396 8.74623730
v 49.40605469 -0.01232396 8.73327734
v 49.40228125 -0.01232396 8.72004883
v 49.40102344 -0.01232396 8.68379590
v 49.40102344 -0.01232396 8.67813086
v 49.40089844 -0.01232396 8.64281055
v 49.39976563 -0.01232396 8.47561621
v 49.39810156 -0.01232396 8.06739258
v 49.39894531 -0.01232396 7.89376758
v 49.39951562 -0.01232396 7.84587500
v 49.40209375 -0.01232396 7.73162305
v 49.40626563 -0.01232396 7.61304004
v 49.41382813 -0.01248013 7.42457324
v 49.41371875 -0.01213462 7.42457324
v 49.41354688 -0.01181625 7.42457324
v 49.41332031 -0.01153727 7.42457324
v 49.41283984 -0.01120016 7.42457324
v 49.41237500 -0.01103367 7.42457324
v 49.41215234 -0.01100386 7.42457324
v 49.41187891 -0.01100407 7.42457324
v 49.41164844 -0.01103505 7.42457324
v 49.41119531 -0.01119878 7.42457324
v 49.41085156 -0.01141374 7.42457324
v 49.41060156 -0.01167969 7.42457324
v 49.41031250 -0.01213462 7.42457324
v 49.41021094 -0.01247322 7.42457324
v 49.39742187 -0.01278313 8.68379785
v 49.39741406 -0.01278313 8.67813574
v 49.39751562 -0.01259615 8.70312109
v 49.39957812 -0.01261791 7.84587598
v 49.39900000 -0.01261791 7.89376758
f 10 8 9
f 8 10 11
f 11 12 8
f 6 7 8
f 6 4 5
f 8 3 6
f 15 8 12
f 15 13 14
f 15 1 8
f 160 1 15
f 3 4 6
f 3 1 2
f 8 1 3
f 13 15 12
f 33 20 19
f 33 19 32
f 44 23 22
f 44 22 21
f 34 24 23
f 34 23 44
f 35 25 24
f 35 24 34
f 36 26 25
f 36 25 35
f 37 27 26
f 37 26 36
f 38 28 27
f 38 27 37
f 39 29 28
f 39 28 38
f 40 30 29
f 40 29 39
f 41 31 30
f 41 30 40
f 43 33 32
f 43 32 42
f 77 20 33
f 77 33 43
f 21 20 77
f 45 34 44
f 46 35 34
f 46 34 45
f 47 36 35
f 47 35 46
f 48 37 36
f 48 36 47
f 49 38 37
f 49 37 48
f 50 39 38
f 50 38 49
f 51 40 39
f 51 39 50
f 52 41 40
f 52 40 51
f 54 43 42
f 54 42 53
f 77 43 54
f 55 21 77
f 44 21 55
f 56 45 44
f 57 46 45
f 57 45 56
f 58 47 46
f 58 46 57
f 59 48 47
f 59 47 58
f 60 49 48
f 60 48 59
f 61 50 49
f 61 49 60
f 62 51 50
f 62 50 61
f 63 52 51
f 63 51 62
f 65 54 53
f 65 53 64
f 77 54 65
f 66 44 55
f 67 56 44
f 67 44 66
f 68 57 56
f 68 56 67
f 69 58 57
f 69 57 68
f 70 59 58
f 70 58 69
f 71 60 59
f 71 59 70
f 72 61 60
f 72 60 71
f 73 62 61
f 73 61 72
f 74 63 62
f 74 62 73
f 76 65 64
f 76 64 75
f 77 65 76
f 78 55 77
f 79 66 55
f 79 55 78
f 80 67 66
f 80 66 79
f 81 68 67
f 81 67 80
f 82 69 68
f 82 68 81
f 83 70 69
f 83 69 82
f 84 71 70
f 84 70 83
f 85 72 71
f 85 71 84
f 86 73 72
f 86 72 85
f 87 74 73
f 87 73 86
f 89 76 75
f 89 75 88
f 90 77 76
f 90 76 89
f 91 78 77
f 91 77 90
f 92 79 78
f 92 78 91
f 93 80 79
f 93 79 92
f 94 81 80
f 94 80 93
f 95 82 81
f 95 81 94
f 96 83 82
f 96 82 95
f 97 84 83
f 97 83 96
f 98 85 84
f 98 84 97
f 99 86 85
f 99 85 98
f 100 87 86
f 100 86 99
f 19 158 159
f 159 160 15
f 156 157 20
f 156 20 21
f 154 155 22
f 154 22 23
f 155 156 21
f 155 21 22
f 157 158 19
f 157 19 20
f 152 153 163
f 152 163 164
f 26 150 151
f 151 152 164
f 27 148 149
f 27 147 148
f 27 146 147
f 149 150 26
f 153 154 163
f 19 15 14
f 19 14 32
f 42 13 12
f 42 12 53
f 13 42 32
f 13 32 14
f 164 163 24
f 164 24 25
f 163 154 23
f 163 23 24
f 164 25 26
f 164 26 151
f 26 27 149
f 15 19 159
f 145 146 27
f 144 145 27
f 28 142 143
f 143 144 28
f 28 140 141
f 28 138 139
f 139 140 28
f 141 142 28
f 165 136 137
f 30 135 16
f 16 136 165
f 31 134 17
f 166 132 133
f 166 18 132
f 166 133 31
f 17 135 31
f 137 138 165
f 165 138 29
f 28 29 138
f 29 30 165
f 41 167 31
f 30 16 165
f 30 31 135
f 31 167 166
f 134 31 133
f 52 168 167
f 52 167 41
f 166 167 162
f 169 162 168
f 168 52 63
f 168 63 169
f 167 168 162
f 144 27 28
f 18 166 162
f 64 11 10
f 64 10 75
f 11 64 53
f 11 53 12
f 88 9 105
f 88 105 101
f 9 88 75
f 9 75 10
f 89 88 101
f 89 101 106
f 91 90 107
f 91 107 108
f 90 89 106
f 90 106 107
f 93 92 109
f 93 109 102
f 95 94 103
f 95 103 110
f 96 95 111
f 96 111 112
f 94 93 102
f 94 102 103
f 92 91 108
f 92 108 109
f 9 8 105
f 95 110 111
f 96 112 113
f 96 113 114
f 96 115 116
f 96 116 117
f 96 114 115
f 97 96 117
f 169 63 74
f 169 74 170
f 87 171 170
f 87 170 74
f 98 172 99
f 173 128 129
f 100 99 104
f 100 104 126
f 100 173 171
f 100 171 87
f 161 169 170
f 161 171 173
f 173 100 128
f 170 171 161
f 123 98 97
f 162 169 161
f 119 120 97
f 97 121 122
f 121 97 120
f 118 119 97
f 122 123 97
f 172 123 124
f 98 123 172
f 125 172 124
f 127 128 100
f 100 126 127
f 125 104 172
f 173 129 130
f 173 130 161
f 161 130 131
f 172 104 99
f 97 117 118
f 188 175 174
f 188 174 187
f 189 176 175
f 189 175 188
f 201 177 176
f 201 176 189
f 190 178 177
f 190 177 201
f 191 179 178
f 191 178 190
f 192 180 179
f 192 179 191
f 193 181 180
f 193 180 192
f 194 182 181
f 194 181 193
f 195 183 182
f 195 182 194
f 196 184 183
f 196 183 195
f 197 185 184
f 197 184 196
f 198 186 185
f 198 185 197
f 200 188 187
f 200 187 199
f 213 189 188
f 213 188 200
f 201 189 213
f 202 190 201
f 203 191 190
f 203 190 202
f 204 192 191
f 204 191 203
f 205 193 192
f 205 192 204
f 206 194 193
f 206 193 205
f 207 195 194
f 207 194 206
f 208 196 195
f 208 195 207
f 209 197 196
f 209 196 208
f 210 198 197
f 210 197 209
f 212 200 199
f 212 199 211
f 213 200 212
f 214 201 213
f 225 202 201
f 225 201 214
f 215 203 202
f 215 202 225
f 216 204 203
f 216 203 215
f 217 205 204
f 217 204 216
f 218 206 205
f 218 205 217
f 219 207 206
f 219 206 218
f 220 208 207
f 220 207 219
f 221 209 208
f 221 208 220
f 222 210 209
f 222 209 221
f 224 212 211
f 224 211 223
f 235 213 212
f 235 212 224
f 214 213 235
f 238 215 225
f 226 216 215
f 226 215 238
f 227 217 216
f 227 216 226
f 228 218 217
f 228 217 227
f 229 219 218
f 229 218 228
f 230 220 219
f 230 219 229
f 231 221 220
f 231 220 230
f 232 222 221
f 232 221 231
f 234 224 223
f 234 223 233
f 235 224 234
f 236 214 235
f 237 225 214
f 237 214 236
f 238 225 237
f 239 226 238
f 240 227 226
f 240 226 239
f 241 228 227
f 241 227 240
f 242 229 228
f 242 228 241
f 243 230 229
f 243 229 242
f 244 231 230
f 244 230 243
f 245 232 231
f 245 231 244
f 247 234 233
f 247 233 246
f 248 235 234
f 248 234 247
f 249 236 235
f 249 235 248
f 250 237 236
f 250 236 249
f 251 238 237
f 251 237 250
f 252 239 238
f 252 238 251
f 253 240 239
f 253 239 252
f 254 241 240
f 254 240 253
f 255 242 241
f 255 241 254
f 256 243 242
f 256 242 255
f 257 244 243
f 257 243 256
f 258 245 244
f 258 244 257
f 174 101 105
f 105 8 7
f 107 106 175
f 107 175 176
f 109 108 177
f 109 177 178
f 108 107 176
f 108 176 177
f 106 101 174
f 106 174 175
f 261 103 102
f 181 111 110
f 110 103 261
f 182 113 112
f 182 114 113
f 182 115 114
f 112 111 181
f 102 109 261
f 6 187 174
f 6 174 7
f 187 6 5
f 187 5 199
f 4 211 199
f 4 199 5
f 211 4 3
f 211 3 223
f 261 109 178
f 261 178 179
f 261 180 181
f 181 182 112
f 261 179 180
f 261 181 110
f 7 174 105
f 116 115 182
f 117 116 182
f 183 119 118
f 118 117 183
f 183 121 120
f 183 123 122
f 122 121 183
f 120 119 183
f 184 125 124
f 185 126 104
f 104 125 184
f 104 184 185
f 186 128 127
f 262 130 129
f 262 131 130
f 262 129 186
f 127 126 186
f 124 123 184
f 186 198 263
f 186 126 185
f 183 184 123
f 128 186 129
f 210 264 263
f 210 263 198
f 186 263 262
f 117 182 183
f 222 265 264
f 222 264 210
f 263 260 262
f 264 265 260
f 263 264 260
f 265 222 232
f 265 232 266
f 131 262 260
f 2 233 223
f 2 223 3
f 233 2 1
f 233 1 246
f 246 1 159
f 246 159 158
f 247 246 158
f 247 158 157
f 248 247 157
f 248 157 156
f 250 249 155
f 250 155 154
f 267 251 250
f 267 250 154
f 267 268 252
f 267 252 251
f 254 253 150
f 254 150 149
f 252 268 253
f 268 151 253
f 268 267 153
f 268 153 152
f 249 248 156
f 249 156 155
f 1 160 159
f 267 154 153
f 268 152 151
f 253 151 150
f 254 147 146
f 254 146 145
f 254 148 147
f 254 149 148
f 144 254 145
f 245 269 266
f 245 266 232
f 257 256 270
f 257 270 271
f 256 138 270
f 257 271 258
f 134 133 272
f 138 256 255
f 258 272 269
f 258 269 245
f 259 265 266
f 260 265 259
f 259 269 272
f 272 258 134
f 266 269 259
f 143 142 255
f 141 140 255
f 142 141 255
f 139 138 255
f 137 136 270
f 271 270 136
f 271 136 16
f 138 137 270
f 140 139 255
f 135 271 16
f 17 258 135
f 132 272 133
f 258 271 135
f 17 134 258
f 272 132 259
f 259 132 18
f 144 143 255
f 255 254 144
f 477 273 476
f 475 477 476
f 477 473 472
f 477 472 471
f 473 477 474
f 474 477 475
f 469 478 470
f 469 468 478
f 466 478 467
f 468 467 478
f 471 470 478
f 465 480 479
f 276 342 499
f 487 344 279
f 492 286 451
f 478 466 479
f 480 336 479
f 465 337 480
f 479 336 478
f 464 340 339
f 465 339 338
f 338 337 465
f 477 471 478
f 340 464 481
f 481 341 340
f 302 482 275
f 275 463 303
f 482 341 274
f 276 277 493
f 505 280 488
f 503 278 279
f 506 488 281
f 462 495 463
f 495 462 483
f 461 484 483
f 497 459 485
f 281 457 506
f 495 303 463
f 496 460 459
f 460 484 461
f 485 499 498
f 498 497 485
f 459 497 496
f 486 494 501
f 486 501 493
f 276 493 500
f 486 278 306
f 278 343 306
f 279 502 503
f 344 503 502
f 279 344 502
f 278 503 343
f 488 506 505
f 458 307 487
f 486 306 494
f 450 449 507
f 514 455 283
f 515 453 452
f 510 446 511
f 489 513 345
f 456 489 345
f 455 514 282
f 457 456 308
f 509 346 282
f 282 514 509
f 490 284 514
f 514 283 490
f 282 346 513
f 285 309 284
f 454 310 285
f 492 451 450
f 448 351 508
f 515 452 491
f 453 311 454
f 454 311 310
f 515 311 453
f 286 312 491
f 347 515 491
f 457 308 506
f 493 277 486
f 477 301 273
f 440 357 518
f 518 441 440
f 518 293 441
f 521 519 439
f 523 522 437
f 437 522 438
f 522 439 438
f 434 524 435
f 435 524 523
f 435 523 436
f 524 433 525
f 526 431 430
f 525 432 431
f 429 527 526
f 527 429 294
f 529 528 427
f 528 428 427
f 528 294 428
f 526 430 429
f 530 426 425
f 531 424 423
f 531 425 424
f 533 532 422
f 421 534 533
f 421 420 534
f 421 533 422
f 529 427 426
f 535 534 419
f 538 417 416
f 536 418 537
f 540 295 415
f 539 416 295
f 288 316 444
f 528 527 294
f 442 520 292
f 420 419 534
f 516 556 290
f 322 321 542
f 546 298 414
f 547 299 548
f 546 414 299
f 549 412 411
f 410 551 550
f 551 408 552
f 552 406 553
f 553 406 405
f 406 552 407
f 551 409 408
f 404 554 553
f 404 403 554
f 401 554 402
f 554 403 402
f 554 400 399
f 555 554 399
f 399 398 555
f 396 300 555
f 398 397 555
f 400 554 401
f 404 553 405
f 477 329 328
f 477 332 331
f 477 331 330
f 477 330 329
f 333 332 478
f 341 482 302
f 333 478 334
f 478 332 477
f 334 478 335
f 274 341 481
f 335 478 336
f 275 303 302
f 495 483 303
f 450 507 492
f 446 510 352
f 448 447 351
f 508 349 507
f 449 508 507
f 287 510 511
f 353 445 444
f 444 316 315
f 445 353 512
f 512 353 287
f 289 316 288
f 290 556 354
f 289 290 354
f 443 317 516
f 292 520 443
f 443 520 317
f 442 557 520
f 517 557 442
f 443 516 291
f 343 503 344
f 505 504 280
f 493 501 500
f 276 500 342
f 346 345 513
f 309 285 310
f 342 500 305
f 499 342 498
f 500 501 305
f 309 514 284
f 497 498 304
f 304 496 497
f 293 518 355
f 519 521 319
f 519 319 357
f 440 519 357
f 351 350 508
f 492 313 286
f 287 353 510
f 293 557 517
f 315 353 444
f 355 557 293
f 328 301 477
f 501 494 305
f 458 504 307
f 456 345 308
f 514 309 509
f 347 491 312
f 286 313 312
f 492 348 313
f 492 507 348
f 508 350 349
f 447 352 351
f 510 314 352
f 289 354 316
f 557 318 520
f 557 355 318
f 518 356 355
f 518 357 356
f 358 521 439
f 522 358 439
f 522 359 358
f 522 360 359
f 360 522 523
f 523 437 436
f 523 361 360
f 431 526 525
f 526 320 525
f 366 526 527
f 527 528 367
f 523 362 361
f 362 524 363
f 524 362 523
f 524 434 433
f 524 364 363
f 525 433 432
f 524 525 364
f 526 366 365
f 367 528 368
f 527 367 366
f 526 365 320
f 426 530 529
f 371 531 532
f 423 532 531
f 531 370 530
f 425 531 530
f 418 536 535
f 535 375 534
f 533 372 532
f 417 538 537
f 539 377 538
f 416 539 538
f 415 379 541
f 296 379 415
f 415 541 540
f 540 378 539
f 295 540 539
f 537 376 536
f 297 323 543
f 545 380 544
f 544 323 297
f 543 323 322
f 547 548 324
f 548 413 324
f 299 547 546
f 549 550 383
f 411 550 549
f 386 551 552
f 553 387 552
f 551 385 550
f 324 413 549
f 412 549 413
f 546 381 545
f 298 546 545
f 542 321 379
f 296 542 379
f 529 369 528
f 371 370 531
f 532 372 371
f 369 368 528
f 373 533 534
f 373 534 374
f 535 536 375
f 534 375 374
f 537 538 376
f 539 378 377
f 540 541 378
f 544 380 323
f 545 381 380
f 546 382 381
f 546 547 382
f 549 325 324
f 549 383 325
f 550 385 384
f 551 386 385
f 551 410 409
f 550 384 383
f 552 408 407
f 552 387 386
f 553 388 387
f 553 389 388
f 389 554 390
f 554 326 390
f 389 553 554
f 391 554 392
f 554 391 326
f 393 555 394
f 555 393 554
f 555 327 395
f 555 397 396
f 395 394 555
f 554 393 392
f 300 327 555
f 572 566 565
f 572 565 571
f 573 567 566
f 573 566 572
f 574 568 567
f 574 567 573
f 575 569 568
f 575 568 574
f 576 570 569
f 576 569 575
f 565 558 273
f 566 601 559
f 567 560 601
f 559 558 565
f 559 565 566
f 566 567 601
f 560 567 600
f 567 599 600
f 599 568 598
f 568 599 567
f 565 273 571
f 568 597 561
f 568 596 597
f 569 562 595
f 569 594 562
f 595 596 569
f 594 569 570
f 568 569 596
f 563 594 570
f 564 593 570
f 563 570 593
f 576 564 570
f 568 561 598
f 577 571 301
f 273 301 571
f 584 573 572
f 572 571 577
f 572 577 578
f 572 578 584
f 573 584 579
f 573 585 586
f 574 573 586
f 573 579 585
f 587 574 586
f 588 574 580
f 587 580 574
f 589 574 588
f 591 576 575
f 574 589 575
f 589 590 575
f 575 590 581
f 575 581 591
f 576 582 592
f 576 592 583
f 576 591 582
f 564 576 583
f 613 607 606
f 613 606 612
f 614 608 607
f 614 607 613
f 615 609 608
f 615 608 614
f 616 610 609
f 616 609 615
f 617 611 610
f 617 610 616
f 606 602 564
f 606 637 602
f 607 603 637
f 636 603 607
f 606 607 637
f 608 636 607
f 635 604 608
f 636 608 604
f 609 635 608
f 606 564 612
f 609 633 634
f 610 862 632
f 610 631 862
f 632 633 610
f 631 610 611
f 609 610 633
f 630 631 611
f 605 630 611
f 617 605 611
f 609 634 635
f 612 583 623
f 612 624 613
f 614 613 618
f 614 618 625
f 564 583 612
f 612 623 624
f 613 624 618
f 614 625 626
f 615 614 626
f 626 619 615
f 627 615 619
f 629 617 616
f 615 627 616
f 627 628 616
f 616 628 620
f 616 620 629
f 617 621 622
f 617 629 621
f 605 617 622
f 667 666 605
f 667 638 665
f 665 666 667
f 639 638 668
f 667 668 638
f 668 669 640
f 668 640 639
f 669 668 648
f 669 648 907
f 664 640 669
f 668 667 656
f 668 656 647
f 667 605 622
f 664 670 641
f 663 671 642
f 642 671 662
f 670 663 641
f 643 672 661
f 894 673 644
f 644 673 645
f 673 894 661
f 672 643 662
f 664 669 670
f 655 646 667
f 656 667 646
f 668 647 648
f 622 655 667
f 669 657 670
f 670 657 649
f 907 657 669
f 658 670 649
f 650 671 658
f 670 658 671
f 660 673 672
f 672 671 659
f 671 650 659
f 661 672 673
f 662 671 672
f 672 659 651
f 672 651 660
f 673 652 653
f 673 653 654
f 673 660 652
f 645 673 654
f 663 670 671
f 704 703 645
f 704 674 703
f 701 702 705
f 674 704 702
f 704 705 702
f 675 700 705
f 701 705 700
f 699 675 705
f 691 704 682
f 704 645 654
f 706 676 699
f 676 706 707
f 678 677 708
f 678 708 709
f 679 678 709
f 679 709 710
f 677 676 707
f 677 707 708
f 710 698 679
f 707 706 684
f 707 684 685
f 711 680 698
f 680 711 697
f 697 711 681
f 706 699 705
f 706 705 694
f 690 682 704
f 691 692 705
f 692 693 705
f 693 683 705
f 694 684 706
f 683 694 705
f 704 691 705
f 685 686 708
f 685 708 707
f 709 708 686
f 709 686 687
f 710 709 687
f 710 695 711
f 698 710 711
f 710 687 695
f 711 688 696
f 711 696 689
f 711 695 688
f 681 711 689
f 654 690 704
f 720 717 716
f 720 716 719
f 721 718 717
f 721 717 720
f 723 720 719
f 723 719 722
f 724 721 720
f 724 720 723
f 716 712 681
f 713 712 716
f 713 716 717
f 681 719 716
f 719 681 689
f 736 713 717
f 718 714 736
f 718 735 714
f 733 734 718
f 735 718 734
f 733 721 715
f 718 721 733
f 718 736 717
f 723 722 725
f 723 725 726
f 719 689 722
f 689 725 722
f 723 726 729
f 724 723 729
f 732 721 724
f 729 727 724
f 730 724 727
f 724 730 731
f 721 732 728
f 724 731 732
f 715 721 728
f 766 765 715
f 766 737 765
f 764 737 767
f 766 767 737
f 763 738 767
f 764 767 738
f 768 763 767
f 747 766 758
f 766 715 728
f 768 762 739
f 741 740 769
f 741 769 770
f 742 741 770
f 742 770 771
f 740 762 769
f 743 742 771
f 743 771 772
f 768 769 762
f 761 769 768
f 744 743 772
f 744 772 773
f 744 773 745
f 745 773 746
f 768 739 763
f 768 767 760
f 767 766 747
f 747 759 767
f 757 758 766
f 748 760 767
f 749 761 768
f 761 750 769
f 760 749 768
f 759 748 767
f 771 770 751
f 771 751 752
f 770 769 750
f 770 750 751
f 772 771 752
f 772 752 753
f 773 772 753
f 773 753 754
f 773 754 755
f 773 755 756
f 746 773 756
f 728 757 766
f 784 780 779
f 784 779 783
f 785 781 780
f 785 780 784
f 786 782 781
f 786 781 785
f 788 784 783
f 788 783 787
f 789 785 784
f 789 784 788
f 790 786 785
f 790 785 789
f 779 800 746
f 779 774 800
f 779 780 799
f 746 783 779
f 799 780 775
f 774 779 799
f 783 746 756
f 781 776 798
f 777 776 781
f 777 781 782
f 786 778 782
f 782 778 777
f 780 781 798
f 780 798 775
f 796 788 787
f 783 756 787
f 756 795 787
f 787 795 939
f 788 796 791
f 787 939 796
f 797 788 791
f 790 789 792
f 790 792 793
f 794 786 790
f 789 797 792
f 790 793 794
f 797 789 788
f 778 786 794
f 807 804 803
f 807 803 806
f 808 805 804
f 808 804 807
f 810 807 806
f 810 806 809
f 811 808 807
f 811 807 810
f 803 823 778
f 803 822 823
f 803 804 821
f 803 821 822
f 778 806 803
f 806 778 794
f 804 820 801
f 805 819 820
f 819 805 818
f 805 802 818
f 802 805 808
f 804 805 820
f 804 801 821
f 810 809 815
f 810 815 816
f 806 794 809
f 794 814 809
f 809 814 815
f 812 810 816
f 817 810 812
f 811 810 817
f 813 808 811
f 811 817 944
f 811 944 813
f 802 808 813
f 852 851 802
f 852 849 850
f 852 824 849
f 850 851 852
f 848 824 853
f 852 853 824
f 847 825 853
f 848 853 825
f 854 847 853
f 853 852 830
f 852 802 813
f 854 846 826
f 827 855 856
f 845 827 856
f 845 856 857
f 855 827 846
f 858 828 844
f 844 845 857
f 828 858 843
f 843 858 300
f 855 846 854
f 854 826 847
f 854 853 831
f 854 831 838
f 835 829 852
f 836 830 852
f 830 837 853
f 829 836 852
f 838 839 854
f 854 839 855
f 837 831 853
f 856 855 832
f 856 832 833
f 839 832 855
f 857 856 833
f 857 833 840
f 858 857 840
f 858 840 841
f 844 857 858
f 858 834 842
f 858 842 327
f 858 841 834
f 300 858 327
f 813 835 852
f 867 860 861
f 867 861 895
f 867 895 866
f 865 896 864
f 867 866 869
f 865 867 874
f 882 867 869
f 879 874 867
f 879 867 882
f 874 868 865
f 877 878 869
f 877 869 871
f 882 869 878
f 872 870 874
f 881 871 873
f 881 877 871
f 875 872 874
f 880 881 873
f 880 873 876
f 883 875 874
f 883 874 879
f 875 883 898
f 886 877 881
f 884 878 877
f 884 882 878
f 883 879 882
f 886 884 877
f 888 882 884
f 883 882 888
f 888 884 886
f 888 885 883
f 889 887 888
f 902 889 888
f 902 888 890
f 644 645 703
f 644 703 894
f 861 702 701
f 674 859 703
f 861 675 699
f 700 861 701
f 702 861 859
f 895 861 699
f 703 859 894
f 702 859 674
f 662 859 860
f 675 861 700
f 677 895 676
f 895 699 676
f 713 871 712
f 873 713 736
f 893 714 735
f 873 714 893
f 873 871 713
f 873 736 714
f 866 679 698
f 895 678 679
f 895 679 866
f 680 866 698
f 677 678 895
f 680 697 866
f 712 871 681
f 869 866 681
f 866 697 681
f 869 681 871
f 643 661 859
f 643 859 662
f 860 642 662
f 894 859 661
f 860 859 861
f 663 860 641
f 664 641 860
f 642 860 663
f 639 640 860
f 664 860 640
f 860 638 639
f 638 860 665
f 860 863 665
f 896 633 632
f 864 896 632
f 634 633 896
f 863 666 665
f 605 666 863
f 863 867 605
f 864 605 865
f 867 865 605
f 630 605 864
f 864 862 631
f 632 862 864
f 631 630 864
f 865 868 558
f 558 559 865
f 868 273 558
f 867 863 860
f 559 601 865
f 868 874 476
f 273 868 476
f 733 893 734
f 870 475 476
f 893 735 734
f 475 870 474
f 870 473 474
f 476 874 870
f 765 733 715
f 765 893 733
f 893 765 737
f 893 738 763
f 893 764 738
f 893 737 764
f 739 893 763
f 472 473 870
f 872 464 870
f 873 740 876
f 740 873 762
f 740 741 876
f 739 762 873
f 873 893 739
f 870 471 472
f 870 469 470
f 470 471 870
f 870 468 469
f 870 467 468
f 466 467 870
f 870 465 479
f 870 464 339
f 872 481 464
f 872 482 274
f 274 481 872
f 339 465 870
f 479 466 870
f 281 872 875
f 463 275 872
f 482 872 275
f 462 463 872
f 461 483 872
f 462 872 483
f 865 560 600
f 461 872 460
f 601 560 865
f 459 872 485
f 460 872 459
f 499 485 872
f 276 499 872
f 276 872 277
f 278 486 872
f 279 278 872
f 487 279 872
f 277 872 486
f 562 636 604
f 604 896 562
f 635 896 604
f 599 865 600
f 598 896 865
f 896 598 561
f 865 599 598
f 896 635 634
f 896 561 597
f 602 563 593
f 602 637 563
f 593 564 602
f 594 637 603
f 595 562 896
f 596 595 896
f 637 594 563
f 636 594 603
f 562 594 636
f 596 896 597
f 280 504 872
f 458 872 504
f 281 488 872
f 280 872 488
f 456 457 875
f 489 456 875
f 282 513 875
f 282 875 455
f 489 875 513
f 281 875 457
f 487 872 458
f 490 283 875
f 455 875 283
f 285 284 875
f 490 875 284
f 897 452 453
f 453 454 897
f 897 286 491
f 491 452 897
f 285 875 454
f 897 451 286
f 897 450 451
f 897 508 449
f 449 450 897
f 897 448 508
f 444 897 898
f 875 897 454
f 897 447 448
f 897 352 447
f 897 446 352
f 897 511 446
f 897 287 511
f 897 512 287
f 897 444 445
f 445 512 897
f 898 288 444
f 898 289 288
f 898 290 289
f 898 291 516
f 898 443 291
f 516 290 898
f 443 898 292
f 898 442 292
f 517 898 293
f 898 517 442
f 875 898 897
f 741 742 876
f 743 880 742
f 880 876 742
f 883 885 898
f 293 898 441
f 898 440 441
f 898 519 440
f 744 880 743
f 881 880 744
f 439 519 898
f 746 886 881
f 746 881 745
f 744 745 881
f 898 885 438
f 887 433 885
f 899 886 746
f 438 439 898
f 885 437 438
f 885 436 437
f 885 435 436
f 885 434 435
f 885 433 434
f 433 887 432
f 432 887 431
f 431 887 430
f 429 887 294
f 887 429 430
f 891 899 800
f 746 800 899
f 886 899 802
f 901 891 774
f 800 774 891
f 892 901 774
f 899 891 901
f 901 818 899
f 851 886 802
f 888 886 851
f 850 888 851
f 849 824 888
f 848 890 824
f 824 890 888
f 825 890 848
f 850 849 888
f 802 899 818
f 775 892 799
f 775 798 892
f 798 776 892
f 799 892 774
f 900 892 776
f 778 900 777
f 822 900 823
f 778 823 900
f 900 776 777
f 821 900 822
f 818 901 819
f 821 801 900
f 819 901 820
f 820 901 892
f 820 892 801
f 900 801 892
f 428 294 887
f 425 426 887
f 885 888 887
f 887 427 428
f 887 426 427
f 847 890 825
f 423 887 889
f 826 890 847
f 902 826 846
f 827 902 846
f 890 826 902
f 845 903 827
f 827 903 902
f 902 903 904
f 425 887 424
f 424 887 423
f 905 845 844
f 902 904 889
f 532 423 889
f 532 889 422
f 421 422 889
f 421 889 420
f 419 420 889
f 535 419 889
f 535 889 418
f 418 904 537
f 904 417 537
f 904 416 417
f 904 295 416
f 418 889 904
f 904 415 295
f 296 415 904
f 904 542 296
f 904 322 542
f 904 543 322
f 904 297 543
f 904 544 297
f 298 545 904
f 545 544 904
f 414 903 299
f 299 903 548
f 903 414 298
f 298 904 903
f 903 413 548
f 903 412 413
f 903 411 412
f 903 550 411
f 409 410 903
f 410 550 903
f 905 408 409
f 905 407 408
f 828 905 844
f 905 409 903
f 845 905 903
f 406 407 905
f 905 405 406
f 905 828 405
f 843 401 828
f 828 403 404
f 404 405 828
f 828 402 403
f 401 402 828
f 400 401 843
f 843 398 399
f 399 400 843
f 843 300 396
f 396 397 843
f 397 398 843
f 914 912 909
f 911 910 908
f 911 914 910
f 913 950 912
f 914 913 912
f 916 950 913
f 916 913 914
f 923 916 914
f 923 914 915
f 918 921 948
f 919 918 950
f 919 950 916
f 923 919 916
f 920 923 917
f 921 951 945
f 922 918 919
f 923 922 919
f 924 923 920
f 926 951 921
f 926 921 918
f 922 926 918
f 928 922 923
f 929 928 923
f 929 923 924
f 924 925 929
f 927 926 922
f 927 922 928
f 937 927 928
f 931 937 928
f 929 931 928
f 932 930 927
f 937 932 927
f 937 931 929
f 933 937 929
f 938 937 933
f 938 933 934
f 956 940 937
f 956 937 938
f 941 939 935
f 944 941 935
f 942 941 944
f 944 943 942
f 653 690 654
f 653 946 690
f 906 692 691
f 682 690 946
f 906 694 683
f 693 692 906
f 691 946 906
f 947 694 906
f 691 682 946
f 659 906 946
f 683 693 906
f 652 946 653
f 685 684 947
f 686 685 947
f 947 684 694
f 726 725 948
f 921 729 726
f 949 730 727
f 921 730 949
f 921 949 727
f 921 726 948
f 921 727 729
f 948 950 918
f 909 695 687
f 947 909 687
f 688 695 912
f 909 912 695
f 686 947 687
f 688 912 696
f 725 689 948
f 950 689 912
f 912 689 696
f 950 948 689
f 651 946 660
f 651 659 946
f 906 659 650
f 652 660 946
f 658 649 906
f 657 906 649
f 657 907 906
f 650 658 906
f 906 648 647
f 906 907 648
f 909 656 646
f 647 656 906
f 906 656 909
f 908 628 627
f 619 908 627
f 908 619 911
f 909 646 655
f 622 909 655
f 909 622 914
f 914 622 910
f 908 910 621
f 621 910 622
f 908 629 620
f 628 908 620
f 629 908 621
f 914 577 915
f 577 914 578
f 584 914 911
f 915 577 301
f 947 906 909
f 578 914 584
f 915 328 923
f 301 328 915
f 921 945 731
f 732 731 945
f 921 731 730
f 328 329 917
f 330 331 917
f 917 329 330
f 328 917 923
f 757 728 732
f 757 732 945
f 945 747 758
f 945 758 757
f 945 760 748
f 945 748 759
f 945 759 747
f 749 760 945
f 920 917 341
f 750 761 951
f 750 951 751
f 749 951 761
f 951 749 945
f 920 341 302
f 917 331 332
f 917 332 333
f 917 333 334
f 917 334 335
f 336 917 335
f 917 480 337
f 480 917 336
f 338 917 337
f 917 339 340
f 917 340 341
f 339 917 338
f 506 924 920
f 303 920 302
f 483 920 303
f 484 920 483
f 911 585 579
f 484 460 920
f 584 911 579
f 496 304 920
f 460 496 920
f 342 920 498
f 305 920 342
f 494 920 305
f 343 920 306
f 487 920 344
f 343 344 920
f 494 306 920
f 304 498 920
f 625 581 911
f 626 625 911
f 586 585 911
f 911 580 587
f 911 587 586
f 911 619 626
f 911 588 580
f 623 592 582
f 623 582 624
f 592 623 583
f 591 618 624
f 590 911 581
f 589 911 590
f 624 582 591
f 625 618 591
f 581 625 591
f 589 588 911
f 505 920 504
f 307 504 920
f 505 506 920
f 308 345 924
f 345 346 924
f 506 308 924
f 487 307 920
f 309 310 924
f 509 309 924
f 311 924 310
f 952 515 347
f 312 952 347
f 515 952 311
f 952 312 313
f 313 348 952
f 924 346 509
f 952 348 507
f 952 507 349
f 351 952 350
f 350 952 349
f 315 925 952
f 924 311 952
f 952 351 352
f 952 314 510
f 952 510 353
f 314 952 352
f 952 353 315
f 316 925 315
f 556 925 354
f 953 516 317
f 516 925 556
f 520 318 953
f 318 355 953
f 953 317 520
f 354 925 316
f 953 925 516
f 924 952 925
f 751 951 752
f 753 752 951
f 929 925 953
f 929 953 933
f 355 356 953
f 953 356 357
f 953 319 521
f 319 953 357
f 753 951 926
f 754 753 926
f 927 754 926
f 953 521 358
f 756 755 927
f 754 927 755
f 953 359 933
f 934 933 363
f 930 756 927
f 359 953 358
f 360 933 359
f 933 360 361
f 933 361 362
f 934 363 364
f 363 933 362
f 364 525 934
f 934 525 320
f 366 367 934
f 934 365 366
f 934 320 365
f 932 756 930
f 935 795 932
f 756 932 795
f 937 813 932
f 935 939 795
f 942 939 941
f 932 954 935
f 954 932 813
f 835 813 937
f 835 937 936
f 936 937 830
f 829 835 936
f 836 936 830
f 837 830 940
f 830 937 940
f 831 837 940
f 829 936 836
f 813 944 954
f 791 796 943
f 791 943 797
f 796 942 943
f 797 943 792
f 796 939 942
f 955 792 943
f 794 793 955
f 815 814 955
f 794 955 814
f 955 793 792
f 816 815 955
f 944 935 954
f 816 955 812
f 817 943 944
f 817 812 943
f 955 943 812
f 934 367 368
f 934 368 369
f 529 934 369
f 934 530 370
f 530 934 529
f 838 831 956
f 371 938 934
f 956 839 838
f 832 839 956
f 840 833 957
f 832 956 957
f 833 832 957
f 956 958 957
f 371 934 370
f 959 841 840
f 956 938 958
f 956 831 940
f 371 372 938
f 533 938 372
f 374 938 373
f 533 373 938
f 375 938 374
f 938 375 536
f 536 376 958
f 958 376 538
f 958 538 377
f 378 958 377
f 536 958 938
f 958 378 541
f 958 541 379
f 958 322 323
f 322 958 321
f 321 958 379
f 380 958 323
f 381 958 380
f 957 381 382
f 547 324 957
f 957 382 547
f 381 957 958
f 325 957 324
f 957 325 383
f 957 383 384
f 957 385 386
f 385 957 384
f 834 841 959
f 959 957 386
f 387 959 386
f 840 957 959
f 959 387 388
f 959 388 389
f 842 959 392
f 842 834 959
f 959 389 390
f 959 390 326
f 959 326 391
f 959 391 392
f 842 392 393
f 394 842 393
f 395 842 394
f 842 395 327
f 963 979 962
f 964 979 963
f 963 962 965
f 966 964 963
f 960 962 979
f 968 962 960
f 978 979 964
f 976 977 964
f 976 964 966
f 961 964 977
f 971 963 965
f 962 968 965
f 968 969 965
f 965 969 970
f 971 972 963
f 970 971 965
f 973 963 972
f 975 976 966
f 975 974 967
f 974 975 966
f 973 974 966
f 973 966 963
f 1775 1367 960
f 1367 1775 1776
f 1367 1776 1368
f 1369 1778 1777
f 1369 1777 1370
f 1777 1371 1370
f 1778 1369 1368
f 1831 1373 1372
f 1374 1782 1779
f 1374 1779 1375
f 1781 1780 1375
f 1782 1374 1373
f 1780 1781 1784
f 1780 1784 1783
f 1377 1376 1785
f 1788 1380 1379
f 1380 1788 1789
f 1380 1789 1381
f 1790 1792 1791
f 2651 1382 1790
f 1789 1382 1381
f 1379 1378 1787
f 1384 1383 1793
f 1794 1795 1386
f 1795 1794 1796
f 1389 1388 1797
f 1798 1390 1389
f 1798 1389 1797
f 1795 1387 1386
f 1799 1392 1391
f 1800 1394 1393
f 1800 1802 1801
f 1804 1395 1803
f 1802 1800 1393
f 1805 1398 1397
f 1805 1807 1806
f 1807 1805 1397
f 1390 1798 1799
f 1390 1799 1391
f 1400 1399 1809
f 1401 2660 1810
f 1811 1402 1401
f 1403 1402 1811
f 1813 1406 1405
f 1407 1406 1813
f 1405 1404 1812
f 1816 1410 1409
f 1409 1408 1815
f 1814 1407 1813
f 1412 1411 1816
f 1817 1412 1816
f 1413 1817 1818
f 1413 1818 1414
f 1818 1415 1414
f 1817 1413 1412
f 1418 1417 1819
f 1820 1419 1418
f 1420 1419 1820
f 1417 1416 1819
f 1822 1423 1422
f 1425 1424 1822
f 1424 1423 1822
f 1422 1421 1821
f 1823 1426 1425
f 1426 1823 1824
f 1426 1824 1427
f 1825 1430 1429
f 1825 1827 1826
f 1827 1825 1429
f 1824 1428 1427
f 1823 1425 1822
f 1411 1410 1816
f 1371 1828 1372
f 1828 1777 1829
f 1375 1779 1781
f 1777 1828 1371
f 1379 1787 1830
f 1832 1829 1777
f 1832 1777 1778
f 1833 1832 1778
f 1833 1778 1776
f 1373 1831 1782
f 1775 979 978
f 1834 1835 1779
f 1834 1779 1782
f 960 979 1775
f 1399 1805 1809
f 1807 1396 1804
f 1799 1802 1392
f 1810 2660 1400
f 1836 1837 1811
f 1836 1811 1810
f 1809 1810 1400
f 1803 1807 1804
f 1830 1792 1789
f 1830 1789 1788
f 1800 1803 1395
f 1789 1792 1382
f 1793 1794 1385
f 1793 1385 1384
f 1388 1795 1797
f 1793 1383 1808
f 1376 1780 1783
f 1797 1802 1799
f 1797 1799 1798
f 1778 1368 1776
f 1811 1812 2663
f 1811 2663 1403
f 1775 978 1838
f 1776 1775 1838
f 1776 1838 1833
f 1782 1831 1839
f 1834 1782 1839
f 1834 1839 1840
f 978 964 1838
f 1833 1838 1841
f 961 1838 964
f 1842 1843 1829
f 1842 1829 1832
f 1844 1845 1831
f 1844 1831 1372
f 1829 1846 1828
f 1841 1842 1832
f 1841 1832 1833
f 1372 1828 1846
f 1840 1847 1835
f 1840 1835 1834
f 1848 1783 1784
f 1781 1779 1835
f 1781 1835 1784
f 1830 1787 1849
f 1849 1791 1792
f 1849 1792 1830
f 1850 1796 1794
f 1850 1794 1793
f 1377 1786 1378
f 1795 1851 1797
f 1850 1793 1808
f 1852 1806 1807
f 1852 1807 1803
f 1851 1801 1802
f 1851 1802 1797
f 1853 1836 1810
f 1853 1810 1809
f 1837 1854 1812
f 1837 1812 1811
f 1805 1853 1809
f 1401 1810 1811
f 1803 1800 1852
f 1847 1784 1835
f 2663 1812 1404
f 1431 1855 1432
f 1432 1855 1856
f 1433 1856 1857
f 1433 1857 1434
f 1435 1434 1857
f 1433 1432 1856
f 1858 1436 1859
f 1859 1860 1858
f 1438 1861 1439
f 1440 1439 1862
f 1439 1861 1862
f 1437 1436 1858
f 1442 1441 1863
f 1444 1443 1864
f 1865 1864 1443
f 1446 1867 1447
f 1864 1866 1445
f 1868 1448 1447
f 1867 1870 1869
f 1867 1869 1868
f 1448 1868 1869
f 1448 1869 1449
f 1446 1866 1867
f 1871 1872 1867
f 1871 1867 1866
f 1440 1862 1863
f 1440 1863 1441
f 1873 1874 1864
f 1873 1864 1865
f 1875 1876 1816
f 1875 1816 1815
f 1816 1819 1818
f 1816 1818 1817
f 1877 1878 1822
f 1877 1822 1821
f 1420 1821 1421
f 1818 1819 1415
f 1879 1880 1820
f 1879 1820 1819
f 1820 1821 1420
f 1814 1813 1815
f 1814 1815 1408
f 1881 1875 1815
f 1881 1815 1813
f 1876 1879 1819
f 1876 1819 1816
f 1815 1816 1409
f 1880 1877 1821
f 1880 1821 1820
f 1820 1418 1819
f 1422 1821 1822
f 1405 1812 1813
f 1824 1823 1822
f 1824 1822 1827
f 1824 1827 1428
f 1878 1826 1827
f 1878 1827 1822
f 1857 1859 1435
f 1855 1859 1857
f 1855 1857 1856
f 1858 1861 1438
f 1861 1865 1863
f 1861 1863 1862
f 1882 1860 1859
f 1882 1859 1855
f 1858 1883 1861
f 1883 1873 1865
f 1883 1865 1861
f 1865 1442 1863
f 1874 1871 1866
f 1874 1866 1864
f 1444 1864 1445
f 1825 1882 1855
f 1867 1868 1447
f 1825 1855 1431
f 1813 1812 1854
f 1813 1854 1881
f 1884 1452 1451
f 1870 1884 1451
f 1887 1453 1885
f 1884 1870 1886
f 1888 1456 1455
f 1888 1890 1889
f 1890 1888 1455
f 1458 1457 1891
f 1892 1458 1891
f 1459 1892 1893
f 1459 1893 1460
f 1893 1461 1460
f 1892 1459 1458
f 1463 1462 1894
f 1895 1464 1463
f 1465 1464 1895
f 1896 1467 1466
f 1466 1465 1895
f 1894 1895 1463
f 1897 1469 1468
f 1469 1897 1898
f 1899 1473 1472
f 1898 1899 1472
f 1472 1471 1898
f 1475 1474 1899
f 1900 1476 1475
f 1901 1478 1477
f 1481 1480 1902
f 1478 1901 1902
f 1476 1900 1901
f 1476 1901 1477
f 1474 1473 1899
f 1902 1903 1481
f 1484 1483 1905
f 1906 1485 1484
f 1905 1906 1484
f 1483 1904 1905
f 1903 1482 1481
f 1467 1896 1897
f 1467 1897 1468
f 1487 1486 1907
f 1908 1489 1488
f 1907 1908 1488
f 1488 1487 1907
f 1491 1490 1908
f 1909 1492 1491
f 1910 1494 1493
f 1496 1911 1497
f 1911 1494 1910
f 1492 1909 1910
f 1492 1910 1493
f 1490 1489 1908
f 1911 1912 1497
f 1499 1498 1912
f 1500 1499 1912
f 1501 1913 1502
f 1914 1503 1502
f 1504 1503 1914
f 1505 1504 1914
f 1913 1914 1502
f 1912 1498 1497
f 1916 1508 1507
f 1915 1916 1507
f 1506 1915 1507
f 1917 1510 1916
f 1917 1511 1510
f 1918 1513 1512
f 1515 1919 1516
f 1919 1513 1918
f 1511 1917 1918
f 1511 1918 1512
f 1509 1508 1916
f 1919 1920 1516
f 1921 1517 1920
f 1519 1518 1922
f 1520 1519 1923
f 1522 1521 1923
f 1924 1523 1522
f 1924 1522 1923
f 1922 1923 1519
f 1922 1518 1921
f 1920 1517 1516
f 1925 1525 1524
f 1926 1525 1925
f 1923 1926 1925
f 1923 1925 1924
f 1927 1528 1926
f 1528 1527 1926
f 1521 1520 1923
f 1925 1524 1523
f 1925 1523 1924
f 1928 1929 1923
f 1928 1923 1922
f 1930 1528 1927
f 1927 1931 1529
f 1927 1529 1930
f 1534 1533 1932
f 1932 1531 1931
f 1531 1530 1931
f 1932 1532 1531
f 1534 1932 1933
f 1535 1534 1933
f 1934 1537 1536
f 1932 1533 1532
f 1934 1536 1535
f 1934 1535 1933
f 1932 1935 1934
f 1932 1934 1933
f 1936 1937 1932
f 1936 1932 1931
f 1938 1939 1927
f 1938 1927 1926
f 1891 1457 1888
f 1891 1894 1893
f 1891 1893 1892
f 1475 1899 1900
f 1895 1898 1897
f 1895 1897 1896
f 1893 1894 1461
f 1896 1466 1895
f 1940 1941 1895
f 1940 1895 1894
f 1450 1869 1870
f 1872 1886 1870
f 1872 1870 1867
f 1887 1885 1890
f 1887 1890 1454
f 1942 1940 1894
f 1942 1894 1891
f 1943 1889 1890
f 1943 1890 1885
f 1943 1885 1884
f 1944 1945 1899
f 1944 1899 1898
f 1884 1885 1453
f 1946 1947 1914
f 1946 1914 1913
f 1948 1949 1912
f 1948 1912 1911
f 1950 1951 1920
f 1950 1920 1919
f 1916 1919 1918
f 1916 1918 1917
f 1952 1953 1916
f 1952 1916 1915
f 1914 1915 1505
f 1912 1913 1500
f 1954 1955 1903
f 1954 1903 1902
f 1903 1905 1904
f 1956 1957 1908
f 1956 1908 1907
f 1958 1959 1906
f 1958 1906 1905
f 1908 1911 1910
f 1908 1910 1909
f 1906 1486 1485
f 1908 1909 1491
f 1899 1902 1901
f 1899 1901 1900
f 1906 1907 1486
f 1482 1903 1904
f 1509 1916 1510
f 1920 1922 1921
f 1537 1934 1935
f 1960 1935 1961
f 1962 1540 1963
f 1963 1964 1541
f 1964 1963 1965
f 1966 1544 1967
f 1966 1545 1544
f 1968 1547 1546
f 1969 1970 1548
f 1969 1547 1968
f 1545 1966 1968
f 1545 1968 1546
f 1971 1550 1973
f 1970 1969 1972
f 1544 1543 1967
f 1973 1974 1552
f 1974 1973 1975
f 1554 1976 1555
f 1964 1967 1543
f 1960 1963 1540
f 1967 1969 1968
f 1967 1968 1966
f 1550 1970 1973
f 1977 1556 1555
f 1977 1555 1976
f 1973 1551 1971
f 1978 1558 1557
f 1979 1558 1978
f 1559 1558 1980
f 1978 1557 1556
f 1978 1556 1977
f 1560 1559 1981
f 1974 1976 1554
f 1984 1560 1981
f 1983 1562 1561
f 1976 1979 1978
f 1976 1978 1977
f 1538 1935 1960
f 1984 1985 1983
f 1984 1983 1561
f 1449 1869 1450
f 1942 1891 1888
f 1366 1841 1838
f 1838 961 1366
f 1846 1829 1843
f 1844 1372 1846
f 1839 1831 1845
f 1848 1784 1847
f 1785 1376 1783
f 1786 1377 1785
f 1364 1787 1786
f 1830 1788 1379
f 1363 1849 1787
f 1362 1790 1791
f 1808 2651 1790
f 1359 1850 1808
f 1383 2651 1808
f 1361 1808 1790
f 1792 1790 1382
f 1786 1787 1378
f 1365 1786 1785
f 1850 1359 1358
f 1796 1357 1356
f 1808 1360 1359
f 1794 1386 1385
f 1851 1353 1352
f 1388 1387 1795
f 1852 1347 1346
f 1395 1394 1800
f 1802 1393 1392
f 1800 1350 1349
f 1805 1344 1343
f 1399 1398 1805
f 1341 1340 1853
f 1334 1333 1837
f 1327 1326 1881
f 1807 1397 1396
f 1345 1344 1806
f 1320 1319 1876
f 1416 1415 1819
f 1306 1305 1878
f 1428 1827 1429
f 1313 1312 1880
f 1303 1302 1825
f 1431 1430 1825
f 1300 1299 1882
f 1297 1296 1858
f 1438 1437 1858
f 1443 1442 1865
f 1294 1293 1883
f 1859 1436 1435
f 1356 1355 1795
f 1795 1353 1851
f 1354 1353 1795
f 1801 1350 1800
f 1800 1348 1347
f 1351 1350 1801
f 1446 1445 1866
f 1288 1287 1872
f 1285 1284 1884
f 1453 1452 1884
f 1455 1454 1890
f 1282 1281 1943
f 1870 1451 1450
f 1276 1275 1942
f 1268 1941 1269
f 1894 1462 1461
f 1278 1888 1279
f 1888 1457 1456
f 1800 1347 1852
f 1291 1290 1874
f 1941 1944 1898
f 1941 1898 1895
f 1356 1795 1796
f 1344 1805 1806
f 1853 1805 1341
f 1342 1341 1805
f 1836 1338 1337
f 1837 1836 1336
f 1836 1339 1338
f 1836 1337 1336
f 1335 1334 1837
f 1336 1335 1837
f 1332 1331 1854
f 1328 1881 1329
f 1329 1881 1854
f 1327 1881 1328
f 1330 1329 1854
f 1330 1854 1331
f 1324 1875 1325
f 1323 1875 1324
f 1322 1876 1875
f 1322 1321 1876
f 1876 1321 1320
f 1879 1316 1315
f 1316 1879 1317
f 1317 1879 1318
f 1315 1314 1880
f 1879 1315 1880
f 1310 1877 1311
f 1308 1877 1309
f 1308 1878 1877
f 1307 1878 1308
f 1878 1307 1306
f 1877 1310 1309
f 1880 1314 1313
f 1875 1323 1322
f 1825 1301 1300
f 1825 1826 1303
f 1825 1300 1882
f 1860 1297 1858
f 1298 1297 1860
f 1826 1304 1303
f 1883 1858 1294
f 1292 1291 1873
f 1294 1858 1295
f 1291 1874 1873
f 1871 1288 1872
f 1289 1288 1871
f 1886 1285 1884
f 1286 1285 1886
f 1884 1283 1282
f 1280 1279 1889
f 1889 1279 1888
f 1943 1884 1282
f 1888 1276 1942
f 1272 1940 1273
f 1274 1273 1940
f 1270 1941 1271
f 1941 1940 1271
f 1271 1940 1272
f 1277 1276 1888
f 1270 1269 1941
f 1898 1470 1469
f 1265 1264 1944
f 1898 1471 1470
f 1945 1954 1902
f 1945 1902 1899
f 1262 1261 1945
f 1267 1266 1944
f 1944 1266 1265
f 1945 1944 1264
f 1945 1263 1262
f 1264 1263 1945
f 1955 1958 1905
f 1955 1905 1903
f 1902 1479 1478
f 1959 1956 1907
f 1959 1907 1906
f 1258 1257 1954
f 1254 1955 1255
f 1250 1958 1251
f 1244 1243 1956
f 1247 1959 1248
f 1957 1948 1911
f 1957 1911 1908
f 1240 1957 1241
f 1480 1479 1902
f 1260 1259 1954
f 1955 1954 1257
f 1954 1259 1258
f 1955 1257 1256
f 1253 1252 1958
f 1255 1955 1256
f 1958 1252 1251
f 1250 1959 1958
f 1248 1959 1249
f 1959 1250 1249
f 1244 1956 1245
f 1246 1245 1956
f 1957 1956 1243
f 1957 1242 1241
f 1242 1957 1243
f 1949 1946 1913
f 1949 1913 1912
f 1947 1952 1915
f 1947 1915 1914
f 1237 1236 1948
f 1233 1949 1234
f 1514 1513 1919
f 1951 1928 1922
f 1951 1922 1920
f 1229 1946 1230
f 1953 1950 1919
f 1953 1919 1916
f 1494 1911 1495
f 1939 1936 1931
f 1939 1931 1927
f 1929 1938 1926
f 1929 1926 1923
f 1937 1961 1935
f 1937 1935 1932
f 1986 1965 1963
f 1960 1986 1963
f 1525 1926 1526
f 1987 1972 1969
f 1987 1969 1967
f 1964 1987 1967
f 1973 1970 1988
f 1177 1176 1970
f 1988 1975 1973
f 1976 1974 1989
f 1989 1990 1979
f 1989 1979 1976
f 1981 1991 1984
f 1974 1171 1170
f 1183 1182 1964
f 1188 1960 1189
f 1165 1982 1980
f 1222 1952 1223
f 1219 1953 1220
f 1212 1951 1213
f 1208 1928 1209
f 1216 1215 1950
f 1201 1938 1202
f 1198 1939 1199
f 1191 1937 1192
f 1961 1189 1960
f 1540 1539 1960
f 1538 1537 1935
f 1195 1194 1936
f 1205 1929 1206
f 1962 1963 1541
f 1543 1542 1964
f 1965 1183 1964
f 1547 1969 1548
f 1173 1988 1174
f 1970 1550 1549
f 1972 1177 1970
f 1179 1987 1180
f 1975 1171 1974
f 1554 1553 1974
f 1167 1989 1168
f 1979 1990 1980
f 1980 1990 1166
f 1164 1981 1982
f 1984 1561 1560
f 1982 1981 1559
f 1980 1982 1559
f 1980 1558 1979
f 1552 1551 1973
f 1185 1986 1186
f 1991 1992 1985
f 1991 1985 1984
f 1226 1947 1227
f 1991 1981 1163
f 1948 1239 1238
f 1238 1237 1948
f 1949 1948 1236
f 1495 1911 1496
f 1234 1949 1235
f 1501 1500 1913
f 1235 1949 1236
f 1231 1946 1232
f 1231 1230 1946
f 1228 1947 1229
f 1227 1947 1228
f 1229 1947 1946
f 1224 1952 1225
f 1505 1915 1506
f 1953 1222 1221
f 1220 1953 1221
f 1953 1952 1222
f 1224 1223 1952
f 1515 1514 1919
f 1950 1218 1217
f 1950 1217 1216
f 1950 1215 1951
f 1214 1213 1951
f 1211 1210 1928
f 1951 1215 1214
f 1210 1209 1928
f 1207 1929 1208
f 1929 1928 1208
f 1526 1926 1527
f 1938 1204 1203
f 1938 1203 1202
f 1199 1939 1200
f 1939 1938 1201
f 1939 1201 1200
f 1206 1929 1207
f 1530 1529 1931
f 1195 1936 1196
f 1196 1936 1197
f 1937 1936 1194
f 1937 1194 1193
f 1539 1538 1960
f 1961 1190 1189
f 1193 1192 1937
f 1186 1960 1187
f 1986 1960 1186
f 1183 1965 1184
f 1180 1987 1964
f 1541 1964 1542
f 1181 1180 1964
f 1548 1970 1549
f 1972 1178 1177
f 1970 1175 1174
f 1974 1553 1552
f 1172 1171 1975
f 1168 1974 1169
f 1974 1168 1989
f 1970 1174 1988
f 1994 1563 1993
f 1997 1999 1998
f 1566 1565 1997
f 1567 2001 2000
f 1567 2000 1568
f 2002 2004 2003
f 2000 1569 1568
f 2001 1567 1566
f 1996 1564 1995
f 1571 1570 2006
f 2008 1574 1573
f 2008 2010 2009
f 1576 1575 2011
f 2010 2008 1573
f 1570 1569 2002
f 2012 1577 1576
f 1577 2012 2013
f 1577 2013 1578
f 2014 1581 1580
f 2015 2014 1580
f 2013 1579 1578
f 1583 1582 2016
f 2017 1584 1583
f 2018 1586 1585
f 1584 2017 2018
f 1584 2018 1585
f 2017 1583 2016
f 2014 2015 2019
f 2020 2021 1587
f 2021 2020 2022
f 1590 1589 2023
f 2024 1590 2023
f 2025 1591 2024
f 2026 1593 1592
f 2026 2028 2027
f 1595 1594 2029
f 2028 2026 1592
f 2021 1588 1587
f 2012 1576 2011
f 1598 1597 2032
f 1599 1598 2032
f 2031 1596 2030
f 1601 1600 2033
f 1602 1601 2033
f 2034 1603 1602
f 2035 1605 1604
f 1603 2034 2035
f 1603 2035 1604
f 2034 1602 2033
f 2033 1600 1599
f 1608 1607 2036
f 2037 1609 1608
f 2038 1610 1609
f 1612 1611 2039
f 2040 1614 1613
f 1615 1614 2040
f 1613 1612 2039
f 1607 1606 2036
f 1618 1617 2043
f 2042 1616 2041
f 1620 1619 2044
f 1621 1620 2044
f 2045 1622 1621
f 2046 1623 1622
f 1622 2045 2046
f 2045 1621 2044
f 2044 1619 1618
f 1626 1625 2047
f 2048 1627 1626
f 1629 1628 2048
f 2049 1630 1629
f 2049 1629 2048
f 1628 1627 2048
f 2050 1631 1630
f 1633 1632 2051
f 2052 1635 1634
f 1634 1633 2051
f 1630 2049 2050
f 1625 1624 2047
f 2041 1615 2040
f 2030 1595 2029
f 1575 2008 2011
f 2010 1572 2007
f 2021 2023 1589
f 2020 1586 2018
f 2013 2015 1579
f 2029 1594 2026
f 2011 2015 2013
f 2011 2013 2012
f 2053 2056 2055
f 2053 2055 2054
f 2054 1563 1994
f 2057 2054 1994
f 2057 1994 1993
f 2004 1569 2000
f 2058 2004 2000
f 2058 2000 2001
f 1564 1996 1999
f 2055 1999 1996
f 2055 1996 1995
f 1566 1997 2058
f 2016 2020 2018
f 2016 2018 2017
f 2006 2007 1571
f 2059 2060 2044
f 2059 2044 2043
f 2043 1616 2042
f 2038 2039 1610
f 2047 1623 2046
f 2061 2062 2048
f 2061 2048 2047
f 2048 2051 2050
f 2048 2050 2049
f 2040 2043 2042
f 2040 2042 2041
f 2028 1591 2025
f 2029 2032 2031
f 2029 2031 2030
f 2035 2036 1605
f 2063 2064 2040
f 2063 2040 2039
f 2031 2032 1596
f 2065 2066 2037
f 2065 2037 2036
f 2033 2036 2035
f 2033 2035 2034
f 2067 2068 2033
f 2067 2033 2032
f 2023 2028 2025
f 2023 2025 2024
f 2037 2039 2038
f 2037 2038 1609
f 2016 1582 2014
f 2044 2047 2046
f 2044 2046 2045
f 1562 1985 2057
f 2069 2053 2054
f 2069 2054 2057
f 2057 1985 1992
f 2057 1992 2069
f 2056 1998 1999
f 2056 1999 2055
f 2055 1563 2054
f 1565 1564 1997
f 1997 2070 2058
f 2071 2009 2010
f 2071 2010 2007
f 2070 2003 2004
f 2070 2004 2058
f 2072 2019 2015
f 2072 2015 2011
f 2073 2022 2020
f 2073 2020 2016
f 2014 2073 2016
f 2011 2008 2072
f 2007 2006 2071
f 2074 2027 2028
f 2074 2028 2023
f 2026 2075 2029
f 2075 2067 2032
f 2075 2032 2029
f 2032 2033 1599
f 2068 2065 2036
f 2068 2036 2033
f 2036 2037 1608
f 2023 2021 2074
f 1613 2039 2040
f 2064 2059 2043
f 2064 2043 2040
f 2066 2063 2039
f 2066 2039 2037
f 2060 2061 2047
f 2060 2047 2044
f 2044 1618 2043
f 2062 2076 2051
f 2062 2051 2048
f 2048 1626 2047
f 2050 2051 1631
f 1638 1637 2079
f 1639 1638 2079
f 2078 1636 2077
f 1641 1640 2080
f 1642 1641 2080
f 2081 1643 1642
f 2082 1645 1644
f 1643 2081 2082
f 1643 2082 1644
f 2081 1642 2080
f 2080 1640 1639
f 1648 1647 2083
f 2084 1649 1648
f 2085 1649 2084
f 2086 1650 2085
f 1652 1651 2087
f 2088 1654 1653
f 1656 1655 2088
f 1655 1654 2088
f 1653 1652 2087
f 1647 1646 2083
f 2089 2090 2080
f 2089 2080 2079
f 2080 2083 2082
f 2080 2082 2081
f 2091 2092 2084
f 2091 2084 2083
f 2086 2087 1650
f 2082 2083 1645
f 2093 1656 2088
f 2084 2087 2086
f 2084 2086 2085
f 2078 2077 2052
f 2078 2052 2079
f 2078 2079 1636
f 2094 2089 2079
f 2094 2079 2052
f 2090 2091 2083
f 2090 2083 2080
f 2079 2080 1639
f 2092 2095 2087
f 2092 2087 2084
f 2084 1648 2083
f 2052 2051 2076
f 2052 2076 2094
f 1653 2087 2088
f 1657 2093 2096
f 2096 1658 1657
f 1661 1660 2097
f 2098 1661 2097
f 2098 1662 1661
f 1660 1659 2097
f 2088 2097 2096
f 2088 2096 2093
f 2095 2099 2088
f 2095 2088 2087
f 2100 1662 2098
f 1658 2096 2097
f 2099 2101 2097
f 2099 2097 2088
f 1657 1656 2093
f 1634 2051 2052
f 2077 1635 2052
f 1983 1985 1562
f 2102 1663 2100
f 2103 1665 1664
f 2103 2105 2104
f 2105 2103 1664
f 2108 1667 2106
f 2109 2110 1668
f 2110 1669 1668
f 2106 1666 2107
f 1671 1670 2111
f 2112 1672 1671
f 1672 2112 2113
f 1672 2113 1673
f 2112 1671 2111
f 2114 1676 1675
f 2115 2114 1675
f 2116 1678 2117
f 1678 1677 2117
f 2114 2115 2118
f 2113 1674 1673
f 2110 2109 2119
f 1679 2116 2120
f 2120 1680 1679
f 1681 2122 2121
f 2123 1683 1682
f 2121 1682 1681
f 2124 1684 1683
f 2125 1686 1685
f 2126 1687 1686
f 2127 1688 1687
f 1687 2126 2127
f 1685 2128 2125
f 1683 2123 2124
f 1689 2130 2129
f 2131 1691 1690
f 2132 1693 1692
f 1694 2134 2133
f 2133 1695 1694
f 1691 2131 2132
f 1691 2132 1692
f 1696 2136 2135
f 1696 2135 1697
f 2135 1698 1697
f 2137 2138 1700
f 1701 2138 2139
f 2138 1701 1700
f 2137 1700 1699
f 2136 1696 1695
f 2129 1690 1689
f 2116 1679 1678
f 1702 2139 2140
f 2141 2142 1704
f 1705 2142 2143
f 1705 2143 1706
f 2143 1707 1706
f 2142 1705 1704
f 2144 2145 1708
f 2145 2144 2146
f 2147 1712 1711
f 1711 1710 2148
f 1707 2143 2144
f 2149 1714 1713
f 1714 2149 2150
f 2151 2150 2152
f 2150 2151 1715
f 2153 1719 1718
f 1719 2153 2154
f 1719 2154 1720
f 1721 2154 2155
f 2156 2155 2157
f 2155 2156 1722
f 2154 1721 1720
f 1718 1717 2158
f 1712 2147 2149
f 1712 2149 1713
f 1725 1724 2159
f 1726 2161 2160
f 1726 2160 1727
f 2160 1728 1727
f 2161 1726 1725
f 2162 2163 1729
f 2163 2162 2164
f 2165 1733 1732
f 1732 1731 2166
f 1728 2160 2162
f 2167 1735 1734
f 2168 2169 1736
f 1739 1738 2170
f 2169 2168 2171
f 2172 1740 1739
f 1740 2172 2173
f 1740 2173 1741
f 2174 2175 1743
f 2175 2174 2176
f 2173 1742 1741
f 2172 1739 2170
f 1733 2165 2167
f 1733 2167 1734
f 2139 1702 1701
f 2147 1711 2148
f 2141 2144 2143
f 2141 2143 2142
f 2137 2140 2139
f 2137 2139 2138
f 2148 2150 2149
f 2148 2149 2147
f 2145 2148 1710
f 2158 2153 1718
f 2177 2178 2141
f 2177 2141 2140
f 2179 2180 2129
f 2179 2129 2130
f 2129 2134 2132
f 2129 2132 2131
f 2135 2181 1698
f 2132 2134 1693
f 2182 2183 2137
f 2182 2137 2181
f 2141 1703 2140
f 2137 1699 2181
f 2133 2181 2135
f 2133 2135 2136
f 2151 2158 1717
f 2184 2185 2133
f 2184 2133 2134
f 2173 2174 1742
f 2186 1746 1745
f 1747 2188 2187
f 1747 2187 1748
f 1749 1748 2187
f 1746 2188 1747
f 2170 2174 2173
f 2170 2173 2172
f 2166 1731 2163
f 2159 2162 2160
f 2159 2160 2161
f 2158 2155 2154
f 2158 2154 2153
f 2186 2188 1746
f 2168 1735 2167
f 2166 2168 2167
f 2166 2167 2165
f 2175 2186 1745
f 2170 1738 2169
f 2156 2159 1724
f 2186 2189 2187
f 2186 2187 2188
f 2161 1725 2159
f 2190 2191 2125
f 2190 2125 2128
f 2166 2165 1732
f 2107 1666 2103
f 2107 2109 2108
f 2107 2108 2106
f 1670 2110 2111
f 2113 2115 1674
f 2108 2109 1667
f 1677 2114 2117
f 2111 2115 2113
f 2111 2113 2112
f 2102 2100 2098
f 2102 2098 2105
f 2102 2105 1663
f 2192 2104 2105
f 2192 2105 2098
f 2193 2119 2109
f 2193 2109 2107
f 2194 2118 2115
f 2194 2115 2111
f 2103 2193 2107
f 2194 2111 2110
f 2101 2192 2098
f 2101 2098 2097
f 2120 2116 2117
f 2120 2117 2122
f 2122 1680 2120
f 2195 2196 2122
f 2195 2122 2117
f 2125 2130 2127
f 2125 2127 2126
f 2124 2123 2121
f 2124 2121 2128
f 2126 1686 2125
f 1682 2121 2123
f 2121 2122 2196
f 2121 2196 2197
f 1684 2124 2128
f 2191 2179 2130
f 2191 2130 2125
f 2197 2190 2128
f 2197 2128 2121
f 2180 2184 2134
f 2180 2134 2129
f 2130 1688 2127
f 2185 2182 2181
f 2185 2181 2133
f 2131 1690 2129
f 2133 2136 1695
f 1749 2187 2189
f 2198 2189 2199
f 1752 1751 2200
f 1753 2202 2201
f 1753 2201 1754
f 2201 1755 1754
f 1756 1755 2203
f 2202 1753 1752
f 1757 1756 2205
f 2206 1758 1757
f 2206 1760 1759
f 1761 2208 2207
f 1761 2207 1762
f 2206 1761 1760
f 2206 1759 1758
f 2207 1764 1763
f 2207 1765 1764
f 1766 1765 2209
f 2210 1769 1768
f 1768 1767 2211
f 1765 2207 2209
f 2207 1763 1762
f 1769 1769 2210
f 1757 2205 2212
f 2213 984 2201
f 2213 2201 2202
f 2214 1770 2210
f 2215 2216 2214
f 2215 2214 2210
f 1769 2210 1770
f 1768 2217 2210
f 2212 2218 2208
f 2212 2208 2206
f 2206 2208 1761
f 2201 984 1755
f 2207 2208 2218
f 2207 2218 2219
f 2220 2221 2219
f 2220 2219 2218
f 2209 2207 2219
f 2222 1767 1766
f 2218 2212 2223
f 2218 2223 2220
f 2217 2215 2210
f 1771 1770 2214
f 2213 1752 2200
f 2224 1773 1772
f 1774 1773 2224
f 2225 2224 1772
f 1774 2227 2226
f 1774 2226 980
f 2226 2227 2229
f 2226 2229 2228
f 2228 981 2226
f 2224 2227 1774
f 2216 2230 2225
f 2216 2225 2214
f 2225 1771 2214
f 2227 2224 2231
f 2227 2231 2229
f 2232 2230 2216
f 2224 2225 2230
f 2224 2230 2231
f 2229 2231 2233
f 2231 2230 2234
f 2235 2216 2215
f 981 980 2226
f 1772 1771 2225
f 2236 2212 2205
f 1750 2189 2198
f 2228 2229 982
f 2117 2114 2195
f 1992 1162 2069
f 2057 1993 1562
f 2053 1161 2056
f 1563 2055 1995
f 1564 1999 1997
f 1997 1159 2070
f 1566 2058 2001
f 2004 2002 1569
f 2002 1157 2005
f 2005 1156 2006
f 2002 2005 1570
f 2002 2003 1158
f 2007 1572 1571
f 1570 2005 2006
f 2008 1153 1152
f 1574 2008 1575
f 1579 2015 1580
f 1150 2072 2008
f 2009 1154 1153
f 1147 2014 2019
f 2071 2006 1155
f 1997 1998 1160
f 1153 2008 2009
f 2010 1573 1572
f 1150 1149 2072
f 1150 2008 1151
f 2014 1147 1146
f 1144 2014 1145
f 2019 1148 1147
f 2014 1144 2073
f 1586 2020 1587
f 2022 1141 2021
f 1591 2028 1592
f 2027 1135 2026
f 1589 1588 2021
f 2021 1138 2074
f 1597 1596 2032
f 1606 1605 2036
f 1611 1610 2039
f 1120 2066 2065
f 1127 2068 2067
f 1594 1593 2026
f 2026 1132 2075
f 1617 1616 2043
f 1106 2060 2059
f 1099 2062 2061
f 1092 2094 2076
f 2051 1632 1631
f 2047 1624 1623
f 1085 2090 2089
f 1646 1645 2083
f 1651 1650 2087
f 1659 1658 2097
f 1071 2099 2095
f 1078 2092 2091
f 2079 1637 1636
f 1113 2064 2063
f 1140 2021 1141
f 2022 1142 1141
f 1138 1137 2074
f 1139 1138 2021
f 2026 1135 1134
f 1135 2027 1136
f 1663 2105 1664
f 2103 2104 1059
f 1669 2110 1670
f 1668 1667 2109
f 2193 2103 1056
f 1666 1665 2103
f 2110 2119 1053
f 1131 2075 1132
f 1132 2026 1133
f 2110 1050 2194
f 2101 1064 2192
f 1143 2073 1144
f 1582 1581 2014
f 1129 2067 1130
f 1129 1128 2067
f 1127 2067 1128
f 2068 1126 1125
f 2068 1127 1126
f 1125 1124 2068
f 1121 2065 1122
f 1120 2065 1121
f 1122 2065 1123
f 1120 1119 2066
f 2066 1118 1117
f 1116 1115 2063
f 1114 1113 2063
f 2064 1113 1112
f 1112 1111 2064
f 1111 1110 2064
f 1114 2063 1115
f 1118 2066 1119
f 2059 1107 1106
f 1107 2059 1108
f 2060 1106 1105
f 2059 1109 1108
f 1104 1103 2060
f 2061 1101 1100
f 1101 2061 1102
f 1104 2060 1105
f 1098 2062 1099
f 1097 2062 1098
f 2062 1097 1096
f 1099 2061 1100
f 2076 1093 1092
f 1093 2076 1094
f 1092 1091 2094
f 2094 1090 1089
f 1095 1094 2076
f 1091 1090 2094
f 1088 1087 2089
f 1087 1086 2089
f 2090 1085 1084
f 2090 1084 1083
f 1080 2091 1081
f 1079 2091 1080
f 1082 2090 1083
f 2089 1086 1085
f 1077 2092 1078
f 1079 1078 2091
f 1076 1075 2092
f 2092 1077 1076
f 2095 1073 1072
f 2095 1072 1071
f 1070 2099 1071
f 2099 1069 1068
f 1070 1069 2099
f 2095 1074 1073
f 1067 1066 2101
f 1065 2101 1066
f 1065 1064 2101
f 1061 2192 1062
f 1063 1062 2192
f 1059 2104 1060
f 2103 1059 1058
f 2103 1057 1056
f 2110 1053 1052
f 1050 1049 2194
f 2110 1051 1050
f 2193 1056 1055
f 1054 1053 2119
f 2192 1064 1063
f 2114 1047 1046
f 1675 1674 2115
f 1677 1676 2114
f 2195 1044 1043
f 2122 1681 1680
f 2197 1041 1040
f 2191 1038 1037
f 1685 1684 2128
f 2180 1035 1034
f 1032 1031 2185
f 2134 1694 1693
f 2130 1689 1688
f 1036 1035 2179
f 1698 2181 1699
f 2178 2146 2144
f 2178 2144 2141
f 2140 1703 1702
f 1710 1709 2145
f 2145 2237 2148
f 2158 2151 2238
f 2237 2152 2150
f 2237 2150 2148
f 2145 1023 1022
f 1028 2183 1029
f 2140 2137 2183
f 2140 2183 2177
f 1027 1026 2177
f 2238 2157 2155
f 2238 2155 2158
f 2159 2156 2239
f 1708 1707 2144
f 1010 2156 1011
f 2151 1017 1016
f 1025 2178 1026
f 1047 2118 1048
f 1044 2114 1045
f 2114 2118 1047
f 2195 2114 1044
f 2196 1042 1041
f 2196 1041 2197
f 1020 1019 2237
f 1717 1716 2151
f 2238 1014 1013
f 1721 2155 1722
f 1017 2151 2152
f 1715 1714 2150
f 1038 2190 1039
f 2190 1038 2191
f 2157 1011 2156
f 2145 2146 1023
f 1723 2156 1724
f 2162 2159 2239
f 2162 2239 2164
f 2166 2163 2240
f 1005 1004 2163
f 2241 2170 2169
f 2169 999 998
f 2240 2171 2168
f 2240 2168 2166
f 2241 2176 2174
f 2241 2174 2170
f 1728 2162 1729
f 1731 1730 2163
f 2164 1005 2163
f 1735 2168 1736
f 995 2241 996
f 2169 1738 1737
f 2171 999 2169
f 1001 2240 1002
f 1743 1742 2174
f 1007 2239 1008
f 2242 2199 2189
f 2242 2189 2186
f 2175 2242 2186
f 2213 2200 984
f 2198 987 986
f 2205 2243 2236
f 2243 2245 2244
f 2243 2244 2236
f 2219 2221 2246
f 2247 2219 2246
f 2236 2244 2212
f 993 992 2175
f 2247 2209 2219
f 2222 1766 2209
f 2209 2248 2222
f 2209 2222 2209
f 2249 2247 2247
f 2249 2247 2246
f 2211 2217 2211
f 1767 2222 2211
f 2215 2217 2250
f 2250 2250 2215
f 2248 2211 2211
f 2248 2211 2222
f 2217 1768 2211
f 2247 2209 2209
f 2247 2209 2247
f 2251 2250 2250
f 2176 993 2175
f 1745 1744 2175
f 989 2242 990
f 2199 987 2198
f 2200 1751 2198
f 2213 2202 1752
f 985 2200 2198
f 1750 1749 2189
f 1755 984 2203
f 2212 2206 1757
f 2244 2245 2223
f 2243 2205 983
f 2204 2205 1756
f 2203 2204 1756
f 2246 2221 2249
f 2215 2250 2235
f 2234 2230 2232
f 2235 2232 2216
f 2235 2250 2251
f 2223 2212 2244
f 2231 2234 2233
f 2179 1035 2180
f 1033 1032 2184
f 2182 1030 1029
f 2183 2182 1029
f 2184 1032 2185
f 1703 2141 1704
f 2178 2177 1026
f 1709 1708 2145
f 1020 2145 1021
f 2145 1020 2237
f 2146 1024 1023
f 2151 1716 1715
f 1018 1017 2152
f 2151 1014 2238
f 1723 1722 2156
f 1012 1011 2157
f 1014 2151 1015
f 2156 1009 1008
f 1008 2239 2156
f 2163 1730 1729
f 2163 1003 1002
f 1002 2240 2163
f 1006 1005 2164
f 2169 1737 1736
f 2171 1000 999
f 2169 996 2241
f 2176 994 993
f 996 2169 997
f 1744 1743 2175
f 2242 2175 990
f 990 2175 991
f 2199 988 987
f 2198 1751 1750
f 2229 2233 982
f 981 2228 982
f 2519 2522 2521
f 2519 2521 2520
f 969 968 2388
f 2523 2388 2387
f 2519 2520 2525
f 2519 2525 2524
f 2524 2386 2385
f 2524 2385 2384
f 2386 2525 2526
f 2386 2526 2387
f 2527 2383 2382
f 2528 2382 2381
f 2529 2380 2379
f 2529 2379 2378
f 2380 2528 2381
f 2383 2527 2530
f 2383 2530 2384
f 2531 2377 2376
f 2532 2376 2375
f 2533 2374 2373
f 2533 2373 2372
f 2374 2532 2375
f 2534 2371 2370
f 2535 2370 2369
f 2536 2368 2670
f 2537 2367 2366
f 2367 2536 2670
f 2368 2535 2369
f 2371 2534 2372
f 2377 2531 2378
f 2538 2365 2775
f 2538 2775 2364
f 2539 2776 2363
f 2540 2363 2362
f 2776 2539 2364
f 2541 2361 2778
f 2541 2778 2360
f 2542 2779 2359
f 2543 2781 2358
f 2781 2543 2359
f 2779 2542 2360
f 2361 2540 2362
f 2544 2357 2356
f 2545 2356 2355
f 2354 2784 2546
f 2784 2353 2546
f 2354 2545 2355
f 2352 2351 2547
f 2351 2350 2548
f 2349 2348 2549
f 2347 2346 2550
f 2549 2348 2347
f 2548 2350 2349
f 2547 2353 2352
f 2357 2544 2358
f 2365 2537 2366
f 2387 2526 2523
f 970 969 2523
f 2523 2551 972
f 2523 972 971
f 970 2523 971
f 2552 2551 2523
f 2552 2523 2526
f 2526 2525 2520
f 2530 2519 2524
f 2525 2386 2524
f 2527 2394 2393
f 2527 2393 2530
f 2528 2380 2529
f 2529 2397 2396
f 2529 2396 2528
f 2528 2395 2394
f 2528 2394 2527
f 2527 2382 2528
f 2530 2522 2519
f 2378 2531 2529
f 2526 2520 2552
f 2524 2384 2530
f 2531 2376 2532
f 2532 2401 2400
f 2532 2400 2531
f 2533 2403 2402
f 2533 2402 2532
f 2532 2374 2533
f 2534 2370 2535
f 2535 2407 2406
f 2535 2406 2534
f 2536 2409 2408
f 2536 2408 2535
f 2535 2368 2536
f 2534 2405 2404
f 2534 2404 2533
f 2533 2372 2534
f 2537 2365 2538
f 2538 2413 2412
f 2538 2412 2537
f 2539 2415 2414
f 2539 2414 2538
f 2364 2539 2538
f 2361 2541 2540
f 2541 2419 2418
f 2541 2418 2540
f 2359 2543 2542
f 2543 2423 2422
f 2543 2422 2542
f 2542 2421 2420
f 2542 2420 2541
f 2360 2542 2541
f 2540 2417 2416
f 2540 2416 2539
f 2540 2539 2363
f 2537 2411 2410
f 2537 2410 2536
f 2536 2367 2537
f 2531 2399 2398
f 2531 2398 2529
f 2358 2544 2543
f 2345 2344 2553
f 2344 2343 2553
f 2342 2341 2554
f 2341 2340 2555
f 2554 2343 2342
f 2339 2338 2556
f 2337 2336 2557
f 2335 2334 2558
f 2333 2332 2559
f 2558 2334 2333
f 2557 2336 2335
f 2555 2340 2339
f 2330 2560 2331
f 2329 2560 2330
f 2329 2328 2561
f 2338 2337 2556
f 2545 2427 2426
f 2545 2426 2544
f 2559 2332 2331
f 2550 2346 2345
f 2562 2328 2327
f 2326 2563 2562
f 2326 2562 2327
f 2325 2564 2563
f 2325 2563 2326
f 2563 2566 2565
f 2563 2565 2562
f 2324 2564 2325
f 2564 2567 2566
f 2564 2566 2563
f 2561 2328 2562
f 2564 2324 2567
f 2356 2545 2544
f 2544 2425 2424
f 2544 2424 2543
f 969 2388 2523
f 2568 2324 2323
f 2568 2323 2322
f 2569 2717 2321
f 2570 2321 2320
f 2717 2569 2322
f 2571 2319 2318
f 2571 2318 2317
f 2572 2316 2315
f 2573 2314 2313
f 2314 2573 2315
f 2316 2572 2317
f 2319 2570 2320
f 2574 2312 2311
f 2575 2311 2310
f 2576 2309 2786
f 2576 2786 2308
f 2309 2575 2310
f 2577 2307 2306
f 2578 2306 2305
f 2303 2302 2579
f 2301 2300 2580
f 2580 2302 2301
f 2304 2578 2305
f 2307 2577 2308
f 2312 2574 2313
f 2299 2298 2581
f 2298 2297 2582
f 2296 2295 2583
f 2295 2294 2583
f 2582 2297 2296
f 2293 2292 2584
f 2292 2291 2585
f 2290 2289 2586
f 2288 2287 2587
f 2586 2289 2288
f 2585 2291 2290
f 2584 2294 2293
f 2286 2285 2588
f 2285 2284 2588
f 2283 2282 2589
f 2282 2281 2590
f 2589 2284 2283
f 2280 2279 2591
f 2279 2278 2591
f 2277 2276 2592
f 2275 2274 2593
f 2593 2276 2275
f 2592 2278 2277
f 2590 2281 2280
f 2587 2287 2286
f 2581 2300 2299
f 2271 2595 2594
f 2271 2594 2272
f 2270 2596 2595
f 2270 2595 2271
f 2254 2598 2597
f 2599 2269 2600
f 2269 2599 2596
f 2269 2596 2270
f 2601 2268 2267
f 2602 2267 2266
f 2603 2265 2264
f 2604 2263 2262
f 2263 2605 2264
f 2265 2606 2266
f 2268 2600 2269
f 2605 2604 2608
f 2605 2608 2607
f 2605 2263 2604
f 2606 2265 2603
f 2609 2610 2602
f 2609 2602 2606
f 2602 2601 2267
f 2606 2602 2266
f 2607 2611 2603
f 2607 2603 2605
f 2264 2605 2603
f 2252 2613 2612
f 2614 2261 2260
f 2615 2260 2259
f 2262 2261 2616
f 2600 2601 2617
f 2614 2260 2615
f 2604 2616 2618
f 2604 2618 2608
f 2616 2261 2614
f 2262 2616 2604
f 2619 2615 2259
f 2620 2254 2612
f 2600 2268 2601
f 2272 2594 2621
f 2272 2621 2273
f 2257 2256 2622
f 2256 2255 2597
f 2254 2253 2612
f 2612 2253 2252
f 2254 2255 2254
f 980 980 2623
f 980 2623 2252
f 2252 2623 2624
f 2625 2613 2252
f 2625 2252 2624
f 2626 2623 980
f 2627 2625 2624
f 2627 2624 2623
f 2629 2258 2257
f 2606 2603 2611
f 2606 2611 2609
f 2254 2612 2254
f 2597 2255 2254
f 2601 2630 2617
f 2257 2622 2629
f 2598 2254 2620
f 2629 2619 2258
f 2612 2613 2620
f 2601 2602 2610
f 2601 2610 2630
f 980 2626 2628
f 2628 980 980
f 2620 2613 981
f 2626 2627 2623
f 2627 980 2625
f 2626 980 2628
f 2613 2625 980
f 2627 2626 980
f 981 2598 2620
f 2622 2256 2597
f 2619 2259 2258
f 981 2613 980
f 2274 2273 2621
f 2579 2304 2303
f 2354 2546 2545
f 974 973 2551
f 2389 967 974
f 2551 2389 974
f 2552 2390 2389
f 2552 2389 2551
f 2552 2520 2521
f 2521 2391 2390
f 2521 2390 2552
f 2522 2392 2391
f 2522 2391 2521
f 2522 2393 2392
f 2522 2530 2393
f 2395 2528 2396
f 2397 2529 2398
f 2401 2532 2402
f 2403 2533 2404
f 2405 2534 2406
f 2399 2531 2400
f 2353 2547 2546
f 2547 2430 2429
f 2547 2429 2546
f 2548 2432 2431
f 2548 2431 2547
f 2351 2548 2547
f 2347 2550 2549
f 2553 2437 2436
f 2553 2436 2550
f 2554 2439 2438
f 2554 2438 2553
f 2345 2553 2550
f 2549 2434 2433
f 2549 2433 2548
f 2349 2549 2548
f 2341 2555 2554
f 2556 2443 2442
f 2556 2442 2555
f 2557 2445 2444
f 2557 2444 2556
f 2339 2556 2555
f 2335 2558 2557
f 2559 2449 2448
f 2559 2448 2558
f 2331 2560 2559
f 2561 2453 2452
f 2561 2452 2560
f 2560 2451 2450
f 2560 2450 2559
f 2333 2559 2558
f 2558 2447 2446
f 2558 2446 2557
f 2337 2557 2556
f 2555 2441 2440
f 2555 2440 2554
f 2343 2554 2553
f 2561 2565 2631
f 2409 2536 2410
f 2562 2565 2561
f 2550 2874 2435
f 2550 2435 2549
f 2454 2561 2631
f 2567 2633 2632
f 2567 2632 2566
f 2567 2568 2458
f 2324 2568 2567
f 2632 2456 2455
f 2632 2455 2631
f 2567 2458 2633
f 2569 2460 2459
f 2569 2459 2568
f 2633 2457 2456
f 2633 2456 2632
f 2631 2565 2566
f 2631 2566 2632
f 2322 2569 2568
f 2411 2537 2412
f 2535 2408 2407
f 2329 2561 2560
f 2551 973 972
f 2413 2538 2414
f 2415 2539 2416
f 2419 2541 2420
f 2421 2542 2422
f 2423 2543 2424
f 2417 2540 2418
f 2425 2544 2426
f 2427 2545 2428
f 2545 2546 2428
f 2547 2431 2430
f 2548 2433 2432
f 2549 2435 2434
f 2546 2429 2428
f 2550 2436 2874
f 2554 2440 2439
f 2553 2438 2437
f 2555 2442 2441
f 2557 2446 2445
f 2556 2444 2443
f 2559 2450 2449
f 2560 2452 2451
f 2631 2455 2454
f 2633 2458 2457
f 2568 2459 2458
f 2561 2454 2453
f 2558 2448 2447
f 2461 2460 2569
f 2319 2571 2570
f 2571 2464 2463
f 2571 2463 2570
f 2572 2466 2465
f 2572 2465 2571
f 2317 2572 2571
f 2313 2574 2573
f 2574 2470 2469
f 2574 2469 2573
f 2575 2472 2471
f 2575 2471 2574
f 2311 2575 2574
f 2573 2468 2467
f 2573 2467 2572
f 2315 2573 2572
f 2308 2577 2576
f 2577 2476 2475
f 2577 2475 2576
f 2578 2478 2477
f 2578 2477 2577
f 2306 2578 2577
f 2302 2580 2579
f 2580 2482 2481
f 2580 2481 2579
f 2298 2582 2581
f 2582 2486 2485
f 2582 2485 2581
f 2581 2484 2483
f 2581 2483 2580
f 2300 2581 2580
f 2579 2480 2479
f 2579 2479 2578
f 2304 2579 2578
f 2576 2474 2473
f 2576 2473 2575
f 2309 2576 2575
f 2462 2570 2463
f 2466 2572 2467
f 2464 2571 2465
f 2294 2584 2583
f 2584 2490 2489
f 2584 2489 2583
f 2585 2492 2491
f 2585 2491 2584
f 2292 2585 2584
f 2587 2496 2495
f 2587 2495 2586
f 2288 2587 2586
f 2588 2498 2497
f 2588 2497 2587
f 2586 2494 2493
f 2586 2493 2585
f 2583 2488 2487
f 2583 2487 2582
f 2290 2586 2585
f 2570 2462 2461
f 2570 2461 2569
f 2296 2583 2582
f 2284 2589 2588
f 2591 2504 2503
f 2591 2503 2590
f 2592 2506 2505
f 2592 2505 2591
f 2282 2590 2589
f 2278 2592 2591
f 2621 2510 2509
f 2621 2509 2593
f 2594 2511 2510
f 2594 2510 2621
f 2276 2593 2592
f 2593 2508 2507
f 2593 2507 2592
f 2280 2591 2590
f 2515 2634 2630
f 2596 2513 2512
f 2596 2512 2595
f 2514 2599 2634
f 2630 2634 2617
f 2599 2617 2634
f 2599 2514 2513
f 2599 2513 2596
f 2600 2617 2599
f 2595 2512 2511
f 2595 2511 2594
f 2590 2502 2501
f 2590 2501 2589
f 2274 2621 2593
f 2616 2614 2635
f 2616 2635 2618
f 2516 2630 2610
f 2517 2610 2609
f 2636 2635 2614
f 2636 2614 2615
f 2518 2611 2607
f 2518 2607 2608
f 2609 2611 2518
f 2615 2619 2637
f 2615 2637 2636
f 2619 2629 2638
f 2619 2638 2637
f 2518 2618 2635
f 2629 2622 2639
f 2629 2639 2638
f 981 2636 2637
f 2622 2597 2640
f 2622 2640 2639
f 2637 2638 981
f 2638 2639 981
f 2636 981 2635
f 981 2639 2640
f 2608 2618 2518
f 2640 2597 2598
f 2589 2500 2499
f 2589 2499 2588
f 2469 2468 2573
f 2286 2588 2587
f 2574 2471 2470
f 2575 2473 2472
f 2577 2477 2476
f 2578 2479 2478
f 2579 2481 2480
f 2576 2475 2474
f 2580 2483 2482
f 2582 2487 2486
f 2581 2485 2484
f 2583 2489 2488
f 2585 2493 2492
f 2584 2491 2490
f 2587 2497 2496
f 2588 2499 2498
f 2590 2503 2502
f 2591 2505 2504
f 2592 2507 2506
f 2589 2501 2500
f 2593 2509 2508
f 2634 2515 2514
f 2610 2517 2516
f 2635 981 2518
f 2609 2518 2517
f 2630 2516 2515
f 2586 2495 2494
f 2598 981 2640
f 2321 2570 2569
f 2642 968 2641
f 2643 968 2642
f 2645 2642 2641
f 2645 2641 2644
f 2648 2642 2645
f 2648 2643 2642
f 2647 2645 2644
f 2647 2644 2646
f 2648 2645 2647
f 2653 2648 2647
f 2653 2647 2646
f 2650 2648 2653
f 2653 2646 2649
f 2653 2649 2651
f 2381 2650 2653
f 2653 2651 2652
f 2381 2653 2658
f 2654 2653 2652
f 2658 2653 2654
f 2655 2381 2658
f 2659 2655 2658
f 2657 2654 2656
f 2657 2658 2654
f 2659 2657 2662
f 2659 2658 2657
f 2662 2657 2664
f 2665 2664 2660
f 2661 2659 2662
f 2664 2661 2662
f 2665 2663 2667
f 2668 2664 2665
f 2668 2665 2667
f 2670 2667 2669
f 2669 2666 2672
f 2668 2667 2670
f 2676 2672 2673
f 2774 2670 2669
f 2669 2672 2774
f 2673 2671 2675
f 2672 2676 2775
f 2675 2676 2673
f 2681 2675 2674
f 2676 2675 2776
f 2679 2675 2681
f 2675 2777 2776
f 2681 2677 2680
f 2675 2679 2777
f 2680 2678 2682
f 2685 2681 2680
f 2679 2681 2778
f 2685 2680 2682
f 2681 2685 2778
f 2685 2682 2684
f 2686 2685 2684
f 2685 2780 2779
f 2780 2685 2686
f 2687 2780 2686
f 2781 2780 2687
f 2687 2686 2795
f 2782 2781 2687
f 2689 2687 2795
f 2357 2782 2687
f 2357 2687 2689
f 2689 2795 2688
f 2783 2357 2689
f 2783 2689 2688
f 2784 2783 2688
f 2693 2694 2690
f 2695 2694 2693
f 2699 2695 2697
f 2697 2696 2698
f 2699 2697 2698
f 2701 2699 2698
f 2698 2700 2703
f 2705 2701 2698
f 2705 2698 2703
f 2706 2703 2702
f 2705 2703 2706
f 2709 2705 2706
f 2709 2706 2708
f 2708 2707 2710
f 2711 2709 2708
f 2711 2708 2710
f 2710 2712 2715
f 2715 2711 2710
f 2716 2715 2713
f 2716 2713 2714
f 2722 2717 2716
f 2722 2716 2719
f 2721 2719 2718
f 2722 2719 2721
f 2722 2721 2724
f 2724 2723 2725
f 2726 2724 2725
f 2786 2726 2785
f 2785 2727 2728
f 2731 2785 2728
f 2731 2728 2729
f 2731 2729 2730
f 2307 2785 2731
f 2733 2731 2730
f 2733 2730 2732
f 2733 2307 2731
f 2735 2733 2732
f 2735 2732 2734
f 2305 2733 2735
f 2737 2735 2734
f 2737 2734 2736
f 2737 2305 2735
f 2739 2737 2736
f 2739 2736 2738
f 2303 2737 2739
f 2740 2739 2738
f 2743 2740 2741
f 2301 2739 2740
f 2301 2740 2743
f 2743 2741 2742
f 2787 2301 2743
f 2745 2743 2742
f 2745 2742 2744
f 2299 2787 2743
f 2299 2743 2745
f 2745 2744 2747
f 2788 2299 2745
f 2297 2788 2745
f 2297 2745 2747
f 2748 2747 2746
f 2747 2748 2789
f 2789 2297 2747
f 2751 2748 2749
f 2295 2789 2748
f 2295 2748 2751
f 2751 2749 2750
f 2790 2295 2751
f 2754 2751 2750
f 2754 2750 2752
f 2293 2790 2751
f 2293 2751 2754
f 2754 2752 2753
f 2791 2293 2754
f 2757 2754 2753
f 2757 2753 2755
f 2291 2791 2754
f 2291 2754 2757
f 2757 2755 2756
f 2792 2291 2757
f 2762 2757 2756
f 2762 2756 2758
f 2289 2792 2757
f 2289 2757 2762
f 2762 2758 2759
f 2793 2289 2762
f 2762 2759 2760
f 2762 2760 2761
f 2765 2793 2762
f 2765 2762 2761
f 2765 2761 2763
f 2765 2763 2764
f 2765 2764 2766
f 2765 2766 2767
f 2769 2765 2767
f 2769 2767 2768
f 2769 2281 2765
f 2769 2768 2770
f 2769 2770 2771
f 1367 968 960
f 1367 1368 968
f 1370 968 1369
f 2641 1370 1371
f 1368 1369 968
f 1371 1372 2641
f 2641 1372 1373
f 2641 1373 1374
f 1375 2644 1374
f 1376 2644 1780
f 1375 1780 2644
f 1376 1377 2644
f 1378 2646 1377
f 2649 1378 1379
f 2649 1380 1381
f 1382 2649 1381
f 1382 2651 2649
f 1384 2652 1383
f 2649 1379 1380
f 1384 1385 2652
f 1386 2652 1385
f 1387 2654 1386
f 1389 2654 1388
f 1391 2656 1390
f 2656 1389 1390
f 1387 1388 2654
f 1392 1393 2656
f 1393 1394 2656
f 1395 2657 1394
f 2657 1395 1804
f 1391 1392 2656
f 1398 2657 1397
f 1396 1397 2657
f 2664 1398 1399
f 1400 2664 1399
f 2660 1401 2665
f 2665 1401 1402
f 2665 1402 1403
f 1804 1396 2657
f 1405 2667 1404
f 1406 2667 1405
f 2667 1406 1407
f 1814 2667 1407
f 1408 2669 2667
f 1408 1409 2669
f 2667 1814 1408
f 2641 968 1370
f 2646 2644 1377
f 2641 1374 2644
f 2654 2652 1386
f 2651 1383 2652
f 2646 1378 2649
f 2657 2656 1394
f 2664 2657 1398
f 1404 2667 2663
f 2665 1403 2663
f 2664 1400 2660
f 2654 1389 2656
f 2669 1409 1410
f 2669 1411 1412
f 1414 2666 1413
f 1413 2666 1412
f 1415 2666 1414
f 2666 1416 1417
f 1417 1418 2672
f 1415 1416 2666
f 2672 1418 1419
f 1419 1420 2672
f 1421 2672 1420
f 2673 1421 1422
f 2666 2669 1412
f 1423 2673 1422
f 1424 2673 1423
f 1425 2673 1424
f 2672 2666 1417
f 2673 2672 1421
f 2673 1425 2671
f 1427 2671 1426
f 2671 1428 1429
f 1428 2671 1427
f 2675 2671 1430
f 1429 1430 2671
f 1431 2675 1430
f 1425 1426 2671
f 1410 1411 2669
f 2675 1432 1433
f 1434 2674 1433
f 2674 2675 1433
f 1435 2674 1434
f 1437 2674 1436
f 1435 1436 2674
f 1438 2681 1437
f 2681 1438 1439
f 1442 2677 1441
f 2677 1442 1443
f 1441 2677 1440
f 1440 2681 1439
f 1443 1444 2677
f 1445 1446 2680
f 1448 2680 1447
f 1450 2678 1449
f 1446 1447 2680
f 1444 1445 2677
f 1452 2678 1451
f 2678 1450 1451
f 2682 1452 1453
f 1887 1454 2684
f 1887 2682 1453
f 1448 1449 2678
f 1455 2684 1454
f 1458 2683 1457
f 1460 2683 1459
f 2683 1456 1457
f 1459 2683 1458
f 1462 2683 1461
f 1462 2794 2683
f 1463 2794 1462
f 1464 2794 1463
f 2794 1465 1466
f 2794 1464 1465
f 2794 1466 1467
f 2683 1460 1461
f 1469 2795 1468
f 1471 2795 1470
f 1467 1468 2794
f 1473 2796 1472
f 1475 2796 1474
f 1472 2795 1471
f 2795 1469 1470
f 2796 1475 1476
f 1477 2797 2796
f 1478 1479 2797
f 1481 2797 1480
f 1480 2797 1479
f 1477 2796 1476
f 2684 1455 1456
f 1473 1474 2796
f 2797 1904 1483
f 1484 2797 1483
f 2797 1484 1485
f 1487 2692 1486
f 2798 1487 1488
f 1488 1489 2798
f 1486 2692 1485
f 2674 1437 2681
f 2677 1445 2680
f 1440 2677 2681
f 2678 1452 2682
f 2684 1456 2683
f 1887 2684 2682
f 1448 2678 2680
f 2795 2686 2794
f 1468 2795 2794
f 2797 1477 1478
f 2795 1472 2796
f 1482 2797 1481
f 2692 2691 2797
f 2797 1485 2692
f 2692 1487 2798
f 2798 2694 2692
f 2797 2691 2688
f 2797 2688 2795
f 2797 2795 2796
f 2798 1489 1490
f 2683 2794 2684
f 1482 1904 2797
f 1491 2690 2798
f 1493 2690 1492
f 1491 1492 2690
f 1494 1495 2693
f 2690 1493 1494
f 1496 2693 1495
f 1496 1497 2693
f 1490 1491 2798
f 2693 1498 1499
f 2693 1499 1500
f 2695 1500 1501
f 2693 1497 1498
f 1502 2695 1501
f 2695 1503 1504
f 1505 2695 1504
f 2697 1505 1506
f 2697 1507 1508
f 1508 1509 2696
f 1509 1510 2696
f 1510 1511 2696
f 1513 2696 1512
f 2698 1513 1514
f 2696 1511 1512
f 1507 2697 1506
f 2695 1502 1503
f 2798 2690 2694
f 1431 1432 2675
f 2698 1514 1515
f 968 2643 2387
f 968 2387 2388
f 2648 2384 2385
f 2643 2648 2385
f 2643 2385 2386
f 2650 2381 2382
f 2650 2382 2383
f 2381 2655 2380
f 2648 2650 2383
f 2648 2383 2384
f 2659 2378 2379
f 2659 2376 2377
f 2659 2377 2378
f 2661 2374 2375
f 2664 2372 2373
f 2661 2664 2373
f 2661 2373 2374
f 2659 2661 2375
f 2659 2375 2376
f 2655 2659 2379
f 2655 2379 2380
f 2668 2370 2371
f 2668 2368 2369
f 2668 2369 2370
f 2668 2670 2368
f 2664 2668 2371
f 2664 2371 2372
f 2365 2774 2672
f 2365 2672 2775
f 2364 2775 2676
f 2364 2676 2776
f 2670 2774 2367
f 2684 2794 2686
f 2693 2690 1494
f 2695 2693 1500
f 2697 2695 1505
f 2362 2777 2679
f 2361 2679 2778
f 2361 2362 2679
f 2691 2352 2353
f 2691 2784 2688
f 2692 2694 2350
f 2692 2350 2351
f 2691 2692 2351
f 2691 2351 2352
f 2694 2349 2350
f 2694 2348 2349
f 2694 2695 2347
f 2694 2347 2348
f 2360 2778 2685
f 2695 2346 2347
f 2363 2776 2777
f 2386 2387 2643
f 2365 2366 2774
f 2363 2777 2362
f 2367 2774 2366
f 2359 2779 2780
f 2358 2781 2782
f 2359 2780 2781
f 2356 2357 2783
f 2354 2783 2784
f 2782 2357 2358
f 2783 2355 2356
f 2353 2784 2691
f 2354 2355 2783
f 2779 2360 2685
f 1517 2698 1516
f 1921 2698 1517
f 1921 1518 2698
f 2698 1519 1520
f 1520 1521 2700
f 1523 2700 1522
f 1525 2700 1524
f 2700 1521 1522
f 1518 1519 2698
f 2700 1523 1524
f 1527 2703 1526
f 1930 2703 1528
f 2703 1525 1526
f 2702 1930 1529
f 1527 1528 2703
f 2706 1529 1530
f 1533 2706 1532
f 1535 2704 1534
f 1534 2704 1533
f 2704 1535 1536
f 1530 1531 2706
f 2706 1531 1532
f 1538 2704 1537
f 1539 2706 1538
f 1540 2706 1539
f 1540 1962 2708
f 2704 1536 1537
f 1962 1541 2708
f 1541 1542 2708
f 1543 2708 1542
f 1544 2707 1543
f 1546 2707 1545
f 1548 2707 1547
f 2707 1544 1545
f 2710 1548 1549
f 1550 2710 1549
f 1551 2710 1971
f 1971 2710 1550
f 1553 2710 1552
f 2710 1551 1552
f 1547 2707 1546
f 1554 2710 1553
f 2696 1513 2698
f 2695 2699 2345
f 2695 2345 2346
f 2699 2343 2344
f 2699 2344 2345
f 2703 2700 1525
f 2706 2702 1529
f 2703 1930 2702
f 2708 2706 1540
f 2704 1538 2706
f 2706 1533 2704
f 2698 1520 2700
f 2699 2701 2342
f 2699 2342 2343
f 2701 2341 2342
f 2701 2340 2341
f 2705 2338 2339
f 2705 2336 2337
f 2705 2337 2338
f 2339 2340 2701
f 2339 2701 2705
f 2705 2709 2335
f 2705 2335 2336
f 2707 2708 1543
f 2712 2710 1554
f 1555 1556 2712
f 2710 2707 1548
f 1557 2712 1556
f 1558 2712 1557
f 1559 1560 2713
f 1559 2713 2715
f 1558 1559 2712
f 1560 1561 2713
f 2709 2334 2335
f 2709 2332 2333
f 2709 2333 2334
f 2709 2711 2331
f 2709 2331 2332
f 2715 2712 1559
f 2711 2330 2331
f 2328 2329 2711
f 2329 2330 2711
f 2712 1554 1555
f 1508 2696 2697
f 1515 1516 2698
f 2713 1562 1993
f 1993 1563 2713
f 1565 2713 1564
f 1995 2713 1563
f 2713 1995 1564
f 2714 1565 1566
f 2714 1567 1568
f 1568 1569 2714
f 1570 2714 1569
f 1567 2714 1566
f 1570 1571 2719
f 1571 1572 2719
f 1573 2719 1572
f 2719 1573 1574
f 1575 2719 1574
f 1577 2718 1576
f 2718 1577 1578
f 1581 2718 1580
f 1580 2718 1579
f 2718 1578 1579
f 1576 2719 1575
f 1582 2721 1581
f 1584 2720 1583
f 1586 2720 1585
f 1588 2720 1587
f 1584 1585 2720
f 1587 2720 1586
f 1588 2799 2720
f 2799 1589 1590
f 1592 2799 1591
f 1590 2024 2799
f 2024 1591 2799
f 2800 1593 1594
f 2030 2800 1595
f 1594 1595 2800
f 1596 2800 2030
f 1598 2800 1597
f 1600 2800 1599
f 1596 1597 2800
f 1602 2800 1601
f 1604 2801 1603
f 1605 2801 1604
f 1603 2801 1602
f 1598 1599 2800
f 1600 1601 2800
f 1582 1583 2721
f 2799 1592 1593
f 1607 2801 1606
f 2802 1608 1609
f 2801 1607 2802
f 1609 2803 2802
f 1611 2803 1610
f 1609 1610 2803
f 1615 2803 1614
f 1613 1614 2803
f 1615 2041 2803
f 1611 1612 2803
f 2716 2714 1570
f 2713 1565 2714
f 2721 2718 1581
f 2719 1576 2718
f 2716 1570 2719
f 2720 2799 2800
f 2720 2800 2724
f 2799 1588 1589
f 2800 2723 2724
f 1593 2800 2799
f 2801 2725 2800
f 2800 1602 2801
f 2803 2726 2725
f 2803 2725 2802
f 2803 1612 1613
f 2803 2785 2726
f 1607 1608 2802
f 2802 2725 2801
f 2800 2725 2723
f 2721 1583 2720
f 1606 2801 1605
f 1616 2727 2041
f 1617 2727 1616
f 1617 1618 2727
f 1619 2727 1618
f 1619 1620 2727
f 2727 2803 2041
f 1622 2728 1621
f 2728 1622 1623
f 2728 1623 1624
f 2729 1626 1627
f 1625 1626 2729
f 1624 1625 2728
f 1621 2727 1620
f 1628 2729 1627
f 1629 1630 2729
f 2729 1628 1629
f 1631 1632 2730
f 2732 1634 1635
f 1634 2730 1633
f 1630 1631 2730
f 2732 1635 2077
f 2077 1636 2734
f 1639 2734 1638
f 1637 1638 2734
f 1637 2734 1636
f 1633 2730 1632
f 2727 2785 2803
f 1639 1640 2736
f 1561 1562 2713
f 1641 2736 1640
f 1644 2738 1643
f 2736 1642 1643
f 1646 2738 1645
f 2738 1647 1648
f 1644 1645 2738
f 2738 1646 1647
f 1649 2085 2740
f 2741 1650 1651
f 2741 1651 1652
f 1648 1649 2740
f 1650 2741 2085
f 2741 1652 1653
f 1655 2742 1654
f 1656 2742 1655
f 2742 1656 1657
f 2744 1657 1658
f 1658 1659 2744
f 1660 1661 2744
f 2747 1661 1662
f 2746 2100 1663
f 1662 2100 2747
f 1660 2744 1659
f 1653 1654 2742
f 1663 1664 2746
f 2748 1665 1666
f 2748 1666 2106
f 1667 2749 2106
f 1669 2749 1668
f 1670 1671 2750
f 2750 1671 1672
f 1673 2750 1672
f 2750 1669 1670
f 2746 1664 1665
f 2752 1674 1675
f 2752 1675 1676
f 1677 2753 1676
f 1679 2753 1678
f 1677 1678 2753
f 1680 2753 1679
f 2755 1681 1682
f 2755 1680 1681
f 2755 1682 1683
f 2755 1683 1684
f 2756 1684 1685
f 1685 1686 2756
f 2752 1673 1674
f 1642 2736 1641
f 2756 1687 1688
f 1687 2756 1686
f 1691 2758 1690
f 2758 1691 1692
f 1689 1690 2758
f 1692 1693 2758
f 2759 1694 1695
f 1697 2759 1696
f 1693 1694 2759
f 1699 2760 1698
f 2760 1699 1700
f 2760 1700 1701
f 1698 2759 1697
f 1696 2759 1695
f 2761 1703 1704
f 2760 1701 1702
f 2761 1704 1705
f 1707 2761 1706
f 2761 1705 1706
f 1707 1708 2763
f 1709 1710 2764
f 1712 2764 1711
f 1715 2766 1714
f 2764 1712 1713
f 1711 2764 1710
f 2764 1713 1714
f 1703 2761 1702
f 1709 2763 1708
f 2767 1716 1717
f 1715 1716 2766
f 2767 1717 1718
f 2767 1719 1720
f 1721 2767 1720
f 1718 1719 2767
f 2768 1722 1723
f 1725 2770 1724
f 1727 2770 1726
f 1728 2770 1727
f 1723 1724 2770
f 1722 2768 1721
f 1725 1726 2770
f 2771 1728 1729
f 1732 1733 2771
f 1734 2804 1733
f 1730 1731 2771
f 1734 1735 2804
f 2771 1733 2804
f 2804 1736 1737
f 2804 1735 1736
f 1738 2804 1737
f 1740 2805 1739
f 1738 1739 2805
f 2771 1729 1730
f 2758 1688 1689
f 1667 1668 2749
f 1741 2805 1740
f 2724 2721 2720
f 2711 2715 2327
f 2711 2327 2328
f 2715 2325 2326
f 2728 2727 1621
f 2716 2323 2324
f 2716 2717 2322
f 2716 2322 2323
f 2722 2320 2321
f 2722 2318 2319
f 2722 2319 2320
f 2717 2722 2321
f 2724 2316 2317
f 2724 2314 2315
f 2724 2315 2316
f 2726 2312 2313
f 2726 2310 2311
f 2726 2786 2309
f 2726 2309 2310
f 2726 2311 2312
f 2724 2726 2313
f 2724 2313 2314
f 2722 2724 2317
f 2722 2317 2318
f 2715 2716 2324
f 2715 2324 2325
f 2730 2729 1630
f 2734 2732 2077
f 2730 1634 2732
f 2738 2736 1643
f 2741 2740 2085
f 2738 1648 2740
f 2734 1639 2736
f 2744 2742 1657
f 2746 2747 2100
f 2744 1661 2747
f 2749 2748 2106
f 2752 2750 1673
f 2749 1669 2750
f 2746 1665 2748
f 2741 1653 2742
f 2308 2786 2785
f 2306 2307 2733
f 2756 2755 1684
f 2753 1680 2755
f 2304 2305 2737
f 2752 1676 2753
f 2728 1625 2729
f 2326 2327 2715
f 2739 2302 2303
f 2308 2785 2307
f 2739 2301 2302
f 2304 2737 2303
f 2306 2733 2305
f 2300 2301 2787
f 2298 2299 2788
f 2292 2293 2791
f 2294 2295 2790
f 2296 2297 2789
f 2299 2300 2787
f 2297 2298 2788
f 2295 2296 2789
f 2293 2294 2790
f 2290 2291 2792
f 2291 2292 2791
f 2289 2290 2792
f 2805 1742 1743
f 1746 2806 1745
f 1747 2806 1746
f 1749 2806 1748
f 1749 1750 2806
f 1748 2806 1747
f 2808 1751 1752
f 1751 2807 1750
f 2759 2758 1693
f 2761 2760 1702
f 2759 1698 2760
f 2764 2763 1709
f 2767 2766 1716
f 2764 1714 2766
f 2761 1707 2763
f 2770 2768 1723
f 2771 1731 1732
f 2771 2804 2277
f 2771 2277 2769
f 2770 1728 2771
f 1744 2772 2805
f 1744 2805 1743
f 2807 2273 2806
f 2807 2806 1750
f 2808 2807 1751
f 2808 2773 2807
f 1744 1745 2806
f 2806 2273 1744
f 2804 1738 2805
f 2805 2772 2804
f 2767 1721 2768
f 2808 1752 1753
f 1688 2758 2756
f 2808 1754 1755
f 1756 2808 1755
f 1758 2809 1757
f 1760 2809 1759
f 2810 2809 1761
f 2810 1763 1764
f 2809 1760 1761
f 2810 1762 1763
f 1759 2809 1758
f 2267 2810 1765
f 1766 2267 1765
f 1766 1767 2266
f 2809 2773 1756
f 1757 2809 1756
f 1768 1769 2265
f 2810 1761 1762
f 2266 1767 1768
f 2267 2268 2810
f 2810 1764 1765
f 1770 2264 1769
f 1772 2262 1771
f 1770 1771 2263
f 1774 2260 1773
f 2253 1774 2252
f 980 2252 1774
f 2261 1772 1773
f 2265 1769 1769
f 1756 2773 2808
f 1753 1754 2808
f 1774 2253 2254
f 2765 2284 2285
f 2793 2765 2285
f 2793 2285 2286
f 2765 2282 2283
f 2765 2281 2282
f 2765 2283 2284
f 2277 2804 2772
f 2276 2277 2772
f 2288 2289 2793
f 2793 2287 2288
f 2286 2287 2793
f 2280 2769 2279
f 2278 2279 2769
f 2281 2769 2280
f 2278 2769 2277
f 1769 2264 2265
f 2264 1770 2263
f 2266 1768 2265
f 2773 2810 2268
f 2262 2263 1771
f 2266 2267 1766
f 2256 2257 1774
f 1774 2255 2256
f 1774 2257 2258
f 2261 2262 1772
f 1773 2260 2261
f 2260 1774 2259
f 1774 2258 2259
f 2274 2772 1744
f 2274 2275 2772
f 1744 2273 2274
f 2272 2273 2807
f 2276 2772 2275
f 2810 2773 2809
f 2773 2268 2269
f 2272 2807 2271
f 2270 2271 2807
f 2269 2270 2773
f 2807 2773 2270
f 2255 1774 2254
f 1741 1742 2805
f 2814 2813 2812
f 2814 2812 2815
f 2816 2814 2815
f 2816 2813 2814
f 2818 2813 2816
f 2817 2818 2816
f 2822 2820 2819
f 2821 2820 2822
f 2824 2823 2821
f 2824 2821 2822
f 2827 2825 2823
f 2828 2827 2823
f 2828 2823 2824
f 2829 2826 2825
f 2831 2829 2825
f 2831 2825 2827
f 2828 2831 2827
f 2836 2834 2829
f 2831 2836 2829
f 2833 2832 2830
f 2833 2830 2834
f 2836 2833 2834
f 2837 2835 2832
f 2841 2838 2837
f 2841 2837 2832
f 2833 2841 2832
f 2839 2838 2841
f 2844 2839 2841
f 2839 2842 2840
f 2846 2843 2842
f 2846 2842 2839
f 2847 2846 2839
f 2847 2839 2844
f 2846 2845 2843
f 2849 2848 2845
f 2849 2845 2846
f 2849 2846 2847
f 2849 2850 2848
f 2907 2850 2849
f 2852 2907 2849
f 2852 2849 2906
f 2853 2851 2907
f 2854 2853 2907
f 2856 2854 2907
f 2853 2857 2855
f 2858 2853 2854
f 2860 2859 2857
f 2860 2857 2853
f 2861 2858 2854
f 2858 2861 2853
f 2862 2860 2853
f 2865 2860 2862
f 2860 2864 2863
f 2867 2864 2860
f 2866 2867 2860
f 2866 2860 2865
f 2867 2866 2865
f 2922 2868 2867
f 2922 2869 2868
f 2880 2871 2870
f 2880 2870 2872
f 2880 2873 2871
f 2874 2880 2872
f 2880 2875 2873
f 2880 2876 2875
f 2878 2877 2876
f 2878 2876 2880
f 2878 2879 2877
f 2881 2879 2878
f 2878 2882 2881
f 2883 2882 2878
f 2885 2884 2883
f 2885 2883 2878
f 2886 2884 2885
f 2885 2887 2886
f 2888 2887 2885
f 2890 2889 2888
f 2890 2888 2885
f 2891 2889 2890
f 2894 2891 2890
f 2891 2893 2892
f 2894 2895 2893
f 2894 2893 2891
f 2896 2895 2894
f 2898 2897 2896
f 2898 2896 2894
f 2899 2897 2898
f 2901 2900 2899
f 2901 2899 2898
f 2902 2900 2901
f 2901 2903 2902
f 2904 2903 2901
f 2948 2904 2901
f 1366 2811 2908
f 1366 2908 1841
f 2908 1842 1841
f 2909 1846 1843
f 1843 1842 2909
f 1846 2910 1844
f 2911 1845 1844
f 2912 1840 1839
f 2913 1840 2912
f 1847 1840 2913
f 1848 2914 1783
f 1847 2915 1848
f 2911 1839 1845
f 2909 1842 2908
f 1783 2914 1785
f 1785 2823 1365
f 2813 2818 2910
f 2813 2910 2909
f 2910 1846 2909
f 2818 2817 2911
f 2818 2911 2910
f 2912 1839 2911
f 2910 2911 1844
f 2817 2819 2912
f 2817 2912 2911
f 1786 1365 2825
f 2812 2813 2909
f 2812 2909 2908
f 1364 1786 2825
f 1363 1787 2825
f 1787 1364 2825
f 2826 1362 1791
f 1790 1362 2829
f 1849 2826 1791
f 1363 2826 1849
f 1790 2829 1361
f 2812 2908 2811
f 1360 1808 2834
f 2834 1359 1360
f 1850 1358 2830
f 1357 1796 2830
f 1359 2830 1358
f 2830 1796 1850
f 2832 1355 1356
f 1354 1795 2832
f 1357 2830 1356
f 2835 1352 1353
f 2835 1851 1352
f 1851 2835 1801
f 1355 2832 1795
f 1354 2832 1353
f 1349 1350 2837
f 2835 1351 1801
f 1348 1800 2837
f 2837 1347 1348
f 1800 1349 2837
f 1347 2838 1346
f 1806 1852 2838
f 1344 1345 2838
f 1346 2838 1852
f 1805 1343 2839
f 1342 1805 2839
f 1344 2839 1343
f 1345 1806 2838
f 1351 2835 1350
f 1361 2834 1808
f 1341 1342 2839
f 2819 2820 2913
f 2819 2913 2912
f 2820 2915 2913
f 2914 1848 2915
f 1847 2913 2915
f 2830 2832 1356
f 1853 1340 2840
f 1339 1836 2840
f 1853 2840 1836
f 2840 1338 1339
f 2820 2821 2914
f 2820 2914 2915
f 1341 2840 1340
f 1337 1338 2840
f 2914 2821 2823
f 2825 1365 2823
f 2826 1363 2825
f 2823 1785 2914
f 2834 1361 2829
f 2835 1353 2832
f 2834 2830 1359
f 2838 1347 2837
f 2840 1341 2839
f 2838 2839 1344
f 2835 2837 1350
f 2826 2829 1362
f 2840 1336 1337
f 1335 1336 2842
f 1334 1335 2842
f 2842 1333 1334
f 2842 1854 1837
f 1333 2842 1837
f 2842 1332 1854
f 1330 1331 2842
f 1328 1329 2843
f 1330 2842 1329
f 1327 1328 2843
f 2843 1875 1881
f 2843 1881 1326
f 1331 1332 2842
f 1327 2843 1326
f 2843 1324 1325
f 2843 1322 1323
f 2843 1323 1324
f 2842 2843 1329
f 1321 1322 2845
f 2845 1322 2843
f 1320 1321 2845
f 1325 1875 2843
f 1876 1319 2845
f 2845 1318 1879
f 1879 1876 2845
f 1316 1317 2845
f 1318 2845 1317
f 2845 1315 1316
f 2848 1315 2845
f 1320 2845 1319
f 2840 2842 1336
f 2815 2812 2811
f 1313 1314 2848
f 1312 1313 2848
f 2848 1880 1312
f 1311 1877 2848
f 1877 1880 2848
f 1311 2848 1310
f 2848 1309 1310
f 1306 1307 2850
f 1307 1308 2850
f 1878 1305 2850
f 1826 1878 2850
f 2850 1305 1306
f 1826 2850 1304
f 1309 2848 1308
f 1825 1302 2907
f 2850 1303 1304
f 1300 1301 2907
f 1300 2851 1299
f 1299 2851 1882
f 2907 1301 1825
f 1298 1860 2851
f 1296 1297 2853
f 1298 2851 1297
f 2853 1858 1296
f 1293 1294 2855
f 1858 2853 1295
f 2851 1860 1882
f 2907 1302 1303
f 2853 1294 1295
f 1873 1883 2855
f 1883 1293 2855
f 1290 1291 2857
f 2857 1874 1290
f 1874 2857 1871
f 1291 1292 2855
f 2857 1289 1871
f 1872 1287 2859
f 1288 1289 2857
f 2859 1886 1872
f 1286 2859 1285
f 1286 1886 2859
f 1288 2859 1287
f 1285 2860 1284
f 2860 1884 1284
f 1282 1283 2860
f 1282 2863 1281
f 2863 1943 1281
f 2863 1280 1889
f 1280 2863 1279
f 1889 1943 2863
f 1888 1278 2864
f 1277 1888 2864
f 1278 1279 2864
f 1942 1275 2864
f 2864 1274 1940
f 2864 1275 1276
f 2864 1276 1277
f 2864 1940 1942
f 2855 1292 1873
f 2860 1283 1884
f 2916 1271 1272
f 2916 1270 1271
f 2864 2916 1273
f 1941 1268 2916
f 1269 2916 1268
f 2916 1269 1270
f 1267 1944 2916
f 2916 1266 1267
f 1941 2916 1944
f 2916 1264 1265
f 2917 1264 2916
f 1261 1262 2917
f 2917 1262 1263
f 2916 1265 1266
f 2848 2850 1308
f 2850 2907 1303
f 2851 2853 1297
f 2855 2857 1291
f 1294 2853 2855
f 1300 2907 2851
f 2859 2860 1285
f 1282 2860 2863
f 2857 2859 1288
f 1954 1945 2917
f 2863 2864 1279
f 2917 2916 2867
f 2917 2867 2868
f 1264 2917 1263
f 1273 2916 1272
f 2917 1260 1954
f 1945 1261 2917
f 1273 1274 2864
f 2917 1258 1259
f 2917 1257 1258
f 2918 1255 1256
f 1254 1255 2918
f 1256 1257 2918
f 2918 1257 2917
f 1958 1955 2918
f 1253 1958 2918
f 1253 2918 1252
f 1250 1251 2918
f 2918 1249 1250
f 2918 1251 1252
f 1248 2919 1247
f 1254 2918 1955
f 1959 1247 2919
f 2919 1956 1959
f 1956 2919 1246
f 2919 2918 2868
f 2919 2868 2869
f 1249 2919 1248
f 2919 1244 1245
f 2919 1245 1246
f 1243 1244 2919
f 1249 2918 2919
f 1243 2919 1242
f 2920 1242 2919
f 1240 1241 2920
f 1948 1957 2920
f 2920 1239 1948
f 1240 2920 1957
f 1241 1242 2920
f 1238 1239 2872
f 1260 2917 1259
f 2918 2917 2868
f 1315 2848 1314
f 2816 2921 2817
f 2816 2815 2921
f 2822 2819 2392
f 2393 2828 2824
f 2392 2824 2822
f 2395 2831 2828
f 2399 2833 2836
f 2397 2836 2831
f 2403 2844 2841
f 2409 2849 2847
f 2412 2906 2849
f 2407 2847 2844
f 2401 2841 2833
f 2864 2867 2916
f 2413 2852 2906
f 2869 2872 2920
f 2869 2920 2919
f 2872 1239 2920
f 2415 2856 2907
f 2417 2861 2854
f 2416 2854 2856
f 2419 2862 2853
f 2420 2865 2862
f 2418 2853 2861
f 2414 2907 2852
f 2921 2815 2389
f 2817 2390 2819
f 2921 2390 2817
f 2819 2391 2392
f 2401 2402 2841
f 2403 2404 2844
f 2841 2402 2403
f 2401 2833 2400
f 2404 2405 2844
f 2844 2405 2406
f 2399 2400 2833
f 2819 2390 2391
f 2921 2389 2390
f 2815 2811 2389
f 2828 2394 2395
f 2397 2398 2836
f 2831 2396 2397
f 2828 2393 2394
f 2824 2392 2393
f 2396 2831 2395
f 2836 2398 2399
f 2425 2922 2867
f 2424 2867 2423
f 2867 2424 2425
f 2425 2426 2922
f 2865 2422 2423
f 2428 2429 2922
f 2430 2922 2429
f 2431 2922 2430
f 2427 2922 2426
f 2428 2922 2427
f 2411 2412 2849
f 2413 2414 2852
f 2849 2409 2410
f 2844 2406 2407
f 2847 2408 2409
f 2407 2408 2847
f 2412 2413 2906
f 2418 2419 2853
f 2422 2865 2421
f 2862 2419 2420
f 2415 2416 2856
f 2416 2417 2854
f 2418 2861 2417
f 2414 2415 2907
f 2421 2865 2420
f 2410 2411 2849
f 2423 2867 2865
f 2922 2432 2869
f 2870 1236 2872
f 1236 2870 1235
f 2870 1234 1235
f 1946 1949 2870
f 1233 1234 2870
f 2870 1949 1233
f 1231 1232 2870
f 1229 1230 2870
f 2870 1230 1231
f 1227 1228 2871
f 1947 1226 2871
f 1229 2871 1228
f 1226 1227 2871
f 2870 1232 1946
f 1225 1952 2871
f 2871 1224 1225
f 2871 1223 1224
f 1221 1222 2873
f 1221 2873 1220
f 2871 1222 1223
f 1953 1219 2873
f 1218 1950 2873
f 1220 2873 1219
f 1217 2873 1216
f 1215 1216 2873
f 2875 1214 1215
f 1950 1953 2873
f 1217 1218 2873
f 1947 2871 1952
f 1212 1213 2875
f 1951 1212 2875
f 1928 1951 2875
f 2875 1210 1211
f 2875 1211 1928
f 2875 1209 1210
f 1207 1208 2876
f 1207 2876 1206
f 1206 2876 1205
f 2876 1929 1205
f 2876 1204 1938
f 1938 1929 2876
f 2876 1203 1204
f 2875 1208 1209
f 2876 1202 1203
f 1200 1201 2877
f 1201 1202 2876
f 2877 1198 1199
f 2877 1936 1939
f 1936 2877 1197
f 1198 2877 1939
f 1195 1196 2877
f 1193 1194 2879
f 2877 1196 1197
f 2879 1192 1193
f 2879 1961 1937
f 2879 1937 1191
f 2877 1194 1195
f 1199 1200 2877
f 1192 2879 1191
f 1214 2875 1213
f 2871 1229 2870
f 2873 1222 2871
f 2873 2875 1215
f 2872 2869 2432
f 2877 1201 2876
f 1194 2877 2879
f 2876 1208 2875
f 2444 2445 2880
f 1190 1961 2879
f 2437 2880 2874
f 2435 2874 2872
f 2431 2432 2922
f 2872 2432 2433
f 2872 2433 2434
f 2872 2434 2435
f 2880 2440 2441
f 2880 2443 2444
f 2443 2880 2442
f 2438 2880 2437
f 2440 2880 2439
f 2436 2437 2874
f 2441 2442 2880
f 2880 2438 2439
f 1190 2879 1189
f 1960 1188 2881
f 2881 1188 1189
f 1187 1960 2881
f 2882 1185 1186
f 1186 1187 2881
f 1185 2882 1986
f 1184 1965 2882
f 1182 1183 2883
f 1183 1184 2882
f 1181 1964 2883
f 2883 1180 1181
f 2883 1964 1182
f 2882 1965 1986
f 1180 2884 1179
f 2883 1183 2882
f 2881 2882 1186
f 2445 2446 2878
f 2446 2447 2878
f 2878 2880 2445
f 1972 1987 2884
f 1178 1972 2884
f 1177 1178 2884
f 2878 2448 2885
f 2878 2447 2448
f 2448 2449 2885
f 1177 2884 2886
f 2884 1180 2883
f 1987 1179 2884
f 2881 1189 2879
f 1236 1237 2872
f 2872 1237 1238
f 2886 1175 1970
f 2886 1970 1176
f 1173 1174 2887
f 2887 1988 1173
f 2887 1975 1988
f 2886 1174 1175
f 2887 1172 1975
f 2888 1170 1171
f 1170 2888 1974
f 1168 1169 2888
f 2889 1167 1168
f 2888 1169 1974
f 2887 1171 1172
f 2889 1989 1167
f 1980 1166 2891
f 2889 1166 1990
f 2891 1165 1980
f 1164 1982 2891
f 1164 2891 1981
f 1989 2889 1990
f 1991 1163 2892
f 1162 1992 2892
f 1981 2891 1163
f 2053 2069 2893
f 2056 1161 2895
f 2069 1162 2893
f 1991 2892 1992
f 2893 1161 2053
f 2891 1982 1165
f 1998 2895 1160
f 1160 2896 1997
f 1997 2896 1159
f 2897 2003 2070
f 2003 2897 1158
f 2895 1998 2056
f 1157 2002 2899
f 2899 2005 1157
f 2899 1156 2005
f 1155 2006 2899
f 2900 2071 1155
f 2006 1156 2899
f 2002 1158 2899
f 2070 1159 2897
f 1153 1154 2900
f 1152 1153 2902
f 2009 2900 1154
f 2902 1151 2008
f 2072 1149 2903
f 1149 1150 2903
f 2008 1152 2902
f 2072 2903 2019
f 1146 1147 2904
f 1147 1148 2903
f 1145 2014 2904
f 2904 1144 1145
f 1144 2905 1143
f 2019 2903 1148
f 1151 2902 1150
f 2900 2009 2071
f 2014 1146 2904
f 2887 1174 2886
f 2073 1143 2905
f 2888 1171 2887
f 2891 1166 2889
f 2888 2889 1168
f 2022 2073 2905
f 1142 2022 2905
f 1140 2905 2021
f 2905 1140 1141
f 2923 1139 2021
f 2905 2923 2021
f 2923 1138 1139
f 2905 1141 1142
f 1138 2923 1137
f 2892 1163 2891
f 2895 1161 2893
f 2897 1159 2896
f 2895 2896 1160
f 2892 2893 1162
f 2900 1155 2899
f 2903 1150 2902
f 2905 1144 2904
f 2903 2904 1147
f 2900 2902 1153
f 2897 2899 1158
f 2923 2074 1137
f 2027 2923 1136
f 1136 2923 1135
f 2026 1134 2924
f 1133 2026 2924
f 1133 2924 1132
f 1135 2924 1134
f 2075 1131 2925
f 1130 2067 2925
f 1132 2925 1131
f 1129 1130 2925
f 1126 2926 1125
f 1128 1129 2925
f 1127 1128 2925
f 2925 2067 2075
f 2926 1124 1125
f 2926 2068 1124
f 2065 2068 2926
f 2924 2923 2927
f 2924 1135 2923
f 2926 2925 2927
f 1127 2926 1126
f 1132 2924 2925
f 2925 2924 2927
f 2926 1123 2065
f 2925 2926 1127
f 1122 2926 1121
f 1121 2926 1120
f 1123 2926 1122
f 1119 2928 1118
f 2926 2928 1120
f 1117 1118 2928
f 2928 1119 1120
f 2066 1117 2928
f 2074 2923 2027
f 2905 2904 2927
f 2905 2927 2923
f 2063 2928 1116
f 1115 1116 2928
f 1114 2928 1113
f 2928 1112 1113
f 1111 2929 1110
f 2928 1114 1115
f 2064 1110 2929
f 2929 2059 2064
f 2929 1109 2059
f 2930 1109 2929
f 1106 1107 2930
f 2930 1108 1109
f 1108 2930 1107
f 2928 2929 1112
f 2929 2928 2927
f 2929 2927 2930
f 1111 1112 2929
f 2931 1105 1106
f 2931 1104 1105
f 1103 1104 2931
f 2931 2061 2060
f 2931 2060 1103
f 2931 1102 2061
f 1101 2931 1100
f 1098 1099 2932
f 2931 1099 1100
f 1096 1097 2932
f 2062 1096 2932
f 2932 1097 1098
f 2931 1101 1102
f 2062 2932 2076
f 2066 2928 2063
f 1093 1094 2932
f 1095 2076 2932
f 2933 1091 1092
f 2933 1090 1091
f 2933 1089 1090
f 2932 1092 1093
f 1089 2933 2094
f 2933 1087 1088
f 1088 2089 2933
f 1087 2933 1086
f 2933 2934 1085
f 1085 1086 2933
f 1084 2934 1083
f 1095 2932 1094
f 1083 2934 1082
f 2090 2934 2091
f 2934 1081 2091
f 2934 1079 1080
f 1078 2934 2935
f 1080 1081 2934
f 1078 2935 1077
f 1077 2935 1076
f 1075 2935 2092
f 1076 2935 1075
f 1074 2935 1073
f 1072 1073 2935
f 1074 2095 2935
f 2935 2095 2092
f 2090 1082 2934
f 2933 2089 2094
f 1071 2936 1070
f 1069 2936 1068
f 2936 1071 2935
f 1068 2936 2099
f 2936 1066 1067
f 2099 2936 2101
f 1070 2936 1069
f 1066 2936 1065
f 2937 1064 2936
f 1064 2937 1063
f 2937 2192 1061
f 2192 2937 2104
f 2104 2937 1060
f 2937 1061 1062
f 1063 2937 1062
f 2938 2103 1058
f 2938 1058 1059
f 2938 1057 2103
f 1056 2939 1055
f 2939 2193 1055
f 1059 1060 2937
f 2119 2939 1054
f 1054 2939 1053
f 1053 2940 1052
f 2110 2940 1051
f 2940 1050 1051
f 1049 1050 2941
f 2939 2119 2193
f 1052 2940 2110
f 2938 1056 1057
f 2941 1048 2118
f 2941 2194 1049
f 1047 2942 1046
f 2942 2114 1046
f 1045 2114 2942
f 2118 2194 2941
f 1044 2943 1043
f 2943 2196 2195
f 1045 2942 1044
f 2943 1041 1042
f 2197 1040 2944
f 1041 2944 1040
f 1043 2943 2195
f 1042 2196 2943
f 2944 1039 2190
f 2944 1038 1039
f 2945 1037 1038
f 2945 2179 2191
f 2945 1035 1036
f 2179 2945 1036
f 2197 2944 2190
f 2946 2180 1034
f 1033 2184 2946
f 1034 1035 2946
f 2947 1031 1032
f 2947 2185 1031
f 1032 1033 2946
f 2184 2180 2946
f 2191 1037 2945
f 1048 2941 1047
f 1067 2101 2936
f 2928 2926 2927
f 2947 2182 2185
f 2927 2904 2948
f 2931 2930 2474
f 2931 1106 2930
f 2930 2927 2949
f 2932 2933 1092
f 2932 2478 2933
f 2934 1078 1079
f 2934 2482 2935
f 2934 2933 2480
f 1085 2934 1084
f 1065 2936 1064
f 2936 2486 2937
f 2489 2939 2938
f 2939 1056 2938
f 2937 2938 1059
f 2488 2938 2937
f 2936 2935 2484
f 1072 2935 1071
f 2932 2931 2476
f 2931 2932 1099
f 2488 2489 2938
f 2937 2487 2488
f 2489 2490 2939
f 2485 2936 2484
f 2486 2936 2485
f 2937 2486 2487
f 2939 2490 2940
f 2492 2942 2941
f 2942 1047 2941
f 2494 2943 2493
f 2944 1041 2943
f 2942 2943 1044
f 2493 2943 2942
f 2491 2940 2490
f 2942 2492 2493
f 2492 2941 2491
f 2494 2944 2943
f 2941 2940 2491
f 2940 2941 1050
f 2939 2940 1053
f 2484 2935 2483
f 1029 1030 2947
f 1028 1029 2950
f 2177 2183 2950
f 1026 1027 2950
f 2183 1028 2950
f 2950 1027 2177
f 1025 1026 2951
f 2951 2146 2178
f 2146 2951 1024
f 2951 1023 1024
f 2952 2145 1022
f 2952 1022 1023
f 2178 1025 2951
f 2145 2952 1021
f 2496 2946 2945
f 2945 2946 1035
f 2498 2947 2497
f 2950 1029 2947
f 1032 2946 2947
f 2497 2947 2946
f 2495 2944 2494
f 2946 2496 2497
f 2496 2945 2495
f 2498 2950 2947
f 2945 2944 2495
f 2952 1023 2951
f 1026 2950 2951
f 2952 2953 1020
f 1020 2953 1019
f 2498 2499 2950
f 2951 2499 2500
f 2952 2500 2501
f 2951 2500 2952
f 2953 2237 1019
f 2951 2950 2499
f 1021 2952 1020
f 1038 2944 2945
f 2947 1030 2182
f 2452 2890 2885
f 2457 2898 2894
f 2454 2894 2890
f 2890 2453 2454
f 2455 2894 2454
f 2885 2450 2451
f 2885 2451 2452
f 2890 2452 2453
f 2449 2450 2885
f 2460 2461 2901
f 2459 2460 2901
f 2457 2894 2456
f 2458 2898 2457
f 2898 2458 2459
f 2894 2455 2456
f 2459 2901 2898
f 2463 2948 2901
f 2475 2476 2931
f 2948 2468 2927
f 2475 2931 2474
f 2478 2479 2933
f 2480 2481 2934
f 2933 2479 2480
f 2477 2932 2476
f 2478 2932 2477
f 2927 2470 2949
f 2482 2934 2481
f 2948 2465 2466
f 2948 2467 2468
f 2948 2466 2467
f 2463 2901 2462
f 2465 2948 2464
f 2461 2462 2901
f 2464 2948 2463
f 2949 2473 2474
f 2949 2474 2930
f 2473 2949 2472
f 2470 2927 2469
f 2949 2470 2471
f 2471 2472 2949
f 2927 2468 2469
f 2482 2483 2935
f 2953 1017 1018
f 2953 1018 2152
f 2151 1016 2954
f 1014 1015 2954
f 2954 1016 1017
f 2954 1015 2151
f 2955 1013 1014
f 2955 2157 2238
f 2157 2955 1012
f 1011 1012 2955
f 1009 2156 2956
f 1010 1011 2956
f 1010 2956 2156
f 2955 2238 1013
f 1007 1008 2957
f 2239 1007 2957
f 1006 2164 2957
f 2957 1005 1006
f 2957 2164 2239
f 1009 2956 1008
f 1003 2163 2958
f 2958 1002 1003
f 2959 1002 2958
f 2959 2240 1001
f 998 999 2960
f 1000 2171 2959
f 2958 2163 1004
f 1004 1005 2958
f 2240 2959 2171
f 2169 998 2960
f 2959 2960 999
f 2961 995 996
f 2176 2241 2961
f 2241 995 2961
f 2961 996 2960
f 992 993 2962
f 2175 992 2962
f 993 2961 2962
f 990 2963 989
f 990 2962 2963
f 2175 2962 991
f 994 2176 2961
f 989 2963 2242
f 988 2199 2963
f 987 2963 2964
f 2963 2199 2242
f 985 2198 2964
f 984 2200 2965
f 985 2965 2200
f 986 2964 2198
f 984 2966 2203
f 2966 2205 2204
f 2966 2204 2203
f 997 2169 2960
f 2964 986 987
f 2502 2954 2953
f 2954 1017 2953
f 2954 2503 2955
f 1014 2954 2955
f 2505 2956 2504
f 2956 2505 2957
f 2507 2958 2506
f 2958 2507 2959
f 2958 2957 2506
f 2506 2957 2505
f 2956 2955 2504
f 2504 2955 2503
f 2960 2508 2961
f 2510 2962 2509
f 2962 2510 2963
f 2962 2961 2509
f 2509 2961 2508
f 985 2964 2965
f 2964 2511 2965
f 2966 2965 2512
f 984 2965 2966
f 2964 2963 2511
f 2511 2963 2510
f 2960 2959 2508
f 2508 2959 2507
f 2959 1001 1002
f 2957 2958 1005
f 2502 2953 2501
f 2955 2956 1011
f 2957 1008 2956
f 2502 2503 2954
f 2512 2965 2511
f 2966 2512 2513
f 2963 987 988
f 2960 996 997
f 2961 993 994
f 990 991 2962
f 999 1000 2959
f 2952 2501 2953
f 2243 983 2967
f 2243 2967 2245
f 2220 2223 2968
f 2968 2221 2220
f 2968 2249 2221
f 2223 2245 2967
f 2969 2247 2249
f 2515 2248 2209
f 2209 2247 2969
f 2250 2217 2516
f 2517 2251 2250
f 2217 2211 2516
f 2248 2516 2211
f 2517 2235 2251
f 983 2966 2967
f 2966 2514 2967
f 2967 2968 2223
f 2514 2968 2967
f 2514 2515 2968
f 2515 2209 2969
f 2968 2515 2969
f 2968 2969 2249
f 2513 2514 2966
f 2518 2234 2232
f 2518 2233 2234
f 982 2233 2518
f 2248 2515 2516
f 982 2518 981
f 2235 2517 2518
f 2516 2517 2250
f 2518 2232 2235
f 2966 983 2205
f 2237 2953 2152
f 2886 1176 1177
f 2974 2989 2972
f 2975 2973 2989
f 2975 2989 2974
f 2976 2974 2972
f 2977 2975 2974
f 2977 2974 2976
f 2972 2989 2970
f 2979 2972 2970
f 2988 2989 2973
f 2988 2973 2971
f 2986 2987 2975
f 2986 2975 2977
f 2973 2975 2987
f 2971 2973 2987
f 2980 2976 2972
f 2979 2980 2972
f 2981 2976 2980
f 2985 2986 2977
f 2985 2983 2984
f 2983 2985 2977
f 2982 2983 2977
f 2983 2978 2984
f 2981 2982 2977
f 2981 2977 2976
f 3868 3439 2970
f 3439 3868 3869
f 3439 3869 3440
f 3441 3871 3870
f 3441 3870 3442
f 3870 3443 3442
f 3871 3441 3440
f 3444 3873 3872
f 3444 3872 3445
f 3872 3446 3445
f 3447 3875 3874
f 3447 3874 3448
f 4465 3877 3876
f 3877 4465 3448
f 3878 3447 3446
f 3873 3444 3443
f 3879 3450 3449
f 3879 3451 3450
f 3880 3452 4468
f 3881 3453 3452
f 3880 4468 3451
f 3883 3456 3455
f 3884 3458 3457
f 3883 3457 3456
f 3881 3454 3453
f 3876 3449 4465
f 3884 3459 3458
f 3885 3460 3459
f 3886 3463 3462
f 3886 3464 3463
f 3888 3887 3464
f 3889 3462 3461
f 3890 3466 3465
f 3891 3468 3467
f 3891 3467 3466
f 3893 3469 3892
f 3894 3470 3469
f 3895 3892 3468
f 3894 3471 3470
f 3896 3472 3471
f 3473 3898 3897
f 3473 3897 3474
f 3897 3475 3474
f 3898 3473 3472
f 3899 3477 3476
f 3899 3478 3477
f 3900 3480 3479
f 3901 3482 3481
f 3900 3481 3480
f 3900 3478 3899
f 3899 3476 3475
f 3902 3484 3483
f 3903 3485 3484
f 3903 3487 3486
f 3904 3488 3487
f 3904 3487 3903
f 3903 3486 3485
f 3904 3490 3489
f 3905 3491 3490
f 3906 3493 3492
f 3907 3495 3494
f 3907 3494 3493
f 3491 3905 3906
f 3491 3906 3492
f 3904 3489 3488
f 3482 3901 3902
f 3482 3902 3483
f 3908 3496 3495
f 3908 3495 3907
f 3908 3498 3497
f 3908 3909 3498
f 3910 3500 3499
f 3910 3501 3500
f 3911 3502 3501
f 3911 3501 3910
f 3911 3912 3504
f 3911 3504 3503
f 3914 3507 3506
f 3914 3506 3913
f 3913 3506 3505
f 3914 3509 3508
f 3915 3510 3509
f 3916 3512 3511
f 3917 3514 3513
f 3918 3513 3512
f 3510 3915 3916
f 3510 3916 3511
f 3914 3508 3507
f 3443 3921 3873
f 3448 3874 3877
f 3447 3878 3875
f 3870 3921 3443
f 3454 3932 3882
f 3919 3920 3878
f 3919 3878 3872
f 3921 3870 3922
f 3924 3925 3920
f 3924 3920 3919
f 3926 3927 3871
f 3926 3871 3869
f 3920 3928 3875
f 3920 3875 3878
f 3872 3873 3923
f 3872 3923 3919
f 3446 3872 3878
f 3874 3875 3928
f 3874 3928 3929
f 3876 3877 3931
f 3876 3931 3930
f 2970 2989 3868
f 3898 3472 3896
f 3893 3894 3469
f 3466 3890 3891
f 3479 3478 3900
f 3901 3481 3900
f 3897 3898 3896
f 3897 3896 3899
f 3892 3895 3893
f 3879 3880 3451
f 3889 3886 3462
f 3457 3883 3884
f 3460 3885 3889
f 3887 3888 3890
f 3871 3440 3869
f 3900 3903 3902
f 3900 3902 3901
f 3873 3921 3923
f 3868 2989 2988
f 3868 2988 3933
f 3928 3920 3925
f 3928 3925 3934
f 3934 3935 3929
f 3934 3929 3928
f 3930 3931 3937
f 3930 3937 3936
f 3931 3874 3929
f 3931 3877 3874
f 3426 3879 3930
f 3423 3881 3880
f 3930 3879 3449
f 3881 3932 3454
f 3452 3880 3881
f 3421 3932 3881
f 3876 3930 3449
f 3424 3880 3879
f 3935 3931 3929
f 3417 3884 3883
f 3932 3455 3882
f 3932 3883 3455
f 3415 3885 3884
f 3412 3886 3889
f 3409 3890 3888
f 3886 3888 3464
f 3460 3889 3461
f 3410 3888 3886
f 3459 3884 3885
f 3414 3889 3885
f 3405 3895 3891
f 3890 3465 3887
f 3891 3895 3468
f 3404 3893 3895
f 3400 3896 3894
f 3392 3900 3393
f 3471 3894 3896
f 3938 3939 3899
f 3938 3899 3896
f 3402 3894 3893
f 3407 3891 3890
f 3897 3899 3475
f 3419 3883 3932
f 3515 3514 3917
f 3516 3515 3940
f 3518 3517 3941
f 3519 3518 3942
f 3521 3520 3943
f 3520 3519 3942
f 3945 3522 3944
f 3522 3521 3946
f 3521 3943 3946
f 3947 3523 3945
f 3948 3525 3524
f 3948 3524 3947
f 3947 3524 3523
f 3945 3944 3947
f 3497 3496 3908
f 3906 3905 3904
f 3906 3904 3907
f 3503 3502 3911
f 3909 3908 3910
f 3912 3911 3913
f 3383 3904 3384
f 3903 3484 3902
f 3382 3907 3904
f 3949 3950 3910
f 3949 3910 3908
f 3951 3952 3913
f 3951 3913 3911
f 3910 3499 3909
f 3369 3911 3370
f 3907 3493 3906
f 3378 3908 3379
f 3912 3913 3505
f 3914 3918 3916
f 3914 3916 3915
f 3917 3940 3515
f 3356 3917 3918
f 3918 3512 3916
f 3517 3940 3941
f 3513 3918 3917
f 3915 3509 3914
f 3358 3918 3914
f 3353 3941 3940
f 3352 3942 3941
f 3953 3954 3946
f 3953 3946 3943
f 3943 3520 3942
f 3344 3947 3944
f 3944 3522 3946
f 3345 3944 3946
f 3941 3942 3518
f 3350 3943 3942
f 3354 3940 3917
f 3516 3940 3517
f 3360 3914 3361
f 3905 3490 3904
f 3955 3956 3903
f 3955 3903 3900
f 3526 3958 3957
f 3526 3957 3527
f 3957 3528 3527
f 3959 3530 3529
f 3959 3529 3960
f 3960 3529 3528
f 3531 3530 3959
f 3533 3962 3961
f 3533 3961 3534
f 3535 3961 3963
f 3961 3535 3534
f 3962 3533 3532
f 3537 3536 3964
f 3538 3537 3964
f 3542 3541 3965
f 3966 3544 3543
f 3966 3543 3965
f 3541 3540 3965
f 3536 3535 3963
f 3967 3547 3546
f 3547 3967 3968
f 3547 3968 3548
f 3549 3968 3969
f 3550 3549 3969
f 3968 3549 3548
f 3553 3552 3970
f 3970 3552 3969
f 3555 3554 3970
f 3551 3550 3969
f 3556 3971 3557
f 3558 3557 3971
f 3972 3560 3559
f 3972 3559 3971
f 3562 3561 3972
f 3565 3564 3973
f 3974 3567 3566
f 3974 3566 3973
f 3563 3973 3564
f 3545 3544 3966
f 3975 3570 3569
f 3570 3975 3976
f 3570 3976 3571
f 3977 3572 3976
f 3573 3572 3977
f 3976 3572 3571
f 3576 3575 3978
f 3577 3576 3978
f 3573 3977 3574
f 3579 3578 3979
f 3579 3979 3580
f 3583 3582 3980
f 3584 3583 3980
f 3582 3581 3980
f 3588 3587 3982
f 3585 3981 3586
f 3590 3589 3982
f 3592 3591 3983
f 3984 3594 3593
f 3984 3593 3983
f 3596 3595 3984
f 3595 3594 3984
f 3598 3597 3985
f 3986 3600 3599
f 3986 3599 3985
f 3603 3602 3986
f 3602 3601 3986
f 3599 3598 3985
f 3605 3604 3987
f 3988 3608 3607
f 3988 3607 3987
f 3606 3605 3987
f 3589 3588 3982
f 3569 3568 3974
f 3610 3609 3988
f 3989 3611 3610
f 3990 3612 3611
f 3990 3611 3989
f 3613 3612 3990
f 3991 3614 3613
f 3991 3613 3990
f 3615 3614 3991
f 3992 3617 3616
f 3992 3616 3991
f 3618 3992 3619
f 3617 3992 3618
f 3622 3621 3993
f 3994 3624 3623
f 3994 3623 3993
f 3621 3620 3993
f 3620 3992 3993
f 3992 3620 3619
f 3995 3539 3538
f 3546 3966 3967
f 3970 3554 3553
f 3556 3970 3971
f 3968 3967 3966
f 3968 3966 3969
f 3972 3561 3560
f 3970 3556 3555
f 3948 3960 3957
f 3948 3957 3958
f 3958 3525 3948
f 3540 3539 3995
f 3961 3962 3996
f 3961 3996 3963
f 3996 3962 3532
f 3540 3995 3965
f 3528 3957 3960
f 3532 3531 3996
f 3997 3998 3960
f 3997 3960 3948
f 3562 3972 3563
f 3546 3545 3966
f 3597 3596 3984
f 3590 3982 3591
f 3610 3988 3989
f 3591 3982 3983
f 3603 3986 3604
f 3597 3984 3985
f 3986 3601 3600
f 3604 3986 3987
f 3569 3974 3975
f 3563 3972 3973
f 3584 3980 3585
f 3578 3577 3978
f 3578 3978 3979
f 3581 3979 3980
f 3567 3974 3568
f 3976 3975 3974
f 3976 3974 3977
f 3585 3980 3981
f 3575 3977 3978
f 3587 3981 3982
f 3990 3989 3988
f 3990 3988 3991
f 3988 3609 3608
f 3626 3625 3999
f 3628 3627 4000
f 3627 3626 4000
f 4001 3630 3629
f 3630 4001 4002
f 3630 4002 3631
f 4003 3632 4002
f 3634 3633 4004
f 3633 3632 4003
f 4002 3632 3631
f 3629 3628 4005
f 3635 3634 4004
f 3636 3635 4006
f 4007 3637 3636
f 3639 3638 4008
f 3641 3640 4009
f 3640 3639 4008
f 3638 3637 4007
f 3642 3641 4010
f 3643 3642 4011
f 3629 4005 4001
f 4002 4001 4005
f 4002 4005 4003
f 3636 4006 4007
f 3641 4009 4010
f 3644 3643 4011
f 4013 3645 4012
f 3647 3646 4014
f 3646 3645 4014
f 3648 4526 4015
f 4526 3647 4015
f 3650 3649 4017
f 4017 3649 3648
f 4012 4016 4013
f 4016 4012 3644
f 3625 3624 3994
f 3625 3994 3999
f 3650 4019 4018
f 3526 3525 3958
f 3343 3948 3947
f 2971 3933 2988
f 3933 3926 3869
f 3933 3869 3868
f 3870 3871 3927
f 3870 3927 3922
f 3438 3926 3933
f 3927 3926 3437
f 3438 3437 3926
f 3933 2971 3438
f 3435 3922 3436
f 3927 3437 3436
f 3922 3435 3434
f 3434 3921 3922
f 3922 3927 3436
f 3434 3923 3921
f 3919 3923 3924
f 3924 3432 3431
f 3924 3923 3433
f 3935 3934 3430
f 3937 3931 3935
f 3924 3431 3925
f 3430 3934 3925
f 3433 3432 3924
f 3429 3937 3935
f 3937 3428 3936
f 3415 3884 3416
f 3932 3421 3420
f 3422 3421 3881
f 3434 3433 3923
f 3431 3430 3925
f 3430 3429 3935
f 3428 3427 3936
f 3427 3426 3936
f 3429 3428 3937
f 3879 3426 3425
f 3879 3425 3424
f 4658 3880 3424
f 3880 4658 3423
f 3930 3936 3426
f 3881 3423 3422
f 3420 3419 3932
f 3416 3884 3417
f 3419 3418 3883
f 3414 3885 3415
f 3889 3413 3412
f 3889 3414 3413
f 3412 3411 3886
f 3417 3883 3418
f 3891 3407 3406
f 3399 3938 3896
f 3402 3893 3403
f 3390 3955 3900
f 3938 3398 3939
f 3908 3376 3949
f 3372 3910 3373
f 3903 3386 3385
f 3375 3950 3949
f 3380 3907 3381
f 3389 3956 3955
f 3531 3959 3996
f 3959 3336 3996
f 3538 3964 3995
f 3964 3332 3995
f 3964 3536 3963
f 3335 3963 3996
f 3363 3913 3364
f 3367 3951 3911
f 4020 4021 3969
f 4020 3969 3966
f 3356 3918 3357
f 3331 3965 3995
f 3951 3366 3952
f 3327 3966 3328
f 3886 3411 3410
f 3888 3410 3409
f 3890 3409 3408
f 3405 3404 3895
f 3406 3405 3891
f 3407 3890 3408
f 3954 3953 3348
f 3346 3946 3954
f 3943 3349 3953
f 3341 3998 3997
f 3339 3960 3998
f 3948 3342 3997
f 3404 3403 3893
f 3963 3334 3964
f 3328 3965 3329
f 3325 4020 3966
f 4021 4020 3324
f 3899 3394 3393
f 3960 3338 3959
f 3402 3401 3894
f 3399 3398 3938
f 3399 3896 3400
f 3400 3894 3401
f 3397 3396 3939
f 3939 3398 3397
f 3395 3899 3396
f 3899 3393 3900
f 3394 3899 3395
f 3899 3939 3396
f 3392 3391 3900
f 3390 3900 3391
f 3388 3956 3389
f 3956 3388 3387
f 3956 3387 3903
f 3386 3903 3387
f 3904 3903 3384
f 3383 3382 3904
f 3903 3385 3384
f 3955 3390 3389
f 3382 3381 3907
f 3907 3379 3908
f 3377 3376 3908
f 3377 3908 3378
f 3375 3374 3950
f 3374 3373 3950
f 3910 3371 3370
f 3911 3910 3370
f 3372 3371 3910
f 3376 3375 3949
f 3950 3373 3910
f 3368 3911 3369
f 3366 3951 3367
f 3952 3366 3365
f 3364 3952 3365
f 3913 3952 3364
f 3363 3362 3913
f 3361 3913 3362
f 3361 3914 3913
f 3914 3360 3359
f 3358 3914 3359
f 3367 3911 3368
f 3907 3380 3379
f 3354 3917 3355
f 3354 3353 3940
f 3356 3355 3917
f 3352 3941 3353
f 3352 3351 3942
f 3357 3918 3358
f 3349 3348 3953
f 3349 3943 3350
f 3346 3954 3347
f 3345 3946 3346
f 3345 3344 3944
f 3942 3351 3350
f 3343 3342 3948
f 3340 3998 3341
f 3343 3947 3344
f 3348 3347 3954
f 3342 3341 3997
f 3339 3998 3340
f 3337 3959 3338
f 3337 3336 3959
f 3338 3960 3339
f 3334 3963 3335
f 3964 3334 3333
f 3996 3336 3335
f 3331 3995 3332
f 3965 3331 3330
f 3965 3330 3329
f 3966 3965 3328
f 3966 3327 3326
f 3324 3323 4021
f 3324 4020 3325
f 3542 3965 3543
f 3964 3333 3332
f 3326 3325 3966
f 3322 3321 3969
f 3969 4021 3322
f 3323 3322 4021
f 4022 4023 3971
f 4022 3971 3970
f 4023 4022 3314
f 3321 3320 3969
f 3319 3969 3320
f 4022 3970 3316
f 3552 3551 3969
f 3319 3970 3969
f 3316 3970 3317
f 4022 3316 3315
f 4022 3315 3314
f 3318 3317 3970
f 3307 3973 3972
f 3974 3304 3303
f 3300 3977 3301
f 3978 3297 3296
f 3294 3979 3978
f 3301 3977 3974
f 3971 3311 3310
f 3313 4023 3314
f 3304 3973 3305
f 3297 3977 3298
f 4023 3313 3971
f 3309 3972 3310
f 3312 3971 3313
f 3311 3971 3312
f 3972 3971 3310
f 3308 3972 3309
f 3971 3559 3558
f 3305 3973 3306
f 3306 3973 3307
f 3566 3565 3973
f 3307 3972 3308
f 3974 3973 3304
f 3303 3302 3974
f 3974 3302 3301
f 3574 3977 3575
f 3298 3977 3299
f 3294 3978 3295
f 3978 3977 3297
f 3300 3299 3977
f 3978 3296 3295
f 3289 3981 3980
f 3982 3285 3284
f 3288 3981 3289
f 3282 3983 3283
f 3984 3279 3278
f 3276 3985 3984
f 3283 3983 3982
f 3270 3987 3986
f 3988 3267 3266
f 3992 3260 3259
f 3994 3254 3253
f 3257 3993 3992
f 3263 3991 3988
f 3272 3986 3273
f 3626 3999 4000
f 3628 4000 4005
f 4005 4000 3247
f 3243 4003 4024
f 3633 4003 4004
f 3635 4004 4006
f 4006 4004 3240
f 4025 4024 4003
f 4025 4003 4005
f 3638 4007 4008
f 3640 4008 4009
f 4009 4008 3235
f 3231 4010 4026
f 3642 4010 4011
f 3227 4013 4016
f 4016 3644 4011
f 4016 4011 3228
f 4027 4026 4010
f 4027 4010 4009
f 3238 4007 4006
f 3250 3999 3994
f 3983 3280 3279
f 3274 3273 3985
f 3263 3988 3264
f 3255 3254 3993
f 3261 3260 3991
f 3994 3251 3250
f 3267 3987 3268
f 3286 3285 3981
f 3249 4000 3999
f 4024 4025 3245
f 4004 4003 3242
f 3647 4014 4015
f 4015 3222 4017
f 3650 4017 4019
f 4017 3648 4015
f 4013 3226 4014
f 4017 3220 4019
f 4008 4007 3237
f 3234 4027 4009
f 3233 4026 4027
f 4011 4010 3230
f 3224 4015 4014
f 3239 3238 4006
f 4723 4028 4019
f 4025 4005 3246
f 4013 3227 3226
f 4014 3645 4013
f 3979 3292 3291
f 3290 3980 3291
f 4019 3220 4723
f 3293 3292 3979
f 3979 3581 3580
f 3290 3289 3980
f 3291 3980 3979
f 3293 3979 3294
f 3981 3587 3586
f 3288 3287 3981
f 3286 3981 3287
f 3284 3283 3982
f 3285 3982 3981
f 3281 3280 3983
f 3983 3282 3281
f 3277 3984 3278
f 3277 3276 3984
f 3983 3279 3984
f 3593 3592 3983
f 3275 3985 3276
f 3274 3985 3275
f 3985 3273 3986
f 3271 3270 3986
f 3987 3269 3268
f 3269 3987 3270
f 3986 3272 3271
f 3607 3606 3987
f 3265 3988 3266
f 3988 3987 3267
f 3263 3262 3991
f 3991 3262 3261
f 3992 3991 3260
f 3257 3992 3258
f 3991 3616 3615
f 3992 3259 3258
f 3264 3988 3265
f 3256 3993 3257
f 3622 3993 3623
f 3256 3255 3993
f 3994 3993 3254
f 3994 3253 3252
f 3249 3248 4000
f 3999 3250 3249
f 3252 3251 3994
f 3248 3247 4000
f 3245 4025 3246
f 3243 4024 3244
f 3246 4005 3247
f 3245 3244 4024
f 3242 3241 4004
f 3239 4006 3240
f 3243 3242 4003
f 4004 3241 3240
f 3238 3237 4007
f 3236 4008 3237
f 3235 4008 3236
f 3233 4027 3234
f 3233 3232 4026
f 3231 4026 3232
f 3230 4010 3231
f 4011 3230 3229
f 3229 3228 4011
f 4016 3228 3227
f 4014 3226 3225
f 3224 4014 3225
f 3221 4017 3222
f 3222 4015 3223
f 4017 3221 3220
f 4009 3235 3234
f 3224 3223 4015
f 3318 3970 3319
f 4019 4028 4018
f 4031 3653 3652
f 4032 3655 3654
f 4033 3657 3656
f 3655 4032 4033
f 3655 4033 3656
f 4031 3654 3653
f 4034 3659 3658
f 4035 3660 3659
f 4036 3662 3661
f 4036 3663 3662
f 4035 3661 3660
f 4038 3665 3664
f 4039 3664 4037
f 4034 3658 3657
f 4040 4041 3666
f 4042 3668 3667
f 4044 3671 3670
f 3672 4046 4045
f 3672 4045 3673
f 4046 3672 3671
f 4043 3670 3669
f 4043 3669 3668
f 4047 3675 3674
f 4048 3676 3675
f 4049 3678 3677
f 4048 3677 3676
f 4050 3681 3680
f 4051 3680 3679
f 4045 3674 3673
f 4038 3666 3665
f 4052 4053 3682
f 4054 3684 3683
f 4054 3686 3685
f 4055 3686 4054
f 4055 3688 3687
f 4054 3685 3684
f 4056 3690 3689
f 4057 3691 3690
f 4057 3690 4056
f 4057 3693 3692
f 4059 3695 3694
f 4059 3697 3696
f 4059 3696 3695
f 4057 4058 3693
f 4060 3699 3698
f 4062 3702 3701
f 4062 3703 3702
f 4063 3705 3704
f 4064 3707 3706
f 4063 3706 3705
f 4063 3704 3703
f 4063 3703 4062
f 4062 3701 3700
f 4065 3709 3708
f 4066 3710 3709
f 4066 3712 3711
f 4067 3714 3713
f 4067 3713 3712
f 4067 3712 4066
f 4066 3711 3710
f 4068 3717 3716
f 4068 3716 3715
f 3707 4064 4065
f 3707 4065 3708
f 4060 3697 4059
f 4050 3682 3681
f 4032 3654 4069
f 4031 3652 4070
f 4037 4071 4039
f 4033 4032 4069
f 3663 4071 4037
f 4035 3659 4034
f 4029 4072 3651
f 3219 4072 4028
f 4029 4028 4072
f 3651 4072 4070
f 4039 4038 3664
f 3651 4070 4030
f 3692 3691 4057
f 4055 3687 3686
f 3698 3697 4060
f 4058 4057 4059
f 3689 3688 4055
f 3689 4055 4056
f 4042 4043 3668
f 4041 4040 4042
f 3680 4051 4050
f 3675 4047 4048
f 3678 4049 4051
f 4053 4052 4054
f 4045 4046 4044
f 4045 4044 4047
f 4046 3671 4044
f 4060 4062 4061
f 4060 4061 3699
f 3652 4030 4070
f 3217 4031 4070
f 4074 4075 4069
f 3657 4033 4069
f 3213 4034 4069
f 4031 4069 3654
f 3216 4069 4031
f 3210 4036 4035
f 4036 3661 4035
f 4071 3663 4036
f 3208 4071 4036
f 3206 4038 4039
f 3203 4042 4040
f 4038 4040 3666
f 3204 4040 4038
f 3207 4039 4071
f 4069 4034 3657
f 3211 4035 4034
f 3199 4044 4043
f 4044 3670 4043
f 4076 4047 4044
f 3194 4049 4048
f 4049 3677 4048
f 3189 4050 4051
f 3679 3678 4051
f 4077 4078 4051
f 4077 4051 4049
f 4047 3674 4045
f 3196 4048 4047
f 4079 4080 4054
f 4079 4054 4052
f 3683 4053 4054
f 3179 4055 3180
f 3173 4057 3174
f 3168 4060 3169
f 3694 4058 4059
f 3171 4059 4057
f 4081 4056 4055
f 4050 4052 3682
f 3187 4052 4050
f 4042 3667 4041
f 3201 4043 4042
f 3218 4070 4072
f 4082 3719 3718
f 4082 3720 3719
f 3721 4084 4083
f 3721 4083 3722
f 4083 3723 3722
f 4084 3721 3720
f 4085 3725 3724
f 4085 3726 3725
f 4086 3728 3727
f 4086 3727 3726
f 4086 3726 4085
f 4085 3724 3723
f 4087 3731 3730
f 4088 3733 3732
f 4088 3731 4087
f 4087 3730 3729
f 4090 3735 3734
f 4090 3737 3736
f 4090 3736 3735
f 4088 4089 3733
f 4065 4064 4063
f 4065 4063 4066
f 4082 3718 3717
f 4084 3720 4082
f 3715 3714 4067
f 3715 4067 4068
f 4083 4084 4082
f 4083 4082 4085
f 3161 4063 3162
f 4062 3700 4061
f 4091 4092 4066
f 4091 4066 4063
f 3149 4068 4067
f 4093 4094 4085
f 4093 4085 4082
f 3145 4082 3146
f 4066 3709 4065
f 3152 4067 3153
f 4083 4085 3723
f 4090 3734 4089
f 4089 4088 4090
f 3740 3739 4095
f 3740 4096 3741
f 3741 4096 4097
f 3741 4097 3742
f 4095 3739 3738
f 4095 4096 3740
f 4086 4087 3729
f 4086 3729 3728
f 3129 4088 3130
f 3120 4095 3121
f 4088 3732 3731
f 4098 4099 4090
f 4098 4090 4088
f 4095 3738 3737
f 3134 4087 4086
f 4095 4100 4097
f 4095 4097 4096
f 4095 3737 4090
f 3136 4086 3137
f 4064 3706 4063
f 4068 4082 3717
f 3166 4062 4060
f 4097 3743 3742
f 4100 3744 3743
f 4100 3746 3745
f 4101 3747 3746
f 4101 3746 4100
f 4100 3745 3744
f 4101 3749 3748
f 4102 3750 3749
f 4103 3752 3751
f 4104 3754 3753
f 4105 3753 3752
f 3750 4102 4103
f 3750 4103 3751
f 4101 3748 3747
f 4104 3755 3754
f 4107 4106 3755
f 4108 3757 3756
f 4109 3758 3757
f 4110 3760 3759
f 4109 3759 3758
f 4111 3762 3761
f 4112 3761 4556
f 4111 3763 3762
f 4113 3764 3763
f 3765 4115 4114
f 3765 4114 3766
f 4116 3768 3767
f 4114 3767 3766
f 4115 3765 3764
f 4117 3770 3769
f 3770 4117 4118
f 3770 4118 3771
f 3772 4118 4119
f 4120 3775 3774
f 3773 3772 4119
f 4118 3772 3771
f 4121 3777 3776
f 3777 4121 4122
f 4123 3780 3779
f 4124 3782 3781
f 3780 4123 4124
f 3780 4124 3781
f 3778 3777 4122
f 3775 4120 4121
f 3775 4121 3776
f 4125 3769 3768
f 3783 3782 4126
f 4127 3785 3784
f 4128 3787 3786
f 3787 4128 4129
f 3785 4127 4128
f 3785 4128 3786
f 4131 3793 3792
f 3791 3790 4130
f 3788 3787 4129
f 4132 3795 3794
f 3795 4132 4133
f 3797 3796 4134
f 3796 3795 4133
f 3798 3797 4134
f 4135 3800 3799
f 4136 3802 3801
f 3803 3802 4137
f 3802 4136 4137
f 3800 4135 4136
f 3800 4136 3801
f 3793 4131 4132
f 3793 4132 3794
f 4139 3807 3806
f 3807 4139 4140
f 3807 4140 3808
f 3805 3804 4138
f 3809 4140 4141
f 3810 3809 4141
f 3812 3811 4142
f 3811 3810 4142
f 4140 3809 3808
f 3814 4144 4143
f 3814 4143 3815
f 4143 3816 3815
f 3817 3816 4145
f 3818 3817 4146
f 3816 4143 4145
f 3819 3818 4146
f 4147 3821 3820
f 4148 3823 3822
f 3825 3824 4149
f 3824 3823 4150
f 3821 4147 4148
f 3821 4148 3822
f 4144 3814 3813
f 3804 3803 4138
f 3782 4124 4126
f 4136 4135 4151
f 4136 4151 4137
f 4132 4131 4152
f 4132 4152 4133
f 4140 4139 4153
f 4140 4153 4141
f 3812 4154 3813
f 4154 4144 3813
f 4153 3806 3805
f 3799 4151 4135
f 3788 4155 3789
f 3784 4156 4127
f 3790 4155 4130
f 4128 4127 4156
f 4128 4156 4129
f 4131 3792 4152
f 3792 3791 4152
f 3798 4151 3799
f 3789 4155 3790
f 3806 4153 4139
f 3784 3783 4156
f 4148 4150 3823
f 4157 3828 3827
f 3828 4157 4158
f 3828 4158 3829
f 4149 3826 3825
f 4148 4147 4159
f 4148 4159 4150
f 3827 3826 4160
f 4143 4144 4154
f 4143 4154 4145
f 4158 4157 4160
f 4158 4160 4161
f 4161 3831 3830
f 4158 4161 3830
f 3830 3829 4158
f 3820 4159 4147
f 3819 4159 3820
f 4162 3779 3778
f 3827 4160 4157
f 4101 4102 3749
f 4103 4102 4101
f 4103 4101 4105
f 3757 4108 4109
f 3753 4105 4104
f 4106 4107 4108
f 3113 4101 3114
f 3743 4097 4100
f 3110 4105 4101
f 3107 4107 4104
f 4107 3755 4104
f 3105 4109 4108
f 3756 4106 4108
f 4163 4108 4107
f 4105 3752 4103
f 3109 4104 4105
f 3759 4109 4110
f 3769 4125 4117
f 4116 4125 3768
f 4114 4115 4113
f 4114 4113 4116
f 4123 3779 4162
f 4125 4119 4118
f 4125 4118 4117
f 3774 4164 4120
f 3773 4164 3774
f 4121 4120 4164
f 4121 4164 4122
f 3760 4110 4112
f 4112 4556 3760
f 4165 4166 4112
f 4165 4112 4110
f 3096 4113 4111
f 4112 4111 3761
f 3091 4125 4116
f 3763 4111 4113
f 4167 4168 4116
f 4167 4116 4113
f 4114 4116 3767
f 3098 4111 4112
f 4124 4123 4162
f 4124 4162 4126
f 4115 3764 4113
f 3103 4110 4109
f 3832 3831 4169
f 3833 3832 4169
f 4170 3835 3834
f 3835 4170 4171
f 3835 4171 3836
f 3834 3833 4172
f 3838 3837 4173
f 3839 3838 4174
f 3840 3839 4174
f 3841 4633 4175
f 4633 3840 4175
f 4171 3837 3836
f 3842 4177 4176
f 3842 4176 3843
f 4176 3844 3843
f 3846 3845 4178
f 3848 3847 4179
f 3847 3846 4179
f 3845 3844 4178
f 3850 3849 4180
f 3851 3850 4181
f 4182 3853 3852
f 3854 4184 4183
f 3854 4183 4637
f 4182 3854 3853
f 4182 3852 3851
f 3849 3848 4180
f 4177 3842 3841
f 4183 3856 3855
f 4185 3856 4183
f 3857 4187 4186
f 3857 4186 3858
f 3858 4186 4188
f 3858 4188 3859
f 3856 4185 4187
f 3856 4187 3857
f 4189 4177 3841
f 4173 3837 4171
f 4171 4170 4172
f 4171 4172 4173
f 4176 4177 4189
f 4176 4189 4190
f 4190 3844 4176
f 4191 4192 4184
f 4191 4184 4182
f 4182 4184 3854
f 4181 4182 3851
f 4172 4170 3834
f 3860 3859 4188
f 4183 3855 4637
f 4193 3862 3861
f 4193 3863 3862
f 4194 3865 3864
f 4195 3867 3866
f 4195 3866 3865
f 4196 3864 3863
f 4197 4198 4196
f 4197 4196 4193
f 4196 3863 4193
f 4194 3864 4196
f 4199 4195 4201
f 4199 4201 4200
f 4202 2990 3867
f 4202 3867 4199
f 3867 4195 4199
f 4202 4199 4200
f 4202 4200 4203
f 4202 2991 2990
f 3865 4194 4195
f 4198 4204 4194
f 4198 4194 4196
f 4188 3861 3860
f 4188 4193 3861
f 4183 4184 4192
f 4183 4192 4205
f 3117 4100 4095
f 4028 4723 3219
f 3216 4074 4069
f 3218 4072 3219
f 4073 4070 3218
f 4073 3217 4070
f 4075 4074 3215
f 4069 4075 3213
f 4044 3198 4076
f 3211 4730 4035
f 3207 4071 3208
f 3216 3215 4074
f 3216 4031 4727
f 3213 4075 3214
f 4075 3215 3214
f 4727 4031 3217
f 4049 3193 4077
f 4034 3213 3212
f 4034 3212 3211
f 3210 4035 4730
f 3210 3209 4036
f 3209 3208 4036
f 3207 3206 4039
f 4038 3206 3205
f 4040 3204 3203
f 3202 4042 3203
f 4038 3205 3204
f 3200 4043 3201
f 3200 3199 4043
f 3199 3198 4044
f 3202 3201 4042
f 4076 3197 4047
f 4078 4077 3192
f 4056 3175 3174
f 3185 4080 4079
f 3186 4079 4052
f 3177 4081 4055
f 3169 4060 4059
f 3162 4063 4062
f 3155 3154 4066
f 4092 4091 3158
f 3181 3180 4054
f 4068 3149 3148
f 4094 4093 3142
f 3153 4067 4066
f 3146 4082 4068
f 3126 4099 4098
f 4095 4090 3121
f 3124 4090 4099
f 4100 3114 4101
f 3133 3132 4087
f 3137 4086 4085
f 3164 3163 4062
f 4087 3130 4088
f 3196 3195 4048
f 3192 4077 3193
f 4049 3194 3193
f 4047 3197 3196
f 4078 3192 3191
f 3190 4051 4078
f 3190 3189 4051
f 3189 3188 4050
f 3190 4078 3191
f 3194 4048 3195
f 3186 3185 4079
f 3186 4052 3187
f 4080 3183 4054
f 3183 4080 3184
f 4080 3185 3184
f 3188 3187 4050
f 3181 4054 3182
f 3183 3182 4054
f 3179 3178 4055
f 4055 3178 3177
f 4055 4054 3180
f 3101 4166 4165
f 4085 3140 3139
f 3176 4056 4081
f 3176 3175 4056
f 4056 3174 4057
f 3173 3172 4057
f 3170 4059 3171
f 4057 3172 3171
f 4060 3168 3167
f 4060 3167 3166
f 3170 3169 4059
f 3165 3164 4062
f 4091 4063 3159
f 3160 3159 4063
f 4063 3161 3160
f 4062 3163 3162
f 4062 3166 3165
f 4091 3159 3158
f 3156 4092 3157
f 4092 3156 4066
f 3155 4066 3156
f 3153 4066 3154
f 4067 3152 3151
f 3151 3150 4067
f 3149 4067 3150
f 3145 3144 4082
f 3146 4068 3147
f 3143 4093 4082
f 4093 3143 3142
f 3142 3141 4094
f 3147 4068 3148
f 4094 3140 4085
f 3139 3138 4085
f 3138 3137 4085
f 3135 4086 3136
f 3135 3134 4086
f 4082 3144 3143
f 4092 3158 3157
f 4094 3141 3140
f 4087 3134 3133
f 3131 3130 4087
f 3131 4087 3132
f 4088 3129 3128
f 3128 3127 4088
f 3125 4099 3126
f 3124 4099 3125
f 4090 3124 3123
f 3127 4098 4088
f 4090 3122 3121
f 3120 3119 4095
f 3118 4095 3119
f 4095 3118 3117
f 3116 3115 4100
f 4100 3117 3116
f 4100 3115 3114
f 3111 3110 4101
f 3112 3111 4101
f 3123 3122 4090
f 4101 3113 3112
f 3109 4105 3110
f 4104 3108 3107
f 3106 4107 3107
f 4163 4107 3106
f 3108 4104 3109
f 3104 4109 3105
f 3102 4165 4110
f 3100 4166 3101
f 4165 3102 3101
f 3104 3103 4109
f 3099 4166 3100
f 3099 3098 4112
f 4111 3097 3096
f 4113 3096 3095
f 3097 4111 3098
f 4110 3103 3102
f 4163 3105 4108
f 4098 3127 3126
f 4166 3099 4112
f 3087 4119 4206
f 3773 4119 4164
f 4207 4208 4122
f 4207 4122 4164
f 4162 4122 3081
f 3783 4126 4156
f 4209 4210 4126
f 4209 4126 4162
f 4162 3778 4122
f 3082 4122 4208
f 4168 4167 3093
f 3092 4116 4168
f 4211 4125 3090
f 4164 4119 3086
f 4119 4125 4211
f 4119 4211 4206
f 3083 4208 4207
f 4212 4213 4129
f 4212 4129 4156
f 3089 4206 4211
f 3077 4126 4210
f 4164 3085 4207
f 4113 3095 4167
f 4129 4213 3072
f 3791 4130 4152
f 4214 4215 4130
f 4214 4130 4155
f 4216 4217 4133
f 4216 4133 4152
f 3796 4133 4134
f 3798 4134 4151
f 4133 4217 3062
f 4130 4215 3067
f 4218 4219 4137
f 4218 4137 4151
f 3803 4137 4138
f 3805 4138 4153
f 4137 4219 3055
f 4220 4221 4141
f 4220 4141 4153
f 3810 4141 4142
f 4142 3045 4154
f 4154 3812 4142
f 4141 4221 3048
f 4138 3052 4153
f 4134 3059 4151
f 4155 3788 4129
f 4222 4223 4145
f 4222 4145 4154
f 3093 4167 3094
f 3092 3091 4116
f 4125 3091 3090
f 3089 4211 3090
f 3088 4206 3089
f 4206 3088 3087
f 3085 4164 3086
f 4207 3084 3083
f 4208 3083 3082
f 4207 3085 3084
f 3087 3086 4119
f 4168 3093 3092
f 4162 3080 4209
f 4126 3076 4156
f 4209 3079 4210
f 4156 3075 4212
f 4129 3071 4155
f 4155 3070 4214
f 4130 3066 4152
f 4212 3073 4213
f 3069 4215 4214
f 4216 3063 4217
f 4216 4152 3065
f 4133 3061 4134
f 4218 4151 3058
f 4219 4218 3056
f 4137 3054 4138
f 3049 4221 4220
f 3047 4142 4141
f 3051 4220 4153
f 4154 3044 4222
f 4122 3082 3081
f 3080 4162 3081
f 3095 3094 4167
f 4146 3038 4159
f 3819 4146 4159
f 4224 4225 4150
f 4224 4150 4159
f 4149 3031 4160
f 3826 4149 4160
f 4226 4227 4161
f 4226 4161 4160
f 4149 3824 4150
f 4150 4225 3034
f 4169 3024 4172
f 3833 4169 4172
f 4228 4229 4173
f 4228 4173 4172
f 4174 3017 4175
f 3840 4174 4175
f 4230 4231 4190
f 4230 4190 4189
f 4189 3841 4175
f 4175 3015 4189
f 4174 3838 4173
f 4173 4229 3020
f 4169 3831 4161
f 4161 4227 3027
f 4190 3012 4178
f 3846 4178 4179
f 3848 4179 4180
f 4179 3009 4180
f 4232 4181 4233
f 4182 4181 4232
f 4192 4191 4233
f 4192 4233 4234
f 4191 4182 4232
f 4191 4232 4233
f 4181 3850 4180
f 4180 3008 4181
f 4205 4192 4234
f 4205 4234 4235
f 4183 4205 4236
f 4205 4235 4236
f 4185 4236 4235
f 3000 2999 4186
f 3000 4186 4187
f 3001 3000 4187
f 3001 4187 4185
f 4185 4183 4236
f 2999 4237 4188
f 2999 4188 4186
f 3012 4190 4231
f 4178 3844 4190
f 3040 4146 4145
f 4225 4224 3036
f 3042 4223 4222
f 3033 4149 4150
f 4234 3004 4235
f 4233 3006 3005
f 4233 4181 3007
f 3030 4226 4160
f 3026 4169 4161
f 4229 4228 3022
f 3029 4227 4226
f 4231 4230 3014
f 4173 3019 4174
f 3006 3007 3006
f 4178 3011 4179
f 3007 3006 4233
f 4230 4189 3015
f 4172 3023 4228
f 3004 4234 4233
f 3037 4224 4159
f 3001 4235 3002
f 2997 2996 4197
f 4197 2996 4198
f 4195 4194 4204
f 4195 4204 4201
f 4204 2994 4201
f 4198 2995 4204
f 4197 4193 4188
f 4201 2993 4200
f 4185 4235 3001
f 2999 3000 2999
f 3001 3001 3002
f 2998 4237 2998
f 2998 2998 2997
f 2997 4188 2998
f 4188 4237 2998
f 2999 2999 4237
f 4197 2997 2997
f 3000 3001 3001
f 2992 4203 4200
f 3003 3002 4235
f 4197 4188 2997
f 4181 3008 3007
f 4223 3041 4145
f 4146 3817 4145
f 2997 2997 2997
f 3079 4209 3080
f 3078 4210 3079
f 4210 3078 3077
f 3077 3076 4126
f 4156 3076 3075
f 4212 3075 3074
f 3072 4213 3073
f 4129 3072 3071
f 4214 3070 3069
f 4215 3069 3068
f 3074 3073 4212
f 3070 4155 3071
f 3068 3067 4215
f 3067 3066 4130
f 3064 3063 4216
f 3063 3062 4217
f 4152 3066 3065
f 4133 3062 3061
f 3057 4218 3058
f 3060 3059 4134
f 4151 3059 3058
f 3065 3064 4216
f 3060 4134 3061
f 3056 4218 3057
f 3054 4137 3055
f 4138 3054 3053
f 3051 3050 4220
f 4153 3052 3051
f 3050 3049 4220
f 4141 3048 3047
f 4142 3047 3046
f 3053 3052 4138
f 3049 3048 4221
f 3045 4142 3046
f 3043 4222 3044
f 3041 4223 3042
f 3045 3044 4154
f 3040 4145 3041
f 3038 4146 3039
f 3036 4224 3037
f 3038 3037 4159
f 4146 3040 3039
f 3055 4219 3056
f 3042 4222 3043
f 4225 3036 3035
f 3033 4150 3034
f 3032 4149 3033
f 3030 3029 4226
f 4160 3031 3030
f 3028 4227 3029
f 3025 4169 3026
f 3028 3027 4227
f 3032 3031 4149
f 4161 3027 3026
f 3022 4228 3023
f 3020 4229 3021
f 3023 4172 3024
f 3025 3024 4169
f 4174 3019 3018
f 3016 4175 3017
f 3014 4230 3015
f 4175 3016 3015
f 3019 4173 3020
f 4174 3018 3017
f 4229 3022 3021
f 3007 3007 3006
f 3012 4795 4178
f 4178 4795 3011
f 3009 4179 3010
f 4179 3011 3010
f 3008 3007 3007
f 4180 4796 3008
f 3005 3006 3006
f 4233 3005 3004
f 4235 3004 3003
f 3009 4796 4180
f 3012 4231 3013
f 3002 3003 3002
f 3000 3000 3001
f 2999 3000 3000
f 2997 2998 2997
f 2998 4237 2998
f 4237 2999 2998
f 2996 2995 4198
f 2997 2997 2996
f 2993 4201 2994
f 4203 2992 2991
f 2994 4204 2995
f 2997 2997 2997
f 3002 3002 3001
f 3013 4231 3014
f 4225 3035 3034
f 4200 2993 2992
f 2991 4202 4203
f 4616 4315 4314
f 4312 4320 4319
f 4312 4319 4313
f 4310 4322 4321
f 4310 4321 4311
f 4309 4323 4322
f 4309 4322 4310
f 4311 4321 4320
f 4311 4320 4312
f 4313 4319 4318
f 4313 4318 4317
f 4307 4306 4324
f 4307 4324 4308
f 4304 4331 4330
f 4304 4330 4329
f 4308 4324 4323
f 4308 4323 4309
f 4302 4688 4336
f 4302 4336 4335
f 4301 4691 4337
f 4301 4337 4688
f 4583 4338 4691
f 4583 4691 4301
f 4299 4341 4340
f 4299 4340 4339
f 4298 4342 4341
f 4298 4341 4299
f 4586 4343 4698
f 4586 4698 4297
f 4296 4344 4343
f 4296 4343 4586
f 4294 4346 4345
f 4294 4345 4295
f 4295 4345 4344
f 4295 4344 4296
f 4297 4698 4342
f 4297 4342 4298
f 4300 4694 4338
f 4300 4338 4583
f 4303 4332 4331
f 4303 4331 4304
f 4293 4351 4350
f 4293 4350 4349
f 4291 4353 4352
f 4291 4352 4292
f 4290 4354 4353
f 4290 4353 4291
f 4292 4352 4351
f 4292 4351 4293
f 4288 4287 4357
f 4288 4357 4289
f 4286 4360 4359
f 4286 4359 4358
f 4284 4362 4361
f 4284 4361 4285
f 4283 4363 4362
f 4283 4362 4284
f 4285 4361 4360
f 4285 4360 4286
f 4289 4357 4356
f 4289 4356 4355
f 4280 4279 4372
f 4280 4372 4281
f 4278 4376 4375
f 4278 4375 4374
f 4277 4377 4376
f 4277 4376 4278
f 4276 4378 4377
f 4276 4377 4277
f 4281 4372 4371
f 4281 4371 4370
f 4275 4381 4380
f 4275 4380 4779
f 4273 4383 4382
f 4273 4382 4274
f 4272 4384 4383
f 4272 4383 4273
f 4274 4382 4381
f 4274 4381 4275
f 4270 4386 4385
f 4270 4385 4271
f 4268 4388 4387
f 4268 4387 4269
f 4267 4389 4388
f 4267 4388 4268
f 4269 4387 4386
f 4269 4386 4270
f 4271 4385 4384
f 4271 4384 4272
f 4591 4391 4390
f 4591 4390 4266
f 4264 4393 4392
f 4264 4392 4265
f 4594 4394 4393
f 4594 4393 4264
f 4265 4392 4391
f 4265 4391 4591
f 4262 4396 4395
f 4262 4395 4263
f 4260 4398 4397
f 4260 4397 4261
f 4596 4399 4398
f 4596 4398 4260
f 4261 4397 4396
f 4261 4396 4262
f 4263 4395 4394
f 4263 4394 4594
f 4266 4390 4389
f 4266 4389 4267
f 4599 4401 4400
f 4599 4400 4259
f 4601 4403 4402
f 4601 4402 4258
f 4258 4402 4401
f 4258 4401 4599
f 4605 4407 4406
f 4605 4406 4405
f 4603 4405 4404
f 4603 4404 4403
f 4259 4400 4399
f 4259 4399 4596
f 4257 4418 4417
f 4257 4417 4416
f 4256 4419 4418
f 4256 4418 4257
f 4254 4421 4420
f 4254 4420 4255
f 4253 4252 4425
f 4252 4251 4426
f 4443 4254 4253
f 4255 4420 4419
f 4255 4419 4256
f 4427 4250 4428
f 4429 4249 4248
f 4250 4249 4428
f 4428 4249 4429
f 4251 4250 4427
f 4430 4247 4246
f 4430 4431 4247
f 4431 4248 4247
f 4432 4433 4428
f 4432 4428 4429
f 4431 4429 4248
f 4434 4430 4246
f 4435 4432 4429
f 4435 4429 4431
f 4244 4243 4436
f 4242 4241 4437
f 4241 4240 4240
f 4438 4243 4242
f 4239 4238 4238
f 2990 2990 2990
f 2990 2990 4238
f 4238 2990 4238
f 4240 4239 4239
f 4439 4245 4244
f 4425 4426 4441
f 4425 4441 4440
f 4438 4242 4437
f 4436 4439 4244
f 4434 4245 4439
f 4431 4430 4442
f 4431 4442 4435
f 4437 4241 4240
f 4443 4425 4440
f 4444 2990 2990
f 4238 2990 4445
f 2990 4446 4446
f 2990 4446 2990
f 4447 4441 4426
f 4447 4426 4427
f 4240 4240 4239
f 4427 4428 4433
f 4427 4433 4447
f 4239 4239 4238
f 2990 4446 4446
f 4444 2990 4446
f 4436 4243 4438
f 4434 4246 4245
f 4444 4446 2990
f 2980 2979 4314
f 4315 2981 2980
f 4315 2980 4314
f 4315 2983 2982
f 2983 4315 2978
f 2982 2981 4315
f 4425 4443 4253
f 4238 4448 4239
f 4426 4251 4427
f 4240 4239 4450
f 4240 4450 4449
f 4422 4443 4440
f 4426 4425 4252
f 4451 4452 4438
f 4451 4438 4437
f 2990 2991 4445
f 2990 4444 4445
f 4448 4238 4445
f 4239 4448 4450
f 4449 4450 2991
f 2991 4448 4445
f 4437 4240 4449
f 4450 4448 2991
f 4437 4449 4451
f 4430 4434 4453
f 4430 4453 4442
f 4423 4440 4441
f 4424 4433 4432
f 4424 4432 4435
f 4434 4439 4454
f 4434 4454 4453
f 4433 4424 4447
f 4455 4454 4439
f 4455 4439 4436
f 2991 4442 4453
f 4436 4438 4452
f 4436 4452 4455
f 4453 4454 2991
f 4455 4452 2991
f 4454 4455 2991
f 2991 4452 4451
f 4441 4447 4424
f 4435 4442 4424
f 4451 4449 2991
f 4254 4443 4421
f 4443 4422 4421
f 4441 4424 4423
f 4442 2991 4424
f 4440 4423 4422
f 4444 2990 4445
f 4458 2979 4456
f 4458 4456 4457
f 4461 4458 4459
f 4459 4458 4457
f 4460 4461 4459
f 4462 4461 4460
f 4617 4460 4463
f 4464 4462 4460
f 4464 4460 4617
f 4617 4463 4466
f 4466 4463 4465
f 4467 4466 4465
f 4470 4466 4467
f 4618 4617 4466
f 4470 4467 4468
f 4469 4466 4470
f 4618 4466 4469
f 4473 4470 4468
f 4473 4468 4471
f 4472 4618 4469
f 4472 4469 4470
f 4472 4470 4473
f 4477 4473 4471
f 4475 4473 4477
f 4478 4474 4476
f 4477 4474 4478
f 4479 4477 4478
f 4479 4475 4477
f 4480 4479 4478
f 4484 4479 4480
f 4483 4484 4480
f 4486 4483 4481
f 4486 4481 4482
f 4486 4482 4485
f 4329 4484 4483
f 4329 4483 4486
f 4487 4486 4485
f 4490 4486 4487
f 4579 4329 4486
f 4579 4486 4490
f 4491 4487 4488
f 4491 4488 4489
f 4491 4490 4487
f 4490 4580 4579
f 4491 4334 4580
f 4490 4491 4580
f 4493 4492 4491
f 4491 4492 4334
f 4494 4493 4491
f 4493 4581 4492
f 4494 4582 4581
f 4493 4494 4581
f 4497 4494 4496
f 4494 4583 4582
f 4498 4497 4496
f 4584 4583 4494
f 4494 4497 4584
f 4502 4496 4495
f 4500 4498 4496
f 4500 4496 4502
f 4497 4498 4584
f 4500 4584 4498
f 4502 4499 4501
f 4500 4502 4585
f 4503 4502 4501
f 4503 4505 4502
f 4502 4505 4587
f 4586 4587 4505
f 4588 4586 4505
f 4505 4503 4504
f 4509 4505 4504
f 4505 4509 4589
f 4589 4588 4505
f 4509 4504 4506
f 4509 4506 4510
f 4510 4507 4508
f 4510 4508 4514
f 4517 4512 4510
f 4517 4510 4514
f 4514 4511 4513
f 4514 4513 4516
f 4519 4517 4514
f 4519 4514 4516
f 4519 4516 4515
f 4519 4518 4522
f 4521 4364 4519
f 4522 4521 4519
f 4523 4522 4520
f 4619 4522 4523
f 4524 4619 4523
f 4527 4524 4523
f 4527 4523 4525
f 4530 4525 4526
f 4527 4525 4530
f 4530 4526 4529
f 4531 4530 4529
f 4531 4529 4528
f 4628 4531 4528
f 4628 4528 4533
f 4533 4532 4534
f 4536 4628 4533
f 4536 4533 4534
f 4536 4534 4535
f 4538 4536 4535
f 4538 4535 4537
f 4541 4538 4537
f 4541 4537 4540
f 4541 4540 4544
f 4592 4543 4542
f 4592 4542 4545
f 4544 4543 4592
f 4592 4545 4546
f 4590 4544 4592
f 4592 4546 4547
f 4550 4592 4547
f 4550 4547 4548
f 4592 4550 4593
f 4593 4591 4592
f 4550 4548 4549
f 4594 4593 4550
f 4553 4550 4549
f 4553 4549 4551
f 4550 4553 4595
f 4595 4594 4550
f 4553 4551 4552
f 4260 4595 4553
f 4597 4553 4552
f 4596 4260 4553
f 4596 4553 4597
f 4555 4597 4554
f 4597 4555 4598
f 4598 4596 4597
f 4599 4598 4555
f 4557 4555 4556
f 4555 4557 4600
f 4600 4599 4555
f 4601 4600 4557
f 4560 4557 4558
f 4557 4560 4602
f 4602 4601 4557
f 4560 4558 4559
f 4603 4602 4560
f 4563 4560 4559
f 4563 4559 4561
f 4560 4563 4604
f 4604 4603 4560
f 4563 4561 4562
f 4605 4604 4563
f 4567 4563 4562
f 4567 4562 4564
f 4568 4563 4567
f 4567 4564 4565
f 4567 4565 4566
f 4567 4566 4570
f 4568 4567 4570
f 4570 4569 4572
f 4572 4568 4570
f 4575 4572 4571
f 4575 4573 4574
f 4576 4572 4575
f 2970 4606 2979
f 3439 4606 2970
f 3439 3440 4606
f 3441 4606 3440
f 4607 3442 3443
f 4607 3441 3442
f 3443 3444 4608
f 3446 4609 3445
f 4610 3446 3447
f 4463 3447 3448
f 3448 4465 4463
f 4609 3444 3445
f 4456 4606 4607
f 4456 4607 4457
f 4607 4606 3441
f 4608 3444 4609
f 3443 4608 4607
f 3449 3450 4467
f 4457 4607 4608
f 4457 4608 4459
f 4460 4609 4610
f 4460 4610 4463
f 4610 4609 3446
f 4610 3447 4463
f 3451 4467 3450
f 4459 4608 4609
f 4459 4609 4460
f 4471 3452 3453
f 3454 4471 3453
f 3456 4477 3455
f 4471 3882 3455
f 3454 3882 4471
f 3456 3457 4477
f 2979 4606 4456
f 4474 3459 3460
f 3458 3459 4474
f 3462 4474 3461
f 3457 3458 4474
f 4476 3463 3464
f 4476 3464 3887
f 4476 3887 3465
f 3466 4476 3465
f 3463 4476 3462
f 3460 3461 4474
f 3468 4478 3467
f 3466 3467 4478
f 3892 4480 3468
f 3470 4483 3469
f 3892 3469 4480
f 3471 3472 4481
f 3474 4481 3473
f 4481 3472 3473
f 3470 3471 4483
f 3475 4481 3474
f 3476 4481 3475
f 3477 4481 3476
f 3479 4482 3478
f 4482 3480 3481
f 4481 3477 3478
f 4482 3481 3482
f 4482 3483 3484
f 4482 3482 3483
f 3480 4482 3479
f 3485 4482 3484
f 4467 4465 3449
f 4471 4468 3452
f 4477 4471 3455
f 4467 3451 4468
f 4474 3462 4476
f 4480 4478 3468
f 4481 4483 3471
f 3478 4482 4481
f 4480 3469 4483
f 4476 3466 4478
f 4477 3457 4474
f 4482 3485 3486
f 4485 4482 3487
f 3489 4485 3488
f 3488 4485 3487
f 3491 4485 3490
f 4485 3491 3492
f 4485 3489 3490
f 4485 3492 3493
f 3495 4485 3494
f 3496 4485 3495
f 3496 3497 4487
f 4487 3497 3498
f 3909 3499 4487
f 3493 3494 4485
f 3498 3909 4487
f 3501 4487 3500
f 4488 4487 3502
f 3502 4487 3501
f 4485 3496 4487
f 3504 4488 3503
f 3503 4488 3502
f 3912 4488 3504
f 3500 4487 3499
f 3505 4488 3912
f 3506 4488 3505
f 3507 4489 3506
f 4488 3506 4489
f 3508 4489 3507
f 3486 3487 4482
f 3510 4489 3509
f 4489 3510 3511
f 3511 3512 4489
f 3514 4491 3513
f 3513 4489 3512
f 3516 4494 3515
f 3516 3517 4494
f 3518 4494 3517
f 3519 4496 3518
f 4491 3514 3515
f 4496 3520 3521
f 3522 4496 3521
f 3522 3945 4496
f 4496 3945 3523
f 3523 3524 4496
f 3526 4495 3525
f 3529 4495 3528
f 4495 3526 3527
f 4495 3527 3528
f 4496 3519 3520
f 3525 4495 3524
f 3530 3531 4502
f 3533 4499 3532
f 3535 4499 3534
f 3532 4499 3531
f 4499 3533 3534
f 3537 4501 3536
f 4501 3537 3538
f 3539 4501 3538
f 4501 3539 3540
f 3529 3530 4502
f 4501 3540 3541
f 3544 4611 3543
f 3545 4611 3544
f 3546 4611 3545
f 3548 4611 3547
f 4501 3541 4611
f 3547 4611 3546
f 3549 4611 3548
f 3552 4611 3551
f 3551 4611 3550
f 3553 3554 4504
f 4504 3555 3556
f 4504 3554 3555
f 4504 4611 3552
f 3542 3543 4611
f 3535 3536 4499
f 4611 3549 3550
f 3557 4504 3556
f 4504 3557 3558
f 4504 3558 3559
f 4504 3559 4612
f 3562 4612 3561
f 4612 3562 3563
f 3561 4612 3560
f 4612 3563 3564
f 3564 3565 4612
f 4612 3566 3567
f 4613 3569 3570
f 4613 3568 3569
f 3567 4613 4612
f 3566 4612 3565
f 4489 3513 4491
f 4494 3518 4496
f 3515 4494 4491
f 4495 3529 4502
f 3524 4495 4496
f 4499 3536 4501
f 4499 4502 3531
f 3572 4613 3571
f 3573 4613 3572
f 3541 3542 4611
f 3559 3560 4612
f 4613 3567 3568
f 4613 4506 4504
f 4613 4504 4612
f 4504 3552 3553
f 4504 4503 4611
f 4613 3573 3574
f 4613 3570 3571
f 3575 3576 4613
f 4614 3576 3577
f 3577 3578 4614
f 4613 3576 4614
f 3574 3575 4613
f 4510 4614 3578
f 4510 3579 3580
f 4510 3578 3579
f 3583 4507 3582
f 3583 3584 4507
f 3582 4507 3581
f 4510 3580 3581
f 3585 3586 4507
f 4507 3586 3587
f 4508 3588 3589
f 3589 3590 4508
f 3591 4508 3590
f 3587 3588 4508
f 4508 3591 3592
f 3593 3594 4514
f 4514 3595 3596
f 3594 3595 4514
f 3592 3593 4508
f 3584 3585 4507
f 4614 4510 4506
f 4614 4506 4613
f 3508 3509 4489
f 4514 3596 3597
f 4458 4615 2979
f 4461 4615 4458
f 4462 4616 4461
f 4461 4616 4615
f 4475 4309 4310
f 4479 4307 4308
f 4475 4479 4308
f 4475 4308 4309
f 4484 4325 4306
f 4484 4329 4328
f 4484 4328 4327
f 4484 4326 4325
f 4479 4484 4306
f 4479 4306 4307
f 4579 4303 4304
f 4579 4333 4332
f 4579 4580 4333
f 4475 4310 4311
f 4501 4611 4503
f 4302 4492 4581
f 4508 4507 3587
f 4510 3581 4507
f 4509 4510 4290
f 4509 4290 4291
f 4509 4348 4347
f 4508 3593 4514
f 4509 4349 4348
f 4301 4582 4583
f 4694 4584 4500
f 4339 4500 4585
f 4299 4502 4587
f 4339 4585 4502
f 4587 4586 4297
f 4587 4297 4298
f 4588 4296 4586
f 4588 4295 4296
f 4587 4298 4299
f 4509 4292 4293
f 4688 4581 4582
f 4335 4334 4492
f 4314 2979 4615
f 4462 4316 4616
f 4615 4616 4314
f 4618 4472 4313
f 4464 4316 4462
f 4617 4618 4317
f 4464 4617 4316
f 4473 4312 4472
f 4618 4313 4317
f 4317 4316 4617
f 4473 4311 4312
f 4311 4473 4475
f 4312 4313 4472
f 4327 4305 4484
f 4326 4484 4305
f 4329 4579 4304
f 4303 4579 4332
f 4302 4335 4492
f 4301 4688 4582
f 4581 4688 4302
f 4299 4339 4502
f 4588 4589 4346
f 4588 4346 4294
f 4694 4300 4584
f 4339 4694 4500
f 4583 4584 4300
f 4589 4347 4346
f 4294 4295 4588
f 4347 4589 4509
f 4293 4349 4509
f 4291 4292 4509
f 4354 4290 4510
f 3597 3598 4514
f 4514 3599 3600
f 3599 4514 3598
f 4511 4514 3600
f 3602 4511 3601
f 3601 4511 3600
f 3602 3603 4511
f 3605 4511 3604
f 3607 4511 3606
f 4513 3607 3608
f 3606 4511 3605
f 3608 3609 4513
f 3604 4511 3603
f 3611 4513 3610
f 3613 4513 3612
f 4513 3609 3610
f 3614 4513 3613
f 4513 3615 3616
f 3614 3615 4513
f 4516 3616 3617
f 3619 4516 3618
f 3619 3620 4516
f 3621 4516 3620
f 3624 4515 3623
f 3622 4516 3621
f 3617 3618 4516
f 3611 3612 4513
f 4516 3622 3623
f 3624 3625 4515
f 4519 3626 3627
f 4515 3625 3626
f 3628 4519 3627
f 4518 3628 3629
f 4518 3629 3630
f 3632 4518 3631
f 4518 3632 3633
f 3631 4518 3630
f 4522 3633 3634
f 3636 4520 3635
f 3636 3637 4520
f 4520 3637 3638
f 3638 3639 4523
f 3634 3635 4522
f 3641 4523 3640
f 3640 4523 3639
f 4525 3642 3643
f 3641 3642 4523
f 4513 4511 3607
f 4515 4516 3623
f 4513 3616 4516
f 4510 4512 4289
f 4510 4289 4355
f 4517 4286 4358
f 4512 4517 4288
f 4512 4288 4289
f 4518 4519 3628
f 4520 4522 3635
f 4518 3633 4522
f 4517 4519 4283
f 4517 4283 4284
f 4519 4363 4283
f 4520 3638 4523
f 4515 3626 4519
f 4517 4285 4286
f 4287 4288 4517
f 4284 4285 4517
f 4287 4517 4358
f 4521 4522 4365
f 4364 4363 4519
f 4354 4510 4355
f 4525 3643 3644
f 4012 4525 3644
f 3645 4525 4012
f 3646 4525 3645
f 4526 4525 3647
f 3647 4525 3646
f 3650 4529 3649
f 3649 4529 3648
f 4018 4528 3650
f 4527 4282 4619
f 4527 4619 4524
f 4366 4365 4522
f 4366 4522 4619
f 4619 4367 4366
f 4619 4282 4367
f 3650 4528 4529
f 4529 4526 3648
f 4368 4527 4530
f 4282 4527 4368
f 4525 4523 3642
f 4029 4528 4028
f 3651 4528 4029
f 4030 4528 3651
f 4528 4030 3652
f 3654 4533 3653
f 3656 4532 3655
f 4533 3652 3653
f 3658 4534 3657
f 3660 4535 3659
f 4532 3656 3657
f 3658 3659 4534
f 3655 4532 3654
f 3661 4535 3660
f 4535 3662 3663
f 3663 4037 4535
f 3665 4537 3664
f 3664 4535 4037
f 3666 4537 3665
f 3666 4041 4537
f 4041 3667 4537
f 3667 3668 4537
f 3668 3669 4540
f 3661 3662 4535
f 4540 3669 3670
f 3673 4539 3672
f 3674 4539 3673
f 3674 3675 4539
f 3672 4539 3671
f 4539 3675 3676
f 3676 4620 4539
f 4620 3677 3678
f 3680 4620 3679
f 4620 3678 3679
f 3676 3677 4620
f 3671 4539 3670
f 4621 3680 3681
f 4621 3682 4053
f 4053 3683 4621
f 3685 4621 3684
f 3686 4621 3685
f 3683 3684 4621
f 3688 3689 4622
f 4622 4621 3686
f 3681 3682 4621
f 3687 3688 4622
f 3690 4622 3689
f 3692 3693 4623
f 3691 4622 3690
f 4623 4622 3691
f 4058 4623 3693
f 3695 4623 3694
f 3697 4623 3696
f 4058 3694 4623
f 3697 3698 4623
f 4623 3698 4624
f 3695 3696 4623
f 4624 3698 3699
f 4532 4533 3654
f 4528 3652 4533
f 4535 4534 3659
f 4532 3657 4534
f 4539 4540 3670
f 4537 3668 4540
f 4621 4544 4540
f 4621 4540 4620
f 4621 4620 3680
f 4622 4543 4544
f 4622 4544 4621
f 3686 3687 4622
f 4623 3691 3692
f 4623 4543 4622
f 4620 4540 4539
f 4535 3664 4537
f 3700 4624 4061
f 3701 4542 3700
f 3700 4542 4624
f 3702 3703 4542
f 4542 3701 3702
f 3704 4545 3703
f 3704 3705 4545
f 3699 4061 4624
f 3707 4545 3706
f 4545 3707 3708
f 4545 3708 3709
f 4545 3709 3710
f 3713 4546 3712
f 4545 3711 3712
f 4545 3710 3711
f 3705 3706 4545
f 3713 3714 4546
f 3714 3715 4546
f 3716 3717 4546
f 3718 4547 3717
f 4547 3719 3720
f 4547 3721 3722
f 4547 3720 3721
f 3722 3723 4547
f 4547 3725 3726
f 3724 3725 4547
f 3723 3724 4547
f 3719 4547 3718
f 3716 4546 3715
f 4624 4542 4543
f 4624 4543 4623
f 3726 3727 4548
f 3727 3728 4548
f 3729 4548 3728
f 4548 3730 3731
f 3732 4549 3731
f 4549 3732 3733
f 4549 3734 3735
f 4549 4089 3734
f 4549 3733 4089
f 3735 3736 4549
f 4551 3737 3738
f 3739 4551 3738
f 3740 4551 3739
f 3742 4551 3741
f 3742 3743 4551
f 3741 4551 3740
f 3737 4549 3736
f 3746 4551 3745
f 3747 4552 3746
f 3745 4551 3744
f 3750 4552 3749
f 3753 4552 3752
f 4552 3750 3751
f 3748 3749 4552
f 3748 4552 3747
f 3752 4552 3751
f 3744 4551 3743
f 4597 3753 3754
f 3755 4597 3754
f 4554 3755 4106
f 4106 3756 4554
f 3758 4555 3757
f 3760 4556 3759
f 3759 4555 3758
f 3757 4554 3756
f 4557 3761 3762
f 3763 4557 3762
f 3765 4558 3764
f 3766 4558 3765
f 3763 3764 4558
f 3768 4558 3767
f 4559 3769 3770
f 3768 3769 4559
f 4559 3770 3771
f 4561 3773 3774
f 4559 3772 3773
f 3772 4559 3771
f 4558 3766 3767
f 3775 4561 3774
f 3729 3730 4548
f 4561 3776 3777
f 4562 3778 3779
f 3775 3776 4561
f 4562 3779 3780
f 4562 3781 3782
f 4562 3780 3781
f 4562 3782 3783
f 4564 3784 3785
f 4564 3785 3786
f 3783 3784 4564
f 3789 4565 3788
f 3789 3790 4565
f 3787 3788 4564
f 3777 3778 4561
f 4566 3791 3792
f 4566 3792 3793
f 3793 3794 4566
f 3796 4566 3795
f 3795 4566 3794
f 3791 4565 3790
f 3798 4570 3797
f 4569 3798 3799
f 3799 3800 4569
f 4569 3800 3801
f 3803 4569 3802
f 3802 4569 3801
f 3797 4570 3796
f 4572 3803 3804
f 4571 3805 3806
f 4571 3806 3807
f 4571 3807 3808
f 4571 3809 3810
f 3808 3809 4571
f 4575 3810 3811
f 3813 4573 3812
f 3815 4573 3814
f 3817 4573 3816
f 3815 3816 4573
f 3814 4573 3813
f 4575 3811 3812
f 3804 3805 4572
f 4574 3820 3821
f 3822 3823 4625
f 4625 4574 3822
f 3822 4574 3821
f 3824 4625 3823
f 3826 4625 3825
f 4626 3826 3827
f 4626 3828 3829
f 4626 3829 3830
f 3828 4626 3827
f 3824 3825 4625
f 4574 3818 3819
f 3818 4574 3817
f 3787 4564 3786
f 3831 4626 3830
f 4530 4627 4368
f 4531 4627 4530
f 4628 4369 4531
f 4627 4531 4369
f 4546 4545 3712
f 4542 3703 4545
f 4538 4373 4279
f 4536 4538 4279
f 4536 4279 4280
f 4538 4374 4373
f 4541 4277 4278
f 4538 4541 4278
f 4538 4278 4374
f 4541 4378 4276
f 4544 4275 4779
f 4541 4544 4379
f 4541 4379 4378
f 4590 4269 4270
f 4590 4268 4269
f 4544 4273 4274
f 4541 4276 4277
f 4536 4629 4628
f 4544 4590 4271
f 4548 4547 3726
f 4551 4549 3737
f 4548 3731 4549
f 4597 4552 3753
f 4555 4554 3757
f 4597 3755 4554
f 4551 3746 4552
f 4557 4556 3761
f 4559 4558 3768
f 4557 3763 4558
f 4562 4561 3778
f 4565 4564 3788
f 4566 4565 3791
f 4562 3783 4564
f 4559 3773 4561
f 4555 3759 4556
f 4592 4591 4266
f 4592 4266 4267
f 4593 4265 4591
f 4595 4262 4263
f 4594 4595 4263
f 4593 4594 4264
f 4593 4264 4265
f 4563 4568 4605
f 4568 4408 4407
f 4595 4260 4261
f 4595 4261 4262
f 4546 3717 4547
f 4590 4592 4267
f 4590 4267 4268
f 4725 4368 4627
f 4369 4725 4627
f 4370 4369 4628
f 4370 4628 4281
f 4281 4628 4629
f 4280 4281 4629
f 4536 4280 4629
f 4779 4379 4544
f 4274 4275 4544
f 4272 4273 4544
f 4270 4271 4590
f 4271 4272 4544
f 4600 4601 4258
f 4605 4405 4604
f 4603 4403 4602
f 4596 4598 4259
f 4403 4601 4602
f 4568 4407 4605
f 4405 4603 4604
f 4258 4599 4600
f 4598 4599 4259
f 4630 3832 3833
f 3835 4631 3834
f 3837 4631 3836
f 4631 3833 3834
f 3836 4631 3835
f 3839 4632 3838
f 3840 4632 3839
f 4634 3842 3843
f 3842 4634 3841
f 4631 3837 3838
f 4570 3798 4569
f 4572 3805 4571
f 3803 4572 4569
f 4575 3812 4573
f 4574 3819 3820
f 4574 4625 4630
f 4574 4630 4576
f 3817 4574 4573
f 3810 4575 4571
f 3833 4631 4630
f 4625 3826 4626
f 4631 3838 4632
f 4634 4577 4633
f 4634 4633 3841
f 3844 3845 4634
f 3845 4635 4577
f 3845 4577 4634
f 4632 3840 4633
f 4633 4577 4632
f 4631 4632 4630
f 4634 3843 3844
f 4626 4630 4625
f 3796 4570 4566
f 3847 4635 3846
f 4635 3847 3848
f 3851 4636 3850
f 3851 3852 4636
f 3853 4636 3852
f 4578 3853 3854
f 4578 3854 4637
f 3855 3856 4638
f 3858 3859 4639
f 3858 4639 3857
f 3857 4639 4638
f 3860 4639 3859
f 3849 4635 3848
f 3860 3861 4251
f 3861 3862 4251
f 4250 3862 3863
f 4636 4640 3849
f 3849 3850 4636
f 4636 3853 4578
f 3864 4249 3863
f 3849 4640 4635
f 3865 3866 4247
f 4238 3867 2990
f 3866 3867 4246
f 4241 4242 3867
f 3867 4240 4241
f 4240 3867 4239
f 4239 3867 4238
f 4248 3864 3865
f 3845 3846 4635
f 4243 3867 4242
f 4568 4409 4408
f 4572 4410 4409
f 4568 4572 4409
f 3831 4630 4626
f 4575 4574 4576
f 4412 4572 4576
f 4572 4412 4411
f 4576 4413 4412
f 4572 4411 4410
f 4791 4630 4632
f 4414 4576 4415
f 4415 4630 4791
f 4416 4791 4632
f 4576 4414 4413
f 4630 4415 4576
f 4254 4638 4253
f 4639 4253 4638
f 4253 4639 4252
f 3860 4252 4639
f 3857 4638 3856
f 4638 4637 3855
f 4247 3866 4246
f 4245 4246 3867
f 4247 4248 3865
f 4252 3860 4251
f 4250 4251 3862
f 3863 4249 4250
f 4248 4249 3864
f 4245 3867 4244
f 4257 4632 4577
f 4256 4257 4577
f 4256 4635 4640
f 4256 4577 4635
f 4255 4256 4640
f 4416 4632 4257
f 4640 4636 4578
f 4637 4641 4640
f 4637 4640 4578
f 4641 4255 4640
f 4641 4637 4254
f 4638 4254 4637
f 4255 4641 4254
f 4243 4244 3867
f 3831 3832 4630
f 4028 4528 4018
f 4647 4646 4643
f 4647 4643 4644
f 4648 4649 4644
f 4648 4644 4645
f 4649 4650 4646
f 4649 4646 4647
f 4649 4647 4644
f 4752 4649 4648
f 4650 4649 4752
f 4654 4651 4650
f 4652 4654 4650
f 4653 4655 4651
f 4656 4653 4651
f 4656 4651 4654
f 4655 4653 4656
f 4660 4657 4655
f 4660 4655 4656
f 4659 4658 4657
f 4662 4659 4657
f 4660 4662 4657
f 4662 4661 4659
f 4666 4661 4662
f 4664 4667 4663
f 4664 4663 4665
f 4668 4664 4665
f 4668 4665 4666
f 4667 4664 4668
f 4673 4670 4667
f 4673 4667 4668
f 4673 4669 4670
f 4669 4672 4671
f 4677 4669 4673
f 4676 4674 4672
f 4676 4672 4669
f 4677 4676 4669
f 4676 4675 4674
f 4736 4678 4675
f 4736 4675 4676
f 4679 4736 4676
f 4679 4676 4677
f 4736 4680 4678
f 4736 4679 4681
f 4737 4680 4736
f 4682 4737 4736
f 4684 4682 4736
f 4682 4684 4737
f 4685 4683 4737
f 4686 4685 4737
f 4688 4686 4737
f 4685 4689 4687
f 4692 4690 4689
f 4692 4689 4685
f 4738 4692 4685
f 4691 4685 4686
f 4685 4691 4738
f 4695 4693 4692
f 4696 4695 4692
f 4694 4692 4738
f 4692 4694 4696
f 4697 4699 4695
f 4697 4695 4696
f 4699 4697 4696
f 4702 4701 4699
f 4700 4703 4701
f 4700 4701 4702
f 4710 4705 4704
f 4710 4704 4706
f 4710 4707 4705
f 4710 4708 4707
f 4710 4709 4708
f 4711 4709 4710
f 4714 4713 4712
f 4714 4712 4709
f 4718 4716 4714
f 4715 4718 4714
f 4718 4717 4716
f 4721 4720 4718
f 4719 4721 4718
f 4721 4722 4720
f 4724 4723 4722
f 4725 4724 4722
f 4726 4724 4725
f 4727 4724 4726
f 4726 4728 4727
f 4729 4728 4726
f 4731 4730 4729
f 4731 4729 4726
f 4733 4731 4732
f 4734 4733 4732
f 4734 4735 4733
f 3438 4642 4739
f 3438 4739 3437
f 4739 3436 3437
f 4740 3434 3435
f 3435 3436 4740
f 3434 4741 3433
f 4742 3432 3433
f 4743 3430 3431
f 4744 3430 4743
f 3429 3430 4744
f 3428 4745 3427
f 3429 4746 3428
f 4742 3431 3432
f 3427 4745 3426
f 4740 3436 4739
f 3426 4745 3425
f 3425 4657 3424
f 4646 4650 4741
f 4646 4741 4740
f 4741 3434 4740
f 4650 4651 4742
f 4650 4742 4741
f 4743 3431 4742
f 4741 4742 3433
f 4651 4743 4742
f 4740 4739 4643
f 4740 4643 4646
f 3421 3422 4659
f 3422 3423 4659
f 4661 3419 3420
f 3418 3419 4666
f 3421 4661 3420
f 3418 4666 3417
f 4665 3415 3416
f 3415 4663 3414
f 4663 3413 3414
f 4667 3411 3412
f 3413 4663 3412
f 4667 3409 3410
f 3411 4667 3410
f 3406 3407 4670
f 4667 3408 3409
f 4670 3405 3406
f 3405 4670 3404
f 3402 3403 4670
f 3402 4669 3401
f 3403 3404 4670
f 3408 4667 3407
f 3417 4665 3416
f 3400 3401 4669
f 4643 4739 4642
f 4651 4655 4744
f 4651 4744 4743
f 4644 4643 4642
f 4745 3428 4746
f 3429 4744 4746
f 4667 3412 4663
f 3399 4671 3398
f 4655 4745 4746
f 4746 4744 4655
f 3396 3397 4671
f 3397 3398 4671
f 3395 3396 4671
f 3400 4671 3399
f 4745 4655 4657
f 4658 3424 4657
f 4661 3421 4659
f 4658 4659 3423
f 4657 3425 4745
f 4665 3417 4666
f 4665 4663 3415
f 4671 3400 4669
f 4670 4669 3402
f 4667 4670 3407
f 4661 4666 3419
f 4671 3394 3395
f 4672 3393 4671
f 3392 3393 4672
f 3390 3391 4672
f 3388 3389 4672
f 3390 4672 3389
f 4672 3391 3392
f 3387 3388 4672
f 4672 3385 3386
f 3385 4672 3384
f 4674 3383 3384
f 4674 3381 3382
f 3382 3383 4674
f 3386 3387 4672
f 4674 3380 3381
f 4672 4674 3384
f 4675 3379 4674
f 4674 3379 3380
f 3378 3379 4675
f 3376 3377 4675
f 4675 3375 3376
f 3375 4675 3374
f 3372 3373 4675
f 3374 4675 3373
f 4675 3371 3372
f 3370 3371 4675
f 3378 4675 3377
f 3394 4671 3393
f 3369 3370 4678
f 3368 3369 4678
f 3366 3367 4678
f 3365 3366 4678
f 3365 4678 3364
f 3368 4678 3367
f 3362 3363 4678
f 3360 3361 4680
f 3363 3364 4678
f 3358 3359 4680
f 4680 3359 3360
f 3362 4678 3361
f 3356 3357 4680
f 3357 3358 4680
f 4737 3354 3355
f 3354 4683 3353
f 3353 4683 3352
f 3352 4685 3351
f 4737 3355 3356
f 4685 3350 3351
f 3347 3348 4687
f 4687 3349 3350
f 3345 3346 4687
f 3344 3345 4689
f 3348 3349 4687
f 3343 3344 4689
f 3340 3341 4690
f 3339 3340 4690
f 4690 3341 3342
f 3343 4690 3342
f 3339 4690 3338
f 3336 3337 4692
f 4692 3337 3338
f 4693 3335 3336
f 3333 3334 4695
f 3331 3332 4695
f 4695 3332 3333
f 4693 3334 3335
f 4687 3346 3347
f 4747 3328 3329
f 4695 3330 3331
f 3328 4747 3327
f 3330 4695 4747
f 3326 4747 3325
f 4747 3326 3327
f 4747 3324 3325
f 3321 3322 4747
f 3322 3323 4747
f 3319 3320 4747
f 4748 3319 4747
f 4748 3317 3318
f 3324 4747 3323
f 4747 3320 3321
f 4678 4680 3361
f 4680 4737 3356
f 4683 4685 3352
f 4687 4689 3345
f 3350 4685 4687
f 3354 4737 4683
f 4690 4692 3338
f 3336 4692 4693
f 4689 4690 3343
f 3315 3316 4748
f 4693 4695 3334
f 4748 4747 4699
f 4748 4699 4701
f 3319 4748 3318
f 3330 4747 3329
f 4748 3314 3315
f 3316 3317 4748
f 4748 3311 3312
f 3313 4748 3312
f 3310 4749 3309
f 3309 4749 3308
f 4749 3310 4748
f 4748 3310 3311
f 4749 3307 3308
f 3305 3306 4749
f 4749 3304 3305
f 3303 3304 4749
f 3306 3307 4749
f 3302 4750 3301
f 4750 3303 4749
f 3301 4750 3300
f 4750 3298 3299
f 3297 3298 4750
f 3302 3303 4750
f 3297 4750 3296
f 3294 3295 4750
f 3295 3296 4750
f 3293 3294 4706
f 3314 4748 3313
f 4749 4748 4701
f 4675 4678 3370
f 4642 4751 4645
f 4645 4644 4642
f 4648 4645 4751
f 4648 4751 4752
f 4650 4753 4652
f 4654 4652 4656
f 4650 4752 4753
f 4323 4668 4666
f 4321 4666 4662
f 4332 4679 4677
f 4328 4677 4673
f 4306 4673 4668
f 4319 4662 4660
f 4695 4699 4747
f 4334 4736 4681
f 4701 4703 4750
f 4701 4750 4749
f 4703 4706 4750
f 3299 3300 4750
f 4750 4706 3294
f 4336 4737 4684
f 4337 4686 4688
f 4338 4738 4691
f 4339 4696 4694
f 4335 4684 4736
f 4334 4681 4679
f 4652 4316 4656
f 4656 4317 4660
f 4753 4752 4315
f 4753 4616 4652
f 4327 4328 4673
f 4677 4330 4331
f 4673 4305 4327
f 4325 4673 4306
f 4326 4673 4325
f 4305 4673 4326
f 4329 4330 4677
f 4329 4677 4328
f 4668 4324 4306
f 4316 4317 4656
f 4616 4316 4652
f 4315 4751 4642
f 4315 4752 4751
f 4753 4315 4616
f 4319 4320 4662
f 4322 4323 4666
f 4666 4321 4322
f 4317 4318 4660
f 4660 4318 4319
f 4321 4662 4320
f 4668 4323 4324
f 4699 4696 4342
f 4343 4699 4698
f 4700 4699 4344
f 4343 4344 4699
f 4348 4700 4347
f 4349 4703 4348
f 4700 4348 4703
f 4345 4700 4344
f 4699 4700 4702
f 4346 4700 4345
f 4347 4700 4346
f 4335 4336 4684
f 4688 4737 4336
f 4679 4332 4333
f 4333 4580 4679
f 4580 4334 4679
f 4335 4736 4334
f 4341 4696 4340
f 4341 4342 4696
f 4696 4339 4340
f 4337 4691 4686
f 4338 4694 4738
f 4699 4342 4698
f 4677 4331 4332
f 4704 3291 4706
f 3291 4704 3290
f 4704 3289 3290
f 3288 3289 4704
f 3287 3288 4704
f 3285 3286 4704
f 4704 3286 3287
f 3283 3284 4705
f 3285 4705 3284
f 4705 3281 3282
f 4705 3280 3281
f 3278 3279 4707
f 3278 4707 3277
f 4705 3279 3280
f 3277 4707 3276
f 3275 4707 3274
f 3273 3274 4707
f 4708 3272 3273
f 3275 3276 4707
f 3283 4705 3282
f 3270 3271 4708
f 4708 3269 3270
f 4708 3268 3269
f 3266 3267 4709
f 3266 4709 3265
f 3265 4709 3264
f 4709 3263 3264
f 4709 3262 3263
f 4708 3267 3268
f 4709 3261 3262
f 3259 3260 4709
f 3260 3261 4709
f 4709 3257 3258
f 3255 3256 4709
f 3253 3254 4712
f 4709 3256 3257
f 4712 3252 3253
f 4712 3250 3251
f 4709 3254 3255
f 3258 3259 4709
f 3252 4712 3251
f 3272 4708 3271
f 4705 3285 4704
f 4707 3279 4705
f 4354 4710 4706
f 4707 4708 3273
f 4706 4703 4350
f 3254 4709 4712
f 4709 3267 4708
f 4359 4711 4710
f 4362 4363 4711
f 4353 4354 4706
f 4354 4355 4710
f 4349 4350 4703
f 4706 4350 4351
f 4706 4351 4352
f 4706 4352 4353
f 4710 4358 4359
f 4711 4361 4362
f 4361 4711 4360
f 4357 4710 4356
f 4358 4710 4287
f 4355 4356 4710
f 4359 4360 4711
f 4710 4357 4287
f 3250 4712 3249
f 4712 3248 3249
f 4713 3246 3247
f 3247 3248 4712
f 3246 4713 3245
f 3243 3244 4713
f 3241 3242 4714
f 3242 3243 4713
f 4714 3240 3241
f 4713 3244 3245
f 3240 4716 3239
f 4714 3242 4713
f 4712 4713 3247
f 4363 4364 4709
f 4714 4709 4364
f 4364 4521 4714
f 4709 4711 4363
f 3237 3238 4716
f 4714 4365 4715
f 4714 4521 4365
f 4716 3240 4714
f 3238 3239 4716
f 3291 3292 4706
f 4706 3292 3293
f 3234 3235 4717
f 4717 3233 3234
f 4717 3232 3233
f 4716 3235 3236
f 4717 3231 3232
f 4718 3229 3230
f 3228 3229 4718
f 4720 3227 3228
f 4717 3230 3231
f 3225 3226 4720
f 4720 3226 3227
f 4720 3224 3225
f 3222 3223 4722
f 3222 4722 3221
f 3221 4722 3220
f 4073 3218 4724
f 4724 3218 3219
f 4722 3223 3224
f 4073 4724 3217
f 4728 3214 3215
f 3214 4728 3213
f 3211 3212 4729
f 3208 3209 4731
f 4731 3207 3208
f 3209 3210 4731
f 3212 3213 4729
f 3215 3216 4728
f 3206 3207 4731
f 3205 3206 4733
f 3203 3204 4733
f 3200 3201 4733
f 3201 3202 4733
f 4733 3199 3200
f 3199 4733 3198
f 3203 4733 3202
f 3205 4733 3204
f 4717 3235 4716
f 4076 3198 4733
f 4722 3224 4720
f 4718 3230 4717
f 4718 4720 3228
f 3197 4076 4733
f 4733 3195 3196
f 4733 4754 3195
f 4754 3194 3195
f 4733 3196 3197
f 3194 4754 3193
f 4723 3220 4722
f 4728 3216 4727
f 4724 4727 3217
f 4723 4724 3219
f 4730 3211 4729
f 4730 4731 3210
f 4731 4733 3206
f 4728 4729 3213
f 4754 3192 3193
f 3191 4754 3190
f 3190 4754 3189
f 3188 4757 3187
f 3189 4757 3188
f 3185 3186 4755
f 3183 3184 4755
f 3187 4755 3186
f 3182 3183 4755
f 3179 4756 3178
f 3181 3182 4755
f 3180 3181 4755
f 4755 3184 3185
f 4756 3177 3178
f 4756 4081 3177
f 4757 3189 4754
f 4756 4755 4757
f 3180 4756 3179
f 3187 4757 4755
f 4755 4756 3180
f 3176 4756 3175
f 3175 4756 3174
f 4081 4756 3176
f 3173 4758 3172
f 4756 4758 3174
f 3171 3172 4758
f 4758 3173 3174
f 3192 4754 3191
f 4733 4735 4757
f 4733 4757 4754
f 3170 4758 3169
f 4758 3168 3169
f 3167 4759 3166
f 4759 3165 3166
f 4760 3165 4759
f 3162 3163 4760
f 4760 3164 3165
f 3164 4760 3163
f 4758 4759 3168
f 4759 4758 4761
f 4759 4761 4760
f 3167 3168 4759
f 4762 3161 3162
f 4762 3160 3161
f 3159 3160 4762
f 4762 3157 3158
f 4762 3158 3159
f 4762 3156 3157
f 3155 4762 3154
f 3152 3153 4763
f 4762 3153 3154
f 3150 3151 4763
f 3149 3150 4763
f 4763 3151 3152
f 4762 3155 3156
f 3171 4758 3170
f 3147 3148 4763
f 4764 3145 3146
f 4764 3144 3145
f 4764 3143 3144
f 4763 3146 3147
f 3143 4764 3142
f 4764 3139 3140
f 3140 3141 4764
f 3139 4764 3138
f 4764 4765 3137
f 3137 3138 4764
f 3136 4765 3135
f 3149 4763 3148
f 3135 4765 3134
f 4765 3133 3134
f 4765 3131 3132
f 3130 4765 4766
f 3132 3133 4765
f 3130 4766 3129
f 3129 4766 3128
f 3127 4766 3126
f 3128 4766 3127
f 3124 4766 3123
f 3122 3123 4766
f 3124 3125 4766
f 4766 3125 3126
f 4764 3141 3142
f 3121 4767 3120
f 3119 4767 3118
f 4767 3121 4766
f 3118 4767 3117
f 4767 3116 3117
f 3120 4767 3119
f 3116 4767 3115
f 4768 3114 4767
f 3114 4768 3113
f 4768 3110 3111
f 4768 3111 3112
f 3113 4768 3112
f 4769 3108 3109
f 3107 4770 3106
f 4770 4163 3106
f 3109 3110 4768
f 4163 4770 3105
f 3105 4771 3104
f 4771 3103 3104
f 3102 3103 4772
f 4769 3107 3108
f 4772 3099 3100
f 4772 3101 3102
f 3098 4773 3097
f 3100 3101 4772
f 3096 4774 3095
f 4774 3093 3094
f 3097 4773 3096
f 4774 3091 3092
f 3089 3090 4775
f 3091 4775 3090
f 3095 4774 3094
f 3092 3093 4774
f 4775 3087 3088
f 4775 3086 3087
f 4776 3085 3086
f 4776 3083 3084
f 4776 3081 3082
f 3083 4776 3082
f 3089 4775 3088
f 4777 3079 3080
f 3077 3078 4777
f 3080 3081 4777
f 4778 3075 3076
f 4778 3074 3075
f 3076 3077 4777
f 3078 3079 4777
f 3084 3085 4776
f 3099 4772 3098
f 4758 4756 4757
f 4758 4757 4761
f 4778 3073 3074
f 4757 4735 4734
f 4757 4379 4779
f 4762 4760 4385
f 4762 3162 4760
f 4760 4761 4780
f 4757 4779 4761
f 4763 4764 3146
f 4763 4389 4764
f 4765 3130 3131
f 4765 4393 4766
f 4765 4764 4391
f 3137 4765 3136
f 3115 4767 3114
f 4767 4397 4768
f 4400 4770 4769
f 4770 3107 4769
f 4768 4769 3109
f 4399 4769 4768
f 4767 4766 4395
f 3122 4766 3121
f 4763 4762 4387
f 4762 4763 3153
f 4399 4400 4769
f 4768 4398 4399
f 4400 4401 4770
f 4396 4767 4395
f 4397 4767 4396
f 4768 4397 4398
f 4770 4401 4771
f 4403 4773 4772
f 4773 3098 4772
f 4405 4774 4404
f 4775 3091 4774
f 4773 4774 3096
f 4404 4774 4773
f 4402 4771 4401
f 4773 4403 4404
f 4403 4772 4402
f 4405 4775 4774
f 4772 4771 4402
f 4771 4772 3103
f 4770 4771 3105
f 4395 4766 4394
f 3071 3072 4778
f 3070 3071 4781
f 3068 3069 4781
f 3066 3067 4781
f 3069 3070 4781
f 4781 3067 3068
f 3065 3066 4782
f 4782 3063 3064
f 3063 4782 3062
f 4782 3061 3062
f 4783 3060 3061
f 3064 3065 4782
f 4407 4777 4776
f 4776 4777 3081
f 4781 3071 4778
f 3076 4777 4778
f 4408 4778 4777
f 4406 4775 4405
f 4777 4407 4408
f 4407 4776 4406
f 4408 4781 4778
f 4776 4775 4406
f 4783 3061 4782
f 3066 4781 4782
f 4783 4784 3059
f 3059 4784 3058
f 4782 4408 4409
f 4782 4409 4783
f 4784 3057 3058
f 4782 4781 4408
f 3060 4783 3059
f 3086 4775 4776
f 4778 3072 3073
f 4282 4721 4719
f 4368 4722 4721
f 4282 4719 4718
f 4369 4726 4725
f 4372 4731 4726
f 4722 4368 4725
f 4718 4366 4367
f 4718 4367 4282
f 4721 4282 4368
f 4365 4366 4718
f 4734 4732 4373
f 4279 4373 4732
f 4371 4726 4370
f 4372 4726 4371
f 4731 4372 4279
f 4726 4369 4370
f 4279 4732 4731
f 4718 4715 4365
f 4379 4757 4734
f 4378 4379 4734
f 4386 4387 4762
f 4386 4762 4385
f 4389 4390 4764
f 4391 4392 4765
f 4764 4390 4391
f 4388 4763 4387
f 4389 4763 4388
f 4761 4381 4780
f 4393 4765 4392
f 4734 4377 4378
f 4375 4734 4374
f 4377 4734 4376
f 4373 4374 4734
f 4376 4734 4375
f 4780 4384 4385
f 4780 4385 4760
f 4384 4780 4383
f 4381 4761 4380
f 4780 4381 4382
f 4382 4383 4780
f 4761 4779 4380
f 4393 4394 4766
f 4784 3054 3055
f 4784 3055 3056
f 3052 3053 4785
f 4785 3053 3054
f 4786 3051 3052
f 4786 3049 3050
f 3049 4786 3048
f 3047 3048 4786
f 3046 3047 4787
f 4786 3050 3051
f 3044 3045 4788
f 3043 3044 4788
f 3041 3042 4788
f 4788 3040 3041
f 4788 3042 3043
f 3046 4787 3045
f 4414 3038 3039
f 4789 3038 4414
f 4789 3036 3037
f 3032 3033 4415
f 3034 3035 4789
f 3039 3040 4414
f 3036 4789 3035
f 4789 4415 3033
f 4790 3030 3031
f 3028 3029 4790
f 3029 3030 4790
f 4790 3031 4415
f 3025 3026 4791
f 3026 4790 4791
f 3024 4792 3023
f 3024 4791 4792
f 3027 3028 4790
f 3023 4792 3022
f 3020 3021 4792
f 3019 4792 4793
f 4792 3021 3022
f 3017 3018 4793
f 4794 3014 3015
f 4794 3012 3013
f 4797 3009 3010
f 3014 4794 3013
f 4797 3010 3011
f 4793 3018 3019
f 4410 4785 4784
f 4785 3054 4784
f 4785 4410 4786
f 3052 4785 4786
f 4412 4787 4411
f 4787 4412 4788
f 4414 4788 4413
f 4413 4788 4412
f 4787 4786 4411
f 4411 4786 4410
f 4791 4416 4792
f 4791 4790 4415
f 3017 4793 3016
f 4793 4417 3016
f 3012 4794 4795
f 4794 4418 4795
f 4794 3016 4418
f 3015 3016 4794
f 4793 4792 4417
f 4417 4792 4416
f 4415 4789 4414
f 4789 3037 3038
f 4788 4414 3040
f 4410 4784 4409
f 4786 4787 3047
f 4788 3045 4787
f 4418 3016 4417
f 4797 4796 3009
f 4795 4418 4419
f 4792 3019 3020
f 4415 3031 3032
f 4790 3026 3027
f 3024 3025 4791
f 3033 3034 4789
f 3011 4795 4797
f 4797 4795 4419
f 4783 4409 4784
f 3007 3008 4798
f 3007 4798 3006
f 3004 3005 4799
f 4799 3003 3004
f 4799 3002 3003
f 3005 3006 4798
f 4800 3001 3002
f 4421 2999 3000
f 3000 3001 4800
f 2997 2998 4422
f 4423 2997 2997
f 2998 2998 4422
f 2999 4422 2998
f 4423 2996 2997
f 3008 4796 4798
f 4796 4420 4798
f 4798 4799 3005
f 4420 4799 4798
f 4420 4421 4799
f 4421 3000 4800
f 4799 4421 4800
f 4799 4800 3002
f 4419 4420 4796
f 4424 2994 2995
f 4424 2993 2994
f 2992 2993 4424
f 2999 4421 4422
f 2992 4424 2991
f 2996 4423 4424
f 4422 4423 2997
f 4424 2995 2996
f 4419 4796 4797
f 3057 4784 3056
f 4716 3236 3237
f 5138 4801 5137
f 5136 5138 5137
f 5138 5134 5133
f 5134 5138 5135
f 5135 5138 5136
f 5131 5139 5132
f 5131 5130 5139
f 5128 5139 5129
f 5130 5129 5139
f 5133 5132 5139
f 5125 5144 5126
f 4802 5140 5128
f 4808 5181 5124
f 4819 5161 4818
f 5115 5162 4819
f 4820 5164 5114
f 5139 5128 5140
f 5127 4914 5141
f 5140 4912 5139
f 5140 4802 5141
f 5148 5167 5145
f 5147 4803 5175
f 5142 4865 5127
f 5138 5133 5139
f 5143 5126 5144
f 5125 5145 5144
f 5144 4917 4916
f 5144 4916 5143
f 5145 5167 5170
f 5146 5168 5148
f 5176 5148 5168
f 5148 5170 5167
f 5170 4866 5144
f 5145 5170 5144
f 5143 4865 5142
f 5123 5172 5171
f 5123 5171 5181
f 5123 5181 5152
f 5123 4809 5172
f 5175 4803 5173
f 5153 4811 4812
f 5153 5186 4810
f 5174 5156 5120
f 4811 5153 4810
f 5176 5146 5175
f 4804 5149 4803
f 4804 4919 5149
f 5149 5173 4803
f 5151 5124 5177
f 5121 5154 5188
f 5174 5189 5155
f 5174 5155 5156
f 4805 4919 4804
f 5175 5146 5147
f 5176 5168 5146
f 5151 5177 4807
f 4807 4921 5150
f 5181 5180 5124
f 4808 5152 5181
f 5180 5179 5177
f 5124 5180 5177
f 5172 5183 5171
f 5185 4870 4810
f 5186 4870 5185
f 4810 5186 5185
f 4810 4870 4869
f 4810 4869 5184
f 4809 4810 5184
f 5184 4869 5172
f 4809 5184 5172
f 5171 5182 5181
f 5153 4812 5186
f 5187 5122 4813
f 5188 4926 4813
f 5122 5187 4812
f 4927 5154 5155
f 5189 4927 5155
f 5120 5119 4871
f 5119 4872 4871
f 4814 4872 5119
f 5157 5178 4815
f 5178 4873 4815
f 5157 4873 5178
f 4815 4873 4872
f 4815 4872 4814
f 5120 4871 5174
f 4921 4920 4806
f 5165 5112 5111
f 4937 5111 5110
f 5159 5117 5116
f 5118 5191 5158
f 4816 5199 5160
f 5115 5192 5162
f 5164 5209 5114
f 5115 5163 5193
f 5108 5194 5109
f 5166 5199 4817
f 5202 4816 5160
f 5194 5108 5107
f 4823 4943 4822
f 5117 5191 5118
f 4928 5117 5159
f 5203 5116 5202
f 5116 5201 5200
f 5203 5202 5204
f 5203 5201 5116
f 5116 5200 4928
f 5116 4928 5159
f 4930 5204 5199
f 4930 5199 5205
f 5205 5199 5206
f 5204 5160 5199
f 5206 5199 5166
f 4817 4875 5166
f 4818 4875 4817
f 5204 5202 5160
f 5192 4819 5162
f 5115 5207 5192
f 5208 5207 5115
f 5208 5115 5193
f 5207 5161 4819
f 5207 4819 5192
f 5193 5163 5209
f 5113 5165 4820
f 5210 5209 5164
f 4932 4820 5165
f 4820 4931 5164
f 5165 5113 5112
f 4937 4936 5165
f 5165 5111 4937
f 5194 5107 5195
f 4939 5110 5194
f 5195 4940 5194
f 4942 5196 4821
f 5110 4938 4937
f 5110 5109 5194
f 5209 5210 5193
f 5190 5158 5191
f 5190 5157 5158
f 5211 4821 4822
f 5190 4873 5157
f 5138 4863 4801
f 4829 5213 5214
f 4839 4947 4838
f 5218 5106 5105
f 5219 5105 5104
f 5218 4839 5106
f 5223 4840 4841
f 5222 5101 4840
f 5224 5100 5099
f 5097 5224 5098
f 5098 5224 5099
f 5224 4841 5100
f 5097 5096 5225
f 5225 5095 4842
f 5225 5096 5095
f 5093 5225 5094
f 5226 5225 5092
f 5092 5091 5226
f 5092 5225 5093
f 5225 4842 5094
f 5097 5225 5224
f 5226 5090 5089
f 5088 5227 5226
f 4838 5217 4837
f 5226 5089 5088
f 5086 5227 5087
f 5085 5228 4843
f 4843 5228 5086
f 5084 5229 5228
f 4844 5229 5083
f 5082 5230 5229
f 5081 5230 5082
f 5080 5231 5230
f 5080 5230 5081
f 5084 5228 5085
f 5231 4845 5078
f 5232 5077 5076
f 5231 5078 5077
f 5232 5075 5233
f 5233 5074 5073
f 5232 5076 5075
f 4981 4846 5072
f 5234 5071 5070
f 5234 5072 5071
f 5235 5234 5069
f 5235 5068 5067
f 5069 5068 5235
f 5069 5234 5070
f 4981 5073 4846
f 5231 5079 4845
f 5226 5091 5090
f 5236 5235 5066
f 5236 5065 4847
f 5237 5064 5063
f 5240 4848 4849
f 5239 5063 4848
f 5236 4847 5064
f 5240 5062 5061
f 5241 5061 5060
f 5242 5059 5058
f 5244 5245 4851
f 5243 5058 4851
f 5242 4850 5059
f 5240 4849 5062
f 5229 4844 5082
f 5217 4883 5216
f 5214 5213 4830
f 5235 5067 5066
f 4854 5057 5249
f 4854 4855 5057
f 5246 5245 5244
f 4837 5217 5216
f 5249 5056 5055
f 5250 4856 5054
f 5250 5055 4856
f 5251 5053 5052
f 5252 5051 4857
f 5251 5052 5051
f 5251 5054 5053
f 4827 4828 4946
f 4857 4858 5252
f 5252 4858 5050
f 5253 4859 5049
f 5253 5050 4859
f 5255 5254 5048
f 5255 5047 4860
f 5046 5256 5255
f 5256 4861 5044
f 5256 5045 4861
f 5257 5043 5042
f 5040 5257 5041
f 5257 5042 5041
f 5044 5257 5256
f 5255 4860 5046
f 5258 5257 5040
f 5040 5039 5258
f 5258 5038 5037
f 5035 5258 5036
f 5033 5258 5034
f 5034 5258 5035
f 5258 5037 5036
f 5258 5032 5031
f 5259 5258 5031
f 5031 5030 5259
f 5029 5028 5259
f 5026 4862 5259
f 5259 5027 5026
f 5030 5029 5259
f 5032 5258 5033
f 5248 5247 4853
f 4826 5212 4877
f 4900 5138 4901
f 5138 4903 4902
f 5138 4902 4901
f 5138 4905 4904
f 4907 5139 4908
f 4907 4906 5138
f 5138 4906 4905
f 4903 5138 4904
f 5139 4909 4908
f 5148 4867 5170
f 5173 5176 5175
f 5139 4910 4909
f 4910 5139 4911
f 5139 4907 5138
f 4911 5139 4864
f 5139 4912 4864
f 4863 5138 4900
f 4912 5140 4913
f 4913 5140 5141
f 4865 5143 4915
f 4915 5143 4916
f 5144 5169 4917
f 5176 5173 4918
f 5176 4918 5148
f 5170 4867 4866
f 5260 5211 4822
f 4821 5211 4942
f 4825 5261 5197
f 4943 5260 4822
f 4825 5198 4826
f 5212 5262 4878
f 4827 4946 5262
f 4946 4878 5262
f 4829 5263 4946
f 4828 4829 4946
f 4830 4880 5214
f 4831 4832 5264
f 4831 5264 5215
f 4834 4881 4833
f 5216 4883 4882
f 5216 4882 4836
f 4833 5264 4832
f 5217 4838 4883
f 5265 4883 4838
f 4947 4884 4838
f 5266 5265 4838
f 5105 5219 5218
f 5103 4885 5220
f 5103 5102 4885
f 5220 4949 5219
f 5104 5220 5219
f 4839 5218 4947
f 4927 5188 5154
f 5182 5171 5183
f 5186 4812 5187
f 4922 4807 5179
f 4871 5189 5174
f 5183 5172 4869
f 5182 5180 5181
f 5182 4923 5180
f 5183 4924 5182
f 4925 5186 5187
f 4868 5183 4869
f 5204 4929 5203
f 4874 4930 5206
f 4930 5205 5206
f 4807 4922 4921
f 5206 5166 4875
f 4877 5212 4945
f 4942 4876 5196
f 4942 5211 5260
f 5101 5221 5102
f 5102 5221 4886
f 5215 4880 4830
f 5266 4838 4884
f 5214 5263 4829
f 5101 5222 5221
f 4823 4824 4943
f 5197 4944 4824
f 5261 4944 5197
f 4825 4826 4877
f 4836 4882 4835
f 5264 4833 4881
f 5214 4879 5263
f 4807 5177 5179
f 5144 4866 5169
f 5183 4868 4924
f 5182 4924 4923
f 5186 4925 4870
f 5191 5117 4928
f 5204 4930 4929
f 5203 4929 5201
f 5206 4875 4874
f 4820 4932 4931
f 4932 5165 4933
f 4934 5165 4935
f 4935 5165 4936
f 4938 5110 4939
f 5195 5196 4941
f 5196 4876 4941
f 5212 4878 4945
f 4825 4877 5261
f 4940 5195 4941
f 5214 4880 4879
f 5263 4879 4946
f 5265 5266 4883
f 5215 5264 4880
f 5218 5219 4948
f 5218 4948 4947
f 5221 5222 4886
f 4933 5165 4934
f 5222 5223 4950
f 5224 4951 4950
f 5224 4950 5223
f 4952 4951 5224
f 4841 5224 5223
f 5224 4953 4952
f 5225 4955 4954
f 4954 4953 5225
f 5224 5225 4953
f 5225 4956 4955
f 5227 4962 5226
f 5086 5228 5227
f 5228 4965 5227
f 5228 5229 4969
f 5229 5230 4971
f 5225 4957 4956
f 4959 5226 4960
f 5225 4959 4958
f 5225 4958 4957
f 4959 5225 5226
f 5226 4962 4961
f 5226 4961 4960
f 5227 5088 5087
f 5227 4964 4963
f 5228 4966 4965
f 5227 4965 4964
f 4962 5227 4963
f 5228 4967 4966
f 5228 4968 4967
f 5229 4970 4969
f 5229 5084 5083
f 5228 4969 4968
f 4972 4971 5230
f 5229 4971 4970
f 5230 4973 4972
f 5233 4978 5232
f 4980 5233 4981
f 5073 4981 5233
f 5232 4976 5231
f 5077 5232 5231
f 5237 4990 5236
f 5064 5237 5236
f 5236 4988 5235
f 5072 5234 4981
f 5063 5239 5238
f 5240 4888 5239
f 4848 5240 5239
f 5241 5060 4992
f 5242 5243 4993
f 5058 5243 5242
f 4890 5060 5242
f 4850 5242 5060
f 5241 4991 5240
f 5061 5241 5240
f 5063 5238 5237
f 4851 5245 5243
f 4852 4892 5246
f 5248 4893 4892
f 5248 4892 4852
f 5247 5248 4852
f 5246 4892 5245
f 4853 4893 5248
f 4994 4854 5249
f 4854 4894 4893
f 4854 4893 4853
f 5054 5251 5250
f 5251 4997 5250
f 5251 5252 4897
f 5051 5252 5251
f 5050 5253 5252
f 5253 5001 5252
f 5254 5002 5253
f 5049 5254 5253
f 5006 5255 5256
f 5257 5008 5256
f 5255 5004 5254
f 5004 5003 5254
f 5250 4996 5249
f 5055 5250 5249
f 5079 5231 5080
f 4974 5231 4887
f 4975 5231 4976
f 4887 5231 4975
f 4976 5232 4977
f 4978 5233 4979
f 5074 5233 5075
f 4977 5232 4978
f 4979 5233 4980
f 4982 4981 5234
f 4984 4983 5234
f 4982 5234 4983
f 5235 4986 4985
f 5234 4985 4984
f 5231 4974 5230
f 5230 4974 4973
f 4986 5235 4987
f 4985 5234 5235
f 5235 4988 4987
f 5236 5066 5065
f 5236 4990 4989
f 4988 5236 4989
f 5240 4889 4888
f 5240 4991 4889
f 5060 4890 4992
f 5242 4993 4890
f 5241 4992 4991
f 5243 4891 4993
f 5243 5245 4891
f 4854 4994 4894
f 5249 5057 5056
f 5249 4996 4995
f 5251 4895 4997
f 5250 4997 4996
f 5251 4896 4998
f 5251 4897 4896
f 5252 4999 4897
f 5251 4998 4895
f 5249 4995 4994
f 5252 5001 5000
f 5254 4898 5002
f 5253 5002 5001
f 5255 5048 5047
f 5254 5003 4898
f 5255 5005 5004
f 5256 5007 5006
f 5256 5046 5045
f 5008 5257 5009
f 5256 5008 5007
f 5257 5010 5009
f 5257 5011 5010
f 5257 5012 5011
f 5257 5044 5043
f 5255 5006 5005
f 5012 5257 5258
f 5014 5013 5258
f 5258 5015 5014
f 5258 5039 5038
f 5258 5016 5015
f 5258 5017 5016
f 5258 5019 5018
f 5018 5017 5258
f 5022 5021 5259
f 5258 5021 5020
f 5022 5259 5023
f 5259 5021 5258
f 5259 5025 5024
f 5259 4899 5025
f 5259 5028 5027
f 5023 5259 5024
f 5258 5020 5019
f 5013 5012 5258
f 5252 5000 4999
f 4862 4899 5259
f 4840 5223 5222
f 5281 5275 5274
f 5281 5274 5280
f 5282 5276 5275
f 5282 5275 5281
f 5283 5277 5276
f 5283 5276 5282
f 5284 5278 5277
f 5284 5277 5283
f 5285 5279 5278
f 5285 5278 5284
f 5274 5267 4801
f 5275 5309 5268
f 5276 5269 5309
f 5268 5267 5274
f 5268 5274 5275
f 5275 5276 5309
f 5269 5276 5308
f 5276 5307 5308
f 5307 5277 5306
f 5277 5307 5276
f 5274 4801 5280
f 5277 5305 5270
f 5277 5304 5305
f 5278 5271 5303
f 5278 5302 5271
f 5303 5304 5278
f 5302 5278 5279
f 5277 5278 5304
f 5272 5302 5279
f 5273 5301 5279
f 5272 5279 5301
f 5285 5273 5279
f 5277 5270 5306
f 5286 5280 4863
f 4801 4863 5280
f 5292 5282 5281
f 5281 5280 5286
f 5281 5286 5287
f 5281 5287 5292
f 5282 5292 5288
f 5282 5293 5294
f 5283 5282 5294
f 5282 5288 5293
f 5295 5283 5294
f 5296 5283 5289
f 5295 5289 5283
f 5297 5283 5296
f 5299 5285 5284
f 5283 5297 5284
f 5297 5298 5284
f 5284 5298 5299
f 5285 5290 5300
f 5285 5300 5291
f 5285 5299 5290
f 5273 5285 5291
f 5321 5315 5314
f 5321 5314 5320
f 5322 5316 5315
f 5322 5315 5321
f 5323 5317 5316
f 5323 5316 5322
f 5324 5318 5317
f 5324 5317 5323
f 5325 5319 5318
f 5325 5318 5324
f 5314 5310 5273
f 5314 5346 5310
f 5315 5311 5346
f 5345 5311 5315
f 5314 5315 5346
f 5316 5345 5315
f 5344 5312 5316
f 5345 5316 5312
f 5317 5344 5316
f 5314 5273 5320
f 5317 5342 5343
f 5318 5571 5341
f 5318 5340 5571
f 5341 5342 5318
f 5340 5318 5319
f 5317 5318 5342
f 5339 5340 5319
f 5313 5339 5319
f 5325 5313 5319
f 5317 5343 5344
f 5320 5291 5332
f 5320 5333 5321
f 5321 5334 5322
f 5273 5291 5320
f 5320 5332 5333
f 5321 5333 5326
f 5322 5334 5327
f 5322 5327 5335
f 5321 5326 5334
f 5323 5322 5335
f 5335 5328 5323
f 5336 5323 5328
f 5338 5325 5324
f 5323 5336 5324
f 5336 5337 5324
f 5324 5337 5329
f 5324 5329 5338
f 5325 5330 5331
f 5325 5338 5330
f 5313 5325 5331
f 5376 5375 5313
f 5376 5347 5374
f 5374 5375 5376
f 5348 5347 5377
f 5376 5377 5347
f 5377 5378 5349
f 5377 5349 5348
f 5378 5377 5357
f 5378 5357 5641
f 5373 5349 5378
f 5377 5376 5365
f 5377 5365 5356
f 5376 5313 5331
f 5373 5379 5350
f 5372 5380 5351
f 5351 5380 5371
f 5379 5372 5350
f 5352 5381 5370
f 5622 5382 5353
f 5353 5382 5354
f 5382 5622 5370
f 5381 5352 5371
f 5373 5378 5379
f 5364 5355 5376
f 5365 5376 5355
f 5377 5356 5357
f 5331 5364 5376
f 5378 5366 5379
f 5379 5366 5358
f 5641 5366 5378
f 5367 5379 5358
f 5359 5380 5367
f 5379 5367 5380
f 5369 5382 5381
f 5381 5380 5368
f 5380 5359 5368
f 5370 5381 5382
f 5371 5380 5381
f 5381 5368 5360
f 5381 5360 5369
f 5382 5361 5362
f 5382 5362 5363
f 5382 5369 5361
f 5354 5382 5363
f 5372 5379 5380
f 5413 5412 5354
f 5413 5383 5412
f 5410 5411 5414
f 5383 5413 5411
f 5413 5414 5411
f 5384 5409 5414
f 5410 5414 5409
f 5408 5384 5414
f 5400 5413 5391
f 5413 5354 5363
f 5415 5385 5408
f 5385 5415 5416
f 5387 5386 5417
f 5387 5417 5418
f 5388 5387 5418
f 5388 5418 5419
f 5386 5385 5416
f 5386 5416 5417
f 5419 5407 5388
f 5416 5415 5393
f 5416 5393 5394
f 5420 5389 5407
f 5389 5420 5406
f 5406 5420 5390
f 5415 5408 5414
f 5415 5414 5403
f 5399 5391 5413
f 5400 5401 5414
f 5401 5402 5414
f 5402 5392 5414
f 5403 5393 5415
f 5392 5403 5414
f 5413 5400 5414
f 5394 5395 5417
f 5394 5417 5416
f 5418 5417 5395
f 5418 5395 5396
f 5419 5418 5396
f 5419 5404 5420
f 5407 5419 5420
f 5419 5396 5404
f 5420 5397 5405
f 5420 5405 5398
f 5420 5404 5397
f 5390 5420 5398
f 5363 5399 5413
f 5429 5426 5425
f 5429 5425 5428
f 5430 5427 5426
f 5430 5426 5429
f 5432 5429 5428
f 5432 5428 5431
f 5433 5430 5429
f 5433 5429 5432
f 5425 5421 5390
f 5422 5421 5425
f 5422 5425 5426
f 5390 5428 5425
f 5428 5390 5398
f 5445 5422 5426
f 5427 5423 5445
f 5427 5444 5423
f 5442 5443 5427
f 5444 5427 5443
f 5442 5430 5424
f 5427 5430 5442
f 5427 5445 5426
f 5432 5431 5434
f 5432 5434 5435
f 5428 5398 5431
f 5398 5434 5431
f 5432 5435 5438
f 5433 5432 5438
f 5441 5430 5433
f 5438 5436 5433
f 5439 5433 5436
f 5433 5439 5440
f 5430 5441 5437
f 5433 5440 5441
f 5424 5430 5437
f 5475 5474 5424
f 5475 5446 5474
f 5473 5446 5476
f 5475 5476 5446
f 5472 5447 5476
f 5473 5476 5447
f 5477 5472 5476
f 5456 5475 5467
f 5475 5424 5437
f 5477 5471 5448
f 5450 5449 5478
f 5450 5478 5479
f 5451 5450 5479
f 5451 5479 5480
f 5449 5471 5478
f 5452 5451 5480
f 5452 5480 5481
f 5477 5478 5471
f 5470 5478 5477
f 5453 5452 5481
f 5453 5481 5482
f 5453 5482 5454
f 5454 5482 5455
f 5477 5448 5472
f 5477 5476 5469
f 5476 5475 5456
f 5456 5468 5476
f 5466 5467 5475
f 5457 5469 5476
f 5458 5470 5477
f 5470 5459 5478
f 5469 5458 5477
f 5468 5457 5476
f 5480 5479 5460
f 5480 5460 5461
f 5479 5478 5459
f 5479 5459 5460
f 5481 5480 5461
f 5481 5461 5462
f 5482 5481 5462
f 5482 5462 5463
f 5482 5463 5464
f 5482 5464 5465
f 5455 5482 5465
f 5437 5466 5475
f 5493 5489 5488
f 5493 5488 5492
f 5494 5490 5489
f 5494 5489 5493
f 5495 5491 5490
f 5495 5490 5494
f 5497 5493 5492
f 5497 5492 5496
f 5498 5494 5493
f 5498 5493 5497
f 5499 5495 5494
f 5499 5494 5498
f 5488 5510 5455
f 5488 5483 5510
f 5488 5489 5509
f 5455 5492 5488
f 5509 5489 5484
f 5483 5488 5509
f 5492 5455 5465
f 5490 5485 5508
f 5486 5485 5490
f 5486 5490 5491
f 5495 5487 5491
f 5491 5487 5486
f 5489 5490 5508
f 5489 5508 5484
f 5506 5497 5496
f 5492 5465 5496
f 5465 5505 5496
f 5496 5505 5500
f 5497 5506 5501
f 5496 5500 5506
f 5507 5497 5501
f 5499 5498 5502
f 5499 5502 5503
f 5504 5495 5499
f 5498 5507 5502
f 5499 5503 5504
f 5507 5498 5497
f 5487 5495 5504
f 5517 5514 5513
f 5517 5513 5516
f 5518 5515 5514
f 5518 5514 5517
f 5520 5517 5516
f 5520 5516 5519
f 5521 5518 5517
f 5521 5517 5520
f 5513 5535 5487
f 5513 5534 5535
f 5513 5514 5533
f 5513 5533 5534
f 5487 5516 5513
f 5516 5487 5504
f 5514 5532 5511
f 5515 5531 5532
f 5531 5515 5530
f 5515 5512 5530
f 5512 5515 5518
f 5514 5515 5532
f 5514 5511 5533
f 5520 5519 5525
f 5520 5525 5526
f 5516 5504 5519
f 5504 5524 5519
f 5519 5524 5525
f 5522 5520 5526
f 5527 5520 5522
f 5521 5520 5527
f 5523 5518 5521
f 5521 5527 5528
f 5521 5529 5523
f 5521 5528 5529
f 5512 5518 5523
f 5560 5559 5512
f 5560 5558 5536
f 5560 5537 5558
f 5536 5559 5560
f 5557 5537 5561
f 5560 5561 5537
f 5555 5556 5561
f 5557 5561 5556
f 5562 5555 5561
f 5561 5560 5542
f 5560 5512 5523
f 5562 5554 5538
f 5539 5563 5564
f 5540 5539 5564
f 5540 5564 5565
f 5563 5539 5554
f 5566 5541 5553
f 5553 5540 5565
f 5541 5566 5552
f 5552 5566 4862
f 5563 5554 5562
f 5562 5538 5555
f 5562 5561 5543
f 5562 5543 5688
f 5547 5542 5560
f 5542 5548 5561
f 5681 5547 5560
f 5688 5549 5562
f 5562 5549 5563
f 5548 5543 5561
f 5564 5563 5544
f 5564 5544 5545
f 5549 5544 5563
f 5565 5564 5545
f 5565 5545 5546
f 5565 5550 5566
f 5553 5565 5566
f 5565 5546 5550
f 5566 5713 5551
f 5566 5551 4899
f 5566 5550 5713
f 4862 5566 4899
f 5523 5681 5560
f 5569 5624 5568
f 5570 5569 5568
f 5570 5568 5623
f 5575 5569 5570
f 5575 5570 5623
f 5627 5572 5576
f 5580 5575 5623
f 5580 5623 5578
f 5576 5574 5579
f 5577 5627 5576
f 5579 5575 5580
f 5577 5576 5579
f 5580 5578 5583
f 5579 5580 5594
f 5593 5580 5583
f 5589 5594 5580
f 5589 5580 5593
f 5584 5581 5579
f 5584 5579 5594
f 5591 5592 5586
f 5598 5588 5582
f 5598 5582 5587
f 5593 5583 5588
f 5590 5585 5584
f 5597 5587 5592
f 5597 5598 5587
f 5598 5593 5588
f 5599 5594 5589
f 5599 5589 5593
f 5595 5590 5584
f 5595 5584 5594
f 5596 5592 5591
f 5601 5597 5592
f 5601 5592 5596
f 5603 5598 5597
f 5604 5599 5593
f 5604 5593 5598
f 5605 5595 5594
f 5605 5594 5599
f 5595 5605 5600
f 5602 5597 5601
f 5606 5603 5597
f 5606 5597 5602
f 5607 5598 5603
f 5607 5604 5598
f 5605 5599 5604
f 5609 5607 5603
f 5609 5603 5606
f 5610 5604 5607
f 5605 5604 5610
f 5609 5606 5612
f 5613 5610 5607
f 5613 5607 5609
f 5610 5608 5605
f 5614 5611 5610
f 5615 5610 5613
f 5633 5614 5610
f 5633 5610 5615
f 5632 5619 5620
f 5353 5354 5412
f 5353 5412 5622
f 5568 5411 5410
f 5383 5567 5412
f 5568 5384 5408
f 5409 5568 5410
f 5411 5568 5567
f 5623 5568 5408
f 5412 5567 5622
f 5411 5567 5383
f 5371 5567 5624
f 5384 5568 5409
f 5386 5623 5385
f 5623 5408 5385
f 5587 5625 5421
f 5422 5587 5421
f 5582 5625 5587
f 5592 5422 5445
f 5586 5423 5444
f 5592 5423 5586
f 5592 5587 5422
f 5592 5445 5423
f 5625 5582 5588
f 5578 5388 5407
f 5623 5387 5388
f 5623 5388 5578
f 5389 5578 5407
f 5386 5387 5623
f 5578 5406 5626
f 5389 5406 5578
f 5421 5625 5390
f 5625 5578 5390
f 5626 5406 5390
f 5583 5578 5625
f 5583 5625 5588
f 5626 5390 5578
f 5352 5370 5567
f 5352 5567 5371
f 5624 5351 5371
f 5622 5567 5370
f 5624 5567 5568
f 5373 5624 5569
f 5372 5624 5350
f 5373 5350 5624
f 5351 5624 5372
f 5348 5349 5569
f 5373 5569 5349
f 5569 5347 5348
f 5347 5569 5374
f 5569 5573 5374
f 5572 5342 5341
f 5576 5572 5341
f 5343 5342 5572
f 5573 5375 5374
f 5313 5375 5573
f 5573 5575 5313
f 5574 5313 5579
f 5575 5579 5313
f 5576 5339 5574
f 5339 5313 5574
f 5576 5571 5340
f 5341 5571 5576
f 5340 5339 5576
f 5577 5581 5267
f 5267 5268 5577
f 5581 4801 5267
f 5581 5577 5579
f 5575 5573 5569
f 5268 5309 5577
f 5581 5584 5137
f 4801 5581 5137
f 5586 5443 5621
f 5442 5621 5443
f 5585 5136 5137
f 5586 5444 5443
f 5136 5585 5135
f 5585 5134 5135
f 5137 5584 5585
f 5474 5442 5424
f 5474 5621 5442
f 5621 5473 5586
f 5621 5474 5446
f 5586 5447 5472
f 5586 5473 5447
f 5621 5446 5473
f 5448 5586 5472
f 5590 5126 5585
f 5591 5449 5596
f 5449 5591 5471
f 5449 5450 5596
f 5448 5471 5591
f 5591 5586 5448
f 5590 5145 5125
f 5585 5133 5134
f 5585 5131 5132
f 5132 5133 5585
f 5585 5130 5131
f 5585 5129 5130
f 5585 4802 5128
f 5128 5129 5585
f 5585 5141 4802
f 5142 5127 5585
f 5127 5141 5585
f 5585 5143 5142
f 5585 5126 5143
f 5590 5125 5126
f 4815 5590 5595
f 5148 5145 5590
f 5147 5146 5590
f 5148 5590 5146
f 4804 4803 5590
f 5147 5590 4803
f 4806 4805 5590
f 5577 5269 5308
f 4806 5590 4921
f 5309 5269 5577
f 4807 5150 5590
f 5151 4807 5590
f 5124 5151 5590
f 4921 5590 5150
f 4804 5590 4805
f 4808 5124 5590
f 5123 5152 5590
f 4808 5590 5152
f 4809 5123 5590
f 4810 4809 5590
f 4811 4810 5590
f 5122 4812 5590
f 5188 4813 5590
f 5122 5590 4813
f 4811 5590 4812
f 5271 5345 5312
f 5312 5572 5271
f 5572 5627 5303
f 5344 5572 5312
f 5307 5577 5308
f 5306 5627 5577
f 5627 5306 5270
f 5577 5307 5306
f 5572 5344 5343
f 5627 5270 5305
f 5310 5272 5301
f 5310 5346 5272
f 5301 5273 5310
f 5302 5346 5311
f 5303 5271 5572
f 5304 5303 5627
f 5346 5302 5272
f 5345 5302 5311
f 5271 5302 5345
f 5304 5627 5305
f 5155 5154 5590
f 5156 5155 5590
f 5121 5590 5154
f 5119 5120 5590
f 4814 5119 5590
f 4815 4814 5590
f 5156 5590 5120
f 5157 4815 5595
f 5158 5157 5595
f 5118 5158 5595
f 5117 5118 5595
f 5202 5116 5595
f 5117 5595 5116
f 5188 5590 5121
f 4816 5202 5595
f 5199 4816 5595
f 4818 4817 5595
f 5199 5595 4817
f 5628 5163 5115
f 5115 4819 5628
f 5628 5114 5209
f 5628 4820 5114
f 5209 5163 5628
f 4818 5595 4819
f 5628 5113 4820
f 5628 5112 5113
f 5628 5111 5112
f 5628 5110 5111
f 5628 5109 5110
f 5628 5108 5109
f 5628 5107 5108
f 5198 5628 5600
f 5595 5628 4819
f 5628 5195 5107
f 5628 5196 5195
f 5628 4823 4822
f 4822 4821 5628
f 4821 5196 5628
f 5628 4824 4823
f 5628 5197 4824
f 5628 5198 4825
f 4825 5197 5628
f 5600 5212 4826
f 5600 5262 5212
f 5600 4827 5262
f 4826 5198 5600
f 5600 4828 4827
f 5600 4829 4828
f 5600 5213 4829
f 5600 5215 4830
f 5215 5629 4831
f 4831 5629 4832
f 4830 5213 5600
f 4833 5629 4834
f 4834 5629 4835
f 4836 5629 5216
f 5216 5629 4837
f 5629 4836 4835
f 4837 5629 4838
f 5629 4839 4838
f 5629 4833 4832
f 5629 5215 5600
f 5595 5600 5628
f 5450 5451 5596
f 5452 5601 5451
f 5106 5629 5105
f 5601 5596 5451
f 5605 5629 5600
f 5605 5608 5629
f 4840 5101 5629
f 4839 5629 5106
f 5629 5104 5105
f 5629 5220 5104
f 5629 5103 5220
f 5629 5102 5103
f 5101 5102 5629
f 5453 5601 5452
f 5602 5601 5453
f 5629 4841 4840
f 5455 5606 5602
f 5455 5602 5454
f 5453 5454 5602
f 5629 5608 5099
f 5611 5091 5608
f 5612 5606 5455
f 5100 4841 5629
f 5100 5629 5099
f 5608 5097 5098
f 5098 5099 5608
f 5097 5608 5096
f 5608 5095 5096
f 5608 4842 5095
f 5608 5094 4842
f 5608 5091 5092
f 5092 5093 5608
f 5090 5611 5089
f 5611 5090 5091
f 5093 5094 5608
f 5089 5611 5088
f 5088 5611 5087
f 5087 5611 5086
f 5086 5611 4843
f 4843 5611 5085
f 5085 5611 5084
f 5084 5611 5083
f 5083 5611 4844
f 5630 5612 5455
f 5616 5630 5510
f 5455 5510 5630
f 5609 5612 5512
f 5616 5510 5617
f 5619 5617 5483
f 5510 5483 5617
f 5620 5619 5483
f 5630 5616 5632
f 5632 5530 5630
f 5630 5512 5612
f 5559 5609 5512
f 5613 5609 5559
f 5536 5613 5559
f 5558 5537 5613
f 5557 5615 5537
f 5537 5615 5613
f 5556 5615 5557
f 5536 5558 5613
f 5512 5630 5530
f 5484 5618 5509
f 5484 5508 5618
f 5618 5620 5483
f 5508 5485 5618
f 5509 5618 5483
f 5631 5618 5485
f 5487 5631 5486
f 5534 5631 5535
f 5487 5535 5631
f 5631 5485 5486
f 5533 5631 5534
f 5617 5632 5616
f 5619 5632 5617
f 5530 5632 5531
f 5533 5511 5631
f 5618 5631 5620
f 5531 5632 5532
f 5532 5632 5620
f 5532 5620 5511
f 5631 5511 5620
f 5611 5082 4844
f 5081 5082 5611
f 5611 5080 5081
f 5608 5610 5611
f 5079 5080 5611
f 5611 5078 4845
f 5611 5077 5078
f 4845 5079 5611
f 5555 5615 5556
f 5076 5077 5611
f 5074 5611 5614
f 5538 5615 5555
f 5633 5538 5554
f 5539 5633 5554
f 5615 5538 5633
f 5634 5633 5635
f 5540 5635 5539
f 5539 5635 5633
f 5633 5634 5636
f 5611 5075 5076
f 5074 5075 5611
f 5073 5074 5614
f 5637 5540 5553
f 5633 5636 5614
f 5072 4846 5614
f 5073 5614 4846
f 5071 5072 5614
f 5070 5071 5614
f 5069 5070 5614
f 5068 5069 5614
f 5068 5614 5067
f 5065 5066 5614
f 5065 5614 4847
f 5636 5064 4847
f 5066 5067 5614
f 5636 5063 5064
f 5636 4848 5063
f 5636 5061 5062
f 5062 4849 5636
f 4849 4848 5636
f 4847 5614 5636
f 5636 4850 5060
f 5060 5061 5636
f 5636 5059 4850
f 5636 5058 5059
f 5636 4851 5058
f 5636 5244 4851
f 5636 4852 5246
f 5636 5247 4852
f 5636 4853 5247
f 5246 5244 5636
f 5636 4855 4854
f 5636 5057 4855
f 5636 5055 5056
f 5056 5057 5636
f 5055 5634 4856
f 5634 5054 4856
f 5053 5634 5052
f 5052 5634 5051
f 5634 5053 5054
f 4854 4853 5636
f 5055 5636 5634
f 4857 5051 5634
f 4858 4857 5634
f 5050 4858 5634
f 5050 5634 4859
f 5634 5049 4859
f 5634 5254 5049
f 5634 5048 5254
f 5047 5048 5634
f 5047 5634 4860
f 5637 5045 5046
f 5046 4860 5637
f 5541 5637 5553
f 5637 4860 5634
f 4861 5045 5637
f 5634 5635 5637
f 5540 5637 5635
f 5044 4861 5637
f 5043 5044 5637
f 5043 5637 5042
f 5637 5541 5040
f 5552 5034 5541
f 5637 5041 5042
f 5637 5040 5041
f 5541 5039 5040
f 5541 5037 5038
f 5541 5036 5037
f 5541 5035 5036
f 5541 5034 5035
f 5038 5039 5541
f 5032 5033 5552
f 5030 5031 5552
f 5031 5032 5552
f 5552 5028 5029
f 5552 4862 5026
f 5026 5027 5552
f 5027 5028 5552
f 5029 5030 5552
f 5033 5034 5552
f 5639 5640 5638
f 5642 5640 5639
f 5647 5646 5642
f 5647 5642 5639
f 5645 5643 5298
f 5651 5649 5646
f 5652 5651 5646
f 5652 5646 5647
f 5288 5648 5645
f 5650 5288 5645
f 5699 5652 5648
f 5288 5699 5648
f 5658 5657 5651
f 5658 5651 5652
f 5699 5658 5652
f 5661 5658 5699
f 5659 5661 5699
f 5659 5699 5653
f 5694 5693 5654
f 5663 5694 5654
f 5663 5654 5655
f 5664 5663 5655
f 5665 5664 5655
f 5665 5655 5656
f 5666 5665 5656
f 5666 5656 5657
f 5661 5657 5658
f 5662 5661 5659
f 5662 5659 5660
f 5663 5700 5694
f 5667 5666 5657
f 5667 5657 5661
f 5675 5667 5661
f 5668 5675 5661
f 5668 5661 5662
f 5671 5700 5663
f 5672 5671 5663
f 5672 5663 5664
f 5672 5664 5665
f 5673 5672 5665
f 5669 5673 5665
f 5669 5665 5666
f 5669 5666 5667
f 5669 5667 5675
f 5668 5670 5675
f 5674 5673 5669
f 5677 5674 5669
f 5675 5677 5669
f 5705 5679 5672
f 5676 5705 5672
f 5676 5672 5673
f 5676 5673 5674
f 5676 5674 5677
f 5678 5677 5675
f 5680 5705 5676
f 5681 5680 5676
f 5682 5681 5676
f 5682 5676 5677
f 5682 5677 5678
f 5684 5686 5679
f 5705 5684 5679
f 5687 5681 5682
f 5685 5682 5683
f 5686 5684 5705
f 5688 5687 5682
f 5688 5682 5685
f 5690 5689 5686
f 5692 5691 5689
f 5528 5692 5689
f 5528 5689 5690
f 5362 5399 5363
f 5362 5695 5399
f 5640 5401 5400
f 5391 5399 5638
f 5640 5403 5392
f 5402 5401 5640
f 5400 5638 5640
f 5696 5403 5640
f 5399 5695 5638
f 5400 5391 5638
f 5368 5639 5695
f 5392 5402 5640
f 5361 5695 5362
f 5393 5696 5642
f 5394 5393 5642
f 5640 5642 5696
f 5395 5394 5642
f 5646 5395 5642
f 5696 5393 5403
f 5655 5434 5698
f 5435 5434 5655
f 5656 5655 5698
f 5654 5438 5435
f 5697 5439 5436
f 5654 5439 5697
f 5654 5697 5436
f 5654 5435 5655
f 5654 5436 5438
f 5646 5404 5396
f 5397 5404 5649
f 5646 5649 5404
f 5395 5646 5396
f 5397 5649 5405
f 5434 5398 5698
f 5698 5398 5651
f 5649 5398 5405
f 5657 5656 5698
f 5657 5698 5651
f 5649 5651 5398
f 5360 5695 5369
f 5360 5368 5695
f 5639 5368 5359
f 5361 5369 5695
f 5639 5638 5695
f 5367 5358 5639
f 5366 5639 5358
f 5366 5641 5639
f 5359 5367 5639
f 5639 5357 5356
f 5639 5641 5357
f 5644 5365 5355
f 5356 5365 5639
f 5639 5365 5644
f 5643 5337 5336
f 5645 5337 5643
f 5328 5643 5336
f 5643 5328 5298
f 5364 5647 5644
f 5644 5355 5364
f 5331 5647 5364
f 5647 5331 5652
f 5652 5331 5648
f 5645 5648 5330
f 5330 5648 5331
f 5645 5338 5329
f 5337 5645 5329
f 5338 5645 5330
f 5699 5286 5653
f 5286 5699 5287
f 5292 5699 5288
f 5653 5286 4863
f 5647 5639 5644
f 5287 5699 5292
f 5653 4900 5659
f 4901 5660 4900
f 4863 4900 5653
f 5654 5693 5440
f 5441 5440 5693
f 5654 5440 5439
f 4901 4902 5660
f 5660 4902 4903
f 4904 4905 5660
f 4905 4906 5660
f 5660 4903 4904
f 4900 5660 5659
f 5466 5437 5441
f 5466 5441 5693
f 5693 5694 5468
f 5693 5456 5467
f 5693 5467 5466
f 5694 5469 5457
f 5694 5457 5468
f 5693 5468 5456
f 5458 5469 5694
f 5662 5660 4917
f 5459 5470 5700
f 5459 5700 5460
f 5458 5700 5470
f 5700 5458 5694
f 5660 4906 4907
f 5660 4907 4908
f 5660 4908 4909
f 5660 4909 4910
f 5660 4910 4911
f 5660 4911 4864
f 5660 4864 4912
f 5660 4912 4913
f 5660 4913 5141
f 4914 5660 5141
f 5660 4914 5127
f 4865 5660 5127
f 4916 5660 4915
f 5662 5169 4866
f 5169 5662 4917
f 4917 5660 4916
f 4915 5660 4865
f 4873 5668 5662
f 4867 5662 4866
f 4918 5662 5148
f 4867 5148 5662
f 5149 5662 5173
f 4919 5662 5149
f 4918 5173 5662
f 4806 5662 4805
f 4806 4920 5662
f 4922 5662 4921
f 5179 5662 4922
f 4920 4921 5662
f 4919 4805 5662
f 4923 5662 5180
f 4924 5662 4923
f 4870 5662 4869
f 4868 4869 5662
f 4924 4868 5662
f 4870 4925 5662
f 5187 5662 4925
f 4926 5662 4813
f 5187 4813 5662
f 5179 5180 5662
f 5650 5645 5298
f 5298 5327 5334
f 5335 5327 5298
f 5650 5293 5288
f 5294 5293 5650
f 5650 5289 5295
f 5650 5295 5294
f 5298 5328 5335
f 5650 5296 5289
f 5332 5300 5290
f 5332 5290 5333
f 5300 5332 5291
f 5299 5326 5333
f 5297 5650 5298
f 5333 5290 5299
f 5334 5326 5299
f 5298 5334 5299
f 5297 5296 5650
f 5188 5662 4926
f 4927 5662 5188
f 5189 5662 4927
f 4873 5662 4872
f 4871 4872 5662
f 5189 4871 5662
f 5190 5668 4873
f 5190 5191 5668
f 5200 5668 4928
f 5200 5201 5668
f 5191 4928 5668
f 4929 4930 5668
f 4818 5668 4875
f 4874 4875 5668
f 4930 4874 5668
f 5701 5161 5207
f 5701 5207 5208
f 5701 5208 5193
f 5701 5193 5210
f 5701 5210 5164
f 4931 5701 5164
f 4818 5161 5668
f 5701 4932 4933
f 4934 5701 4933
f 4934 4935 5701
f 5668 5201 4929
f 5701 4935 4936
f 5701 4931 4932
f 5701 4936 4937
f 5701 4937 4938
f 5701 4939 5194
f 5701 5194 4940
f 4939 5701 4938
f 4877 5670 5701
f 5668 5161 5701
f 5701 4941 4876
f 4941 5701 4940
f 5701 4876 4942
f 5701 4942 5260
f 5701 5260 4943
f 5701 4943 4824
f 5701 4824 4944
f 5701 5261 4877
f 5261 5701 4944
f 5670 4877 4945
f 4878 5670 4945
f 5670 4878 4946
f 5670 4946 4879
f 5264 4881 5702
f 5702 4880 5264
f 4880 5670 4879
f 4881 4834 5702
f 4834 4835 5702
f 4882 4883 5702
f 5702 4835 4882
f 5266 4884 5702
f 5702 4884 4947
f 5702 4883 5266
f 5702 5670 4880
f 5668 5701 5670
f 5460 5700 5461
f 5462 5461 5703
f 5703 5700 5671
f 5703 5461 5700
f 5671 5672 5704
f 5675 5670 5702
f 5675 5702 5678
f 4947 4948 5702
f 5219 5702 4948
f 5702 5219 4949
f 5702 4949 5220
f 5702 5220 4885
f 5702 4885 5102
f 5702 5102 4886
f 5702 4886 5222
f 5462 5703 5671
f 5463 5462 5671
f 5704 5463 5671
f 4950 5702 5222
f 5465 5704 5672
f 5465 5464 5704
f 5463 5704 5464
f 5702 4951 5678
f 5683 5678 4960
f 5679 5465 5672
f 4951 5702 4950
f 5678 4951 4952
f 5678 4952 4953
f 5678 4953 4954
f 5678 4954 4955
f 5678 4956 4957
f 4956 5678 4955
f 5678 4957 4958
f 4959 5678 4958
f 4960 4961 5683
f 4960 5678 4959
f 4962 4963 5683
f 4963 4964 5683
f 4964 4965 5683
f 4965 4966 5683
f 4966 4967 5683
f 5683 4967 4968
f 4969 4970 5683
f 5683 4968 4969
f 5683 4961 4962
f 5686 5505 5679
f 5465 5679 5505
f 5680 5523 5705
f 5689 5500 5686
f 5505 5686 5500
f 5705 5690 5686
f 5690 5705 5529
f 5681 5523 5680
f 5547 5687 5542
f 5548 5542 5687
f 5543 5548 5687
f 5681 5687 5547
f 5523 5529 5705
f 5501 5506 5691
f 5501 5691 5507
f 5691 5500 5689
f 5507 5691 5502
f 5506 5500 5691
f 5706 5502 5691
f 5504 5503 5706
f 5525 5524 5706
f 5504 5706 5524
f 5706 5503 5502
f 5526 5525 5706
f 5528 5690 5707
f 5529 5528 5707
f 5526 5706 5522
f 5528 5527 5692
f 5527 5691 5692
f 5527 5522 5691
f 5706 5691 5522
f 5690 5529 5707
f 5683 4970 4971
f 5683 4971 4972
f 5683 4972 4973
f 5678 5683 5682
f 5683 4973 4974
f 5683 4975 4976
f 4975 5683 4887
f 4887 5683 4974
f 4979 5685 5683
f 4979 4980 5685
f 5708 5549 5688
f 5544 5549 5708
f 5709 5710 5708
f 5546 5545 5710
f 5544 5708 5710
f 5545 5544 5710
f 5708 5688 5711
f 5708 5711 5709
f 4976 4977 5683
f 4977 4978 5683
f 5683 4978 4979
f 5712 5550 5546
f 5688 5685 5711
f 5688 5543 5687
f 4981 5685 4980
f 4982 5685 4981
f 4982 4983 5685
f 4985 5685 4984
f 4986 5685 4985
f 4987 5685 4986
f 4983 4984 5685
f 4989 5685 4988
f 4989 4990 5685
f 5711 4990 5237
f 5237 5238 5711
f 4988 5685 4987
f 5711 5238 5239
f 5711 5239 4888
f 5711 4889 4991
f 4889 5711 4888
f 4991 4992 5711
f 4990 5711 5685
f 5711 4992 4890
f 4993 5711 4890
f 5711 4993 4891
f 5711 5245 4892
f 5245 5711 4891
f 4893 5711 4892
f 5711 4894 4994
f 5711 4994 4995
f 5711 4995 4996
f 4996 4997 5709
f 4997 4895 5709
f 5709 4998 4896
f 5709 4895 4998
f 4894 5711 4893
f 4996 5709 5711
f 4999 5709 4897
f 4999 5000 5709
f 5001 5709 5000
f 5001 5002 5709
f 5709 4896 4897
f 4898 5709 5002
f 5709 4898 5003
f 5709 5003 5004
f 5004 5005 5709
f 5006 5712 5005
f 5713 5550 5712
f 5712 5709 5005
f 5007 5712 5006
f 5709 5712 5710
f 5546 5710 5712
f 5008 5712 5007
f 5009 5712 5008
f 5009 5010 5712
f 5712 5012 5713
f 5551 5713 5018
f 5712 5010 5011
f 5712 5011 5012
f 5713 5012 5013
f 5713 5013 5014
f 5713 5014 5015
f 5713 5016 5017
f 5713 5017 5018
f 5016 5713 5015
f 5551 5018 5019
f 5551 5019 5020
f 5022 5551 5021
f 5021 5551 5020
f 5024 5551 5023
f 5551 5024 5025
f 5551 5025 4899
f 5023 5551 5022
f 5724 5727 5723
f 5724 5725 5726
f 5723 5715 5720
f 5720 5721 5722
f 5723 5720 5722
f 5719 5720 5717
f 5726 5727 5724
f 5723 5728 5729
f 5723 5729 5715
f 5714 5715 5729
f 5718 5719 5717
f 5717 5715 5716
f 5720 5715 5717
f 5728 5723 5727
f 5753 5739 5738
f 5753 5738 5752
f 5765 5741 5740
f 5765 5740 5739
f 5766 5742 5741
f 5766 5741 5765
f 5754 5743 5742
f 5754 5742 5766
f 5755 5744 5743
f 5755 5743 5754
f 5756 5745 5744
f 5756 5744 5755
f 5757 5746 5745
f 5757 5745 5756
f 5758 5747 5746
f 5758 5746 5757
f 5759 5748 5747
f 5759 5747 5758
f 5760 5749 5748
f 5760 5748 5759
f 5761 5750 5749
f 5761 5749 5760
f 5762 5751 5750
f 5762 5750 5761
f 5764 5753 5752
f 5764 5752 5763
f 5802 5739 5753
f 5802 5753 5764
f 5765 5739 5802
f 5767 5754 5766
f 5768 5755 5754
f 5768 5754 5767
f 5769 5756 5755
f 5769 5755 5768
f 5770 5757 5756
f 5770 5756 5769
f 5771 5758 5757
f 5771 5757 5770
f 5772 5759 5758
f 5772 5758 5771
f 5773 5760 5759
f 5773 5759 5772
f 5774 5761 5760
f 5774 5760 5773
f 5775 5762 5761
f 5775 5761 5774
f 5777 5764 5763
f 5777 5763 5776
f 5802 5764 5777
f 5778 5765 5802
f 5766 5765 5778
f 5779 5767 5766
f 5780 5768 5767
f 5780 5767 5779
f 5781 5769 5768
f 5781 5768 5780
f 5782 5770 5769
f 5782 5769 5781
f 5783 5771 5770
f 5783 5770 5782
f 5784 5772 5771
f 5784 5771 5783
f 5785 5773 5772
f 5785 5772 5784
f 5786 5774 5773
f 5786 5773 5785
f 5787 5775 5774
f 5787 5774 5786
f 5789 5777 5776
f 5789 5776 5788
f 5802 5777 5789
f 5790 5766 5778
f 5791 5779 5766
f 5791 5766 5790
f 5792 5780 5779
f 5792 5779 5791
f 5793 5781 5780
f 5793 5780 5792
f 5794 5782 5781
f 5794 5781 5793
f 5795 5783 5782
f 5795 5782 5794
f 5796 5784 5783
f 5796 5783 5795
f 5797 5785 5784
f 5797 5784 5796
f 5798 5786 5785
f 5798 5785 5797
f 5799 5787 5786
f 5799 5786 5798
f 5801 5789 5788
f 5801 5788 5800
f 5802 5789 5801
f 5803 5778 5802
f 5804 5790 5778
f 5804 5778 5803
f 5805 5791 5790
f 5805 5790 5804
f 5806 5792 5791
f 5806 5791 5805
f 5807 5793 5792
f 5807 5792 5806
f 5808 5794 5793
f 5808 5793 5807
f 5809 5795 5794
f 5809 5794 5808
f 5810 5796 5795
f 5810 5795 5809
f 5811 5797 5796
f 5811 5796 5810
f 5812 5798 5797
f 5812 5797 5811
f 5813 5799 5798
f 5813 5798 5812
f 5815 5801 5800
f 5815 5800 5814
f 5816 5802 5801
f 5816 5801 5815
f 5817 5803 5802
f 5817 5802 5816
f 5818 5804 5803
f 5818 5803 5817
f 5819 5805 5804
f 5819 5804 5818
f 5820 5806 5805
f 5820 5805 5819
f 5821 5807 5806
f 5821 5806 5820
f 5822 5808 5807
f 5822 5807 5821
f 5823 5809 5808
f 5823 5808 5822
f 5824 5810 5809
f 5824 5809 5823
f 5825 5811 5810
f 5825 5810 5824
f 5826 5812 5811
f 5826 5811 5825
f 5827 5813 5812
f 5827 5812 5826
f 5729 5884 5714
f 5730 5883 5738
f 5730 5738 5739
f 5883 5884 5738
f 5881 5882 5740
f 5881 5740 5741
f 5899 5731 5880
f 5880 5881 5899
f 5882 5730 5739
f 5882 5739 5740
f 5732 5879 5744
f 5732 5744 5745
f 5745 5877 5878
f 5878 5732 5745
f 5746 5874 5875
f 5746 5873 5874
f 5875 5876 5746
f 5876 5877 5746
f 5879 5731 5743
f 5879 5743 5744
f 5738 5729 5728
f 5738 5728 5752
f 5727 5763 5752
f 5727 5752 5728
f 5763 5727 5726
f 5763 5726 5776
f 5877 5745 5746
f 5741 5899 5881
f 5871 5872 5747
f 5741 5742 5899
f 5743 5731 5899
f 5743 5899 5742
f 5873 5746 5872
f 5746 5747 5872
f 5729 5738 5884
f 5869 5747 5733
f 5868 5747 5867
f 5747 5868 5733
f 5866 5748 5734
f 5735 5749 5865
f 5735 5734 5748
f 5735 5748 5749
f 5748 5866 5867
f 5736 5750 5864
f 5863 5751 5862
f 5751 5863 5864
f 5898 5861 5862
f 5737 5860 5898
f 5861 5898 5860
f 5751 5898 5862
f 5865 5750 5736
f 5747 5869 5870
f 5867 5747 5748
f 5865 5749 5750
f 5762 5897 5751
f 5893 5775 5787
f 5895 5762 5775
f 5864 5750 5751
f 5762 5895 5896
f 5895 5775 5894
f 5762 5896 5897
f 5894 5775 5893
f 5892 5893 5787
f 5898 5751 5897
f 5747 5870 5871
f 5788 5725 5724
f 5788 5724 5800
f 5725 5788 5776
f 5725 5776 5726
f 5834 5814 5723
f 5723 5814 5800
f 5723 5800 5724
f 5815 5814 5835
f 5815 5835 5836
f 5817 5816 5828
f 5817 5828 5837
f 5900 5818 5817
f 5900 5817 5837
f 5820 5819 5829
f 5820 5829 5839
f 5818 5900 5819
f 5821 5820 5839
f 5821 5839 5830
f 5822 5821 5840
f 5822 5840 5841
f 5819 5900 5829
f 5816 5815 5836
f 5816 5836 5828
f 5723 5722 5834
f 5814 5834 5835
f 5900 5837 5838
f 5900 5838 5829
f 5822 5841 5842
f 5822 5842 5843
f 5822 5844 5845
f 5823 5822 5845
f 5822 5843 5844
f 5821 5830 5840
f 5845 5846 5823
f 5799 5890 5787
f 5888 5799 5813
f 5886 5887 5813
f 5851 5824 5823
f 5827 5886 5813
f 5853 5826 5825
f 5825 5824 5831
f 5825 5831 5832
f 5787 5890 5891
f 5813 5887 5888
f 5799 5888 5889
f 5889 5890 5799
f 5892 5787 5891
f 5848 5849 5823
f 5850 5851 5823
f 5849 5850 5823
f 5852 5831 5824
f 5832 5853 5825
f 5853 5833 5826
f 5851 5852 5824
f 5827 5826 5854
f 5827 5854 5855
f 5886 5827 5885
f 5827 5856 5885
f 5854 5826 5833
f 5827 5855 5856
f 5885 5857 5858
f 5885 5858 5859
f 5885 5856 5857
f 5847 5848 5823
f 5847 5823 5846
f 5916 5902 5901
f 5916 5901 5915
f 5917 5903 5902
f 5917 5902 5916
f 5941 5904 5903
f 5941 5903 5917
f 5929 5905 5904
f 5929 5904 5941
f 5918 5906 5905
f 5918 5905 5929
f 5919 5907 5906
f 5919 5906 5918
f 5920 5908 5907
f 5920 5907 5919
f 5921 5909 5908
f 5921 5908 5920
f 5922 5910 5909
f 5922 5909 5921
f 5923 5911 5910
f 5923 5910 5922
f 5924 5912 5911
f 5924 5911 5923
f 5925 5913 5912
f 5925 5912 5924
f 5926 5914 5913
f 5926 5913 5925
f 5928 5916 5915
f 5928 5915 5927
f 5940 5917 5916
f 5940 5916 5928
f 5941 5917 5940
f 5943 5918 5929
f 5930 5919 5918
f 5930 5918 5943
f 5931 5920 5919
f 5931 5919 5930
f 5932 5921 5920
f 5932 5920 5931
f 5933 5922 5921
f 5933 5921 5932
f 5934 5923 5922
f 5934 5922 5933
f 5935 5924 5923
f 5935 5923 5934
f 5936 5925 5924
f 5936 5924 5935
f 5937 5926 5925
f 5937 5925 5936
f 5939 5928 5927
f 5939 5927 5938
f 5940 5928 5939
f 5942 5929 5941
f 5943 5929 5942
f 5944 5930 5943
f 5945 5931 5930
f 5945 5930 5944
f 5946 5932 5931
f 5946 5931 5945
f 5947 5933 5932
f 5947 5932 5946
f 5948 5934 5933
f 5948 5933 5947
f 5949 5935 5934
f 5949 5934 5948
f 5950 5936 5935
f 5950 5935 5949
f 5951 5937 5936
f 5951 5936 5950
f 5953 5939 5938
f 5953 5938 5952
f 5967 5940 5939
f 5967 5939 5953
f 5954 5941 5940
f 5954 5940 5967
f 5955 5942 5941
f 5955 5941 5954
f 5956 5943 5942
f 5956 5942 5955
f 5957 5944 5943
f 5957 5943 5956
f 5958 5945 5944
f 5958 5944 5957
f 5959 5946 5945
f 5959 5945 5958
f 5960 5947 5946
f 5960 5946 5959
f 5961 5948 5947
f 5961 5947 5960
f 5962 5949 5948
f 5962 5948 5961
f 5963 5950 5949
f 5963 5949 5962
f 5964 5951 5950
f 5964 5950 5963
f 5966 5953 5952
f 5966 5952 5965
f 5967 5953 5966
f 5968 5954 5967
f 5969 5955 5954
f 5969 5954 5968
f 5970 5956 5955
f 5970 5955 5969
f 5971 5957 5956
f 5971 5956 5970
f 5972 5958 5957
f 5972 5957 5971
f 5973 5959 5958
f 5973 5958 5972
f 5974 5960 5959
f 5974 5959 5973
f 5975 5961 5960
f 5975 5960 5974
f 5976 5962 5961
f 5976 5961 5975
f 5977 5963 5962
f 5977 5962 5976
f 5978 5964 5963
f 5978 5963 5977
f 5980 5966 5965
f 5980 5965 5979
f 5981 5967 5966
f 5981 5966 5980
f 5982 5968 5967
f 5982 5967 5981
f 5983 5970 5969
f 5983 5969 5968
f 5984 5971 5970
f 5984 5970 5983
f 5985 5972 5971
f 5985 5971 5984
f 5986 5973 5972
f 5986 5972 5985
f 5987 5974 5973
f 5987 5973 5986
f 5988 5975 5974
f 5988 5974 5987
f 5989 5976 5975
f 5989 5975 5988
f 5990 5977 5976
f 5990 5976 5989
f 5991 5978 5977
f 5991 5977 5990
f 5721 5834 5722
f 5836 5835 5901
f 5836 5901 5902
f 5835 5834 5901
f 5837 5828 5903
f 5837 5903 5904
f 6006 5829 5838
f 5839 5829 6006
f 5839 6006 6007
f 5838 5837 6008
f 5828 5836 5902
f 5828 5902 5903
f 5908 5840 5830
f 5909 5842 5841
f 5841 5840 5908
f 5909 5844 5843
f 5909 5845 5844
f 5843 5842 5909
f 5830 5839 6007
f 5901 5721 5720
f 5901 5720 5915
f 5719 5927 5915
f 5719 5915 5720
f 5927 5719 5718
f 5927 5718 5938
f 5906 6006 6008
f 5906 6008 5905
f 5904 6008 5837
f 6007 6006 5906
f 6007 5906 5907
f 5905 6008 5904
f 6008 6006 5838
f 6007 5907 5908
f 6007 5908 5830
f 5908 5909 5841
f 5721 5901 5834
f 5910 5845 5909
f 5847 5910 5848
f 5849 5910 5850
f 5910 5849 5848
f 5851 5911 5852
f 5832 5831 5911
f 5832 5911 5912
f 5832 5912 5853
f 5911 5831 5852
f 5910 5851 5850
f 5833 5913 5854
f 5855 5914 5856
f 5914 5855 5854
f 6005 5857 5856
f 5859 5858 6005
f 5857 6005 5858
f 5914 6005 5856
f 5853 5913 5833
f 5910 5847 5846
f 5851 5910 5911
f 5853 5912 5913
f 6004 5914 5926
f 6004 5926 6003
f 5937 6002 5926
f 6005 5914 6004
f 6000 5937 5951
f 5854 5913 5914
f 5926 6002 6003
f 6001 6002 5937
f 5937 6000 6001
f 5951 5999 6000
f 5910 5846 5845
f 5952 5717 5716
f 5952 5716 5965
f 5717 5952 5938
f 5717 5938 5718
f 5884 5715 5714
f 5715 5979 5965
f 5715 5965 5716
f 5884 5979 5715
f 5883 5979 5884
f 5981 5980 5730
f 5981 5730 5882
f 5968 5982 5881
f 5968 5881 5880
f 5982 5981 5882
f 5982 5882 5881
f 5984 5983 5731
f 5984 5731 5879
f 5983 5968 5880
f 5983 5880 5731
f 5985 5984 5879
f 5985 5879 5732
f 5986 5985 5878
f 5986 5878 5877
f 5883 5730 5980
f 5883 5980 5979
f 5985 5732 5878
f 5986 5875 5874
f 5986 5876 5875
f 5986 5873 5872
f 5871 5987 5872
f 5870 5987 5871
f 5987 5986 5872
f 5986 5874 5873
f 5986 5877 5876
f 5870 5869 5987
f 5951 5998 5999
f 5964 5997 5951
f 5867 5988 5987
f 6009 5990 5989
f 5991 5993 5978
f 5989 5988 6010
f 5989 6010 6009
f 5978 5995 5964
f 5951 5997 5998
f 5964 5996 5997
f 5996 5964 5995
f 5978 5994 5995
f 5978 5993 5994
f 5868 5867 5987
f 5865 5990 6009
f 6009 6010 5734
f 6009 5734 5735
f 6010 5988 5867
f 5733 5868 5987
f 6010 5867 5866
f 6009 5735 5865
f 6010 5866 5734
f 5990 5865 5736
f 5991 5990 5864
f 5991 5864 5863
f 5993 5991 5992
f 5991 5862 5992
f 5864 5990 5736
f 5991 5863 5862
f 5992 5861 5860
f 5992 5860 5737
f 5992 5862 5861
f 5733 5987 5869

