mtllib heybeliada_materials.mtl
usemtl HullRed
# https://github.com/mikedh/trimesh
v -42.03818848 2.85403027 -2.36138281
v -42.73552490 2.85403027 -2.42239185
v -42.03778125 2.80308081 -2.36603955
v -42.73511768 2.80308081 -2.42704858
v -42.03647510 2.75096387 -2.38096729
v -42.73381152 2.75096387 -2.44197632
v -42.03421094 2.70081177 -2.40685046
v -42.73154687 2.70081177 -2.46785950
v -42.03273096 2.67754687 -2.42376563
v -42.73006738 2.67754687 -2.48477466
v -42.03104102 2.65604053 -2.44308093
v -42.72837744 2.65604053 -2.50408997
v -42.02916650 2.63665137 -2.46450549
v -42.72650293 2.63665137 -2.52551453
v -42.02713916 2.61967163 -2.48768164
v -42.72447510 2.61967163 -2.54869067
v -42.02276807 2.59368970 -2.53764307
v -42.72010400 2.59368970 -2.59865210
v -42.01822559 2.57870483 -2.58956165
v -42.71556201 2.57870483 -2.65057068
v -42.01378516 2.57403027 -2.64031738
v -42.71112158 2.57403027 -2.70132642
v -42.00934473 2.57870483 -2.69107312
v -42.70668066 2.57870483 -2.75208215
v -42.00480225 2.59368970 -2.74299170
v -42.70213867 2.59368970 -2.80400073
v -42.00043115 2.61967163 -2.79295312
v -42.69776758 2.61967163 -2.85396204
v -41.99840332 2.63665137 -2.81612927
v -42.69573975 2.63665137 -2.87713831
v -41.99652930 2.65604053 -2.83755383
v -42.69386523 2.65604053 -2.89856287
v -41.99483936 2.67754687 -2.85686914
v -42.69217578 2.67754687 -2.91787811
v -41.99335937 2.70081177 -2.87378430
v -42.69069580 2.70081177 -2.93479333
v -41.99109473 2.75096387 -2.89966742
v -42.68843115 2.75096387 -2.96067645
v -41.98978906 2.80308081 -2.91459521
v -42.68712500 2.80308081 -2.97560419
v -41.98938135 2.85403027 -2.91925189
v -42.68671777 2.85403027 -2.98026093
v -41.98978906 2.90497998 -2.91459521
v -42.68712500 2.90497998 -2.97560419
v -41.99109473 2.95709692 -2.89966742
v -42.68843115 2.95709692 -2.96067645
v -41.99335937 3.00724902 -2.87378430
v -42.69069580 3.00724902 -2.93479333
v -41.99483936 3.03051392 -2.85686914
v -42.69217578 3.03051392 -2.91787811
v -41.99652930 3.05202026 -2.83755383
v -42.69386523 3.05202026 -2.89856287
v -41.99840332 3.07140918 -2.81612927
v -42.69573975 3.07140918 -2.87713831
v -42.00043115 3.08838916 -2.79295312
v -42.69776758 3.08838916 -2.85396204
v -42.00480225 3.11437109 -2.74299170
v -42.70213867 3.11437109 -2.80400073
v -42.00934473 3.12935596 -2.69107312
v -42.70668066 3.12935596 -2.75208215
v -42.01378516 3.13403027 -2.64031738
v -42.71112158 3.13403027 -2.70132642
v -42.01822559 3.12935596 -2.58956165
v -42.71556201 3.12935596 -2.65057068
v -42.02276807 3.11437109 -2.53764307
v -42.72010400 3.11437109 -2.59865210
v -42.02713916 3.08838916 -2.48768164
v -42.72447510 3.08838916 -2.54869067
v -42.02916650 3.07140918 -2.46450549
v -42.72650293 3.07140918 -2.52551453
v -42.03104102 3.05202026 -2.44308093
v -42.72837744 3.05202026 -2.50408997
v -42.03273096 3.03051392 -2.42376563
v -42.73006738 3.03051392 -2.48477466
v -42.03421094 3.00724902 -2.40685046
v -42.73154687 3.00724902 -2.46785950
v -42.03647510 2.95709692 -2.38096729
v -42.73381152 2.95709692 -2.44197632
v -42.03778125 2.90497998 -2.36603955
v -42.73511768 2.90497998 -2.42704858
v -42.47663086 2.73143237 -2.42811621
v -42.47746436 2.69150269 -2.45201160
v -42.47763135 2.65604053 -2.48215247
v -42.47739160 2.63644653 -2.50397363
v -42.47688721 2.61922925 -2.52771082
v -42.32711719 2.72321924 -2.41921973
v -42.32694434 2.61434424 -2.52241919
v -42.32731543 2.62354102 -2.50816040
v -42.32759863 2.63358105 -2.49448022
v -42.32790039 2.65604053 -2.46905273
v -42.32778027 2.68777417 -2.44163037
v -42.47593994 2.85403027 -2.39968115
v -42.47584131 2.84986182 -2.39970361
v -42.47610303 2.99049341 -2.43533606
v -42.47642627 2.97466919 -2.42714978
v -42.47665186 2.95835669 -2.41998193
v -42.47677930 2.94162207 -2.41386145
v -42.47680762 2.92453296 -2.40881299
v -42.47673779 2.90715845 -2.40485693
v -42.47656934 2.88956909 -2.40200940
v -42.47630322 2.87183569 -2.40028174
v -42.32655664 2.99360938 -2.42402441
v -42.32641211 2.85155615 -2.38661011
v -42.32647021 2.85403027 -2.38660425
v -42.32684082 2.87228247 -2.38723450
v -42.32711035 2.89045703 -2.38904883
v -42.32727637 2.90847632 -2.39203967
v -42.32733936 2.92626440 -2.39619434
v -42.32729834 2.94374512 -2.40149500
v -42.32715381 2.96084424 -2.40791919
v -42.32690625 2.97748926 -2.41543958
v -42.40112695 2.85070459 -2.39315564
v -42.61251758 1.56765698 -1.38862964
v -42.60498828 1.73624915 -1.35011670
v -42.45323438 1.74540271 -1.36003198
v -42.46075684 1.57686536 -1.39860449
v -42.32641211 2.84855615 -2.38578381
v -42.47584131 2.84508447 -2.39838770
v -42.60952051 3.25085620 -0.92529321
v -42.45772998 3.24716138 -0.93870679
v -42.61854102 3.42285156 -0.86572363
v -42.61400098 3.33699146 -0.89590088
v -42.46673242 3.41910107 -0.87933936
v -42.46220166 3.33326636 -0.90941016
v -37.31220215 2.53452759 -2.22898218
v -37.31664258 2.53920215 -2.17822644
v -37.32118555 2.55418701 -2.12630786
v -37.32555664 2.58016895 -2.07634656
v -37.32945801 2.61653784 -2.03174573
v -37.33262793 2.66130884 -1.99551526
v -37.33489258 2.71146118 -1.96963220
v -37.33619824 2.76357812 -1.95470435
v -37.33660645 2.81452759 -1.95004773
v -37.33619824 2.86547729 -1.95470435
v -37.33489258 2.91759424 -1.96963220
v -37.33262793 2.96774634 -1.99551526
v -37.32945801 3.01251758 -2.03174573
v -37.32555664 3.04888647 -2.07634656
v -37.32118555 3.07486841 -2.12630786
v -37.31664258 3.08985327 -2.17822644
v -37.31220215 3.09452759 -2.22898218
v -37.30776172 3.08985327 -2.27973804
v -37.30321973 3.07486841 -2.33165649
v -37.29884863 3.04888647 -2.38161792
v -37.29494629 3.01251758 -2.42621875
v -37.29177637 2.96774634 -2.46244910
v -37.28951270 2.91759424 -2.48833228
v -37.28820605 2.86547729 -2.50326001
v -37.28779883 2.81452759 -2.50791675
v -37.28820605 2.76357812 -2.50326001
v -37.28951270 2.71146118 -2.48833228
v -37.29177637 2.66130884 -2.46244910
v -37.29494629 2.61653784 -2.42621875
v -37.29884863 2.58016895 -2.38161792
v -37.30321973 2.55418701 -2.33165649
v -37.30776172 2.53920215 -2.27973804
v -33.68352930 2.53452759 -1.91151440
v -33.42143945 2.53820215 -1.93396960
v -33.29039063 2.54267139 -1.94441394
v -33.15936914 2.54883301 -1.95434717
v -33.02840039 2.55667847 -1.96376550
v -32.89750781 2.56622974 -1.97265564
v -32.63606641 2.59069897 -1.98874402
v -32.50525781 2.60588428 -1.99587183
v -32.37468555 2.62326489 -2.00228235
v -32.11461133 2.66593042 -2.01247424
v -31.85673828 2.72372656 -2.01757092
v -31.73011133 2.76232593 -2.01675427
v -31.66825000 2.78596167 -2.01480322
v -31.60859180 2.81452759 -2.01105042
v -31.58944727 2.82585840 -2.00914539
v -31.57117578 2.83846289 -2.00674817
v -31.53996875 2.86954199 -1.99956799
v -31.53023828 2.89160693 -1.99333569
v -31.53207227 2.91519824 -1.98556091
v -31.54424609 2.93500903 -1.97807019
v -31.56164062 2.95081104 -1.97140283
v -31.59602930 2.97149219 -1.96163440
v -31.63312305 2.98753223 -1.95312573
v -31.71732617 3.01357080 -1.93717725
v -31.80871289 3.03358350 -1.92255298
v -31.96036133 3.05688037 -1.90152515
v -32.11326953 3.07274536 -1.88282349
v -32.25741016 3.08294238 -1.86675842
v -32.40179883 3.08960815 -1.85183313
v -32.47407617 3.09181470 -1.84473352
v -32.54639258 3.09334326 -1.83785303
v -32.61876758 3.09423633 -1.83117578
v -32.69116406 3.09452759 -1.82469385
v -32.95666992 3.09084302 -1.80247388
v -33.02305078 3.08882153 -1.79727588
v -33.08942969 3.08637720 -1.79221509
v -33.22216602 3.08023560 -1.78249976
v -33.35485156 3.07243188 -1.77332202
v -33.48746484 3.06294751 -1.76468701
v -33.61997852 3.05173145 -1.75660986
v -33.75236035 3.03869434 -1.74911792
v -33.88491113 3.02365747 -1.74223730
v -34.01723242 3.00644824 -1.73605249
v -34.28082910 2.96415942 -1.72620239
v -34.54228125 2.90660156 -1.72120703
v -34.67067969 2.86782739 -1.72194873
v -34.73336133 2.84386011 -1.72383960
v -34.79363281 2.81452759 -1.72756641
v -34.83012305 2.79018066 -1.73182349
v -34.85929004 2.75795117 -1.73910815
v -34.86619434 2.73550000 -1.74534204
v -34.86123145 2.71286401 -1.75266162
v -34.83015039 2.67982715 -1.76542261
v -34.75737402 2.64367017 -1.78278833
v -34.67314453 2.61785254 -1.79803735
v -34.58244531 2.59787915 -1.81210254
v -34.42858203 2.57388306 -1.83300757
v -34.27345801 2.55743408 -1.85178455
v -34.12631348 2.54674097 -1.86814685
v -33.97891895 2.53972583 -1.88344983
v -33.90513672 2.53739771 -1.89076257
v -33.83131543 2.53578198 -1.89786951
v -33.75743359 2.53483643 -1.90478467
v -37.31220215 -2.53452759 -2.22898218
v -37.31664258 -2.53920215 -2.17822644
v -37.32118555 -2.55418701 -2.12630786
v -37.32555664 -2.58016895 -2.07634656
v -37.32945801 -2.61653784 -2.03174573
v -37.33262793 -2.66130884 -1.99551526
v -37.33489258 -2.71146118 -1.96963220
v -37.33619824 -2.76357812 -1.95470435
v -37.33660645 -2.81452759 -1.95004773
v -37.33619824 -2.86547729 -1.95470435
v -37.33489258 -2.91759424 -1.96963220
v -37.33262793 -2.96774634 -1.99551526
v -37.32945801 -3.01251758 -2.03174573
v -37.32555664 -3.04888647 -2.07634656
v -37.32118555 -3.07486841 -2.12630786
v -37.31664258 -3.08985327 -2.17822644
v -37.31220215 -3.09452759 -2.22898218
v -37.30776172 -3.08985327 -2.27973804
v -37.30321973 -3.07486841 -2.33165649
v -37.29884863 -3.04888647 -2.38161792
v -37.29494629 -3.01251758 -2.42621875
v -37.29177637 -2.96774634 -2.46244910
v -37.28951270 -2.91759424 -2.48833228
v -37.28820605 -2.86547729 -2.50326001
v -37.28779883 -2.81452759 -2.50791675
v -37.28820605 -2.76357812 -2.50326001
v -37.28951270 -2.71146118 -2.48833228
v -37.29177637 -2.66130884 -2.46244910
v -37.29494629 -2.61653784 -2.42621875
v -37.29884863 -2.58016895 -2.38161792
v -37.30321973 -2.55418701 -2.33165649
v -37.30776172 -2.53920215 -2.27973804
v -33.68352930 -2.53452759 -1.91151440
v -33.42143945 -2.53820215 -1.93396960
v -33.29039063 -2.54267139 -1.94441394
v -33.15936914 -2.54883301 -1.95434717
v -33.02840039 -2.55667847 -1.96376550
v -32.89750781 -2.56622974 -1.97265564
v -32.63606641 -2.59069897 -1.98874402
v -32.50525781 -2.60588428 -1.99587183
v -32.37468555 -2.62326489 -2.00228235
v -32.11461133 -2.66593042 -2.01247424
v -31.85673828 -2.72372656 -2.01757092
v -31.73011133 -2.76232593 -2.01675427
v -31.66825000 -2.78596167 -2.01480322
v -31.60859180 -2.81452759 -2.01105042
v -31.58944727 -2.82585840 -2.00914539
v -31.57117578 -2.83846289 -2.00674817
v -31.53996875 -2.86954199 -1.99956799
v -31.53023828 -2.89160693 -1.99333569
v -31.53207227 -2.91519824 -1.98556091
v -31.54424609 -2.93500903 -1.97807019
v -31.56164062 -2.95081104 -1.97140283
v -31.59602930 -2.97149219 -1.96163440
v -31.63312305 -2.98753223 -1.95312573
v -31.71732617 -3.01357080 -1.93717725
v -31.80871289 -3.03358350 -1.92255298
v -31.96036133 -3.05688037 -1.90152515
v -32.11326953 -3.07274536 -1.88282349
v -32.25741016 -3.08294238 -1.86675842
v -32.40179883 -3.08960815 -1.85183313
v -32.47407617 -3.09181470 -1.84473352
v -32.54639258 -3.09334326 -1.83785303
v -32.61876758 -3.09423633 -1.83117578
v -32.69116406 -3.09452759 -1.82469385
v -32.95666992 -3.09084302 -1.80247388
v -33.02305078 -3.08882153 -1.79727588
v -33.08942969 -3.08637720 -1.79221509
v -33.22216602 -3.08023560 -1.78249976
v -33.35485156 -3.07243188 -1.77332202
v -33.48746484 -3.06294751 -1.76468701
v -33.61997852 -3.05173145 -1.75660986
v -33.75236035 -3.03869434 -1.74911792
v -33.88491113 -3.02365747 -1.74223730
v -34.01723242 -3.00644824 -1.73605249
v -34.28082910 -2.96415942 -1.72620239
v -34.54228125 -2.90660156 -1.72120703
v -34.67067969 -2.86782739 -1.72194873
v -34.73336133 -2.84386011 -1.72383960
v -34.79363281 -2.81452759 -1.72756641
v -34.83012305 -2.79018066 -1.73182349
v -34.85929004 -2.75795117 -1.73910815
v -34.86619434 -2.73550000 -1.74534204
v -34.86123145 -2.71286401 -1.75266162
v -34.83015039 -2.67982715 -1.76542261
v -34.75737402 -2.64367017 -1.78278833
v -34.67314453 -2.61785254 -1.79803735
v -34.58244531 -2.59787915 -1.81210254
v -34.42858203 -2.57388306 -1.83300757
v -34.27345801 -2.55743408 -1.85178455
v -34.12631348 -2.54674097 -1.86814685
v -33.97891895 -2.53972583 -1.88344983
v -33.90513672 -2.53739771 -1.89076257
v -33.83131543 -2.53578198 -1.89786951
v -33.75743359 -2.53483643 -1.90478467
v -42.03818848 -2.85403027 -2.36138281
v -42.73552490 -2.85403027 -2.42239185
v -42.03778125 -2.80308081 -2.36603955
v -42.73511768 -2.80308081 -2.42704858
v -42.03647510 -2.75096387 -2.38096729
v -42.73381152 -2.75096387 -2.44197632
v -42.03421094 -2.70081177 -2.40685046
v -42.73154687 -2.70081177 -2.46785950
v -42.03273096 -2.67754687 -2.42376563
v -42.73006738 -2.67754687 -2.48477466
v -42.03104102 -2.65604053 -2.44308093
v -42.72837744 -2.65604053 -2.50408997
v -42.02916650 -2.63665137 -2.46450549
v -42.72650293 -2.63665137 -2.52551453
v -42.02713916 -2.61967163 -2.48768164
v -42.72447510 -2.61967163 -2.54869067
v -42.02276807 -2.59368970 -2.53764307
v -42.72010400 -2.59368970 -2.59865210
v -42.01822559 -2.57870483 -2.58956165
v -42.71556201 -2.57870483 -2.65057068
v -42.01378516 -2.57403027 -2.64031738
v -42.71112158 -2.57403027 -2.70132642
v -42.00934473 -2.57870483 -2.69107312
v -42.70668066 -2.57870483 -2.75208215
v -42.00480225 -2.59368970 -2.74299170
v -42.70213867 -2.59368970 -2.80400073
v -42.00043115 -2.61967163 -2.79295312
v -42.69776758 -2.61967163 -2.85396204
v -41.99840332 -2.63665137 -2.81612927
v -42.69573975 -2.63665137 -2.87713831
v -41.99652930 -2.65604053 -2.83755383
v -42.69386523 -2.65604053 -2.89856287
v -41.99483936 -2.67754687 -2.85686914
v -42.69217578 -2.67754687 -2.91787811
v -41.99335937 -2.70081177 -2.87378430
v -42.69069580 -2.70081177 -2.93479333
v -41.99109473 -2.75096387 -2.89966742
v -42.68843115 -2.75096387 -2.96067645
v -41.98978906 -2.80308081 -2.91459521
v -42.68712500 -2.80308081 -2.97560419
v -41.98938135 -2.85403027 -2.91925189
v -42.68671777 -2.85403027 -2.98026093
v -41.98978906 -2.90497998 -2.91459521
v -42.68712500 -2.90497998 -2.97560419
v -41.99109473 -2.95709692 -2.89966742
v -42.68843115 -2.95709692 -2.96067645
v -41.99335937 -3.00724902 -2.87378430
v -42.69069580 -3.00724902 -2.93479333
v -41.99483936 -3.03051392 -2.85686914
v -42.69217578 -3.03051392 -2.91787811
v -41.99652930 -3.05202026 -2.83755383
v -42.69386523 -3.05202026 -2.89856287
v -41.99840332 -3.07140918 -2.81612927
v -42.69573975 -3.07140918 -2.87713831
v -42.00043115 -3.08838916 -2.79295312
v -42.69776758 -3.08838916 -2.85396204
v -42.00480225 -3.11437109 -2.74299170
v -42.70213867 -3.11437109 -2.80400073
v -42.00934473 -3.12935596 -2.69107312
v -42.70668066 -3.12935596 -2.75208215
v -42.01378516 -3.13403027 -2.64031738
v -42.71112158 -3.13403027 -2.70132642
v -42.01822559 -3.12935596 -2.58956165
v -42.71556201 -3.12935596 -2.65057068
v -42.02276807 -3.11437109 -2.53764307
v -42.72010400 -3.11437109 -2.59865210
v -42.02713916 -3.08838916 -2.48768164
v -42.72447510 -3.08838916 -2.54869067
v -42.02916650 -3.07140918 -2.46450549
v -42.72650293 -3.07140918 -2.52551453
v -42.03104102 -3.05202026 -2.44308093
v -42.72837744 -3.05202026 -2.50408997
v -42.03273096 -3.03051392 -2.42376563
v -42.73006738 -3.03051392 -2.48477466
v -42.03421094 -3.00724902 -2.40685046
v -42.73154687 -3.00724902 -2.46785950
v -42.03647510 -2.95709692 -2.38096729
v -42.73381152 -2.95709692 -2.44197632
v -42.03778125 -2.90497998 -2.36603955
v -42.73511768 -2.90497998 -2.42704858
v -42.47663086 -2.73143237 -2.42811621
v -42.47746436 -2.69150269 -2.45201160
v -42.47763135 -2.65604053 -2.48215247
v -42.47739160 -2.63644653 -2.50397363
v -42.47688721 -2.61922925 -2.52771082
v -42.32711719 -2.72321924 -2.41921973
v -42.32694434 -2.61434424 -2.52241919
v -42.32731543 -2.62354102 -2.50816040
v -42.32759863 -2.63358105 -2.49448022
v -42.32790039 -2.65604053 -2.46905273
v -42.32778027 -2.68777417 -2.44163037
v -42.47593994 -2.85403027 -2.39968115
v -42.47584131 -2.84986182 -2.39970361
v -42.47610303 -2.99049341 -2.43533606
v -42.47642627 -2.97466919 -2.42714978
v -42.47665186 -2.95835669 -2.41998193
v -42.47677930 -2.94162207 -2.41386145
v -42.47680762 -2.92453296 -2.40881299
v -42.47673779 -2.90715845 -2.40485693
v -42.47656934 -2.88956909 -2.40200940
v -42.47630322 -2.87183569 -2.40028174
v -42.32655664 -2.99360938 -2.42402441
v -42.32641211 -2.85155615 -2.38661011
v -42.32647021 -2.85403027 -2.38660425
v -42.32684082 -2.87228247 -2.38723450
v -42.32711035 -2.89045703 -2.38904883
v -42.32727637 -2.90847632 -2.39203967
v -42.32733936 -2.92626440 -2.39619434
v -42.32729834 -2.94374512 -2.40149500
v -42.32715381 -2.96084424 -2.40791919
v -42.32690625 -2.97748926 -2.41543958
v -42.40112695 -2.85070459 -2.39315564
v -42.61251758 -1.56765698 -1.38862964
v -42.60498828 -1.73624915 -1.35011670
v -42.45323438 -1.74540271 -1.36003198
v -42.46075684 -1.57686536 -1.39860449
v -42.32641211 -2.84855615 -2.38578381
v -42.47584131 -2.84508447 -2.39838770
v -42.60952051 -3.25085620 -0.92529321
v -42.45772998 -3.24716138 -0.93870679
v -42.61854102 -3.42285156 -0.86572363
v -42.61400098 -3.33699146 -0.89590088
v -42.46673242 -3.41910107 -0.87933936
v -42.46220166 -3.33326636 -0.90941016
v -47.39800000 0.00000000 -1.28000000
v -47.41217212 -0.43086713 -1.24963110
v -47.45468872 -0.98149500 -1.15852393
v -47.52554980 -1.65188367 -1.00667896
v -47.57160938 -2.03198840 -0.90797974
v -47.62475513 -2.44203320 -0.79409619
v -47.68188647 -2.84433496 -0.67167188
v -47.73990295 -3.20121069 -0.54735083
v -40.01248145 -0.58890271 -1.77341455
v -40.03041895 -1.29009460 -1.65885352
v -40.06031250 -2.10357544 -1.46791846
v -40.07974414 -2.55242432 -1.34381079
v -40.10216504 -3.02934546 -1.20060937
v -40.12626758 -3.49248877 -1.04666895
v -40.15074316 -3.90000366 -0.89034351
v -40.17559180 -4.25189014 -0.73163330
v -40.20081445 -4.54814844 -0.57053809
v -33.26691992 -0.71459344 -2.34730957
v -33.27223437 -1.53018054 -2.20705054
v -33.28109180 -2.44676147 -1.97328564
v -33.28684961 -2.94292456 -1.82133838
v -33.29349414 -3.46433594 -1.64601465
v -33.30063477 -3.96752246 -1.45754272
v -33.30788672 -4.40900977 -1.26615112
v -33.31524902 -4.78879883 -1.07183936
v -33.32272266 -5.10688867 -0.87460791
v -26.79261523 -0.81406946 -2.89395496
v -26.79327930 -1.71556287 -2.72921826
v -26.79438672 -2.70448047 -2.45465698
v -26.79510547 -3.23172314 -2.27619214
v -26.79593750 -3.78082178 -2.07027124
v -26.79683008 -4.30845801 -1.84890759
v -26.79773633 -4.77131299 -1.62411450
v -26.79865625 -5.16938721 -1.39589185
v -26.79958984 -5.50267969 -1.16423999
v -26.80150000 -5.97492236 -0.69064771
v -20.20669336 -0.89346100 -3.33598993
v -20.20669336 -1.86005139 -3.15145972
v -20.20669336 -2.89977100 -2.84390930
v -20.20669336 -3.44705420 -2.64400159
v -20.20669336 -4.01261987 -2.41333875
v -20.20669336 -4.55431738 -2.16537769
v -20.20669336 -5.02999561 -1.91357520
v -20.20669336 -5.43965576 -1.65793115
v -20.20669336 -5.78329639 -1.39844556
v -20.20669336 -6.27252197 -0.86795020
v -13.22905859 0.00000000 -3.68222656
v -13.22905859 -0.95681763 -3.61654135
v -13.22905859 -1.97305042 -3.41948575
v -13.22905859 -3.04869849 -3.09105975
v -13.22905859 -3.60880298 -2.87758282
v -13.22905859 -4.18376123 -2.63126331
v -13.22905859 -4.73299072 -2.36648035
v -13.22905859 -5.21590771 -2.09761279
v -13.22905859 -5.63251270 -1.82466064
v -13.22905859 -5.98280566 -1.54762427
v -13.22905859 -6.48445459 -0.98129761
v -5.99071875 -0.99986615 -3.76068758
v -5.99071875 -2.04634387 -3.55743777
v -5.99071875 -3.13943311 -3.21868811
v -5.99071875 -3.70345703 -2.99850085
v -5.99071875 -4.27913379 -2.74443860
v -5.99071875 -4.82784326 -2.47139429
v -5.99071875 -5.31096436 -2.19426062
v -5.99071875 -5.72849756 -1.91303772
v -5.99071875 -6.08044238 -1.62772559
v -5.99071875 -6.58756787 -1.04483350
v 1.27454297 -1.01625250 -3.81399470
v 1.27454297 -2.06730981 -3.60906473
v 1.27454297 -3.15317212 -3.26751477
v 1.27454297 -3.70915503 -3.04550732
v 1.27454297 -4.27383887 -2.78934485
v 1.27454297 -4.81110840 -2.51421130
v 1.27454297 -5.28484766 -2.23529065
v 1.27454297 -5.69505615 -1.95258276
v 1.27454297 -6.04173389 -1.66608765
v 1.27454297 -6.54449902 -1.08173584
v 1.27454297 -6.79314160 -0.48223560
v 8.33294531 -0.99962292 -3.82202891
v 8.33294531 -2.02332690 -3.61811563
v 8.33294531 -3.07111206 -3.27826019
v 8.33294531 -3.60403491 -3.05735413
v 8.33294531 -4.14297803 -2.80246252
v 8.33294531 -4.65502002 -2.52902332
v 8.33294531 -5.10723877 -2.25247449
v 8.33294531 -5.49963477 -1.97281604
v 8.33294531 -5.83220801 -1.69004785
v 8.33294531 -6.31788525 -1.11518286
v 8.33294531 -6.56427100 -0.52787915
v 14.97173438 0.00000000 -3.89000000
v 14.97212500 -0.94681427 -3.82274141
v 14.97242969 -1.90806799 -3.62096564
v 14.97264453 -2.88376123 -3.28467267
v 14.97271875 -3.37702271 -3.06608221
v 14.97277344 -3.87389380 -2.81386255
v 14.97273828 -4.34540576 -2.54382190
v 14.97255078 -4.76258984 -2.27176892
v 14.97220703 -5.12544531 -1.99770361
v 14.97171094 -5.43397266 -1.72162573
v 14.97026172 -5.88804297 -1.16343311
v 14.96819531 -6.12479980 -0.59719067
v 21.06229688 0.00000000 -3.89000000
v 21.06543750 -0.86742682 -3.82362363
v 21.06786719 -1.74038464 -3.62449451
v 21.06959375 -2.61887354 -3.29261261
v 21.07019531 -3.06019214 -3.07688940
v 21.07061719 -3.50289355 -2.82797803
v 21.07033594 -3.92247363 -2.56219812
v 21.06882031 -4.29442871 -2.29586951
v 21.06608594 -4.61875830 -2.02899219
v 21.06212500 -4.89546289 -1.76156592
v 21.05050781 -5.30599658 -1.22506738
v 21.03399219 -5.52602979 -0.68637378
v 21.02856250 -5.57799854 -0.48082715
v 31.19354687 -0.68008014 -3.82540320
v 31.21301563 -1.34832959 -3.63161279
v 31.22682031 -2.00474841 -3.30862878
v 31.23160156 -2.32852124 -3.09868921
v 31.23496875 -2.64933643 -2.85645117
v 31.23271875 -2.95186035 -2.59964758
v 31.22064844 -3.22075952 -2.34601099
v 31.19875781 -3.45603345 -2.09554163
v 31.16703906 -3.65768262 -1.84823926
v 31.07414844 -3.96010620 -1.36313599
v 30.94196875 -4.12803027 -0.89070117
v 30.89857031 -4.17532861 -0.70372510
v 30.88364063 -4.20837842 -0.59072168
v 30.87322656 -4.24769482 -0.46470801
v 38.13585156 -0.52363037 -3.82556375
v 38.22182031 -1.01563074 -3.63225500
v 38.28090625 -1.47600098 -3.31007379
v 38.30035937 -1.69432495 -3.10065594
v 38.31309375 -1.90474133 -2.85902002
v 38.30709375 -2.09979785 -2.60558337
v 38.27032812 -2.27204248 -2.36076355
v 38.20281250 -2.42147485 -2.12456042
v 38.10453906 -2.54809546 -1.89697400
v 37.81572656 -2.73290015 -1.46765161
v 37.40389063 -2.82645679 -1.07279614
v 37.26849219 -2.85724854 -0.90892871
v 37.22182813 -2.88332397 -0.80189600
v 37.18919531 -2.91651929 -0.67813013
v 37.17059375 -2.95683447 -0.53763159
v 42.35247656 -0.41899832 -3.81903823
v 42.67033594 -0.77995392 -3.60615292
v 42.88061719 -1.08286670 -3.25134406
v 42.94541406 -1.21255713 -3.02071832
v 42.98331250 -1.32773682 -2.75461169
v 42.97804687 -1.42771729 -2.48135425
v 42.91332812 -1.51181018 -2.22927588
v 42.78917188 -1.58001526 -1.99837695
v 42.60556250 -1.63233264 -1.78865698
v 42.06001562 -1.68930420 -1.43275513
v 41.27668750 -1.68272510 -1.16157007
v 41.01806250 -1.68381653 -1.04130151
v 40.92845312 -1.69511438 -0.95023022
v 40.86531250 -1.71358032 -0.83853418
v 40.82863281 -1.73921448 -0.70621362
v 40.81842969 -1.77201660 -0.55326831
v 43.65835156 -0.38156763 -3.81193743
v 44.18385937 -0.69037024 -3.57774973
v 44.52791406 -0.92640778 -3.18743689
v 44.63188281 -1.01713965 -2.93373358
v 44.69049219 -1.08968030 -2.64099890
v 44.68925781 -1.14633679 -2.34453406
v 44.61368750 -1.18941650 -2.07963977
v 44.46378125 -1.21891943 -1.84631628
v 44.23954688 -1.23484546 -1.64456348
v 43.56807812 -1.22596692 -1.33576978
v 42.59928125 -1.16278101 -1.15325879
v 42.27850000 -1.14543762 -1.06684741
v 42.16693750 -1.14715552 -0.98974902
v 42.08792187 -1.15579980 -0.89005566
v 42.04145312 -1.17137061 -0.76776709
v 42.02753906 -1.19386780 -0.62288330
v 44.52020313 -0.32285507 -3.80400487
v 45.26856250 -0.56882330 -3.54601947
v 45.75574219 -0.73790479 -3.11604382
v 45.90138281 -0.79361298 -2.83655969
v 45.98172656 -0.83009949 -2.51407788
v 45.98571875 -0.85149847 -2.19136194
v 45.90227344 -0.86194415 -1.91117517
v 45.73140625 -0.86143652 -1.67351758
v 45.47311719 -0.84997552 -1.47838892
v 44.69425000 -0.79419373 -1.21571948
v 43.56567969 -0.69459869 -1.12316650
v 43.19103906 -0.66469904 -1.07189746
v 43.06032031 -0.65879248 -1.00975195
v 42.96732031 -0.65891479 -0.92326636
v 42.91206250 -0.66506586 -0.81243994
v 42.89452344 -0.67724585 -0.67727319
v 44.99531250 -0.20746454 -3.79755099
v 45.92153125 -0.35785324 -3.52020398
v 46.52275781 -0.45116614 -3.05795892
v 46.70150781 -0.47641913 -2.75749963
v 46.79900781 -0.48740317 -2.41081592
v 46.80751563 -0.48784021 -2.06661914
v 46.71928906 -0.48145221 -1.77362109
v 46.53432031 -0.46823917 -1.53182153
v 46.25260937 -0.44820108 -1.34122070
v 45.39896875 -0.38764975 -1.11361475
v 44.15836719 -0.29979828 -1.09080347
v 43.74581250 -0.27256512 -1.06711060
v 43.60153125 -0.26481186 -1.01688232
v 43.49858594 -0.26096741 -0.94106592
v 43.43697656 -0.26103186 -0.83966187
v 43.41668750 -0.26500513 -0.71266992
v 45.10574219 -0.11745378 -3.79560058
v 46.08519531 -0.20087827 -3.51240231
v 46.72054687 -0.25027348 -3.04040521
v 46.90917969 -0.26221011 -2.73360706
v 47.01178906 -0.26563940 -2.37960925
v 47.02170313 -0.26290298 -2.02890283
v 46.93226562 -0.25634244 -1.73197900
v 46.74346094 -0.24595776 -1.48883740
v 46.45530469 -0.23174898 -1.29947852
v 45.58091406 -0.19185904 -1.08210791
v 44.30909375 -0.13667259 -1.07986743
v 43.88594531 -0.11940121 -1.06435937
v 43.73786719 -0.11408568 -1.01769604
v 43.63212500 -0.11098358 -0.94509302
v 43.56871094 -0.11009493 -0.84655054
v 43.54762500 -0.11141972 -0.72206860
v 45.13230469 -0.06243380 -3.79507086
v 46.12616406 -0.10637595 -3.51028345
v 46.77074219 -0.13182646 -3.03563776
v 46.96205469 -0.13761736 -2.72711804
v 47.06603906 -0.13878534 -2.37113379
v 47.07634375 -0.13662973 -2.01865747
v 46.98659375 -0.13244984 -1.72066162
v 46.79680469 -0.12624567 -1.47714648
v 46.50696094 -0.11801724 -1.28811157
v 45.62712500 -0.09548755 -1.07348364
v 44.34710156 -0.06486076 -1.07677783
v 43.92116406 -0.05523836 -1.06347729
v 43.77208594 -0.05219101 -1.01777832
v 43.66560156 -0.05031955 -0.94604687
v 43.60170313 -0.04962400 -0.84828320
v 43.58040625 -0.05010435 -0.72448682
v 43.79100000 0.00000000 -3.89000000
v 44.35982812 0.00000000 -1.07568018
v 43.67677344 0.00000000 -0.94635498
v 43.67664844 0.00000000 -0.40000000
v 31.21092969 -3.34259961 -2.22038037
v 26.50985156 -4.04160913 -2.06287402
v 21.06760937 -4.46254639 -2.16249939
v 26.51908594 -3.76105249 -2.32165674
v 26.51498438 -3.90638989 -2.19211499
v 31.18412500 -3.56106128 -1.97149451
v 26.49646875 -4.28169434 -1.80529492
v 21.06425781 -4.76306396 -1.89534766
v 26.50367969 -4.16671045 -1.93393408
v 31.12550781 -3.82570703 -1.60410400
v 26.45728125 -4.64045020 -1.29374780
v 21.05692969 -5.12454248 -1.49359106
v 26.47894531 -4.48130811 -1.54891968
v 31.01296875 -4.06088062 -1.12533496
v 26.40151562 -4.83731982 -0.78701538
v 21.04286719 -5.43982568 -0.95599512
v 26.43146875 -4.75912061 -1.03977979
v 30.91801562 -4.14854590 -0.80371826
v 26.38321094 -4.88821924 -0.59041455
v 21.03099219 -5.54979443 -0.58838672
v 26.39141406 -4.86005273 -0.69432617
v 30.89053906 -4.19107031 -0.64884985
v 26.37691406 -4.92181934 -0.47528003
v 26.37982031 -4.90433984 -0.53425000
v 30.87786719 -4.22725342 -0.52934106
v 37.62518750 -2.79108447 -1.26591553
v 34.57372656 -3.45518335 -0.98892358
v 34.82760156 -3.32155103 -1.42551465
v 34.71010156 -3.40222192 -1.20451196
v 37.32917969 -2.83829272 -0.99922876
v 34.49034375 -3.49583618 -0.81219409
v 34.52770313 -3.47209888 -0.90798462
v 37.24340625 -2.86939624 -0.85750391
v 34.46164844 -3.52639526 -0.70155151
v 34.47491406 -3.51026294 -0.75872925
v 37.20375781 -2.89903174 -0.74210474
v 34.44161719 -3.56377588 -0.57605737
v 34.45054688 -3.54423291 -0.64066089
v 37.17814062 -2.93578687 -0.60997266
v 34.43025000 -3.60797852 -0.43571118
v 34.43485156 -3.58502466 -0.50774072
v 37.16654688 -2.97966187 -0.46110767
v 41.69807813 -1.69395850 -1.28657300
v 39.58678125 -2.23719043 -1.13333838
v 40.17953125 -2.19015186 -1.47493555
v 39.90543750 -2.22311450 -1.29733813
v 41.13414063 -1.67968677 -1.11174805
v 39.39155469 -2.25482300 -0.98745581
v 39.47910156 -2.24239844 -1.06972534
v 40.96995313 -1.68856946 -0.99834399
v 39.32411719 -2.27446411 -0.88653027
v 39.35532031 -2.26374146 -0.93932520
v 40.89357812 -1.70345142 -0.89696021
v 39.27681250 -2.30132178 -0.76694849
v 39.29795312 -2.28699072 -0.82907153
v 40.84366406 -1.72550134 -0.77495190
v 39.24962500 -2.33539600 -0.62871045
v 39.26070312 -2.31745679 -0.70016162
v 40.82022656 -1.75471948 -0.63231909
v 39.24255469 -2.37668677 -0.47181641
v 39.24357812 -2.35513940 -0.55259546
v 45.13881250 -0.03217819 -3.79493317
v 44.50439062 -0.03352835 -3.86626772
v 44.50852344 -0.01729261 -3.86623329
v 44.50953125 -0.00878078 -3.86622452
v 44.16051563 -0.00894718 -3.88405832
v 44.16118750 -0.00454386 -3.88405613
v 44.16135156 -0.00228965 -3.88405558
v 43.97878906 -0.00231030 -3.88851403
v 43.97890625 -0.00116420 -3.88851389
v 43.97893750 -0.00058437 -3.88851386
v 43.88562500 -0.00058695 -3.88962847
v 43.88564844 -0.00029462 -3.88962846
v 43.88565625 -0.00014760 -3.88962846
v 43.83849219 -0.00014792 -3.88990712
v 43.83850000 -0.00007410 -3.88990712
v -11.13742578 -5.90949854 -1.67407813
v -11.13625781 -5.93205371 -1.65540381
v -10.95245312 -5.96042432 -1.63646826
v -10.76848047 -5.98767529 -1.61801904
v -10.58433594 -6.01371582 -1.60016699
v -10.40001562 -6.03843604 -1.58304492
v -10.21551953 -6.06170166 -1.56681421
v -10.03083594 -6.08334717 -1.55167310
v -9.84596875 -6.10316016 -1.53787061
v -9.66090234 -6.12086426 -1.52572534
v -9.56829297 -6.12881348 -1.52040015
v -9.47563672 -6.13608496 -1.51565747
v -9.38293359 -6.14260693 -1.51157422
v -9.29017578 -6.14829248 -1.50824219
v -9.19737500 -6.15303613 -1.50577319
v -9.10453125 -6.15670215 -1.50430469
v -9.01165234 -6.15911914 -1.50400928
v -8.96520313 -6.15979102 -1.50436914
v -8.91874609 -6.16006006 -1.50511108
v -8.87230469 -6.15988525 -1.50627417
v -8.82586328 -6.15921729 -1.50790503
v -8.77942969 -6.15799902 -1.51005884
v -8.73300391 -6.15615771 -1.51280200
v -8.68660547 -6.15360693 -1.51621509
v -8.64023438 -6.15023584 -1.52039868
v -8.59391797 -6.14590381 -1.52548022
v -8.54767969 -6.14042432 -1.53162524
v -8.50155859 -6.13354736 -1.53905566
v -8.47855859 -6.12947949 -1.54334497
v -8.45561719 -6.12491846 -1.54808057
v -8.43274609 -6.11979297 -1.55332397
v -8.40997266 -6.11401514 -1.55915137
v -8.38731641 -6.10747119 -1.56565845
v -8.36482813 -6.10001465 -1.57296948
v -8.35366406 -6.09588525 -1.57697607
v -8.34256641 -6.09144922 -1.58124927
v -8.33154688 -6.08667041 -1.58581958
v -8.32062891 -6.08150635 -1.59072168
v -8.30982812 -6.07590332 -1.59600000
v -8.29917969 -6.06980371 -1.60170142
v -8.28871484 -6.06312451 -1.60789404
v -8.27850000 -6.05578320 -1.61464355
v -8.26857031 -6.04763086 -1.62207227
v -8.25905469 -6.03853662 -1.63028174
v -8.25012109 -6.02834277 -1.63939160
v -8.24200000 -6.01687988 -1.64952759
v -8.23500391 -6.00398437 -1.66080005
v -8.22953516 -5.98962207 -1.67320215
v -8.22600781 -5.97398291 -1.68653491
v -8.22466406 -5.95747852 -1.70042187
v -8.22482422 -5.94909229 -1.70740894
v -8.22555469 -5.94074707 -1.71431616
v -8.22686328 -5.93248047 -1.72111304
v -8.22873438 -5.92443457 -1.72768579
v -8.23114063 -5.91662988 -1.73402100
v -8.23401953 -5.90915234 -1.74005249
v -8.24098047 -5.89525928 -1.75116040
v -8.24916797 -5.88280811 -1.76100415
v -8.25821875 -5.87167627 -1.76971411
v -8.26787109 -5.86170605 -1.77744043
v -8.27794922 -5.85271875 -1.78434229
v -8.28829688 -5.84459570 -1.79052832
v -8.29888672 -5.83717236 -1.79613574
v -8.30965234 -5.83035889 -1.80124268
v -8.32055859 -5.82406787 -1.80592334
v -8.33157422 -5.81823926 -1.81022852
v -8.34267578 -5.81281494 -1.81420630
v -8.35385547 -5.80775293 -1.81789282
v -8.36508984 -5.80301416 -1.82132031
v -8.38770312 -5.79438379 -1.82749902
v -8.41046094 -5.78671973 -1.83291089
v -8.43332422 -5.77986914 -1.83768140
v -8.45626563 -5.77371436 -1.84190601
v -8.47926563 -5.76816309 -1.84565991
v -8.50231250 -5.76314160 -1.84900269
v -8.54850781 -5.75445557 -1.85463965
v -8.59479688 -5.74728662 -1.85911279
v -8.64115234 -5.74136914 -1.86263123
v -8.68753906 -5.73650781 -1.86534888
v -8.73395703 -5.73255029 -1.86738318
v -8.78039063 -5.72937939 -1.86882544
v -8.82682813 -5.72689990 -1.86974841
v -8.87327344 -5.72503418 -1.87021082
v -8.91971875 -5.72371777 -1.87026160
v -8.96617188 -5.72289697 -1.86994080
v -9.01262109 -5.72252539 -1.86928296
v -9.10550391 -5.72297998 -1.86706750
v -9.19834766 -5.72482275 -1.86380457
v -9.29115625 -5.72785400 -1.85963757
v -9.38392188 -5.73191699 -1.85467908
v -9.47664062 -5.73688281 -1.84901831
v -9.56931250 -5.74264746 -1.84272791
v -9.66194141 -5.74912256 -1.83586768
v -9.84705078 -5.76391650 -1.82062964
v -10.03197266 -5.78078516 -1.80361768
v -10.21669922 -5.79936279 -1.78506299
v -10.40123437 -5.81936328 -1.76513989
v -10.58557812 -5.84055371 -1.74398340
v -10.76972266 -5.86274365 -1.72170044
v -10.95367578 -5.88577100 -1.69837573
v -47.12001880 -2.66220117 -0.76678735
v -46.83046265 -2.69886938 -0.77665015
v -46.54060645 -2.73279492 -0.78746143
v -46.39554956 -2.74850757 -0.79329370
v -46.25040234 -2.76322656 -0.79946069
v -45.95981567 -2.78899976 -0.81301196
v -45.66539941 -2.80831006 -0.82892456
v -45.37067676 -2.81676099 -0.84826807
v -45.22017578 -2.81406104 -0.86030176
v -45.07028760 -2.80288623 -0.87484253
v -44.99342139 -2.79147681 -0.88398560
v -44.91814453 -2.77320679 -0.89502026
v -44.88043896 -2.75915332 -0.90197192
v -44.84539111 -2.73989014 -0.91022290
v -44.81631396 -2.71164453 -0.92058691
v -44.80724756 -2.69350610 -0.92648535
v -44.80366064 -2.67357007 -0.93245898
v -44.80362744 -2.66928467 -0.93368384
v -44.80913379 -2.64264868 -0.94085327
v -44.82379590 -2.61928931 -0.94638062
v -44.86757373 -2.58592358 -0.95252759
v -44.91664502 -2.56478784 -0.95480273
v -44.96797461 -2.54978711 -0.95517578
v -45.06842187 -2.53083105 -0.95298853
v -45.16993604 -2.51945142 -0.94861377
v -45.26862109 -2.51290137 -0.94311816
v -45.36741162 -2.50940845 -0.93678174
v -45.56497266 -2.50876245 -0.92240454
v -45.75885571 -2.51382886 -0.90678662
v -45.95251221 -2.52283862 -0.89016382
v -46.33915576 -2.54906567 -0.85489893
v -46.53424268 -2.56537866 -0.83632910
v -46.72915259 -2.58326147 -0.81734912
v -46.92390088 -2.60246655 -0.79801392
v -47.11850269 -2.62280273 -0.77836328
v -45.46830908 0.00000000 -1.40383862
v -43.59713721 0.00000000 -1.53453613
v -40.00650293 0.00000000 -1.81160156
v -36.57840430 0.00000000 -2.10138184
v -33.26514844 0.00000000 -2.39406250
v -30.01904297 0.00000000 -2.67982910
v -26.79239453 0.00000000 -2.94886719
v -23.53750781 0.00000000 -3.19136230
v -20.20669336 0.00000000 -3.39750000
v -16.76507422 0.00000000 -3.56006348
v -9.62786328 0.00000000 -3.76976074
v -5.99071875 0.00000000 -3.82843750
v -2.34683984 0.00000000 -3.86402832
v 1.27454297 0.00000000 -3.88230469
v 4.84421484 0.00000000 -3.88903809
v 8.33294531 0.00000000 -3.89000000
v 11.71414453 0.00000000 -3.89000000
v 18.09226562 0.00000000 -3.89000000
v 23.86837500 0.00000000 -3.89000000
v 26.49704687 0.00000000 -3.89000000
v 28.93488281 0.00000000 -3.89000000
v 31.16841406 0.00000000 -3.89000000
v 33.18783594 0.00000000 -3.89000000
v 34.99785156 0.00000000 -3.89000000
v 38.02299219 0.00000000 -3.89000000
v 40.31050000 0.00000000 -3.89000000
v 41.92703906 0.00000000 -3.89000000
v 43.51065625 0.00000000 -3.89000000
v 45.14096094 0.00000000 -3.79488626
v 46.13982813 0.00000000 -3.50954504
v 46.78761719 0.00000000 -3.03397638
v 46.97985937 0.00000000 -2.72485669
v 47.08432812 0.00000000 -2.36818018
v 47.09476563 0.00000000 -2.01508679
v 47.00491406 0.00000000 -1.71671655
v 46.81478125 0.00000000 -1.47306934
v 46.52436719 0.00000000 -1.28414526
v 45.64266406 0.00000000 -1.07046655
v 43.93293750 0.00000000 -1.06314624
v 43.78351562 0.00000000 -1.01778271
v 43.61271875 0.00000000 -0.84886279
v 43.59134375 0.00000000 -0.72530615
v 43.66513281 -0.05434729 -0.40000000
v 43.64051562 -0.10414885 -0.40000000
v 43.57582031 -0.19340857 -0.40000000
v 43.50200781 -0.27377103 -0.40000000
v 43.42296875 -0.34900061 -0.40000000
v 43.25754688 -0.48759833 -0.40000000
v 43.08454688 -0.61661505 -0.40000000
v 42.72812500 -0.85281866 -0.40000000
v 42.35985156 -1.07006177 -0.40000000
v 41.98610937 -1.27117322 -0.40000000
v 41.60609375 -1.46015308 -0.40000000
v 40.83157031 -1.80719226 -0.40000000
v 40.23445313 -2.04606201 -0.40000000
v 39.63015625 -2.26614185 -0.40000000
v 38.40521094 -2.65796533 -0.40000000
v 37.16533594 -2.99837207 -0.40000000
v 35.91550000 -3.30014209 -0.40000000
v 34.66000781 -3.57221436 -0.40000000
v 34.03039063 -3.69933447 -0.40000000
v 33.39977344 -3.82138892 -0.40000000
v 30.86984375 -4.26866162 -0.40000000
v 30.17066406 -4.38260840 -0.40000000
v 29.47092969 -4.49313770 -0.40000000
v 28.77069531 -4.60044580 -0.40000000
v 28.07000000 -4.70469141 -0.40000000
v 27.36887500 -4.80600391 -0.40000000
v 26.66735156 -4.90449072 -0.40000000
v 25.96544531 -5.00023975 -0.40000000
v 25.26317969 -5.09332373 -0.40000000
v 23.85767188 -5.27172754 -0.40000000
v 22.45091406 -5.44007471 -0.40000000
v 21.04302344 -5.59861133 -0.40000000
v 19.63407812 -5.74749463 -0.40000000
v 18.22418750 -5.88680762 -0.40000000
v 16.81338281 -6.01658740 -0.40000000
v 15.40173828 -6.13682324 -0.40000000
v 13.98930859 -6.24747021 -0.40000000
v 11.16233203 -6.43967627 -0.40000000
v 8.33294531 -6.59234082 -0.40000000
v 5.66019922 -6.70012793 -0.40000000
v 2.98636328 -6.77613818 -0.40000000
v 1.64918750 -6.80338721 -0.40000000
v 0.31189062 -6.82398633 -0.40000000
v -1.02548438 -6.83827588 -0.40000000
v -2.36291016 -6.84656201 -0.40000000
v -3.70031641 -6.84912158 -0.40000000
v -5.03772266 -6.84620361 -0.40000000
v -6.37510547 -6.83803467 -0.40000000
v -7.71244922 -6.82481836 -0.40000000
v -9.04973047 -6.80673926 -0.40000000
v -10.38694141 -6.78396436 -0.40000000
v -11.72407031 -6.75664258 -0.40000000
v -13.06109766 -6.72490771 -0.40000000
v -14.84787109 -6.67571045 -0.40000000
v -16.63441797 -6.61881250 -0.40000000
v -18.42070508 -6.55424951 -0.40000000
v -19.31373828 -6.51906689 -0.40000000
v -20.20669336 -6.48191455 -0.40000000
v -21.94114258 -6.40380518 -0.40000000
v -23.67517383 -6.31690918 -0.40000000
v -25.40867578 -6.21998047 -0.40000000
v -27.14150781 -6.11172900 -0.40000000
v -28.87354687 -5.99084326 -0.40000000
v -30.60455859 -5.85603125 -0.40000000
v -34.06259961 -5.53973291 -0.40000000
v -37.51407324 -5.15416553 -0.40000000
v -40.95638867 -4.69395557 -0.40000000
v -41.81531152 -4.56710840 -0.40000000
v -42.67354102 -4.43565332 -0.40000000
v -43.53107031 -4.29970801 -0.40000000
v -44.38790234 -4.15943408 -0.40000000
v -45.24404443 -4.01504077 -0.40000000
v -46.09952612 -3.86678247 -0.40000000
v -46.95438306 -3.71496802 -0.40000000
v -47.80866663 -3.55995947 -0.40000000
v -33.33252539 -5.42605469 -0.61590332
v -5.99071875 -6.75461523 -0.71738403
v 43.98508594 -0.00923567 -3.88836937
v 43.97524219 -0.01733146 -3.88837847
v 44.10351562 -0.05990117 -3.88364790
v 18.12396875 -5.88817969 -0.43097437
v 24.66345313 -5.15982910 -0.43683472
v 38.36307031 -2.66111182 -0.43108105
v 43.57895312 -0.11600646 -0.53596143
v 43.61285937 -0.05231929 -0.53574829
v -10.35837891 -7.22006836 -2.95635840
v -10.35837891 -7.21653271 -2.95989398
v -10.35837891 -7.21299756 -2.96342950
v -10.35837891 -7.20946191 -2.96696503
v -10.35837891 -7.20592627 -2.97050055
v -9.88962891 -7.14784033 -3.02858679
v -9.48337891 -7.10660254 -3.06982440
v -8.85837891 -7.07467285 -3.10175378
v -8.48337891 -7.11013818 -3.06628882
v -8.38962891 -7.15314355 -3.02328345
v -8.36619141 -7.18096436 -2.99546252
v -8.35837891 -7.21299756 -2.96342950
v -8.36619141 -7.24503027 -2.93139642
v -8.38962891 -7.27285156 -2.90357550
v -8.48337891 -7.31585693 -2.86057019
v -8.85837891 -7.35132178 -2.82510522
v -9.48337891 -7.31939209 -2.85703455
v -9.88962891 -7.27815479 -2.89827222
v -11.03902344 -6.09305518 -1.81802319
v -10.94178906 -6.25405713 -1.98064246
v -10.84455469 -6.41505908 -2.14326172
v -10.74732031 -6.57606104 -2.30588110
v -10.65008594 -6.73706299 -2.46850049
v -10.55284766 -6.89806494 -2.63111975
v -10.45561328 -7.05906641 -2.79373914
v -10.45575781 -7.04387305 -2.80844775
v -10.55314062 -6.88181934 -2.64639490
v -10.65051953 -6.71976611 -2.48434216
v -10.74790234 -6.55771240 -2.32228931
v -10.84528125 -6.39565918 -2.16023645
v -10.94266406 -6.23360547 -1.99818359
v -11.04004297 -6.07155225 -1.83613086
v -9.67237109 -6.43562598 -2.44437598
v -8.36650391 -6.90552686 -2.78474048
v -8.44319531 -6.43997168 -2.44003015
v -8.34105078 -6.93573877 -2.75452856
v -8.34105078 -7.00531104 -2.68495654
v -8.32795703 -6.49283301 -2.38716882
v -8.29914844 -6.52702979 -2.35297205
v -8.36650391 -7.03552295 -2.65474463
v -8.28954687 -6.56640430 -2.31359766
v -8.29914844 -6.60577832 -2.27422339
v -8.32795703 -6.63997510 -2.24002649
v -8.29204688 -6.10832617 -2.01675171
v -8.26060937 -6.15109717 -1.98361853
v -8.25046875 -6.19929834 -1.94465320
v -8.26146484 -6.24645654 -1.90482837
v -8.29351953 -6.28653955 -1.86946118
v -8.44319531 -6.69283643 -2.18716528
v -8.90413672 -6.73642920 -2.14357251
v -9.67237109 -6.69718213 -2.18281946
v -10.55314062 -6.89364160 -2.63457288
v -10.55314062 -6.88970068 -2.63851355
v -10.55314062 -6.88576025 -2.64245422
v -10.74790234 -6.57075000 -2.30925183
v -10.74790234 -6.56640430 -2.31359766
v -10.74790234 -6.56205811 -2.31794348
v -10.94266406 -6.24785840 -1.98393091
v -10.94266406 -6.24310742 -1.98868176
v -10.94266406 -6.23835645 -1.99343274
v -46.35686597 -3.06118652 -3.22924329
v -46.35686597 -3.05625439 -3.23006360
v -46.35686597 -3.05132202 -3.23088385
v -46.35686597 -3.04638989 -3.23170410
v -46.35686597 -3.04145752 -3.23252435
v -46.54807104 -2.95500562 -2.61331775
v -46.54807104 -2.94878931 -2.61435156
v -46.54807104 -2.94257275 -2.61538538
v -46.73927637 -2.85375708 -1.99657190
v -46.73927637 -2.84625635 -1.99781934
v -46.73927637 -2.83875562 -1.99906677
v -46.93048145 -2.75250854 -1.37982617
v -46.93048145 -2.74372363 -1.38128711
v -46.93048145 -2.73493872 -1.38274805
v -46.45226001 -3.01131348 -2.92143634
v -46.54765430 -2.96144019 -2.61362927
v -46.64304834 -2.91156689 -2.30582227
v -46.73844238 -2.86169385 -1.99801538
v -46.83383643 -2.81182056 -1.69020825
v -46.92923047 -2.76194751 -1.38240137
v -47.02462476 -2.71207422 -1.07459424
v -47.02329810 -2.67513452 -1.08513330
v -46.92809351 -2.72746631 -1.39190356
v -46.83288892 -2.77979834 -1.69867358
v -46.73768433 -2.83213013 -2.00544385
v -46.64247974 -2.88446191 -2.31221399
v -46.54727515 -2.93679370 -2.61898413
v -46.45207056 -2.98912573 -2.92575421
v -45.20686621 -3.05132202 -3.23088385
v -45.46100000 -2.84942187 -2.63087695
v -45.18923242 -2.87581787 -2.62648718
v -45.12129053 -2.90648145 -2.62138757
v -45.10430469 -2.92617993 -2.61811157
v -45.09864307 -2.94878931 -2.61435156
v -45.10430469 -2.97139844 -2.61059155
v -45.12129053 -2.99109692 -2.60731555
v -45.18923242 -3.02176074 -2.60221606
v -45.46100000 -3.04815674 -2.59782617
v -45.42763428 -2.72636133 -2.01775854
v -45.09972363 -2.75821021 -2.01246191
v -45.01774609 -2.79520874 -2.00630884
v -44.99725146 -2.81897632 -2.00235608
v -44.99042041 -2.84625635 -1.99781934
v -44.99725146 -2.87353638 -1.99328247
v -45.01774609 -2.89730420 -1.98932983
v -45.09972363 -2.93430249 -1.98317676
v -45.42763428 -2.96615161 -1.97788013
v -45.39426855 -2.60330078 -1.40464014
v -45.01021484 -2.64060278 -1.39843652
v -44.91420166 -2.68393579 -1.39123022
v -44.89019824 -2.71177295 -1.38660059
v -44.88219727 -2.74372363 -1.38128711
v -44.89019824 -2.77567432 -1.37597339
v -44.91420166 -2.80351147 -1.37134399
v -45.01021484 -2.84684448 -1.36413745
v -45.39426855 -2.88414648 -1.35793384
v -46.08733472 -3.09228809 -3.22407098
v -45.85374097 -3.11415112 -3.22043500
v -45.49436621 -3.13016187 -3.21777234
v -45.27874121 -3.10921875 -3.22125525
v -45.22483496 -3.08488965 -3.22530133
v -45.21135840 -3.06926074 -3.22790051
v -45.21135840 -3.03338354 -3.23386713
v -45.22483496 -3.01775439 -3.23646631
v -45.27874121 -2.99342529 -3.24051239
v -45.49436621 -2.97248218 -3.24399530
v -45.85374097 -2.98849292 -3.24133264
v -46.08733472 -3.01035596 -3.23769672
v -46.02627710 -2.87922632 -2.62592029
v -45.19247705 -2.98298169 -3.04425421
v -45.17790381 -2.99988232 -3.04144354
v -46.10968799 -2.76232275 -2.01177795
v -46.19309912 -2.64541943 -1.39763550
v -45.17790381 -3.03867871 -3.03499146
v -45.19247705 -3.05557935 -3.03218079
v -46.02627710 -3.01835229 -2.60278284
v -46.10968799 -2.93018994 -1.98386072
v -46.19309912 -2.84202783 -1.36493848
v -44.87214453 -2.63873975 -1.14140137
v -44.84648828 -2.66800146 -1.13518579
v -44.84512207 -2.73446802 -1.11604614
v -44.86968018 -2.76318311 -1.10562671
v -47.41217212 0.43086713 -1.24963110
v -47.45468872 0.98149500 -1.15852393
v -47.52554980 1.65188367 -1.00667896
v -47.57160938 2.03198840 -0.90797974
v -47.62475513 2.44203320 -0.79409619
v -47.68188647 2.84433496 -0.67167188
v -47.73990295 3.20121069 -0.54735083
v -40.01248145 0.58890271 -1.77341455
v -40.03041895 1.29009460 -1.65885352
v -40.06031250 2.10357544 -1.46791846
v -40.07974414 2.55242432 -1.34381079
v -40.10216504 3.02934546 -1.20060937
v -40.12626758 3.49248877 -1.04666895
v -40.15074316 3.90000366 -0.89034351
v -40.17559180 4.25189014 -0.73163330
v -40.20081445 4.54814844 -0.57053809
v -33.26691992 0.71459344 -2.34730957
v -33.27223437 1.53018054 -2.20705054
v -33.28109180 2.44676147 -1.97328564
v -33.28684961 2.94292456 -1.82133838
v -33.29349414 3.46433594 -1.64601465
v -33.30063477 3.96752246 -1.45754272
v -33.30788672 4.40900977 -1.26615112
v -33.31524902 4.78879883 -1.07183936
v -33.32272266 5.10688867 -0.87460791
v -26.79261523 0.81406946 -2.89395496
v -26.79327930 1.71556287 -2.72921826
v -26.79438672 2.70448047 -2.45465698
v -26.79510547 3.23172314 -2.27619214
v -26.79593750 3.78082178 -2.07027124
v -26.79683008 4.30845801 -1.84890759
v -26.79773633 4.77131299 -1.62411450
v -26.79865625 5.16938721 -1.39589185
v -26.79958984 5.50267969 -1.16423999
v -26.80150000 5.97492236 -0.69064771
v -20.20669336 0.89346100 -3.33598993
v -20.20669336 1.86005139 -3.15145972
v -20.20669336 2.89977100 -2.84390930
v -20.20669336 3.44705420 -2.64400159
v -20.20669336 4.01261987 -2.41333875
v -20.20669336 4.55431738 -2.16537769
v -20.20669336 5.02999561 -1.91357520
v -20.20669336 5.43965576 -1.65793115
v -20.20669336 5.78329639 -1.39844556
v -20.20669336 6.27252197 -0.86795020
v -13.22905859 0.95681763 -3.61654135
v -13.22905859 1.97305042 -3.41948575
v -13.22905859 3.04869849 -3.09105975
v -13.22905859 3.60880298 -2.87758282
v -13.22905859 4.18376123 -2.63126331
v -13.22905859 4.73299072 -2.36648035
v -13.22905859 5.21590771 -2.09761279
v -13.22905859 5.63251270 -1.82466064
v -13.22905859 5.98280566 -1.54762427
v -13.22905859 6.48445459 -0.98129761
v -5.99071875 0.99986615 -3.76068758
v -5.99071875 2.04634387 -3.55743777
v -5.99071875 3.13943311 -3.21868811
v -5.99071875 3.70345703 -2.99850085
v -5.99071875 4.27913379 -2.74443860
v -5.99071875 4.82784326 -2.47139429
v -5.99071875 5.31096436 -2.19426062
v -5.99071875 5.72849756 -1.91303772
v -5.99071875 6.08044238 -1.62772559
v -5.99071875 6.58756787 -1.04483350
v 1.27454297 1.01625250 -3.81399470
v 1.27454297 2.06730981 -3.60906473
v 1.27454297 3.15317212 -3.26751477
v 1.27454297 3.70915503 -3.04550732
v 1.27454297 4.27383887 -2.78934485
v 1.27454297 4.81110840 -2.51421130
v 1.27454297 5.28484766 -2.23529065
v 1.27454297 5.69505615 -1.95258276
v 1.27454297 6.04173389 -1.66608765
v 1.27454297 6.54449902 -1.08173584
v 1.27454297 6.79314160 -0.48223560
v 8.33294531 0.99962292 -3.82202891
v 8.33294531 2.02332690 -3.61811563
v 8.33294531 3.07111206 -3.27826019
v 8.33294531 3.60403491 -3.05735413
v 8.33294531 4.14297803 -2.80246252
v 8.33294531 4.65502002 -2.52902332
v 8.33294531 5.10723877 -2.25247449
v 8.33294531 5.49963477 -1.97281604
v 8.33294531 5.83220801 -1.69004785
v 8.33294531 6.31788525 -1.11518286
v 8.33294531 6.56427100 -0.52787915
v 14.97212500 0.94681427 -3.82274141
v 14.97242969 1.90806799 -3.62096564
v 14.97264453 2.88376123 -3.28467267
v 14.97271875 3.37702271 -3.06608221
v 14.97277344 3.87389380 -2.81386255
v 14.97273828 4.34540576 -2.54382190
v 14.97255078 4.76258984 -2.27176892
v 14.97220703 5.12544531 -1.99770361
v 14.97171094 5.43397266 -1.72162573
v 14.97026172 5.88804297 -1.16343311
v 14.96819531 6.12479980 -0.59719067
v 21.06543750 0.86742682 -3.82362363
v 21.06786719 1.74038464 -3.62449451
v 21.06959375 2.61887354 -3.29261261
v 21.07019531 3.06019214 -3.07688940
v 21.07061719 3.50289355 -2.82797803
v 21.07033594 3.92247363 -2.56219812
v 21.06882031 4.29442871 -2.29586951
v 21.06608594 4.61875830 -2.02899219
v 21.06212500 4.89546289 -1.76156592
v 21.05050781 5.30599658 -1.22506738
v 21.03399219 5.52602979 -0.68637378
v 21.02856250 5.57799854 -0.48082715
v 31.19354687 0.68008014 -3.82540320
v 31.21301563 1.34832959 -3.63161279
v 31.22682031 2.00474841 -3.30862878
v 31.23160156 2.32852124 -3.09868921
v 31.23496875 2.64933643 -2.85645117
v 31.23271875 2.95186035 -2.59964758
v 31.22064844 3.22075952 -2.34601099
v 31.19875781 3.45603345 -2.09554163
v 31.16703906 3.65768262 -1.84823926
v 31.07414844 3.96010620 -1.36313599
v 30.94196875 4.12803027 -0.89070117
v 30.89857031 4.17532861 -0.70372510
v 30.88364063 4.20837842 -0.59072168
v 30.87322656 4.24769482 -0.46470801
v 38.13585156 0.52363037 -3.82556375
v 38.22182031 1.01563074 -3.63225500
v 38.28090625 1.47600098 -3.31007379
v 38.30035937 1.69432495 -3.10065594
v 38.31309375 1.90474133 -2.85902002
v 38.30709375 2.09979785 -2.60558337
v 38.27032812 2.27204248 -2.36076355
v 38.20281250 2.42147485 -2.12456042
v 38.10453906 2.54809546 -1.89697400
v 37.81572656 2.73290015 -1.46765161
v 37.40389063 2.82645679 -1.07279614
v 37.26849219 2.85724854 -0.90892871
v 37.22182813 2.88332397 -0.80189600
v 37.18919531 2.91651929 -0.67813013
v 37.17059375 2.95683447 -0.53763159
v 42.35247656 0.41899832 -3.81903823
v 42.67033594 0.77995392 -3.60615292
v 42.88061719 1.08286670 -3.25134406
v 42.94541406 1.21255713 -3.02071832
v 42.98331250 1.32773682 -2.75461169
v 42.97804687 1.42771729 -2.48135425
v 42.91332812 1.51181018 -2.22927588
v 42.78917188 1.58001526 -1.99837695
v 42.60556250 1.63233264 -1.78865698
v 42.06001562 1.68930420 -1.43275513
v 41.27668750 1.68272510 -1.16157007
v 41.01806250 1.68381653 -1.04130151
v 40.92845312 1.69511438 -0.95023022
v 40.86531250 1.71358032 -0.83853418
v 40.82863281 1.73921448 -0.70621362
v 40.81842969 1.77201660 -0.55326831
v 43.65835156 0.38156763 -3.81193743
v 44.18385937 0.69037024 -3.57774973
v 44.52791406 0.92640778 -3.18743689
v 44.63188281 1.01713965 -2.93373358
v 44.69049219 1.08968030 -2.64099890
v 44.68925781 1.14633679 -2.34453406
v 44.61368750 1.18941650 -2.07963977
v 44.46378125 1.21891943 -1.84631628
v 44.23954688 1.23484546 -1.64456348
v 43.56807812 1.22596692 -1.33576978
v 42.59928125 1.16278101 -1.15325879
v 42.27850000 1.14543762 -1.06684741
v 42.16693750 1.14715552 -0.98974902
v 42.08792187 1.15579980 -0.89005566
v 42.04145312 1.17137061 -0.76776709
v 42.02753906 1.19386780 -0.62288330
v 44.52020313 0.32285507 -3.80400487
v 45.26856250 0.56882330 -3.54601947
v 45.75574219 0.73790479 -3.11604382
v 45.90138281 0.79361298 -2.83655969
v 45.98172656 0.83009949 -2.51407788
v 45.98571875 0.85149847 -2.19136194
v 45.90227344 0.86194415 -1.91117517
v 45.73140625 0.86143652 -1.67351758
v 45.47311719 0.84997552 -1.47838892
v 44.69425000 0.79419373 -1.21571948
v 43.56567969 0.69459869 -1.12316650
v 43.19103906 0.66469904 -1.07189746
v 43.06032031 0.65879248 -1.00975195
v 42.96732031 0.65891479 -0.92326636
v 42.91206250 0.66506586 -0.81243994
v 42.89452344 0.67724585 -0.67727319
v 44.99531250 0.20746454 -3.79755099
v 45.92153125 0.35785324 -3.52020398
v 46.52275781 0.45116614 -3.05795892
v 46.70150781 0.47641913 -2.75749963
v 46.79900781 0.48740317 -2.41081592
v 46.80751563 0.48784021 -2.06661914
v 46.71928906 0.48145221 -1.77362109
v 46.53432031 0.46823917 -1.53182153
v 46.25260937 0.44820108 -1.34122070
v 45.39896875 0.38764975 -1.11361475
v 44.15836719 0.29979828 -1.09080347
v 43.74581250 0.27256512 -1.06711060
v 43.60153125 0.26481186 -1.01688232
v 43.49858594 0.26096741 -0.94106592
v 43.43697656 0.26103186 -0.83966187
v 43.41668750 0.26500513 -0.71266992
v 45.10574219 0.11745378 -3.79560058
v 46.08519531 0.20087827 -3.51240231
v 46.72054687 0.25027348 -3.04040521
v 46.90917969 0.26221011 -2.73360706
v 47.01178906 0.26563940 -2.37960925
v 47.02170313 0.26290298 -2.02890283
v 46.93226562 0.25634244 -1.73197900
v 46.74346094 0.24595776 -1.48883740
v 46.45530469 0.23174898 -1.29947852
v 45.58091406 0.19185904 -1.08210791
v 44.30909375 0.13667259 -1.07986743
v 43.88594531 0.11940121 -1.06435937
v 43.73786719 0.11408568 -1.01769604
v 43.63212500 0.11098358 -0.94509302
v 43.56871094 0.11009493 -0.84655054
v 43.54762500 0.11141972 -0.72206860
v 45.13230469 0.06243380 -3.79507086
v 46.12616406 0.10637595 -3.51028345
v 46.77074219 0.13182646 -3.03563776
v 46.96205469 0.13761736 -2.72711804
v 47.06603906 0.13878534 -2.37113379
v 47.07634375 0.13662973 -2.01865747
v 46.98659375 0.13244984 -1.72066162
v 46.79680469 0.12624567 -1.47714648
v 46.50696094 0.11801724 -1.28811157
v 45.62712500 0.09548755 -1.07348364
v 44.34710156 0.06486076 -1.07677783
v 43.92116406 0.05523836 -1.06347729
v 43.77208594 0.05219101 -1.01777832
v 43.66560156 0.05031955 -0.94604687
v 43.60170313 0.04962400 -0.84828320
v 43.58040625 0.05010435 -0.72448682
v 31.21092969 3.34259961 -2.22038037
v 26.50985156 4.04160913 -2.06287402
v 21.06760937 4.46254639 -2.16249939
v 26.51908594 3.76105249 -2.32165674
v 26.51498438 3.90638989 -2.19211499
v 31.18412500 3.56106128 -1.97149451
v 26.49646875 4.28169434 -1.80529492
v 21.06425781 4.76306396 -1.89534766
v 26.50367969 4.16671045 -1.93393408
v 31.12550781 3.82570703 -1.60410400
v 26.45728125 4.64045020 -1.29374780
v 21.05692969 5.12454248 -1.49359106
v 26.47894531 4.48130811 -1.54891968
v 31.01296875 4.06088062 -1.12533496
v 26.40151562 4.83731982 -0.78701538
v 21.04286719 5.43982568 -0.95599512
v 26.43146875 4.75912061 -1.03977979
v 30.91801562 4.14854590 -0.80371826
v 26.38321094 4.88821924 -0.59041455
v 21.03099219 5.54979443 -0.58838672
v 26.39141406 4.86005273 -0.69432617
v 30.89053906 4.19107031 -0.64884985
v 26.37691406 4.92181934 -0.47528003
v 26.37982031 4.90433984 -0.53425000
v 30.87786719 4.22725342 -0.52934106
v 37.62518750 2.79108447 -1.26591553
v 34.57372656 3.45518335 -0.98892358
v 34.82760156 3.32155103 -1.42551465
v 34.71010156 3.40222192 -1.20451196
v 37.32917969 2.83829272 -0.99922876
v 34.49034375 3.49583618 -0.81219409
v 34.52770313 3.47209888 -0.90798462
v 37.24340625 2.86939624 -0.85750391
v 34.46164844 3.52639526 -0.70155151
v 34.47491406 3.51026294 -0.75872925
v 37.20375781 2.89903174 -0.74210474
v 34.44161719 3.56377588 -0.57605737
v 34.45054688 3.54423291 -0.64066089
v 37.17814062 2.93578687 -0.60997266
v 34.43025000 3.60797852 -0.43571118
v 34.43485156 3.58502466 -0.50774072
v 37.16654688 2.97966187 -0.46110767
v 41.69807813 1.69395850 -1.28657300
v 39.58678125 2.23719043 -1.13333838
v 40.17953125 2.19015186 -1.47493555
v 39.90543750 2.22311450 -1.29733813
v 41.13414063 1.67968677 -1.11174805
v 39.39155469 2.25482300 -0.98745581
v 39.47910156 2.24239844 -1.06972534
v 40.96995313 1.68856946 -0.99834399
v 39.32411719 2.27446411 -0.88653027
v 39.35532031 2.26374146 -0.93932520
v 40.89357812 1.70345142 -0.89696021
v 39.27681250 2.30132178 -0.76694849
v 39.29795312 2.28699072 -0.82907153
v 40.84366406 1.72550134 -0.77495190
v 39.24962500 2.33539600 -0.62871045
v 39.26070312 2.31745679 -0.70016162
v 40.82022656 1.75471948 -0.63231909
v 39.24255469 2.37668677 -0.47181641
v 39.24357812 2.35513940 -0.55259546
v 45.13881250 0.03217819 -3.79493317
v 44.50439062 0.03352835 -3.86626772
v 44.50852344 0.01729261 -3.86623329
v 44.50953125 0.00878078 -3.86622452
v 44.16051563 0.00894718 -3.88405832
v 44.16118750 0.00454386 -3.88405613
v 44.16135156 0.00228965 -3.88405558
v 43.97878906 0.00231030 -3.88851403
v 43.97890625 0.00116420 -3.88851389
v 43.97893750 0.00058437 -3.88851386
v 43.88562500 0.00058695 -3.88962847
v 43.88564844 0.00029462 -3.88962846
v 43.88565625 0.00014760 -3.88962846
v 43.83849219 0.00014792 -3.88990712
v 43.83850000 0.00007410 -3.88990712
v -11.13742578 5.90949854 -1.67407813
v -11.13625781 5.93205371 -1.65540381
v -10.95245312 5.96042432 -1.63646826
v -10.76848047 5.98767529 -1.61801904
v -10.58433594 6.01371582 -1.60016699
v -10.40001562 6.03843604 -1.58304492
v -10.21551953 6.06170166 -1.56681421
v -10.03083594 6.08334717 -1.55167310
v -9.84596875 6.10316016 -1.53787061
v -9.66090234 6.12086426 -1.52572534
v -9.56829297 6.12881348 -1.52040015
v -9.47563672 6.13608496 -1.51565747
v -9.38293359 6.14260693 -1.51157422
v -9.29017578 6.14829248 -1.50824219
v -9.19737500 6.15303613 -1.50577319
v -9.10453125 6.15670215 -1.50430469
v -9.01165234 6.15911914 -1.50400928
v -8.96520313 6.15979102 -1.50436914
v -8.91874609 6.16006006 -1.50511108
v -8.87230469 6.15988525 -1.50627417
v -8.82586328 6.15921729 -1.50790503
v -8.77942969 6.15799902 -1.51005884
v -8.73300391 6.15615771 -1.51280200
v -8.68660547 6.15360693 -1.51621509
v -8.64023438 6.15023584 -1.52039868
v -8.59391797 6.14590381 -1.52548022
v -8.54767969 6.14042432 -1.53162524
v -8.50155859 6.13354736 -1.53905566
v -8.47855859 6.12947949 -1.54334497
v -8.45561719 6.12491846 -1.54808057
v -8.43274609 6.11979297 -1.55332397
v -8.40997266 6.11401514 -1.55915137
v -8.38731641 6.10747119 -1.56565845
v -8.36482813 6.10001465 -1.57296948
v -8.35366406 6.09588525 -1.57697607
v -8.34256641 6.09144922 -1.58124927
v -8.33154688 6.08667041 -1.58581958
v -8.32062891 6.08150635 -1.59072168
v -8.30982812 6.07590332 -1.59600000
v -8.29917969 6.06980371 -1.60170142
v -8.28871484 6.06312451 -1.60789404
v -8.27850000 6.05578320 -1.61464355
v -8.26857031 6.04763086 -1.62207227
v -8.25905469 6.03853662 -1.63028174
v -8.25012109 6.02834277 -1.63939160
v -8.24200000 6.01687988 -1.64952759
v -8.23500391 6.00398437 -1.66080005
v -8.22953516 5.98962207 -1.67320215
v -8.22600781 5.97398291 -1.68653491
v -8.22466406 5.95747852 -1.70042187
v -8.22482422 5.94909229 -1.70740894
v -8.22555469 5.94074707 -1.71431616
v -8.22686328 5.93248047 -1.72111304
v -8.22873438 5.92443457 -1.72768579
v -8.23114063 5.91662988 -1.73402100
v -8.23401953 5.90915234 -1.74005249
v -8.24098047 5.89525928 -1.75116040
v -8.24916797 5.88280811 -1.76100415
v -8.25821875 5.87167627 -1.76971411
v -8.26787109 5.86170605 -1.77744043
v -8.27794922 5.85271875 -1.78434229
v -8.28829688 5.84459570 -1.79052832
v -8.29888672 5.83717236 -1.79613574
v -8.30965234 5.83035889 -1.80124268
v -8.32055859 5.82406787 -1.80592334
v -8.33157422 5.81823926 -1.81022852
v -8.34267578 5.81281494 -1.81420630
v -8.35385547 5.80775293 -1.81789282
v -8.36508984 5.80301416 -1.82132031
v -8.38770312 5.79438379 -1.82749902
v -8.41046094 5.78671973 -1.83291089
v -8.43332422 5.77986914 -1.83768140
v -8.45626563 5.77371436 -1.84190601
v -8.47926563 5.76816309 -1.84565991
v -8.50231250 5.76314160 -1.84900269
v -8.54850781 5.75445557 -1.85463965
v -8.59479688 5.74728662 -1.85911279
v -8.64115234 5.74136914 -1.86263123
v -8.68753906 5.73650781 -1.86534888
v -8.73395703 5.73255029 -1.86738318
v -8.78039063 5.72937939 -1.86882544
v -8.82682813 5.72689990 -1.86974841
v -8.87327344 5.72503418 -1.87021082
v -8.91971875 5.72371777 -1.87026160
v -8.96617188 5.72289697 -1.86994080
v -9.01262109 5.72252539 -1.86928296
v -9.10550391 5.72297998 -1.86706750
v -9.19834766 5.72482275 -1.86380457
v -9.29115625 5.72785400 -1.85963757
v -9.38392188 5.73191699 -1.85467908
v -9.47664062 5.73688281 -1.84901831
v -9.56931250 5.74264746 -1.84272791
v -9.66194141 5.74912256 -1.83586768
v -9.84705078 5.76391650 -1.82062964
v -10.03197266 5.78078516 -1.80361768
v -10.21669922 5.79936279 -1.78506299
v -10.40123437 5.81936328 -1.76513989
v -10.58557812 5.84055371 -1.74398340
v -10.76972266 5.86274365 -1.72170044
v -10.95367578 5.88577100 -1.69837573
v -47.12001880 2.66220117 -0.76678735
v -46.83046265 2.69886938 -0.77665015
v -46.54060645 2.73279492 -0.78746143
v -46.39554956 2.74850757 -0.79329370
v -46.25040234 2.76322656 -0.79946069
v -45.95981567 2.78899976 -0.81301196
v -45.66539941 2.80831006 -0.82892456
v -45.37067676 2.81676099 -0.84826807
v -45.22017578 2.81406104 -0.86030176
v -45.07028760 2.80288623 -0.87484253
v -44.99342139 2.79147681 -0.88398560
v -44.91814453 2.77320679 -0.89502026
v -44.88043896 2.75915332 -0.90197192
v -44.84539111 2.73989014 -0.91022290
v -44.81631396 2.71164453 -0.92058691
v -44.80724756 2.69350610 -0.92648535
v -44.80366064 2.67357007 -0.93245898
v -44.80362744 2.66928467 -0.93368384
v -44.80913379 2.64264868 -0.94085327
v -44.82379590 2.61928931 -0.94638062
v -44.86757373 2.58592358 -0.95252759
v -44.91664502 2.56478784 -0.95480273
v -44.96797461 2.54978711 -0.95517578
v -45.06842187 2.53083105 -0.95298853
v -45.16993604 2.51945142 -0.94861377
v -45.26862109 2.51290137 -0.94311816
v -45.36741162 2.50940845 -0.93678174
v -45.56497266 2.50876245 -0.92240454
v -45.75885571 2.51382886 -0.90678662
v -45.95251221 2.52283862 -0.89016382
v -46.33915576 2.54906567 -0.85489893
v -46.53424268 2.56537866 -0.83632910
v -46.72915259 2.58326147 -0.81734912
v -46.92390088 2.60246655 -0.79801392
v -47.11850269 2.62280273 -0.77836328
v 43.66513281 0.05434729 -0.40000000
v 43.64051562 0.10414885 -0.40000000
v 43.57582031 0.19340857 -0.40000000
v 43.50200781 0.27377103 -0.40000000
v 43.42296875 0.34900061 -0.40000000
v 43.25754688 0.48759833 -0.40000000
v 43.08454688 0.61661505 -0.40000000
v 42.72812500 0.85281866 -0.40000000
v 42.35985156 1.07006177 -0.40000000
v 41.98610937 1.27117322 -0.40000000
v 41.60609375 1.46015308 -0.40000000
v 40.83157031 1.80719226 -0.40000000
v 40.23445313 2.04606201 -0.40000000
v 39.63015625 2.26614185 -0.40000000
v 38.40521094 2.65796533 -0.40000000
v 37.16533594 2.99837207 -0.40000000
v 35.91550000 3.30014209 -0.40000000
v 34.66000781 3.57221436 -0.40000000
v 34.03039063 3.69933447 -0.40000000
v 33.39977344 3.82138892 -0.40000000
v 30.86984375 4.26866162 -0.40000000
v 30.17066406 4.38260840 -0.40000000
v 29.47092969 4.49313770 -0.40000000
v 28.77069531 4.60044580 -0.40000000
v 28.07000000 4.70469141 -0.40000000
v 27.36887500 4.80600391 -0.40000000
v 26.66735156 4.90449072 -0.40000000
v 25.96544531 5.00023975 -0.40000000
v 25.26317969 5.09332373 -0.40000000
v 23.85767188 5.27172754 -0.40000000
v 22.45091406 5.44007471 -0.40000000
v 21.04302344 5.59861133 -0.40000000
v 19.63407812 5.74749463 -0.40000000
v 18.22418750 5.88680762 -0.40000000
v 16.81338281 6.01658740 -0.40000000
v 15.40173828 6.13682324 -0.40000000
v 13.98930859 6.24747021 -0.40000000
v 11.16233203 6.43967627 -0.40000000
v 8.33294531 6.59234082 -0.40000000
v 5.66019922 6.70012793 -0.40000000
v 2.98636328 6.77613818 -0.40000000
v 1.64918750 6.80338721 -0.40000000
v 0.31189062 6.82398633 -0.40000000
v -1.02548438 6.83827588 -0.40000000
v -2.36291016 6.84656201 -0.40000000
v -3.70031641 6.84912158 -0.40000000
v -5.03772266 6.84620361 -0.40000000
v -6.37510547 6.83803467 -0.40000000
v -7.71244922 6.82481836 -0.40000000
v -9.04973047 6.80673926 -0.40000000
v -10.38694141 6.78396436 -0.40000000
v -11.72407031 6.75664258 -0.40000000
v -13.06109766 6.72490771 -0.40000000
v -14.84787109 6.67571045 -0.40000000
v -16.63441797 6.61881250 -0.40000000
v -18.42070508 6.55424951 -0.40000000
v -19.31373828 6.51906689 -0.40000000
v -20.20669336 6.48191455 -0.40000000
v -21.94114258 6.40380518 -0.40000000
v -23.67517383 6.31690918 -0.40000000
v -25.40867578 6.21998047 -0.40000000
v -27.14150781 6.11172900 -0.40000000
v -28.87354687 5.99084326 -0.40000000
v -30.60455859 5.85603125 -0.40000000
v -34.06259961 5.53973291 -0.40000000
v -37.51407324 5.15416553 -0.40000000
v -40.95638867 4.69395557 -0.40000000
v -41.81531152 4.56710840 -0.40000000
v -42.67354102 4.43565332 -0.40000000
v -43.53107031 4.29970801 -0.40000000
v -44.38790234 4.15943408 -0.40000000
v -45.24404443 4.01504077 -0.40000000
v -46.09952612 3.86678247 -0.40000000
v -46.95438306 3.71496802 -0.40000000
v -47.80866663 3.55995947 -0.40000000
v -33.33252539 5.42605469 -0.61590332
v -5.99071875 6.75461523 -0.71738403
v 43.98508594 0.00923567 -3.88836937
v 43.97524219 0.01733146 -3.88837847
v 44.10351562 0.05990117 -3.88364790
v 18.12396875 5.88817969 -0.43097437
v 24.66345313 5.15982910 -0.43683472
v 38.36307031 2.66111182 -0.43108105
v 43.57895312 0.11600646 -0.53596143
v 43.61285937 0.05231929 -0.53574829
v -10.35837891 7.22006836 -2.95635840
v -10.35837891 7.21653271 -2.95989398
v -10.35837891 7.21299756 -2.96342950
v -10.35837891 7.20946191 -2.96696503
v -10.35837891 7.20592627 -2.97050055
v -9.88962891 7.14784033 -3.02858679
v -9.48337891 7.10660254 -3.06982440
v -8.85837891 7.07467285 -3.10175378
v -8.48337891 7.11013818 -3.06628882
v -8.38962891 7.15314355 -3.02328345
v -8.36619141 7.18096436 -2.99546252
v -8.35837891 7.21299756 -2.96342950
v -8.36619141 7.24503027 -2.93139642
v -8.38962891 7.27285156 -2.90357550
v -8.48337891 7.31585693 -2.86057019
v -8.85837891 7.35132178 -2.82510522
v -9.48337891 7.31939209 -2.85703455
v -9.88962891 7.27815479 -2.89827222
v -11.03902344 6.09305518 -1.81802319
v -10.94178906 6.25405713 -1.98064246
v -10.84455469 6.41505908 -2.14326172
v -10.74732031 6.57606104 -2.30588110
v -10.65008594 6.73706299 -2.46850049
v -10.55284766 6.89806494 -2.63111975
v -10.45561328 7.05906641 -2.79373914
v -10.45575781 7.04387305 -2.80844775
v -10.55314062 6.88181934 -2.64639490
v -10.65051953 6.71976611 -2.48434216
v -10.74790234 6.55771240 -2.32228931
v -10.84528125 6.39565918 -2.16023645
v -10.94266406 6.23360547 -1.99818359
v -11.04004297 6.07155225 -1.83613086
v -9.67237109 6.43562598 -2.44437598
v -8.36650391 6.90552686 -2.78474048
v -8.44319531 6.43997168 -2.44003015
v -8.34105078 6.93573877 -2.75452856
v -8.34105078 7.00531104 -2.68495654
v -8.32795703 6.49283301 -2.38716882
v -8.29914844 6.52702979 -2.35297205
v -8.36650391 7.03552295 -2.65474463
v -8.28954687 6.56640430 -2.31359766
v -8.29914844 6.60577832 -2.27422339
v -8.32795703 6.63997510 -2.24002649
v -8.29204688 6.10832617 -2.01675171
v -8.26060937 6.15109717 -1.98361853
v -8.25046875 6.19929834 -1.94465320
v -8.26146484 6.24645654 -1.90482837
v -8.29351953 6.28653955 -1.86946118
v -8.44319531 6.69283643 -2.18716528
v -8.90413672 6.73642920 -2.14357251
v -9.67237109 6.69718213 -2.18281946
v -10.55314062 6.89364160 -2.63457288
v -10.55314062 6.88970068 -2.63851355
v -10.55314062 6.88576025 -2.64245422
v -10.74790234 6.57075000 -2.30925183
v -10.74790234 6.56640430 -2.31359766
v -10.74790234 6.56205811 -2.31794348
v -10.94266406 6.24785840 -1.98393091
v -10.94266406 6.24310742 -1.98868176
v -10.94266406 6.23835645 -1.99343274
v -46.35686597 3.06118652 -3.22924329
v -46.35686597 3.05625439 -3.23006360
v -46.35686597 3.05132202 -3.23088385
v -46.35686597 3.04638989 -3.23170410
v -46.35686597 3.04145752 -3.23252435
v -46.54807104 2.95500562 -2.61331775
v -46.54807104 2.94878931 -2.61435156
v -46.54807104 2.94257275 -2.61538538
v -46.73927637 2.85375708 -1.99657190
v -46.73927637 2.84625635 -1.99781934
v -46.73927637 2.83875562 -1.99906677
v -46.93048145 2.75250854 -1.37982617
v -46.93048145 2.74372363 -1.38128711
v -46.93048145 2.73493872 -1.38274805
v -46.45226001 3.01131348 -2.92143634
v -46.54765430 2.96144019 -2.61362927
v -46.64304834 2.91156689 -2.30582227
v -46.73844238 2.86169385 -1.99801538
v -46.83383643 2.81182056 -1.69020825
v -46.92923047 2.76194751 -1.38240137
v -47.02462476 2.71207422 -1.07459424
v -47.02329810 2.67513452 -1.08513330
v -46.92809351 2.72746631 -1.39190356
v -46.83288892 2.77979834 -1.69867358
v -46.73768433 2.83213013 -2.00544385
v -46.64247974 2.88446191 -2.31221399
v -46.54727515 2.93679370 -2.61898413
v -46.45207056 2.98912573 -2.92575421
v -45.20686621 3.05132202 -3.23088385
v -45.46100000 2.84942187 -2.63087695
v -45.18923242 2.87581787 -2.62648718
v -45.12129053 2.90648145 -2.62138757
v -45.10430469 2.92617993 -2.61811157
v -45.09864307 2.94878931 -2.61435156
v -45.10430469 2.97139844 -2.61059155
v -45.12129053 2.99109692 -2.60731555
v -45.18923242 3.02176074 -2.60221606
v -45.46100000 3.04815674 -2.59782617
v -45.42763428 2.72636133 -2.01775854
v -45.09972363 2.75821021 -2.01246191
v -45.01774609 2.79520874 -2.00630884
v -44.99725146 2.81897632 -2.00235608
v -44.99042041 2.84625635 -1.99781934
v -44.99725146 2.87353638 -1.99328247
v -45.01774609 2.89730420 -1.98932983
v -45.09972363 2.93430249 -1.98317676
v -45.42763428 2.96615161 -1.97788013
v -45.39426855 2.60330078 -1.40464014
v -45.01021484 2.64060278 -1.39843652
v -44.91420166 2.68393579 -1.39123022
v -44.89019824 2.71177295 -1.38660059
v -44.88219727 2.74372363 -1.38128711
v -44.89019824 2.77567432 -1.37597339
v -44.91420166 2.80351147 -1.37134399
v -45.01021484 2.84684448 -1.36413745
v -45.39426855 2.88414648 -1.35793384
v -46.08733472 3.09228809 -3.22407098
v -45.85374097 3.11415112 -3.22043500
v -45.49436621 3.13016187 -3.21777234
v -45.27874121 3.10921875 -3.22125525
v -45.22483496 3.08488965 -3.22530133
v -45.21135840 3.06926074 -3.22790051
v -45.21135840 3.03338354 -3.23386713
v -45.22483496 3.01775439 -3.23646631
v -45.27874121 2.99342529 -3.24051239
v -45.49436621 2.97248218 -3.24399530
v -45.85374097 2.98849292 -3.24133264
v -46.08733472 3.01035596 -3.23769672
v -46.02627710 2.87922632 -2.62592029
v -45.19247705 2.98298169 -3.04425421
v -45.17790381 2.99988232 -3.04144354
v -46.10968799 2.76232275 -2.01177795
v -46.19309912 2.64541943 -1.39763550
v -45.17790381 3.03867871 -3.03499146
v -45.19247705 3.05557935 -3.03218079
v -46.02627710 3.01835229 -2.60278284
v -46.10968799 2.93018994 -1.98386072
v -46.19309912 2.84202783 -1.36493848
v -44.87214453 2.63873975 -1.14140137
v -44.84648828 2.66800146 -1.13518579
v -44.84512207 2.73446802 -1.11604614
v -44.86968018 2.76318311 -1.10562671
v -47.80866663 3.55996509 -0.40000000
v -47.85660742 2.37418188 -0.40000000
v -47.76031116 3.31480811 -0.50361890
v -47.80474280 2.21068018 -0.50361890
v -47.83141858 1.10555261 -0.50361890
v -47.84031177 -0.00002246 -0.50361890
v -47.83141748 -1.10559106 -0.50361890
v -47.80474182 -2.21070093 -0.50361890
v -47.76031116 -3.31480811 -0.50361890
v -47.68698218 2.87773096 -0.66075244
v -47.72535498 1.91918518 -0.66075244
v -47.74839307 0.95977618 -0.66075244
v -47.75607361 -0.00001940 -0.66075244
v -47.74839221 -0.95980939 -0.66075244
v -47.72535400 -1.91920312 -0.66075244
v -47.68698218 -2.87773096 -0.66075244
v -47.62355664 2.43304272 -0.79666431
v -47.65587061 1.62261609 -0.79666431
v -47.67527112 0.81146265 -0.79666431
v -47.68173889 -0.00001633 -0.79666431
v -47.67527039 -0.81149066 -0.79666431
v -47.65586987 -1.62263123 -0.79666431
v -47.62355664 -2.43304272 -0.79666431
v -47.52937842 1.68464148 -0.99847461
v -47.55159424 1.12349829 -0.99847461
v -47.56493213 0.56185547 -0.99847461
v -47.56937866 -0.00001123 -0.99847461
v -47.56493164 -0.56187469 -0.99847461
v -47.55159375 -1.12350879 -0.99847461
v -47.52937842 -1.68464148 -0.99847461
v -47.46389624 1.07838831 -1.13879370
v -47.47803369 0.71918262 -1.13879370
v -47.48652124 0.35965897 -1.13879370
v -47.48935107 -0.00000715 -1.13879370
v -47.48652100 -0.35967120 -1.13879370
v -47.47803320 -0.71918927 -1.13879370
v -47.46389624 -1.07838831 -1.13879370
v -47.42438086 0.61761902 -1.22346973
v -47.43245923 0.41189294 -1.22346973
v -47.43730933 0.20598512 -1.22346973
v -47.43892627 -0.00000408 -1.22346973
v -47.43730908 -0.20599211 -1.22346973
v -47.43245898 -0.41189673 -1.22346973
v -47.42438086 -0.61761902 -1.22346973
v -47.40577051 0.30753558 -1.26334888
v -47.40980981 0.20509717 -1.26334888
v -47.41223486 0.10256791 -1.26334888
v -47.41304321 -0.00000204 -1.26334888
v -47.41223462 -0.10257141 -1.26334888
v -47.40980957 -0.20509906 -1.26334888
v -47.40577051 -0.30753558 -1.26334888
v -47.40010181 0.15174802 -1.27549609
v -47.40212134 0.10120208 -1.27549609
v -47.40333398 0.05061070 -1.27549609
v -47.40373828 -0.00000102 -1.27549609
v -47.40333398 -0.05061245 -1.27549609
v -47.40212134 -0.10120303 -1.27549609
v -47.40010181 -0.15174802 -1.27549609
v -47.70808374 2.39859692 -0.66075244
v -47.76355249 2.06566577 -0.58539233
v -47.78474451 2.76290503 -0.50361890
v -47.72215027 3.09736914 -0.58539233
v -47.74491760 2.58166748 -0.58539233
v -47.70808313 -2.39860596 -0.66075244
v -47.72215027 -3.09736914 -0.58539233
v -47.78474390 -2.76291528 -0.50361890
v -47.76355151 -2.06568506 -0.58539233
v -47.74491699 -2.58167700 -0.58539233
v -47.80866663 -3.55996509 -0.40000000
v -47.83502893 -2.96725830 -0.40000000
v -47.85660620 -2.37420435 -0.40000000
v -47.87339429 -1.78088013 -0.40000000
v -47.88538867 -1.18736182 -0.40000000
v -47.89258594 -0.59372290 -0.40000000
v -47.89498535 -0.00002423 -0.40000000
v -47.89258667 0.59367615 -0.40000000
v -47.88538977 1.18732031 -0.40000000
v -47.87339551 1.78084705 -0.40000000
v -47.83502966 2.96724707 -0.40000000
f 103 3 1
f 5 3 4
f 5 4 6
f 91 9 7
f 90 13 11
f 90 11 9
f 86 7 5
f 1 104 103
f 103 112 3
f 86 5 81
f 90 9 91
f 13 90 89
f 91 7 86
f 88 13 89
f 88 15 13
f 87 17 15
f 18 17 87
f 21 19 20
f 21 20 22
f 25 23 24
f 25 24 26
f 23 21 22
f 23 22 24
f 19 17 18
f 19 18 20
f 29 27 28
f 29 28 30
f 33 31 32
f 33 32 34
f 31 29 30
f 31 30 32
f 27 25 26
f 27 26 28
f 35 33 34
f 35 34 36
f 39 37 38
f 39 38 40
f 37 35 36
f 37 36 38
f 41 39 40
f 41 40 42
f 88 87 15
f 3 112 93
f 93 92 2
f 4 3 93
f 5 6 81
f 81 8 82
f 82 10 83
f 84 83 14
f 93 2 4
f 82 8 10
f 83 12 14
f 12 83 10
f 8 81 6
f 14 16 84
f 16 87 85
f 84 16 85
f 16 18 87
f 42 44 43
f 42 43 41
f 45 43 44
f 45 44 46
f 47 45 46
f 47 46 48
f 51 49 50
f 51 50 52
f 55 53 54
f 55 54 56
f 53 51 52
f 53 52 54
f 49 47 48
f 49 48 50
f 59 57 58
f 59 58 60
f 61 59 60
f 61 60 62
f 65 63 64
f 65 64 66
f 69 67 68
f 69 68 70
f 67 65 66
f 67 66 68
f 63 61 62
f 63 62 64
f 57 55 56
f 57 56 58
f 73 71 72
f 73 72 74
f 75 73 74
f 75 74 76
f 79 77 108
f 105 1 79
f 111 77 75
f 1 105 104
f 110 77 111
f 111 75 102
f 110 109 77
f 79 106 105
f 79 108 107
f 79 107 106
f 109 108 77
f 71 69 70
f 71 70 72
f 102 75 76
f 96 78 97
f 97 78 98
f 80 101 100
f 100 99 80
f 98 80 99
f 101 2 92
f 76 78 94
f 94 78 95
f 78 96 95
f 80 98 78
f 80 2 101
f 76 94 102
f 39 23 29
f 29 25 27
f 23 25 29
f 37 29 31
f 23 39 53
f 37 33 35
f 29 37 39
f 31 33 37
f 71 7 23
f 17 19 21
f 15 17 7
f 11 13 15
f 21 7 17
f 7 9 11
f 3 5 1
f 15 7 11
f 21 23 7
f 79 5 7
f 39 41 53
f 47 43 45
f 49 53 47
f 47 53 41
f 49 51 53
f 57 53 55
f 59 63 57
f 71 53 57
f 23 53 71
f 59 61 63
f 77 73 75
f 1 5 79
f 71 73 77
f 77 79 7
f 71 63 65
f 69 71 67
f 65 67 71
f 77 7 71
f 71 57 63
f 43 47 41
f 38 30 26
f 30 28 26
f 26 24 22
f 32 30 38
f 38 42 40
f 38 36 34
f 22 38 26
f 38 34 32
f 22 50 38
f 18 22 20
f 16 8 18
f 12 16 14
f 18 8 80
f 10 16 12
f 6 4 8
f 8 16 10
f 4 2 8
f 18 80 22
f 42 38 44
f 50 46 44
f 50 22 60
f 48 46 50
f 52 50 54
f 50 60 56
f 22 72 60
f 58 56 60
f 56 54 50
f 62 60 64
f 78 76 74
f 78 72 80
f 74 72 78
f 80 8 2
f 60 72 66
f 72 70 66
f 68 66 70
f 72 22 80
f 64 60 66
f 50 44 38
f 113 84 85
f 83 84 113
f 114 81 82
f 113 114 83
f 82 83 114
f 114 115 86
f 114 86 81
f 115 91 86
f 116 90 115
f 91 115 90
f 116 87 88
f 90 116 89
f 88 89 116
f 116 113 85
f 116 85 87
f 120 119 118
f 120 118 117
f 93 118 119
f 92 93 119
f 100 101 119
f 92 119 101
f 122 100 119
f 99 100 122
f 121 94 95
f 121 95 96
f 97 98 122
f 99 122 98
f 97 122 96
f 121 96 122
f 121 123 102
f 121 102 94
f 123 110 111
f 123 111 102
f 123 124 110
f 109 110 124
f 109 124 108
f 107 108 124
f 103 104 120
f 117 103 120
f 124 120 106
f 106 120 105
f 104 105 120
f 107 124 106
f 112 118 93
f 117 112 103
f 118 112 117
f 126 125 218
f 127 126 215
f 129 128 212
f 210 130 129
f 128 127 213
f 210 209 130
f 131 130 209
f 208 131 209
f 131 208 207
f 207 206 132
f 132 131 207
f 210 129 211
f 205 133 132
f 203 133 204
f 135 134 201
f 136 135 200
f 134 133 203
f 205 204 133
f 136 199 137
f 137 198 138
f 139 138 195
f 140 139 193
f 141 140 190
f 206 205 132
f 127 214 213
f 128 213 212
f 134 203 202
f 211 129 212
f 157 219 125
f 218 125 219
f 126 217 216
f 126 216 215
f 217 126 218
f 127 215 214
f 135 201 200
f 136 200 199
f 138 198 197
f 196 138 197
f 198 137 199
f 194 193 139
f 139 195 194
f 192 191 140
f 140 193 192
f 195 138 196
f 190 140 191
f 201 134 202
f 190 189 141
f 189 188 141
f 143 142 184
f 145 144 181
f 146 145 179
f 144 143 182
f 174 148 147
f 147 146 177
f 172 149 148
f 149 169 150
f 150 167 151
f 151 166 152
f 187 142 141
f 154 153 163
f 155 154 162
f 125 156 158
f 159 156 155
f 157 125 158
f 163 162 154
f 161 155 162
f 155 160 159
f 156 159 158
f 160 155 161
f 165 153 152
f 163 153 164
f 142 185 184
f 185 142 186
f 182 143 183
f 183 143 184
f 142 187 186
f 179 145 180
f 181 180 145
f 179 178 146
f 177 146 178
f 144 182 181
f 188 187 141
f 169 168 150
f 171 170 149
f 167 150 168
f 167 166 151
f 169 149 170
f 147 177 176
f 175 147 176
f 173 148 174
f 174 147 175
f 172 148 173
f 171 149 172
f 152 166 165
f 153 165 164
f 142 144 145
f 144 142 143
f 136 142 145
f 148 149 145
f 145 147 148
f 145 146 147
f 145 155 136
f 138 140 142
f 140 138 139
f 140 141 142
f 136 137 138
f 136 134 135
f 136 138 142
f 134 136 133
f 149 151 145
f 155 145 151
f 155 151 152
f 152 153 154
f 155 131 136
f 155 156 125
f 154 155 152
f 155 125 131
f 131 129 130
f 132 133 136
f 132 136 131
f 129 125 128
f 129 131 125
f 125 127 128
f 127 125 126
f 150 151 149
f 221 313 220
f 222 310 221
f 224 307 223
f 305 224 225
f 223 308 222
f 305 225 304
f 226 304 225
f 303 304 226
f 226 302 303
f 302 227 301
f 227 302 226
f 305 306 224
f 300 227 228
f 298 299 228
f 230 296 229
f 231 295 230
f 229 298 228
f 300 228 299
f 231 232 294
f 232 233 293
f 234 290 233
f 235 288 234
f 236 285 235
f 301 227 300
f 222 308 309
f 223 307 308
f 229 297 298
f 306 307 224
f 252 220 314
f 313 314 220
f 221 311 312
f 221 310 311
f 312 313 221
f 222 309 310
f 230 295 296
f 231 294 295
f 233 292 293
f 291 292 233
f 293 294 232
f 289 234 288
f 234 289 290
f 287 235 286
f 235 287 288
f 290 291 233
f 285 286 235
f 296 297 229
f 285 236 284
f 284 236 283
f 238 279 237
f 240 276 239
f 241 274 240
f 239 277 238
f 269 242 243
f 242 272 241
f 267 243 244
f 244 245 264
f 245 246 262
f 246 247 261
f 282 236 237
f 249 258 248
f 250 257 249
f 220 253 251
f 254 250 251
f 252 253 220
f 258 249 257
f 256 257 250
f 250 254 255
f 251 253 254
f 255 256 250
f 260 247 248
f 258 259 248
f 237 279 280
f 280 281 237
f 277 278 238
f 278 279 238
f 237 281 282
f 274 275 240
f 276 240 275
f 274 241 273
f 272 273 241
f 239 276 277
f 283 236 282
f 264 245 263
f 266 244 265
f 262 263 245
f 262 246 261
f 264 265 244
f 242 271 272
f 270 271 242
f 268 269 243
f 269 270 242
f 267 268 243
f 266 267 244
f 247 260 261
f 248 259 260
f 237 240 239
f 239 238 237
f 231 240 237
f 243 240 244
f 240 243 242
f 240 242 241
f 240 231 250
f 233 237 235
f 235 234 233
f 235 237 236
f 231 233 232
f 231 230 229
f 231 237 233
f 229 228 231
f 244 240 246
f 250 246 240
f 250 247 246
f 247 249 248
f 250 231 226
f 250 220 251
f 249 247 250
f 250 226 220
f 226 225 224
f 227 231 228
f 227 226 231
f 224 223 220
f 224 220 226
f 220 223 222
f 222 221 220
f 245 244 246
f 417 315 317
f 319 320 318
f 319 318 317
f 405 321 323
f 404 325 327
f 404 323 325
f 400 319 321
f 315 417 418
f 417 317 426
f 400 395 319
f 404 405 323
f 327 403 404
f 405 400 321
f 402 403 327
f 402 327 329
f 401 329 331
f 332 401 331
f 335 336 334
f 335 334 333
f 339 340 338
f 339 338 337
f 337 338 336
f 337 336 335
f 333 334 332
f 333 332 331
f 343 344 342
f 343 342 341
f 347 348 346
f 347 346 345
f 345 346 344
f 345 344 343
f 341 342 340
f 341 340 339
f 349 350 348
f 349 348 347
f 353 354 352
f 353 352 351
f 351 352 350
f 351 350 349
f 355 356 354
f 355 354 353
f 402 329 401
f 317 407 426
f 407 316 406
f 318 407 317
f 319 395 320
f 395 396 322
f 396 397 324
f 398 328 397
f 407 318 316
f 396 324 322
f 397 328 326
f 326 324 397
f 322 320 395
f 328 398 330
f 330 399 401
f 398 399 330
f 330 401 332
f 356 355 357
f 356 357 358
f 359 360 358
f 359 358 357
f 361 362 360
f 361 360 359
f 365 366 364
f 365 364 363
f 369 370 368
f 369 368 367
f 367 368 366
f 367 366 365
f 363 364 362
f 363 362 361
f 373 374 372
f 373 372 371
f 375 376 374
f 375 374 373
f 379 380 378
f 379 378 377
f 383 384 382
f 383 382 381
f 381 382 380
f 381 380 379
f 377 378 376
f 377 376 375
f 371 372 370
f 371 370 369
f 387 388 386
f 387 386 385
f 389 390 388
f 389 388 387
f 393 422 391
f 419 393 315
f 425 389 391
f 315 418 419
f 424 425 391
f 425 416 389
f 424 391 423
f 393 419 420
f 393 421 422
f 393 420 421
f 423 391 422
f 385 386 384
f 385 384 383
f 416 390 389
f 410 411 392
f 411 412 392
f 394 414 415
f 414 394 413
f 412 413 394
f 415 406 316
f 390 408 392
f 408 409 392
f 392 409 410
f 394 392 412
f 394 415 316
f 390 416 408
f 353 343 337
f 343 341 339
f 337 343 339
f 351 345 343
f 337 367 353
f 351 349 347
f 343 353 351
f 345 351 347
f 385 337 321
f 331 335 333
f 329 321 331
f 325 329 327
f 335 331 321
f 321 325 323
f 317 315 319
f 329 325 321
f 335 321 337
f 393 321 319
f 353 367 355
f 361 359 357
f 363 361 367
f 361 355 367
f 363 367 365
f 371 369 367
f 373 371 377
f 385 371 367
f 337 385 367
f 373 377 375
f 391 389 387
f 315 393 319
f 385 391 387
f 391 321 393
f 385 379 377
f 383 381 385
f 379 385 381
f 391 385 321
f 385 377 371
f 357 355 361
f 352 340 344
f 344 340 342
f 340 336 338
f 346 352 344
f 352 354 356
f 352 348 350
f 336 340 352
f 352 346 348
f 336 352 364
f 332 334 336
f 330 332 322
f 326 328 330
f 332 394 322
f 324 326 330
f 320 322 318
f 322 324 330
f 318 322 316
f 332 336 394
f 356 358 352
f 364 358 360
f 364 374 336
f 362 364 360
f 366 368 364
f 364 370 374
f 336 374 386
f 372 374 370
f 370 364 368
f 376 378 374
f 392 388 390
f 392 394 386
f 388 392 386
f 394 316 322
f 374 380 386
f 386 380 384
f 382 384 380
f 386 394 336
f 378 380 374
f 364 352 358
f 427 399 398
f 397 427 398
f 428 396 395
f 427 397 428
f 396 428 397
f 428 395 400
f 428 400 429
f 429 400 405
f 430 429 404
f 405 404 429
f 430 402 401
f 404 403 430
f 402 430 403
f 430 401 399
f 430 399 427
f 434 431 432
f 434 432 433
f 407 433 432
f 406 433 407
f 414 433 415
f 406 415 433
f 436 433 414
f 413 436 414
f 435 409 408
f 435 410 409
f 411 436 412
f 413 412 436
f 411 410 436
f 435 436 410
f 435 408 416
f 435 416 437
f 437 425 424
f 437 416 425
f 437 424 438
f 423 438 424
f 423 422 438
f 421 438 422
f 417 434 418
f 431 434 417
f 438 420 434
f 420 419 434
f 418 434 419
f 421 420 438
f 426 407 432
f 431 417 426
f 432 431 426
f 448 441 440
f 448 440 447
f 449 442 441
f 449 441 448
f 450 443 442
f 450 442 449
f 457 448 447
f 457 447 456
f 458 449 448
f 458 448 457
f 459 450 449
f 459 449 458
f 460 451 450
f 460 450 459
f 461 452 451
f 461 451 460
f 462 453 452
f 462 452 461
f 463 454 453
f 463 453 462
f 464 455 454
f 464 454 463
f 466 457 456
f 466 456 465
f 467 458 457
f 467 457 466
f 468 459 458
f 468 458 467
f 469 460 459
f 469 459 468
f 470 461 460
f 470 460 469
f 471 462 461
f 471 461 470
f 472 463 462
f 472 462 471
f 473 464 463
f 473 463 472
f 464 473 474
f 476 466 465
f 476 465 475
f 477 467 466
f 477 466 476
f 478 468 467
f 478 467 477
f 479 469 468
f 479 468 478
f 480 470 469
f 480 469 479
f 481 471 470
f 481 470 480
f 482 472 471
f 482 471 481
f 483 473 472
f 483 472 482
f 484 474 473
f 484 473 483
f 487 476 475
f 487 475 486
f 488 477 476
f 488 476 487
f 489 478 477
f 489 477 488
f 490 479 478
f 490 478 489
f 491 480 479
f 491 479 490
f 492 481 480
f 492 480 491
f 493 482 481
f 493 481 492
f 494 483 482
f 494 482 493
f 495 484 483
f 495 483 494
f 497 487 486
f 497 486 496
f 498 488 487
f 498 487 497
f 499 489 488
f 499 488 498
f 500 490 489
f 500 489 499
f 501 491 490
f 501 490 500
f 502 492 491
f 502 491 501
f 507 497 496
f 507 496 506
f 508 498 497
f 508 497 507
f 509 499 498
f 509 498 508
f 510 500 499
f 510 499 509
f 511 501 500
f 511 500 510
f 512 502 501
f 512 501 511
f 513 503 502
f 513 502 512
f 514 504 503
f 514 503 513
f 515 505 504
f 515 504 514
f 518 507 506
f 518 506 517
f 519 508 507
f 519 507 518
f 520 509 508
f 520 508 519
f 521 510 509
f 521 509 520
f 522 511 510
f 522 510 521
f 523 512 511
f 523 511 522
f 524 513 512
f 524 512 523
f 525 514 513
f 525 513 524
f 526 515 514
f 526 514 525
f 527 516 515
f 527 515 526
f 530 518 517
f 530 517 529
f 531 519 518
f 531 518 530
f 532 520 519
f 532 519 531
f 533 521 520
f 533 520 532
f 534 522 521
f 534 521 533
f 535 523 522
f 535 522 534
f 536 524 523
f 536 523 535
f 537 525 524
f 537 524 536
f 538 526 525
f 538 525 537
f 539 527 526
f 539 526 538
f 542 530 529
f 542 529 541
f 543 531 530
f 543 530 542
f 544 532 531
f 544 531 543
f 545 533 532
f 545 532 544
f 546 534 533
f 546 533 545
f 547 535 534
f 547 534 546
f 684 548 536
f 535 547 684
f 536 535 684
f 689 549 537
f 536 548 689
f 537 536 689
f 693 550 538
f 537 549 693
f 538 537 693
f 697 551 539
f 538 550 697
f 539 538 697
f 554 542 541
f 554 541 553
f 555 543 542
f 555 542 554
f 556 544 543
f 556 543 555
f 557 545 544
f 557 544 556
f 558 546 545
f 558 545 557
f 685 547 546
f 558 559 685
f 546 558 685
f 560 683 686
f 560 686 682
f 683 548 684
f 683 684 686
f 686 684 547
f 686 547 685
f 682 686 685
f 682 685 559
f 561 688 690
f 561 690 687
f 688 549 689
f 688 689 690
f 690 689 548
f 690 548 683
f 687 690 683
f 687 683 560
f 562 692 694
f 562 694 691
f 692 550 693
f 692 693 694
f 694 693 549
f 694 549 688
f 691 694 688
f 691 688 561
f 563 696 698
f 563 698 695
f 696 551 697
f 696 697 698
f 698 697 550
f 698 550 692
f 695 698 692
f 695 692 562
f 564 700 702
f 564 702 699
f 700 552 701
f 700 701 702
f 702 701 551
f 702 551 696
f 699 702 696
f 699 696 563
f 565 704 705
f 565 705 703
f 552 700 705
f 703 705 700
f 703 700 564
f 704 565 706
f 568 554 553
f 568 553 567
f 569 555 554
f 569 554 568
f 570 556 555
f 570 555 569
f 571 557 556
f 571 556 570
f 572 558 557
f 572 557 571
f 573 559 558
f 573 558 572
f 682 559 573
f 574 560 682
f 573 574 682
f 687 560 574
f 575 561 687
f 574 575 687
f 709 562 691
f 691 561 575
f 575 576 709
f 709 691 575
f 577 708 710
f 577 710 707
f 708 563 695
f 708 695 710
f 710 695 562
f 710 562 709
f 707 710 709
f 707 709 576
f 578 712 713
f 578 713 711
f 712 564 699
f 712 699 713
f 713 699 563
f 713 563 708
f 711 713 708
f 711 708 577
f 579 715 716
f 579 716 714
f 715 565 703
f 715 703 716
f 716 703 564
f 716 564 712
f 714 716 712
f 714 712 578
f 580 718 719
f 580 719 717
f 718 566 706
f 718 706 719
f 719 706 565
f 719 565 715
f 717 719 715
f 717 715 579
f 581 721 722
f 581 722 720
f 720 722 718
f 720 718 580
f 583 568 567
f 583 567 582
f 584 569 568
f 584 568 583
f 585 570 569
f 585 569 584
f 586 571 570
f 586 570 585
f 587 572 571
f 587 571 586
f 588 573 572
f 588 572 587
f 589 574 573
f 589 573 588
f 590 575 574
f 590 574 589
f 726 576 575
f 590 591 726
f 575 590 726
f 592 725 727
f 592 727 724
f 725 577 707
f 725 707 727
f 727 707 576
f 727 576 726
f 724 727 726
f 724 726 591
f 593 729 730
f 593 730 728
f 729 578 711
f 729 711 730
f 730 711 577
f 730 577 725
f 728 730 725
f 728 725 592
f 594 732 733
f 594 733 731
f 732 579 714
f 732 714 733
f 733 714 578
f 733 578 729
f 731 733 729
f 731 729 593
f 595 735 736
f 595 736 734
f 735 580 717
f 735 717 736
f 736 717 579
f 736 579 732
f 734 736 732
f 734 732 594
f 596 738 739
f 596 739 737
f 738 581 720
f 738 720 739
f 739 720 580
f 739 580 735
f 737 739 735
f 737 735 595
f 597 741 742
f 597 742 740
f 742 723 581
f 742 581 738
f 740 742 738
f 740 738 596
f 599 583 582
f 599 582 598
f 600 584 583
f 600 583 599
f 601 585 584
f 601 584 600
f 602 586 585
f 602 585 601
f 603 587 586
f 603 586 602
f 604 588 587
f 604 587 603
f 605 589 588
f 605 588 604
f 606 590 589
f 606 589 605
f 607 591 590
f 607 590 606
f 724 591 607
f 608 592 724
f 607 608 724
f 728 592 608
f 609 593 728
f 608 609 728
f 731 593 609
f 610 594 731
f 609 610 731
f 734 594 610
f 611 595 734
f 610 611 734
f 737 595 611
f 612 596 737
f 611 612 737
f 740 596 612
f 613 597 740
f 612 613 740
f 615 599 598
f 615 598 614
f 616 600 599
f 616 599 615
f 617 601 600
f 617 600 616
f 618 602 601
f 618 601 617
f 619 603 602
f 619 602 618
f 620 604 603
f 620 603 619
f 621 605 604
f 621 604 620
f 622 606 605
f 622 605 621
f 623 607 606
f 623 606 622
f 624 608 607
f 624 607 623
f 625 609 608
f 625 608 624
f 626 610 609
f 626 609 625
f 627 611 610
f 627 610 626
f 628 612 611
f 628 611 627
f 629 613 612
f 629 612 628
f 631 615 614
f 631 614 630
f 632 616 615
f 632 615 631
f 633 617 616
f 633 616 632
f 634 618 617
f 634 617 633
f 635 619 618
f 635 618 634
f 636 620 619
f 636 619 635
f 637 621 620
f 637 620 636
f 638 622 621
f 638 621 637
f 639 623 622
f 639 622 638
f 640 624 623
f 640 623 639
f 641 625 624
f 641 624 640
f 642 626 625
f 642 625 641
f 643 627 626
f 643 626 642
f 644 628 627
f 644 627 643
f 645 629 628
f 645 628 644
f 647 631 630
f 647 630 646
f 648 632 631
f 648 631 647
f 649 633 632
f 649 632 648
f 650 634 633
f 650 633 649
f 651 635 634
f 651 634 650
f 652 636 635
f 652 635 651
f 653 637 636
f 653 636 652
f 654 638 637
f 654 637 653
f 655 639 638
f 655 638 654
f 656 640 639
f 656 639 655
f 657 641 640
f 657 640 656
f 658 642 641
f 658 641 657
f 659 643 642
f 659 642 658
f 660 644 643
f 660 643 659
f 661 645 644
f 661 644 660
f 663 647 646
f 663 646 662
f 664 648 647
f 664 647 663
f 665 649 648
f 665 648 664
f 666 650 649
f 666 649 665
f 667 651 650
f 667 650 666
f 668 652 651
f 668 651 667
f 669 653 652
f 669 652 668
f 670 654 653
f 670 653 669
f 671 655 654
f 671 654 670
f 672 656 655
f 672 655 671
f 673 657 656
f 673 656 672
f 674 658 657
f 674 657 673
f 675 659 658
f 675 658 674
f 676 660 659
f 676 659 675
f 677 661 660
f 677 660 676
f 743 662 744
f 743 744 745
f 746 745 747
f 746 747 748
f 749 748 750
f 749 750 751
f 752 751 753
f 752 753 754
f 755 754 756
f 755 756 757
f 893 440 439
f 883 443 882
f 443 450 882
f 893 894 440
f 884 443 883
f 888 444 887
f 886 887 444
f 889 444 888
f 444 885 886
f 443 885 444
f 885 443 884
f 450 881 882
f 880 881 450
f 451 879 880
f 447 440 894
f 447 894 895
f 879 451 878
f 878 451 877
f 876 451 875
f 875 451 874
f 451 876 877
f 873 874 451
f 444 858 445
f 444 890 891
f 444 889 890
f 891 892 444
f 446 445 452
f 446 452 453
f 1009 446 453
f 1009 453 454
f 445 860 861
f 445 859 860
f 859 445 858
f 445 861 862
f 892 858 444
f 869 451 868
f 868 451 867
f 873 451 872
f 872 451 871
f 451 870 871
f 445 863 864
f 445 862 863
f 866 452 865
f 864 865 452
f 452 445 864
f 867 452 866
f 870 451 869
f 456 447 896
f 456 896 897
f 895 896 447
f 898 456 897
f 465 456 898
f 465 898 899
f 880 450 451
f 867 451 452
f 475 900 901
f 486 902 485
f 486 485 903
f 475 901 902
f 900 475 465
f 902 486 475
f 493 492 502
f 493 502 503
f 503 842 493
f 899 900 465
f 493 842 843
f 493 844 845
f 841 503 840
f 844 493 843
f 493 850 851
f 493 849 850
f 493 847 848
f 493 846 847
f 848 849 493
f 493 845 846
f 839 503 838
f 838 503 837
f 836 503 835
f 835 503 834
f 503 836 837
f 833 503 832
f 832 503 831
f 830 503 829
f 829 503 828
f 503 830 831
f 503 833 834
f 503 839 840
f 851 852 493
f 827 828 503
f 1009 454 1008
f 454 1007 1008
f 494 493 758
f 759 494 758
f 1004 1005 455
f 1006 455 1005
f 1003 1004 455
f 454 1006 1007
f 454 455 1006
f 455 464 1001
f 857 758 493
f 494 759 760
f 856 857 493
f 855 493 854
f 853 854 493
f 856 493 855
f 494 761 762
f 494 760 761
f 494 764 765
f 494 763 764
f 494 762 763
f 852 853 493
f 495 494 771
f 1002 1003 455
f 1000 1001 1010
f 455 1001 1002
f 999 1000 1010
f 1010 1001 464
f 997 998 474
f 999 474 998
f 995 996 474
f 997 474 996
f 484 995 474
f 474 999 1010
f 1010 464 474
f 993 994 484
f 995 484 994
f 992 993 484
f 992 484 991
f 484 990 991
f 495 990 484
f 990 495 989
f 989 495 988
f 988 1011 987
f 1011 516 987
f 987 516 986
f 986 516 985
f 765 766 494
f 827 503 826
f 825 503 824
f 824 503 823
f 503 825 826
f 789 504 788
f 788 504 787
f 792 504 791
f 791 504 790
f 790 504 789
f 822 503 821
f 821 503 820
f 819 503 818
f 503 819 820
f 795 504 794
f 794 504 793
f 798 504 797
f 797 504 796
f 796 504 795
f 504 798 799
f 503 822 823
f 793 504 792
f 767 768 494
f 770 771 494
f 769 770 494
f 768 769 494
f 773 774 495
f 772 773 495
f 775 505 774
f 774 505 495
f 776 505 775
f 772 495 771
f 766 767 494
f 783 504 782
f 782 504 781
f 786 504 785
f 785 504 784
f 784 504 783
f 505 777 778
f 505 776 777
f 779 780 505
f 1011 988 495
f 505 778 779
f 504 780 781
f 786 787 504
f 504 799 800
f 496 486 903
f 496 903 904
f 496 904 905
f 506 906 907
f 517 907 908
f 506 905 906
f 506 496 905
f 517 506 907
f 529 909 528
f 910 529 528
f 517 909 529
f 908 909 517
f 541 910 540
f 541 911 912
f 553 912 913
f 541 540 911
f 541 912 553
f 914 553 913
f 915 553 914
f 553 915 916
f 567 553 916
f 567 916 917
f 529 910 541
f 503 816 817
f 503 814 815
f 504 813 814
f 815 816 503
f 504 802 803
f 504 801 802
f 504 804 805
f 504 803 804
f 812 813 504
f 811 504 810
f 810 504 809
f 812 504 811
f 503 504 814
f 817 818 503
f 504 807 808
f 504 806 807
f 1011 505 515
f 505 780 504
f 504 808 809
f 806 504 805
f 503 841 842
f 505 1011 495
f 567 917 918
f 919 582 918
f 678 1012 1013
f 920 678 1013
f 750 1012 753
f 598 582 919
f 920 1013 1014
f 1014 614 920
f 598 919 920
f 744 1012 747
f 744 747 745
f 1013 1012 744
f 646 1013 744
f 646 744 662
f 1013 646 630
f 1013 630 1014
f 747 1012 750
f 748 747 750
f 754 753 756
f 1012 756 753
f 755 757 678
f 756 678 757
f 921 755 678
f 678 756 1012
f 752 754 755
f 749 746 748
f 921 749 752
f 751 752 749
f 755 921 752
f 746 749 921
f 743 745 746
f 753 751 750
f 921 743 746
f 920 614 598
f 630 614 1014
f 664 663 922
f 664 922 923
f 665 664 923
f 665 923 924
f 667 666 925
f 667 925 926
f 668 667 926
f 668 926 927
f 666 665 924
f 666 924 925
f 663 662 743
f 921 922 743
f 670 669 928
f 670 928 929
f 671 670 929
f 671 929 930
f 669 668 927
f 669 927 928
f 922 663 743
f 918 582 567
f 984 516 983
f 516 981 982
f 516 1011 515
f 980 516 979
f 982 983 516
f 516 984 985
f 981 516 980
f 516 978 979
f 516 976 977
f 516 975 976
f 977 978 516
f 975 516 974
f 527 973 974
f 516 527 974
f 551 1015 539
f 539 972 527
f 551 701 1015
f 972 973 527
f 971 972 539
f 971 539 970
f 969 970 539
f 967 1015 552
f 1015 969 539
f 552 1015 701
f 968 969 1015
f 967 552 966
f 1015 967 968
f 966 552 965
f 705 1016 552
f 964 965 1016
f 965 552 1016
f 963 964 1016
f 962 963 704
f 1016 704 963
f 961 962 704
f 1016 705 704
f 959 704 706
f 704 960 961
f 954 566 718
f 958 959 706
f 959 960 704
f 566 956 706
f 957 706 956
f 706 957 958
f 955 566 954
f 566 955 956
f 953 954 722
f 722 954 718
f 953 722 721
f 951 721 581
f 723 951 581
f 953 721 952
f 950 723 1017
f 723 950 951
f 949 950 1017
f 947 948 597
f 1017 742 741
f 742 1017 723
f 949 1017 741
f 951 952 721
f 673 672 679
f 673 679 931
f 930 679 672
f 930 672 671
f 931 932 674
f 931 674 673
f 675 674 932
f 675 932 680
f 676 675 680
f 676 680 933
f 933 934 677
f 933 677 676
f 948 949 741
f 946 947 597
f 948 741 597
f 629 943 613
f 945 597 613
f 945 613 944
f 945 946 597
f 943 629 942
f 613 943 944
f 942 629 941
f 941 629 940
f 940 645 939
f 629 645 940
f 661 1018 645
f 677 1019 1018
f 677 1018 661
f 1019 677 934
f 1018 937 645
f 1019 936 1018
f 938 645 937
f 645 938 939
f 936 1019 935
f 1018 936 937
f 935 1019 681
f 1019 934 681
f 504 800 801
f 1024 1031 1023
f 1031 1022 1023
f 1025 1031 1024
f 1021 1031 1020
f 1037 1020 1031
f 1022 1031 1021
f 1036 1037 1033
f 1026 1029 1025
f 1026 1028 1029
f 1029 1030 1025
f 1025 1030 1031
f 1034 1035 1036
f 1036 1033 1034
f 1033 1037 1032
f 1037 1031 1032
f 1027 1028 1026
f 1045 1025 1024
f 1052 1027 1026
f 1026 1025 1052
f 1046 1047 1025
f 1053 1028 1054
f 1052 1025 1047
f 1048 1052 1047
f 1028 1027 1054
f 1046 1025 1045
f 1030 1029 1053
f 1030 1053 1055
f 1056 1032 1031
f 1031 1030 1055
f 1055 1056 1031
f 1055 1053 1057
f 1055 1057 1058
f 1059 1033 1056
f 1056 1033 1032
f 1055 1060 1056
f 1034 1033 1059
f 1056 1061 1062
f 1056 1062 1059
f 1053 1029 1028
f 1054 1027 1052
f 1063 1057 1054
f 1048 1049 1052
f 1064 1058 1057
f 1064 1057 1063
f 1049 854 1052
f 1053 1054 1057
f 1052 845 844
f 1065 1064 810
f 824 1063 1054
f 1064 1063 815
f 1050 855 1049
f 1058 1064 1065
f 1058 1065 1060
f 1056 1060 1061
f 1066 1061 1060
f 1066 1060 1065
f 1067 1062 1061
f 1067 1061 1066
f 802 1067 1066
f 1068 1062 1067
f 1066 803 802
f 1066 1065 805
f 801 800 1067
f 802 801 1067
f 803 1066 804
f 799 1067 800
f 1050 1051 856
f 1055 1058 1060
f 1068 1059 1062
f 1035 1034 1068
f 1035 1068 1069
f 791 790 1068
f 1036 1035 1069
f 1036 1069 1070
f 789 788 1068
f 1069 770 1070
f 1068 782 1069
f 763 1040 1070
f 790 789 1068
f 1068 1034 1059
f 1037 1036 1070
f 1044 1020 1037
f 1037 1043 1044
f 1043 1037 1042
f 1070 1042 1037
f 1040 1041 1070
f 762 1039 1040
f 1042 1070 1041
f 1038 1039 761
f 1068 788 787
f 793 792 1067
f 1068 792 791
f 1067 792 1068
f 798 797 1067
f 795 794 1067
f 796 795 1067
f 797 796 1067
f 793 1067 794
f 1068 787 786
f 1068 784 783
f 1068 785 784
f 1068 786 785
f 1069 782 781
f 1069 779 778
f 1069 780 779
f 1069 781 780
f 1068 783 782
f 1067 799 798
f 1069 778 777
f 834 1054 835
f 833 1054 834
f 832 1054 833
f 837 1054 838
f 836 1054 837
f 1052 841 1054
f 835 1054 836
f 1054 832 831
f 1054 826 825
f 1054 825 824
f 1063 824 823
f 1054 830 829
f 1054 828 827
f 828 1054 829
f 1054 827 826
f 830 1054 831
f 1063 823 822
f 1052 853 852
f 1052 850 849
f 851 1052 852
f 1052 849 848
f 855 1050 856
f 850 1052 851
f 1049 855 854
f 853 1052 854
f 840 1054 841
f 840 839 1054
f 1054 839 838
f 1052 842 841
f 845 1052 846
f 1052 843 842
f 1052 844 843
f 847 846 1052
f 847 1052 848
f 856 1051 857
f 822 821 1063
f 807 806 1065
f 805 804 1066
f 806 805 1065
f 812 811 1064
f 809 808 1065
f 810 809 1065
f 811 810 1064
f 807 1065 808
f 1069 777 776
f 1069 775 774
f 1069 776 775
f 1069 773 772
f 1070 770 769
f 1069 771 770
f 1069 772 771
f 1069 774 773
f 815 1063 816
f 814 813 1064
f 815 814 1064
f 820 819 1063
f 818 817 1063
f 1063 819 818
f 817 816 1063
f 821 820 1063
f 1070 768 767
f 1070 765 764
f 1070 766 765
f 1070 767 766
f 1040 763 762
f 1038 760 759
f 1038 761 760
f 1039 762 761
f 1070 764 763
f 812 1064 813
f 1070 769 768
f 758 857 1051
f 1075 1072 1071
f 1075 1071 1074
f 1076 1073 1072
f 1076 1072 1075
f 1078 1075 1074
f 1078 1074 1077
f 1079 1076 1075
f 1079 1075 1078
f 1044 1021 1020
f 1022 1021 1071
f 1022 1071 1072
f 1071 1044 1043
f 1043 1042 1071
f 1021 1044 1071
f 1024 1023 1045
f 1023 1073 1046
f 1023 1046 1045
f 1072 1073 1023
f 1072 1023 1022
f 1076 1047 1073
f 1073 1047 1046
f 1074 1071 1042
f 1074 1042 1041
f 1074 1041 1040
f 1077 1074 1040
f 1077 1040 1039
f 1077 1039 1038
f 1078 1077 759
f 1038 759 1077
f 1076 1079 1050
f 1076 1050 1049
f 1076 1049 1048
f 1076 1048 1047
f 1051 1050 1079
f 1079 758 1051
f 758 1079 1078
f 758 1078 759
f 1089 1086 1085
f 1089 1085 1088
f 1090 1087 1086
f 1090 1086 1089
f 1092 1089 1088
f 1092 1088 1091
f 1093 1090 1089
f 1093 1089 1092
f 1094 1081 1080
f 1082 1081 1085
f 1082 1085 1086
f 1085 1094 1095
f 1095 1096 1085
f 1081 1094 1085
f 1084 1083 1107
f 1083 1087 1106
f 1083 1106 1107
f 1087 1090 1104
f 1087 1104 1105
f 1087 1105 1106
f 1086 1087 1083
f 1086 1083 1082
f 1088 1085 1096
f 1088 1096 1097
f 1088 1097 1098
f 1091 1088 1098
f 1091 1098 1099
f 1091 1099 1100
f 1092 1091 858
f 1100 858 1091
f 1103 1104 1090
f 1103 1093 1102
f 1093 1103 1090
f 892 1093 1092
f 1093 892 1101
f 892 1092 858
f 1102 1093 1101
f 1119 1110 1109
f 1119 1109 1118
f 1120 1111 1110
f 1120 1110 1119
f 1121 1112 1111
f 1121 1111 1120
f 1122 1113 1112
f 1122 1112 1121
f 1123 1114 1113
f 1123 1113 1122
f 1124 1115 1114
f 1124 1114 1123
f 1125 1116 1115
f 1125 1115 1124
f 1126 1117 1116
f 1126 1116 1125
f 1128 1119 1118
f 1128 1118 1127
f 1129 1120 1119
f 1129 1119 1128
f 1130 1121 1120
f 1130 1120 1129
f 1131 1122 1121
f 1131 1121 1130
f 1132 1123 1122
f 1132 1122 1131
f 1133 1124 1123
f 1133 1123 1132
f 1134 1125 1124
f 1134 1124 1133
f 1135 1126 1125
f 1135 1125 1134
f 1107 1147 1084
f 1148 1146 1147
f 1148 1107 1106
f 1105 1148 1106
f 1147 1107 1148
f 1148 1109 1145
f 1148 1145 1146
f 1144 1145 1109
f 1144 1109 1110
f 1149 1143 1144
f 1150 1149 1111
f 1150 1111 1112
f 1149 1144 1110
f 1149 1150 1142
f 1149 1142 1143
f 1109 1148 1151
f 1109 1151 1118
f 1151 1105 1104
f 1103 1151 1104
f 1152 1103 1102
f 1101 1152 1102
f 1151 1103 1152
f 1118 1151 1152
f 1118 1152 1127
f 1149 1110 1111
f 881 1128 1127
f 1127 1152 886
f 1105 1151 1148
f 1113 1150 1112
f 1108 1142 1150
f 1153 1141 1108
f 1153 1154 1140
f 1153 1140 1141
f 1139 1154 1116
f 1139 1140 1154
f 1150 1153 1108
f 1138 1139 1116
f 1138 1116 1117
f 1137 1155 1136
f 1080 1136 1094
f 1136 1155 1094
f 1137 1138 1117
f 1137 1117 1155
f 1154 1153 1114
f 1154 1114 1115
f 1115 1116 1154
f 1126 1156 1155
f 1126 1155 1117
f 1096 1095 1155
f 1155 1095 1094
f 1155 1156 1097
f 1155 1097 1096
f 1098 1097 1156
f 1098 1157 1099
f 1156 1157 1098
f 1156 1126 1135
f 1156 1135 1157
f 1113 1114 1153
f 1153 1150 1113
f 1158 1129 1128
f 889 1152 1101
f 880 879 1128
f 1129 1158 1159
f 1129 1159 1130
f 1158 879 878
f 879 1158 1128
f 1127 885 884
f 877 1158 878
f 1131 1130 1159
f 875 1131 1159
f 1159 876 875
f 1159 877 876
f 1159 1158 877
f 1131 875 1160
f 1131 1160 1132
f 888 887 1152
f 889 888 1152
f 1101 891 890
f 1101 892 891
f 890 889 1101
f 881 880 1128
f 882 881 1127
f 884 883 1127
f 886 885 1127
f 882 1127 883
f 887 886 1152
f 1132 1160 1161
f 1132 1161 1133
f 1160 873 872
f 1160 874 873
f 1160 875 874
f 872 1161 1160
f 1134 867 1135
f 860 1100 1157
f 864 1157 1135
f 872 871 1161
f 870 1161 871
f 1134 1161 870
f 1161 1134 1133
f 1099 1157 1100
f 1134 869 868
f 1134 870 869
f 1135 866 865
f 1135 867 866
f 1134 868 867
f 1157 863 862
f 1157 864 863
f 1157 861 860
f 1100 859 858
f 1100 860 859
f 1157 862 861
f 1135 865 864
f 1136 1080 1081
f 1082 1136 1081
f 1137 1136 1147
f 1147 1082 1083
f 1084 1147 1083
f 1147 1136 1082
f 1147 1146 1137
f 1146 1108 1137
f 1140 1139 1138
f 1140 1137 1141
f 1137 1108 1141
f 1143 1145 1144
f 1145 1143 1146
f 1143 1142 1146
f 1146 1142 1108
f 1137 1140 1138
f 1170 1169 1162
f 1170 1162 1163
f 1171 1170 1163
f 1171 1163 1164
f 1172 1171 1164
f 1172 1164 1165
f 1179 1178 1169
f 1179 1169 1170
f 1180 1179 1170
f 1180 1170 1171
f 1181 1180 1171
f 1181 1171 1172
f 1182 1181 1172
f 1182 1172 1173
f 1183 1182 1173
f 1183 1173 1174
f 1184 1183 1174
f 1184 1174 1175
f 1185 1184 1175
f 1185 1175 1176
f 1186 1185 1176
f 1186 1176 1177
f 1188 1187 1178
f 1188 1178 1179
f 1189 1188 1179
f 1189 1179 1180
f 1190 1189 1180
f 1190 1180 1181
f 1191 1190 1181
f 1191 1181 1182
f 1192 1191 1182
f 1192 1182 1183
f 1193 1192 1183
f 1193 1183 1184
f 1194 1193 1184
f 1194 1184 1185
f 1195 1194 1185
f 1195 1185 1186
f 1186 1196 1195
f 1198 1197 1187
f 1198 1187 1188
f 1199 1198 1188
f 1199 1188 1189
f 1200 1199 1189
f 1200 1189 1190
f 1201 1200 1190
f 1201 1190 1191
f 1202 1201 1191
f 1202 1191 1192
f 1203 1202 1192
f 1203 1192 1193
f 1204 1203 1193
f 1204 1193 1194
f 1205 1204 1194
f 1205 1194 1195
f 1206 1205 1195
f 1206 1195 1196
f 1208 1207 1197
f 1208 1197 1198
f 1209 1208 1198
f 1209 1198 1199
f 1210 1209 1199
f 1210 1199 1200
f 1211 1210 1200
f 1211 1200 1201
f 1212 1211 1201
f 1212 1201 1202
f 1213 1212 1202
f 1213 1202 1203
f 1214 1213 1203
f 1214 1203 1204
f 1215 1214 1204
f 1215 1204 1205
f 1216 1215 1205
f 1216 1205 1206
f 1218 1217 1207
f 1218 1207 1208
f 1219 1218 1208
f 1219 1208 1209
f 1220 1219 1209
f 1220 1209 1210
f 1221 1220 1210
f 1221 1210 1211
f 1222 1221 1211
f 1222 1211 1212
f 1223 1222 1212
f 1223 1212 1213
f 1228 1227 1217
f 1228 1217 1218
f 1229 1228 1218
f 1229 1218 1219
f 1230 1229 1219
f 1230 1219 1220
f 1231 1230 1220
f 1231 1220 1221
f 1232 1231 1221
f 1232 1221 1222
f 1233 1232 1222
f 1233 1222 1223
f 1234 1233 1223
f 1234 1223 1224
f 1235 1234 1224
f 1235 1224 1225
f 1236 1235 1225
f 1236 1225 1226
f 1239 1238 1227
f 1239 1227 1228
f 1240 1239 1228
f 1240 1228 1229
f 1241 1240 1229
f 1241 1229 1230
f 1242 1241 1230
f 1242 1230 1231
f 1243 1242 1231
f 1243 1231 1232
f 1244 1243 1232
f 1244 1232 1233
f 1245 1244 1233
f 1245 1233 1234
f 1246 1245 1234
f 1246 1234 1235
f 1247 1246 1235
f 1247 1235 1236
f 1248 1247 1236
f 1248 1236 1237
f 1250 1249 1238
f 1250 1238 1239
f 1251 1250 1239
f 1251 1239 1240
f 1252 1251 1240
f 1252 1240 1241
f 1253 1252 1241
f 1253 1241 1242
f 1254 1253 1242
f 1254 1242 1243
f 1255 1254 1243
f 1255 1243 1244
f 1256 1255 1244
f 1256 1244 1245
f 1257 1256 1245
f 1257 1245 1246
f 1258 1257 1246
f 1258 1246 1247
f 1259 1258 1247
f 1259 1247 1248
f 1261 1260 1249
f 1261 1249 1250
f 1262 1261 1250
f 1262 1250 1251
f 1263 1262 1251
f 1263 1251 1252
f 1264 1263 1252
f 1264 1252 1253
f 1265 1264 1253
f 1265 1253 1254
f 1266 1265 1254
f 1266 1254 1255
f 1399 1256 1267
f 1255 1399 1266
f 1256 1399 1255
f 1404 1257 1268
f 1256 1404 1267
f 1257 1404 1256
f 1408 1258 1269
f 1257 1408 1268
f 1258 1408 1257
f 1412 1259 1270
f 1258 1412 1269
f 1259 1412 1258
f 1273 1272 1260
f 1273 1260 1261
f 1274 1273 1261
f 1274 1261 1262
f 1275 1274 1262
f 1275 1262 1263
f 1276 1275 1263
f 1276 1263 1264
f 1277 1276 1264
f 1277 1264 1265
f 1400 1265 1266
f 1277 1400 1278
f 1265 1400 1277
f 1279 1397 1401
f 1279 1401 1398
f 1398 1401 1399
f 1398 1399 1267
f 1401 1400 1266
f 1401 1266 1399
f 1397 1278 1400
f 1397 1400 1401
f 1280 1402 1405
f 1280 1405 1403
f 1403 1405 1404
f 1403 1404 1268
f 1405 1398 1267
f 1405 1267 1404
f 1402 1279 1398
f 1402 1398 1405
f 1281 1406 1409
f 1281 1409 1407
f 1407 1409 1408
f 1407 1408 1269
f 1409 1403 1268
f 1409 1268 1408
f 1406 1280 1403
f 1406 1403 1409
f 1282 1410 1413
f 1282 1413 1411
f 1411 1413 1412
f 1411 1412 1270
f 1413 1407 1269
f 1413 1269 1412
f 1410 1281 1407
f 1410 1407 1413
f 1283 1414 1417
f 1283 1417 1415
f 1415 1417 1416
f 1415 1416 1271
f 1417 1411 1270
f 1417 1270 1416
f 1414 1282 1411
f 1414 1411 1417
f 1284 1418 1420
f 1284 1420 1419
f 1271 1420 1415
f 1418 1283 1415
f 1418 1415 1420
f 1419 1421 1284
f 1287 1286 1272
f 1287 1272 1273
f 1288 1287 1273
f 1288 1273 1274
f 1289 1288 1274
f 1289 1274 1275
f 1290 1289 1275
f 1290 1275 1276
f 1291 1290 1276
f 1291 1276 1277
f 1292 1291 1277
f 1292 1277 1278
f 1397 1292 1278
f 1293 1397 1279
f 1292 1397 1293
f 1402 1293 1279
f 1294 1402 1280
f 1293 1402 1294
f 1424 1406 1281
f 1406 1294 1280
f 1294 1424 1295
f 1424 1294 1406
f 1296 1422 1425
f 1296 1425 1423
f 1423 1425 1410
f 1423 1410 1282
f 1425 1424 1281
f 1425 1281 1410
f 1422 1295 1424
f 1422 1424 1425
f 1297 1426 1428
f 1297 1428 1427
f 1427 1428 1414
f 1427 1414 1283
f 1428 1423 1282
f 1428 1282 1414
f 1426 1296 1423
f 1426 1423 1428
f 1298 1429 1431
f 1298 1431 1430
f 1430 1431 1418
f 1430 1418 1284
f 1431 1427 1283
f 1431 1283 1418
f 1429 1297 1427
f 1429 1427 1431
f 1299 1432 1434
f 1299 1434 1433
f 1433 1434 1421
f 1433 1421 1285
f 1434 1430 1284
f 1434 1284 1421
f 1432 1298 1430
f 1432 1430 1434
f 1300 1435 1437
f 1300 1437 1436
f 1435 1299 1433
f 1435 1433 1437
f 1302 1301 1286
f 1302 1286 1287
f 1303 1302 1287
f 1303 1287 1288
f 1304 1303 1288
f 1304 1288 1289
f 1305 1304 1289
f 1305 1289 1290
f 1306 1305 1290
f 1306 1290 1291
f 1307 1306 1291
f 1307 1291 1292
f 1308 1307 1292
f 1308 1292 1293
f 1309 1308 1293
f 1309 1293 1294
f 1441 1294 1295
f 1309 1441 1310
f 1294 1441 1309
f 1311 1439 1442
f 1311 1442 1440
f 1440 1442 1422
f 1440 1422 1296
f 1442 1441 1295
f 1442 1295 1422
f 1439 1310 1441
f 1439 1441 1442
f 1312 1443 1445
f 1312 1445 1444
f 1444 1445 1426
f 1444 1426 1297
f 1445 1440 1296
f 1445 1296 1426
f 1443 1311 1440
f 1443 1440 1445
f 1313 1446 1448
f 1313 1448 1447
f 1447 1448 1429
f 1447 1429 1298
f 1448 1444 1297
f 1448 1297 1429
f 1446 1312 1444
f 1446 1444 1448
f 1314 1449 1451
f 1314 1451 1450
f 1450 1451 1432
f 1450 1432 1299
f 1451 1447 1298
f 1451 1298 1432
f 1449 1313 1447
f 1449 1447 1451
f 1315 1452 1454
f 1315 1454 1453
f 1453 1454 1435
f 1453 1435 1300
f 1454 1450 1299
f 1454 1299 1435
f 1452 1314 1450
f 1452 1450 1454
f 1316 1455 1457
f 1316 1457 1456
f 1457 1453 1300
f 1457 1300 1438
f 1455 1315 1453
f 1455 1453 1457
f 1318 1317 1301
f 1318 1301 1302
f 1319 1318 1302
f 1319 1302 1303
f 1320 1319 1303
f 1320 1303 1304
f 1321 1320 1304
f 1321 1304 1305
f 1322 1321 1305
f 1322 1305 1306
f 1323 1322 1306
f 1323 1306 1307
f 1324 1323 1307
f 1324 1307 1308
f 1325 1324 1308
f 1325 1308 1309
f 1326 1325 1309
f 1326 1309 1310
f 1439 1326 1310
f 1327 1439 1311
f 1326 1439 1327
f 1443 1327 1311
f 1328 1443 1312
f 1327 1443 1328
f 1446 1328 1312
f 1329 1446 1313
f 1328 1446 1329
f 1449 1329 1313
f 1330 1449 1314
f 1329 1449 1330
f 1452 1330 1314
f 1331 1452 1315
f 1330 1452 1331
f 1455 1331 1315
f 1332 1455 1316
f 1331 1455 1332
f 1334 1333 1317
f 1334 1317 1318
f 1335 1334 1318
f 1335 1318 1319
f 1336 1335 1319
f 1336 1319 1320
f 1337 1336 1320
f 1337 1320 1321
f 1338 1337 1321
f 1338 1321 1322
f 1339 1338 1322
f 1339 1322 1323
f 1340 1339 1323
f 1340 1323 1324
f 1341 1340 1324
f 1341 1324 1325
f 1342 1341 1325
f 1342 1325 1326
f 1343 1342 1326
f 1343 1326 1327
f 1344 1343 1327
f 1344 1327 1328
f 1345 1344 1328
f 1345 1328 1329
f 1346 1345 1329
f 1346 1329 1330
f 1347 1346 1330
f 1347 1330 1331
f 1348 1347 1331
f 1348 1331 1332
f 1350 1349 1333
f 1350 1333 1334
f 1351 1350 1334
f 1351 1334 1335
f 1352 1351 1335
f 1352 1335 1336
f 1353 1352 1336
f 1353 1336 1337
f 1354 1353 1337
f 1354 1337 1338
f 1355 1354 1338
f 1355 1338 1339
f 1356 1355 1339
f 1356 1339 1340
f 1357 1356 1340
f 1357 1340 1341
f 1358 1357 1341
f 1358 1341 1342
f 1359 1358 1342
f 1359 1342 1343
f 1360 1359 1343
f 1360 1343 1344
f 1361 1360 1344
f 1361 1344 1345
f 1362 1361 1345
f 1362 1345 1346
f 1363 1362 1346
f 1363 1346 1347
f 1364 1363 1347
f 1364 1347 1348
f 1366 1365 1349
f 1366 1349 1350
f 1367 1366 1350
f 1367 1350 1351
f 1368 1367 1351
f 1368 1351 1352
f 1369 1368 1352
f 1369 1352 1353
f 1370 1369 1353
f 1370 1353 1354
f 1371 1370 1354
f 1371 1354 1355
f 1372 1371 1355
f 1372 1355 1356
f 1373 1372 1356
f 1373 1356 1357
f 1374 1373 1357
f 1374 1357 1358
f 1375 1374 1358
f 1375 1358 1359
f 1376 1375 1359
f 1376 1359 1360
f 1377 1376 1360
f 1377 1360 1361
f 1378 1377 1361
f 1378 1361 1362
f 1379 1378 1362
f 1379 1362 1363
f 1380 1379 1363
f 1380 1363 1364
f 1382 1381 1365
f 1382 1365 1366
f 1383 1382 1366
f 1383 1366 1367
f 1384 1383 1367
f 1384 1367 1368
f 1385 1384 1368
f 1385 1368 1369
f 1386 1385 1369
f 1386 1369 1370
f 1387 1386 1370
f 1387 1370 1371
f 1388 1387 1371
f 1388 1371 1372
f 1389 1388 1372
f 1389 1372 1373
f 1390 1389 1373
f 1390 1373 1374
f 1391 1390 1374
f 1391 1374 1375
f 1392 1391 1375
f 1392 1375 1376
f 1393 1392 1376
f 1393 1376 1377
f 1394 1393 1377
f 1394 1377 1378
f 1395 1394 1378
f 1395 1378 1379
f 1396 1395 1379
f 1396 1379 1380
f 1458 1460 1459
f 1458 1459 1381
f 1461 1463 1462
f 1461 1462 1460
f 1464 1466 1465
f 1464 1465 1463
f 1467 1469 1468
f 1467 1468 1466
f 1470 1472 1471
f 1470 1471 1469
f 893 439 1162
f 1598 1597 1165
f 1165 1597 1172
f 893 1162 894
f 1599 1598 1165
f 1603 1602 1166
f 1601 1166 1602
f 1604 1603 1166
f 1166 1601 1600
f 1165 1166 1600
f 1600 1599 1165
f 1172 1597 1596
f 1595 1172 1596
f 1173 1595 1594
f 1169 895 894
f 1169 894 1162
f 1594 1593 1173
f 1593 1592 1173
f 1591 1590 1173
f 1590 1589 1173
f 1173 1592 1591
f 1588 1173 1589
f 1166 1167 1573
f 1166 1606 1605
f 1166 1605 1604
f 1606 1166 1607
f 1168 1175 1174
f 1168 1174 1167
f 1682 1176 1175
f 1682 1175 1168
f 1167 1576 1575
f 1167 1575 1574
f 1574 1573 1167
f 1167 1577 1576
f 1607 1166 1573
f 1584 1583 1173
f 1583 1582 1173
f 1588 1587 1173
f 1587 1586 1173
f 1173 1586 1585
f 1167 1579 1578
f 1167 1578 1577
f 1581 1580 1174
f 1579 1174 1580
f 1174 1579 1167
f 1582 1581 1174
f 1585 1584 1173
f 1178 897 896
f 1178 896 1169
f 895 1169 896
f 898 897 1178
f 1187 899 898
f 1187 898 1178
f 1595 1173 1172
f 1582 1174 1173
f 1197 901 900
f 1207 485 902
f 1207 903 485
f 1197 902 901
f 900 1187 1197
f 902 1197 1207
f 1214 1224 1223
f 1214 1223 1213
f 1224 1214 1557
f 899 1187 900
f 1214 1558 1557
f 1214 1560 1559
f 1556 1555 1224
f 1559 1558 1214
f 1214 1566 1565
f 1214 1565 1564
f 1214 1563 1562
f 1214 1562 1561
f 1563 1214 1564
f 1214 1561 1560
f 1554 1553 1224
f 1553 1552 1224
f 1551 1550 1224
f 1550 1549 1224
f 1224 1552 1551
f 1548 1547 1224
f 1547 1546 1224
f 1545 1544 1224
f 1544 1543 1224
f 1224 1546 1545
f 1224 1549 1548
f 1224 1555 1554
f 1566 1214 1567
f 1542 1224 1543
f 1682 1681 1176
f 1176 1681 1680
f 1215 1473 1214
f 1474 1473 1215
f 1677 1177 1678
f 1679 1678 1177
f 1676 1177 1677
f 1176 1680 1679
f 1176 1679 1177
f 1177 1674 1186
f 1572 1214 1473
f 1215 1475 1474
f 1571 1214 1572
f 1570 1569 1214
f 1568 1214 1569
f 1571 1570 1214
f 1215 1477 1476
f 1215 1476 1475
f 1215 1480 1479
f 1215 1479 1478
f 1215 1478 1477
f 1567 1214 1568
f 1216 1486 1215
f 1675 1177 1676
f 1673 1683 1674
f 1177 1675 1674
f 1672 1683 1673
f 1683 1186 1674
f 1670 1196 1671
f 1672 1671 1196
f 1668 1196 1669
f 1670 1669 1196
f 1206 1196 1668
f 1196 1683 1672
f 1683 1196 1186
f 1666 1206 1667
f 1668 1667 1206
f 1665 1206 1666
f 1665 1664 1206
f 1206 1664 1663
f 1216 1206 1663
f 1663 1662 1216
f 1662 1661 1216
f 1661 1660 1684
f 1684 1660 1237
f 1660 1659 1237
f 1659 1658 1237
f 1480 1215 1481
f 1542 1541 1224
f 1540 1539 1224
f 1539 1538 1224
f 1224 1541 1540
f 1504 1503 1225
f 1503 1502 1225
f 1507 1506 1225
f 1506 1505 1225
f 1505 1504 1225
f 1537 1536 1224
f 1536 1535 1224
f 1534 1533 1224
f 1224 1535 1534
f 1510 1509 1225
f 1509 1508 1225
f 1513 1512 1225
f 1512 1511 1225
f 1511 1510 1225
f 1225 1514 1513
f 1224 1538 1537
f 1508 1507 1225
f 1482 1215 1483
f 1485 1215 1486
f 1484 1215 1485
f 1483 1215 1484
f 1488 1216 1489
f 1487 1216 1488
f 1490 1489 1226
f 1489 1216 1226
f 1491 1490 1226
f 1487 1486 1216
f 1481 1215 1482
f 1498 1497 1225
f 1497 1496 1225
f 1501 1500 1225
f 1500 1499 1225
f 1499 1498 1225
f 1226 1493 1492
f 1226 1492 1491
f 1494 1226 1495
f 1684 1216 1661
f 1226 1494 1493
f 1225 1496 1495
f 1501 1225 1502
f 1225 1515 1514
f 1217 904 903
f 1217 903 1207
f 1217 905 904
f 1227 907 906
f 1238 908 907
f 1227 906 905
f 1227 905 1217
f 1238 907 1227
f 1249 528 909
f 910 528 1249
f 1238 1249 909
f 908 1238 909
f 1260 540 910
f 1260 912 911
f 1272 913 912
f 1260 911 540
f 1260 1272 912
f 914 913 1272
f 915 914 1272
f 1272 916 915
f 1286 917 916
f 1286 916 1272
f 1249 1260 910
f 1224 1532 1531
f 1224 1530 1529
f 1225 1529 1528
f 1530 1224 1531
f 1225 1518 1517
f 1225 1517 1516
f 1225 1520 1519
f 1225 1519 1518
f 1527 1225 1528
f 1526 1525 1225
f 1525 1524 1225
f 1527 1526 1225
f 1224 1529 1225
f 1532 1224 1533
f 1225 1523 1522
f 1225 1522 1521
f 1684 1236 1226
f 1226 1225 1495
f 1225 1524 1523
f 1521 1520 1225
f 1224 1557 1556
f 1226 1216 1684
f 1286 918 917
f 919 918 1301
f 678 1686 1685
f 920 1686 678
f 1465 1468 1685
f 1317 919 1301
f 920 1687 1686
f 1687 920 1333
f 1317 920 919
f 1459 1460 1462
f 1459 1462 1685
f 1686 1459 1685
f 1365 1381 1459
f 1365 1459 1686
f 1686 1687 1349
f 1686 1349 1365
f 1462 1465 1685
f 1463 1465 1462
f 1469 1471 1468
f 1685 1468 1471
f 1470 678 1472
f 1471 1472 678
f 921 678 1470
f 678 1685 1471
f 1467 1470 1469
f 1464 1463 1461
f 921 1467 1464
f 1466 1464 1467
f 1470 1467 921
f 1461 921 1464
f 1458 1461 1460
f 1468 1465 1466
f 921 1461 1458
f 920 1317 1333
f 1349 1687 1333
f 1383 923 922
f 1383 922 1382
f 1384 924 923
f 1384 923 1383
f 1386 926 925
f 1386 925 1385
f 1387 927 926
f 1387 926 1386
f 1385 925 924
f 1385 924 1384
f 1382 1458 1381
f 921 1458 922
f 1389 929 928
f 1389 928 1388
f 1390 930 929
f 1390 929 1389
f 1388 928 927
f 1388 927 1387
f 922 1458 1382
f 918 1286 1301
f 1657 1656 1237
f 1237 1655 1654
f 1237 1236 1684
f 1653 1652 1237
f 1655 1237 1656
f 1237 1658 1657
f 1654 1653 1237
f 1237 1652 1651
f 1237 1650 1649
f 1237 1649 1648
f 1650 1237 1651
f 1648 1647 1237
f 1248 1647 1646
f 1237 1647 1248
f 1270 1259 1688
f 1259 1248 1645
f 1270 1688 1416
f 1645 1248 1646
f 1644 1259 1645
f 1644 1643 1259
f 1642 1259 1643
f 1640 1271 1688
f 1688 1259 1642
f 1271 1416 1688
f 1641 1688 1642
f 1640 1639 1271
f 1688 1641 1640
f 1639 1638 1271
f 1420 1271 1689
f 1637 1689 1638
f 1638 1689 1271
f 1636 1689 1637
f 1635 1419 1636
f 1689 1636 1419
f 1634 1419 1635
f 1689 1419 1420
f 1632 1421 1419
f 1419 1634 1633
f 1627 1433 1285
f 1631 1421 1632
f 1632 1419 1633
f 1285 1421 1629
f 1630 1629 1421
f 1421 1631 1630
f 1628 1627 1285
f 1285 1629 1628
f 1626 1437 1627
f 1437 1433 1627
f 1626 1436 1437
f 1624 1300 1436
f 1438 1300 1624
f 1626 1625 1436
f 1623 1690 1438
f 1438 1624 1623
f 1622 1690 1623
f 1620 1316 1621
f 1690 1456 1457
f 1457 1438 1690
f 1622 1456 1690
f 1624 1436 1625
f 1392 931 679
f 1392 679 1391
f 930 1390 1391
f 930 1391 679
f 931 1392 1393
f 931 1393 932
f 1394 680 932
f 1394 932 1393
f 1395 933 680
f 1395 680 1394
f 933 1395 1396
f 933 1396 934
f 1621 1456 1622
f 1619 1316 1620
f 1621 1316 1456
f 1348 1332 1616
f 1618 1332 1316
f 1618 1617 1332
f 1618 1316 1619
f 1616 1615 1348
f 1332 1617 1616
f 1615 1614 1348
f 1614 1613 1348
f 1613 1612 1364
f 1348 1613 1364
f 1380 1364 1691
f 1396 1380 1691
f 1396 1691 1692
f 1692 934 1396
f 1691 1364 1610
f 1692 1691 1609
f 1611 1610 1364
f 1364 1612 1611
f 1609 1608 1692
f 1691 1610 1609
f 1608 681 1692
f 1692 681 934
f 1225 1516 1515
f 1697 1696 1704
f 1704 1696 1695
f 1698 1697 1704
f 1694 1693 1704
f 1710 1704 1693
f 1695 1694 1704
f 1709 1706 1710
f 1699 1698 1702
f 1699 1702 1701
f 1702 1698 1703
f 1698 1704 1703
f 1707 1709 1708
f 1709 1707 1706
f 1706 1705 1710
f 1710 1705 1704
f 1700 1699 1701
f 1718 1697 1698
f 1725 1699 1700
f 1699 1725 1698
f 1719 1698 1720
f 1726 1727 1701
f 1725 1720 1698
f 1721 1720 1725
f 1701 1727 1700
f 1719 1718 1698
f 1703 1728 1726
f 1703 1726 1702
f 1729 1704 1705
f 1704 1728 1703
f 1728 1704 1729
f 1728 1731 1730
f 1728 1730 1726
f 1732 1729 1706
f 1729 1705 1706
f 1728 1729 1733
f 1707 1732 1706
f 1729 1732 1735
f 1729 1735 1734
f 1726 1701 1702
f 1727 1725 1700
f 1736 1727 1730
f 1721 1725 1722
f 1737 1736 1730
f 1737 1730 1731
f 1722 1725 1569
f 1726 1730 1727
f 1725 1559 1560
f 1738 1525 1737
f 1539 1727 1736
f 1737 1530 1736
f 1723 1722 1570
f 1731 1733 1738
f 1731 1738 1737
f 1729 1734 1733
f 1739 1738 1733
f 1739 1733 1734
f 1740 1739 1734
f 1740 1734 1735
f 1517 1739 1740
f 1741 1740 1735
f 1739 1517 1518
f 1739 1520 1738
f 1516 1740 1515
f 1517 1740 1516
f 1518 1519 1739
f 1514 1515 1740
f 1723 1571 1724
f 1728 1733 1731
f 1741 1735 1732
f 1708 1742 1741
f 1708 1741 1707
f 1506 1741 1505
f 1709 1743 1742
f 1709 1742 1708
f 1504 1741 1503
f 1742 1743 1485
f 1741 1742 1497
f 1478 1743 1713
f 1505 1741 1504
f 1741 1732 1707
f 1710 1743 1709
f 1717 1710 1693
f 1710 1717 1716
f 1716 1715 1710
f 1743 1710 1715
f 1713 1743 1714
f 1477 1713 1712
f 1715 1714 1743
f 1711 1476 1712
f 1741 1502 1503
f 1508 1740 1507
f 1741 1506 1507
f 1740 1741 1507
f 1513 1740 1512
f 1510 1740 1509
f 1511 1740 1510
f 1512 1740 1511
f 1508 1509 1740
f 1741 1501 1502
f 1741 1498 1499
f 1741 1499 1500
f 1741 1500 1501
f 1742 1496 1497
f 1742 1493 1494
f 1742 1494 1495
f 1742 1495 1496
f 1741 1497 1498
f 1740 1513 1514
f 1742 1492 1493
f 1549 1550 1727
f 1548 1549 1727
f 1547 1548 1727
f 1552 1553 1727
f 1551 1552 1727
f 1725 1727 1556
f 1550 1551 1727
f 1727 1546 1547
f 1727 1540 1541
f 1727 1539 1540
f 1736 1538 1539
f 1727 1544 1545
f 1727 1542 1543
f 1543 1544 1727
f 1727 1541 1542
f 1545 1546 1727
f 1736 1537 1538
f 1725 1567 1568
f 1725 1564 1565
f 1566 1567 1725
f 1725 1563 1564
f 1570 1571 1723
f 1565 1566 1725
f 1722 1569 1570
f 1568 1569 1725
f 1555 1556 1727
f 1555 1727 1554
f 1727 1553 1554
f 1725 1556 1557
f 1560 1561 1725
f 1725 1557 1558
f 1725 1558 1559
f 1562 1725 1561
f 1562 1563 1725
f 1571 1572 1724
f 1537 1736 1536
f 1522 1738 1521
f 1520 1739 1519
f 1521 1738 1520
f 1527 1737 1526
f 1524 1738 1523
f 1525 1738 1524
f 1526 1737 1525
f 1522 1523 1738
f 1742 1491 1492
f 1742 1489 1490
f 1742 1490 1491
f 1742 1487 1488
f 1743 1484 1485
f 1742 1485 1486
f 1742 1486 1487
f 1742 1488 1489
f 1530 1531 1736
f 1529 1737 1528
f 1530 1737 1529
f 1535 1736 1534
f 1533 1736 1532
f 1736 1533 1534
f 1532 1736 1531
f 1536 1736 1535
f 1743 1482 1483
f 1743 1479 1480
f 1743 1480 1481
f 1743 1481 1482
f 1713 1477 1478
f 1711 1474 1475
f 1711 1475 1476
f 1712 1476 1477
f 1743 1478 1479
f 1527 1528 1737
f 1743 1483 1484
f 1473 1724 1572
f 1748 1747 1744
f 1748 1744 1745
f 1749 1748 1745
f 1749 1745 1746
f 1751 1750 1747
f 1751 1747 1748
f 1752 1751 1748
f 1752 1748 1749
f 1717 1693 1694
f 1695 1745 1744
f 1695 1744 1694
f 1744 1716 1717
f 1716 1744 1715
f 1694 1744 1717
f 1697 1718 1696
f 1696 1718 1719
f 1696 1719 1746
f 1745 1695 1696
f 1745 1696 1746
f 1749 1746 1720
f 1746 1719 1720
f 1747 1714 1715
f 1747 1715 1744
f 1747 1713 1714
f 1750 1712 1713
f 1750 1713 1747
f 1750 1711 1712
f 1751 1474 1750
f 1711 1750 1474
f 1749 1722 1723
f 1749 1723 1752
f 1749 1721 1722
f 1749 1720 1721
f 1724 1752 1723
f 1752 1724 1473
f 1473 1751 1752
f 1473 1474 1751
f 1762 1761 1758
f 1762 1758 1759
f 1763 1762 1759
f 1763 1759 1760
f 1765 1764 1761
f 1765 1761 1762
f 1766 1765 1762
f 1766 1762 1763
f 1767 1753 1754
f 1755 1759 1758
f 1755 1758 1754
f 1758 1768 1767
f 1768 1758 1769
f 1754 1758 1767
f 1757 1780 1756
f 1756 1780 1779
f 1756 1779 1760
f 1760 1778 1777
f 1760 1777 1763
f 1760 1779 1778
f 1759 1755 1756
f 1759 1756 1760
f 1761 1770 1769
f 1761 1769 1758
f 1761 1771 1770
f 1764 1772 1771
f 1764 1771 1761
f 1764 1773 1772
f 1765 1573 1764
f 1773 1764 1573
f 1776 1763 1777
f 1776 1775 1766
f 1766 1763 1776
f 1607 1765 1766
f 1766 1774 1607
f 1607 1573 1765
f 1775 1774 1766
f 1792 1791 1782
f 1792 1782 1783
f 1793 1792 1783
f 1793 1783 1784
f 1794 1793 1784
f 1794 1784 1785
f 1795 1794 1785
f 1795 1785 1786
f 1796 1795 1786
f 1796 1786 1787
f 1797 1796 1787
f 1797 1787 1788
f 1798 1797 1788
f 1798 1788 1789
f 1799 1798 1789
f 1799 1789 1790
f 1801 1800 1791
f 1801 1791 1792
f 1802 1801 1792
f 1802 1792 1793
f 1803 1802 1793
f 1803 1793 1794
f 1804 1803 1794
f 1804 1794 1795
f 1805 1804 1795
f 1805 1795 1796
f 1806 1805 1796
f 1806 1796 1797
f 1807 1806 1797
f 1807 1797 1798
f 1808 1807 1798
f 1808 1798 1799
f 1780 1757 1820
f 1821 1820 1819
f 1821 1779 1780
f 1778 1779 1821
f 1820 1821 1780
f 1821 1819 1818
f 1821 1818 1782
f 1817 1783 1782
f 1817 1782 1818
f 1822 1817 1816
f 1823 1785 1784
f 1823 1784 1822
f 1822 1783 1817
f 1822 1816 1815
f 1822 1815 1823
f 1782 1791 1824
f 1782 1824 1821
f 1824 1777 1778
f 1776 1777 1824
f 1825 1775 1776
f 1774 1775 1825
f 1824 1825 1776
f 1791 1800 1825
f 1791 1825 1824
f 1822 1784 1783
f 1596 1800 1801
f 1800 1601 1825
f 1778 1821 1824
f 1786 1785 1823
f 1781 1823 1815
f 1826 1781 1814
f 1826 1814 1813
f 1826 1813 1827
f 1812 1789 1827
f 1812 1827 1813
f 1823 1781 1826
f 1811 1790 1789
f 1811 1789 1812
f 1810 1809 1828
f 1753 1767 1809
f 1809 1767 1828
f 1810 1828 1790
f 1810 1790 1811
f 1827 1788 1787
f 1827 1787 1826
f 1788 1827 1789
f 1799 1790 1828
f 1799 1828 1829
f 1769 1828 1768
f 1828 1767 1768
f 1828 1769 1770
f 1828 1770 1829
f 1771 1829 1770
f 1771 1772 1830
f 1829 1771 1830
f 1829 1830 1808
f 1829 1808 1799
f 1786 1826 1787
f 1826 1786 1823
f 1831 1801 1802
f 1604 1774 1825
f 1595 1801 1594
f 1802 1803 1832
f 1802 1832 1831
f 1831 1593 1594
f 1594 1801 1831
f 1800 1599 1600
f 1592 1593 1831
f 1804 1832 1803
f 1590 1832 1804
f 1832 1590 1591
f 1832 1591 1592
f 1832 1592 1831
f 1804 1805 1833
f 1804 1833 1590
f 1603 1825 1602
f 1604 1825 1603
f 1774 1605 1606
f 1774 1606 1607
f 1605 1774 1604
f 1596 1801 1595
f 1597 1800 1596
f 1599 1800 1598
f 1601 1800 1600
f 1597 1598 1800
f 1602 1825 1601
f 1805 1806 1834
f 1805 1834 1833
f 1833 1587 1588
f 1833 1588 1589
f 1833 1589 1590
f 1587 1833 1834
f 1807 1808 1582
f 1575 1830 1773
f 1579 1808 1830
f 1587 1834 1586
f 1585 1586 1834
f 1807 1585 1834
f 1834 1806 1807
f 1772 1773 1830
f 1807 1583 1584
f 1807 1584 1585
f 1808 1580 1581
f 1808 1581 1582
f 1807 1582 1583
f 1830 1577 1578
f 1830 1578 1579
f 1830 1575 1576
f 1773 1573 1574
f 1773 1574 1575
f 1830 1576 1577
f 1808 1579 1580
f 1809 1754 1753
f 1755 1754 1809
f 1810 1820 1809
f 1820 1756 1755
f 1757 1756 1820
f 1820 1755 1809
f 1820 1810 1819
f 1819 1810 1781
f 1813 1811 1812
f 1813 1814 1810
f 1810 1814 1781
f 1816 1817 1818
f 1818 1819 1816
f 1816 1819 1815
f 1819 1781 1815
f 1810 1811 1813
f 1845 1894 1897
f 1845 1897 1893
f 1894 1838 1895
f 1894 1895 1897
f 1897 1895 1837
f 1897 1837 1896
f 1893 1897 1896
f 1893 1896 1844
f 1894 1845 1846
f 1839 1838 1894
f 1846 1839 1894
f 1847 1840 1839
f 1847 1839 1846
f 1848 1841 1840
f 1848 1840 1847
f 1901 1842 1841
f 1848 1849 1901
f 1841 1848 1901
f 1850 1899 1902
f 1850 1902 1898
f 1899 1843 1900
f 1899 1900 1902
f 1902 1900 1842
f 1902 1842 1901
f 1898 1902 1901
f 1898 1901 1849
f 1893 1844 1851
f 1852 1845 1893
f 1851 1852 1893
f 1853 1846 1845
f 1853 1845 1852
f 1854 1847 1846
f 1854 1846 1853
f 1855 1848 1847
f 1855 1847 1854
f 1856 1849 1848
f 1856 1848 1855
f 1898 1849 1856
f 1857 1850 1898
f 1856 1857 1898
f 1859 1852 1851
f 1859 1851 1858
f 1860 1853 1852
f 1860 1852 1859
f 1861 1854 1853
f 1861 1853 1860
f 1862 1855 1854
f 1862 1854 1861
f 1863 1856 1855
f 1863 1855 1862
f 1864 1857 1856
f 1864 1856 1863
f 1866 1859 1858
f 1866 1858 1865
f 1867 1860 1859
f 1867 1859 1866
f 1868 1861 1860
f 1868 1860 1867
f 1869 1862 1861
f 1869 1861 1868
f 1870 1863 1862
f 1870 1862 1869
f 1871 1864 1863
f 1871 1863 1870
f 1873 1866 1865
f 1873 1865 1872
f 1874 1867 1866
f 1874 1866 1873
f 1875 1868 1867
f 1875 1867 1874
f 1876 1869 1868
f 1876 1868 1875
f 1877 1870 1869
f 1877 1869 1876
f 1878 1871 1870
f 1878 1870 1877
f 1880 1873 1872
f 1880 1872 1879
f 1881 1874 1873
f 1881 1873 1880
f 1882 1875 1874
f 1882 1874 1881
f 1883 1876 1875
f 1883 1875 1882
f 1884 1877 1876
f 1884 1876 1883
f 1885 1878 1877
f 1885 1877 1884
f 1887 1880 1879
f 1887 1879 1886
f 1888 1881 1880
f 1888 1880 1887
f 1889 1882 1881
f 1889 1881 1888
f 1890 1883 1882
f 1890 1882 1889
f 1891 1884 1883
f 1891 1883 1890
f 1892 1885 1884
f 1892 1884 1891
f 439 1887 1886
f 439 1888 1887
f 439 1889 1888
f 439 1890 1889
f 439 1891 1890
f 439 1892 1891
f 1913 1835 1837
f 1913 1837 1895
f 1838 1912 1836
f 1839 1911 1912
f 1836 1913 1895
f 1836 1895 1838
f 1840 1909 1910
f 1840 1908 1909
f 1841 1906 1907
f 1842 1905 1906
f 1907 1908 1841
f 1910 1911 1839
f 1839 1840 1910
f 1840 1841 1908
f 1838 1839 1912
f 1903 1904 1900
f 1903 1900 1843
f 1842 1906 1841
f 1904 1905 1842
f 1904 1842 1900

